timestamp,position_lat,position_long,distance,speed,altitude,heart_rate,cadence,power,stance_time,vertical_oscillation,vertical_ratio,step_length,accumulated_power,activity_type,dev_effort_pace
2026-07-10T12:25:13+00:00,,,0.0,,,,,,,,,,,1,
2026-07-10T12:25:14+00:00,,,0.0,,,75,,,,,,,,1,
2026-07-10T12:25:15+00:00,,,0.0,,,77,,,,,,,,1,
2026-07-10T12:25:16+00:00,,,0.0,1.239,,77,,,0.0,0.0,0.0,660.0,,1,1.2380000352859497
2026-07-10T12:25:17+00:00,,,0.0,1.239,,76,,,0.0,0.0,0.0,650.0,,1,1.2380000352859497
2026-07-10T12:25:18+00:00,37.52408852800727,126.96278273127973,0.0,1.239,8.0,76,57,85,0.0,0.0,0.0,650.0,85,1,1.2380000352859497
2026-07-10T12:25:19+00:00,37.52407084219158,126.96279656141996,0.0,1.239,8.0,75,57,85,0.0,0.0,0.0,650.0,170,1,1.2380000352859497
2026-07-10T12:25:20+00:00,37.524061454460025,126.9627982378006,0.0,1.239,8.0,76,57,85,0.0,0.0,0.0,650.0,255,1,1.2380000352859497
2026-07-10T12:25:21+00:00,37.52405206672847,126.96279991418123,0.0,1.239,8.0,77,57,85,0.0,0.0,0.0,650.0,340,1,1.2380000352859497
2026-07-10T12:25:22+00:00,37.52404267899692,126.96280175819993,4.0,1.686,8.0,77,72,85,0.0,0.0,0.0,690.0,425,1,1.6859999895095825
2026-07-10T12:25:23+00:00,37.52399859018624,126.96279186755419,8.0,2.136,8.0,78,88,85,0.0,0.0,0.0,730.0,510,1,2.135999917984009
2026-07-10T12:25:24+00:00,37.523976881057024,126.96277795359492,12.0,2.417,8.0,79,87,116,0.0,0.0,0.0,830.0,626,1,2.4159998893737793
2026-07-10T12:25:25+00:00,37.52395525574684,126.96276403963566,16.0,2.697,9.0,79,87,147,0.0,0.0,0.0,930.0,773,1,2.697000026702881
2026-07-10T12:25:26+00:00,37.52393363043666,126.96275020949543,22.0,2.736,9.0,81,87,166,126.0,39.0,5.2,940.0,939,1,2.73799991607666
2026-07-10T12:25:27+00:00,37.52387219108641,126.9626893568784,28.0,2.778,9.0,82,86,186,253.0,78.0,10.5,960.0,1125,1,2.7799999713897705
2026-07-10T12:25:28+00:00,37.52385643310845,126.96266924031079,31.0,2.744,9.0,83,86,188,252.0,78.0,10.1,950.0,1313,1,2.8499999046325684
2026-07-10T12:25:29+00:00,37.52384075894952,126.96264912374318,34.0,2.711,9.0,84,86,191,252.0,79.0,9.8,940.0,1504,1,2.921999931335449
2026-07-10T12:25:30+00:00,37.52382516860962,126.96262900717556,37.0,2.697,9.0,85,86,198,251.0,79.0,9.5,930.0,1702,1,2.9049999713897705
2026-07-10T12:25:31+00:00,37.52378619275987,126.96258651092649,40.0,2.683,9.0,88,86,205,251.0,80.0,9.2,930.0,1907,1,2.8910000324249268
2026-07-10T12:25:32+00:00,37.52377194352448,126.96258273907006,42.0,2.697,9.0,88,86,203,249.0,80.0,8.9,930.0,2110,1,2.9660000801086426
2026-07-10T12:25:33+00:00,37.52375786192715,126.96257905103266,44.0,2.711,10.0,89,87,202,248.0,81.0,8.7,930.0,2312,1,3.0409998893737793
2026-07-10T12:25:34+00:00,37.52374378032982,126.96257536299527,46.5,2.722,10.0,89,87,208,247.0,82.0,8.7,930.0,2520,1,3.052000045776367
2026-07-10T12:25:35+00:00,37.52370614558458,126.96256002411246,49.0,2.733,10.0,91,87,214,247.0,83.0,8.8,940.0,2734,1,3.065999984741211
2026-07-10T12:25:36+00:00,37.52369633875787,126.96254837326705,51.0,2.742,10.0,94,87,215,246.0,84.0,8.9,940.0,2949,1,3.0769999027252197
2026-07-10T12:25:37+00:00,37.52368653193116,126.96253663860261,53.0,2.753,10.0,96,88,216,245.0,85.0,9.0,950.0,3165,1,3.0880000591278076
2026-07-10T12:25:38+00:00,37.52367672510445,126.96252507157624,56.0,2.756,10.0,99,88,216,244.0,85.0,9.1,940.0,3381,1,3.0940001010894775
2026-07-10T12:25:39+00:00,37.5236501544714,126.96247586980462,59.0,2.758,10.0,100,89,217,243.0,86.0,9.2,930.0,3598,1,3.0989999771118164
2026-07-10T12:25:40+00:00,37.52364110201597,126.9624578487128,62.0,2.758,10.0,101,89,217,242.0,86.0,9.2,930.0,3815,1,3.1630001068115234
2026-07-10T12:25:41+00:00,37.52363204956055,126.96243982762098,65.0,2.761,11.0,102,90,218,241.0,86.0,9.3,930.0,4033,1,3.2300000190734863
2026-07-10T12:25:42+00:00,37.52362308092415,126.96242197416723,67.5,2.767,11.0,103,89,223,240.0,86.0,9.3,930.0,4256,1,3.240999937057495
2026-07-10T12:25:43+00:00,37.52359642647207,126.96236941963434,70.0,2.775,11.0,103,89,229,239.0,87.0,9.4,930.0,4485,1,3.252000093460083
2026-07-10T12:25:44+00:00,37.523587960749865,126.96235257200897,72.5,2.775,11.0,103,89,229,238.0,88.0,9.4,930.0,4714,1,3.252000093460083
2026-07-10T12:25:45+00:00,37.52357957884669,126.96233564056456,75.0,2.778,11.0,104,88,230,237.0,89.0,9.5,940.0,4944,1,3.252000093460083
2026-07-10T12:25:46+00:00,37.52357119694352,126.96231870912015,77.5,2.775,11.0,104,88,230,235.0,90.0,9.6,940.0,5174,1,3.246999979019165
2026-07-10T12:25:47+00:00,37.523543955758214,126.96227042935789,80.0,2.772,11.0,105,87,230,234.0,91.0,9.8,950.0,5404,1,3.240999937057495
2026-07-10T12:25:48+00:00,37.52353339456022,126.96225584484637,82.5,2.769,11.0,106,87,229,233.0,92.0,9.8,940.0,5633,1,3.174999952316284
2026-07-10T12:25:49+00:00,37.52352274954319,126.96224126033485,85.0,2.767,11.0,107,88,229,232.0,93.0,9.9,940.0,5862,1,3.1110000610351562
2026-07-10T12:25:50+00:00,37.523512188345194,126.9622265920043,88.0,2.764,11.0,108,87,224,231.0,93.0,9.9,940.0,6086,1,3.1050000190734863
2026-07-10T12:25:51+00:00,37.523475643247366,126.96218543685973,91.0,2.764,11.0,109,87,219,231.0,94.0,10.0,950.0,6305,1,3.0989999771118164
2026-07-10T12:25:52+00:00,37.52346307039261,126.96217085234821,94.0,2.761,11.0,109,87,218,231.0,94.0,10.0,940.0,6523,1,3.0989999771118164
2026-07-10T12:25:53+00:00,37.52345049753785,126.96215626783669,97.0,2.761,12.0,110,88,218,231.0,95.0,10.1,940.0,6741,1,3.0989999771118164
2026-07-10T12:25:54+00:00,37.523438008502126,126.96214159950614,100.0,2.756,12.0,111,88,218,230.0,95.0,10.1,940.0,6959,1,3.0940001010894775
2026-07-10T12:25:55+00:00,37.52339676953852,126.96209323592484,103.0,2.75,12.0,112,88,218,230.0,96.0,10.1,940.0,7177,1,3.0880000591278076
2026-07-10T12:25:56+00:00,37.523383274674416,126.96207764558494,106.5,2.758,12.0,112,88,217,229.0,96.0,10.1,940.0,7394,1,3.1630001068115234
2026-07-10T12:25:57+00:00,37.52336977981031,126.96206213906407,110.0,2.767,12.0,113,88,217,229.0,96.0,10.2,940.0,7611,1,3.240999937057495
2026-07-10T12:25:58+00:00,37.523356368765235,126.9620466325432,112.5,2.783,12.0,114,88,223,229.0,96.0,10.2,940.0,7834,1,3.257999897003174
2026-07-10T12:25:59+00:00,37.52331596799195,126.96200899779797,115.0,2.8,12.0,116,89,229,230.0,96.0,10.2,940.0,8063,1,3.2769999504089355
2026-07-10T12:26:00+00:00,37.52330197021365,126.96199885569513,117.5,2.808,12.0,116,89,230,229.0,96.0,10.1,940.0,8293,1,3.2880001068115234
2026-07-10T12:26:01+00:00,37.523287972435355,126.96198862977326,120.0,2.817,13.0,116,89,232,229.0,96.0,10.1,950.0,8525,1,3.299999952316284
2026-07-10T12:26:02+00:00,37.52327405847609,126.96197840385139,122.5,2.819,13.0,116,88,233,229.0,96.0,10.1,950.0,8758,1,3.299999952316284
2026-07-10T12:26:03+00:00,37.52323499880731,126.96194655261934,125.0,2.822,13.0,116,88,234,229.0,96.0,10.1,960.0,8992,1,3.299999952316284
2026-07-10T12:26:04+00:00,37.52322259359062,126.96193515323102,127.5,2.817,13.0,116,88,234,229.0,96.0,10.1,950.0,9226,1,3.2939999103546143
2026-07-10T12:26:05+00:00,37.523210272192955,126.96192383766174,130.0,2.814,13.0,116,88,234,229.0,96.0,10.1,950.0,9460,1,3.2880001068115234
2026-07-10T12:26:06+00:00,37.52319795079529,126.96191252209246,133.0,2.808,13.0,117,88,233,228.0,95.0,10.0,940.0,9693,1,3.2829999923706055
2026-07-10T12:26:07+00:00,37.52315763384104,126.96188075467944,136.0,2.803,13.0,118,89,233,228.0,95.0,10.0,940.0,9926,1,3.2769999504089355
2026-07-10T12:26:08+00:00,37.523142797872424,126.96187052875757,138.5,2.797,13.0,119,89,232,228.0,95.0,10.0,940.0,10158,1,3.2720000743865967
2026-07-10T12:26:09+00:00,37.52312796190381,126.96186047047377,141.0,2.794,13.0,119,89,232,228.0,95.0,10.0,940.0,10390,1,3.2660000324249268
2026-07-10T12:26:10+00:00,37.5231131259352,126.96185032837093,144.0,2.792,13.0,119,89,231,227.0,95.0,10.0,940.0,10621,1,3.2660000324249268
2026-07-10T12:26:11+00:00,37.52306233160198,126.96181872859597,147.0,2.789,13.0,119,89,231,227.0,95.0,10.0,940.0,10852,1,3.2660000324249268
2026-07-10T12:26:12+00:00,37.52304380759597,126.96180732920766,150.5,2.789,13.0,120,89,231,227.0,94.0,10.0,940.0,11083,1,3.200000047683716
2026-07-10T12:26:13+00:00,37.52302519977093,126.96179592981935,154.0,2.792,14.0,120,89,231,227.0,94.0,10.0,940.0,11314,1,3.132999897003174
2026-07-10T12:26:14+00:00,37.52300667576492,126.96178461425006,158.0,2.811,14.0,120,89,226,226.0,93.0,9.9,940.0,11540,1,3.1549999713897705
2026-07-10T12:26:15+00:00,37.52294993028045,126.96174865588546,162.0,2.833,14.0,121,90,221,226.0,93.0,9.9,940.0,11761,1,3.177000045776367
2026-07-10T12:26:16+00:00,37.5229315739125,126.96173641830683,165.0,2.875,14.0,121,90,222,225.0,92.0,9.8,950.0,11983,1,3.2269999980926514
2026-07-10T12:26:17+00:00,37.52291330136359,126.96172426454723,168.0,2.919,14.0,122,91,224,225.0,92.0,9.8,960.0,12207,1,3.2769999504089355
2026-07-10T12:26:18+00:00,37.52289494499564,126.9617120269686,171.5,2.964,14.0,123,91,227,224.0,91.0,9.6,970.0,12434,1,3.3269999027252197
2026-07-10T12:26:19+00:00,37.522841384634376,126.96167699061334,175.0,3.008,14.0,124,92,231,224.0,91.0,9.5,990.0,12665,1,3.380000114440918
2026-07-10T12:26:20+00:00,37.52282386645675,126.96166575886309,178.5,3.047,14.0,124,92,234,223.0,90.0,9.4,1000.0,12899,1,3.4240000247955322
2026-07-10T12:26:21+00:00,37.52280634827912,126.96165444329381,182.0,3.089,14.0,124,92,238,222.0,90.0,9.3,1010.0,13137,1,3.4690001010894775
2026-07-10T12:26:22+00:00,37.52278883010149,126.96164321154356,185.0,3.108,14.0,125,91,241,221.0,90.0,9.2,1020.0,13378,1,3.490999937057495
2026-07-10T12:26:23+00:00,37.52273753285408,126.9616097677499,188.0,3.128,14.0,125,91,244,220.0,90.0,9.2,1030.0,13622,1,3.513000011444092
2026-07-10T12:26:24+00:00,37.52272026613355,126.96160121820867,191.0,3.133,14.0,126,91,245,219.0,90.0,9.1,1030.0,13867,1,3.5190000534057617
2026-07-10T12:26:25+00:00,37.522703083232045,126.96159275248647,194.0,3.142,15.0,127,90,247,219.0,90.0,9.0,1040.0,14114,1,3.5239999294281006
2026-07-10T12:26:26+00:00,37.52268590033054,126.96158420294523,197.0,3.156,15.0,127,90,247,218.0,90.0,8.9,1050.0,14361,1,3.5409998893737793
2026-07-10T12:26:27+00:00,37.522631753236055,126.96157582104206,200.0,3.172,15.0,127,89,248,217.0,90.0,8.8,1060.0,14609,1,3.558000087738037
2026-07-10T12:26:28+00:00,37.522613648325205,126.96157481521368,203.5,3.181,15.0,128,89,249,216.0,90.0,8.7,1070.0,14858,1,3.5
2026-07-10T12:26:29+00:00,37.522595627233386,126.96157389320433,207.0,3.192,15.0,128,88,251,215.0,90.0,8.7,1080.0,15109,1,3.440999984741211
2026-07-10T12:26:30+00:00,37.5225776899606,126.96157305501401,209.5,3.189,15.0,129,88,246,214.0,90.0,8.6,1080.0,15355,1,3.440999984741211
2026-07-10T12:26:31+00:00,37.52252438105643,126.96156081743538,212.0,3.189,15.0,129,88,241,214.0,91.0,8.6,1090.0,15596,1,3.440999984741211
2026-07-10T12:26:32+00:00,37.52250677905977,126.96155386045575,215.5,3.181,15.0,129,88,241,213.0,91.0,8.6,1080.0,15837,1,3.436000108718872
2026-07-10T12:26:33+00:00,37.52248926088214,126.96154681965709,219.0,3.175,15.0,129,88,241,212.0,92.0,8.6,1080.0,16078,1,3.430000066757202
2026-07-10T12:26:34+00:00,37.52247174270451,126.96153994649649,222.0,3.169,15.0,129,88,240,211.0,92.0,8.6,1070.0,16318,1,3.4189999103546143
2026-07-10T12:26:35+00:00,37.52241977490485,126.96151371113956,225.0,3.164,15.0,130,88,240,211.0,93.0,8.6,1070.0,16558,1,3.4079999923706055
2026-07-10T12:26:36+00:00,37.52240317873657,126.96150331757963,228.0,3.161,15.0,130,88,239,210.0,93.0,8.7,1070.0,16797,1,3.2829999923706055
2026-07-10T12:26:37+00:00,37.52238658256829,126.9614929240197,231.0,3.158,15.0,131,88,239,210.0,94.0,8.8,1070.0,17036,1,3.1579999923706055
2026-07-10T12:26:38+00:00,37.52237007021904,126.9614826142788,234.0,3.156,15.0,131,88,228,210.0,95.0,8.9,1070.0,17264,1,3.1549999713897705
2026-07-10T12:26:39+00:00,37.52232547849417,126.96144464425743,237.0,3.153,15.0,131,88,218,210.0,97.0,9.0,1070.0,17482,1,3.1519999504089355
2026-07-10T12:26:40+00:00,37.522312235087156,126.96142980828881,240.0,3.147,15.0,131,88,217,210.0,98.0,9.1,1070.0,17699,1,3.1470000743865967
2026-07-10T12:26:41+00:00,37.52229907549918,126.96141505613923,243.0,3.144,15.0,132,88,217,211.0,99.0,9.3,1070.0,17916,1,3.1440000534057617
2026-07-10T12:26:42+00:00,37.52228599973023,126.96140030398965,246.0,3.139,15.0,132,88,216,211.0,99.0,9.3,1060.0,18132,1,3.138000011444092
2026-07-10T12:26:43+00:00,37.52224593423307,126.9613578915596,249.0,3.136,15.0,132,88,216,211.0,100.0,9.4,1060.0,18348,1,3.135999917984009
2026-07-10T12:26:44+00:00,37.52223126590252,126.96134875528514,251.5,3.131,15.0,132,88,216,211.0,100.0,9.4,1060.0,18564,1,3.130000114440918
2026-07-10T12:26:45+00:00,37.52221659757197,126.96133953519166,254.0,3.125,15.0,132,88,216,212.0,101.0,9.5,1060.0,18780,1,3.125
2026-07-10T12:26:46+00:00,37.52220192924142,126.9613303989172,257.0,3.119,15.0,132,88,216,212.0,101.0,9.5,1060.0,18996,1,3.11899995803833
2026-07-10T12:26:47+00:00,37.52215415239334,126.9613184966147,260.0,3.114,15.0,132,88,216,213.0,101.0,9.5,1060.0,19212,1,3.11299991607666
2026-07-10T12:26:48+00:00,37.52213755622506,126.96131623350084,262.5,3.108,15.0,132,88,215,213.0,101.0,9.5,1050.0,19427,1,3.1080000400543213
2026-07-10T12:26:49+00:00,37.52212096005678,126.96131405420601,265.0,3.103,15.0,132,88,214,213.0,101.0,9.6,1050.0,19641,1,3.1019999980926514
2026-07-10T12:26:50+00:00,37.522104447707534,126.96131179109216,268.0,3.094,15.0,132,88,214,213.0,101.0,9.6,1050.0,19855,1,3.0940001010894775
2026-07-10T12:26:51+00:00,37.522055162116885,126.96130315773189,271.0,3.086,15.0,132,88,214,214.0,101.0,9.6,1050.0,20069,1,3.0859999656677246
2026-07-10T12:26:52+00:00,37.52203923650086,126.96129720658064,273.5,3.078,15.0,132,88,213,214.0,101.0,9.6,1040.0,20282,1,3.0769999027252197
2026-07-10T12:26:53+00:00,37.5220234785229,126.96129133924842,276.0,3.072,15.0,132,88,213,215.0,101.0,9.6,1040.0,20495,1,3.072000026702881
2026-07-10T12:26:54+00:00,37.5220076367259,126.9612854719162,279.0,3.064,15.0,132,88,212,215.0,100.0,9.6,1040.0,20707,1,3.062999963760376
2026-07-10T12:26:55+00:00,37.52196287736297,126.96125806309283,282.0,3.058,15.0,132,88,211,216.0,100.0,9.6,1040.0,20918,1,3.058000087738037
2026-07-10T12:26:56+00:00,37.52194837667048,126.96124691516161,284.5,3.05,15.0,132,88,211,216.0,100.0,9.6,1040.0,21129,1,3.0490000247955322
2026-07-10T12:26:57+00:00,37.52193387597799,126.96123593486845,287.0,3.044,15.0,132,88,211,217.0,100.0,9.6,1040.0,21340,1,3.0439999103546143
2026-07-10T12:26:58+00:00,37.52191945910454,126.9612249545753,290.0,3.036,15.0,132,88,210,219.0,99.0,9.5,1030.0,21550,1,3.0360000133514404
2026-07-10T12:26:59+00:00,37.521875873208046,126.96119293570518,293.0,3.031,15.0,132,88,209,221.0,99.0,9.5,1030.0,21759,1,3.0299999713897705
2026-07-10T12:27:00+00:00,37.521867072209716,126.96118639782071,295.5,3.022,15.0,132,88,209,223.0,97.0,9.4,1020.0,21968,1,3.0220000743865967
2026-07-10T12:27:01+00:00,37.52185835503042,126.96117994375527,298.0,3.014,15.0,133,88,209,225.0,96.0,9.3,1020.0,22177,1,3.013000011444092
2026-07-10T12:27:02+00:00,37.52184955403209,126.9611734058708,299.0,2.986,15.0,133,88,208,227.0,94.0,9.2,1010.0,22385,1,2.9860000610351562
2026-07-10T12:27:03+00:00,37.52184083685279,126.96116695180535,300.0,2.961,15.0,133,88,207,229.0,93.0,9.1,1000.0,22592,1,2.9609999656677246
2026-07-10T12:27:04+00:00,37.52182139083743,126.96115739643574,300.0,2.9,15.0,133,88,205,233.0,92.0,9.0,980.0,22797,1,2.8989999294281006
2026-07-10T12:27:05+00:00,37.52181342802942,126.96115404367447,300.0,2.839,15.0,132,88,204,237.0,91.0,9.0,960.0,23001,1,2.8380000591278076
2026-07-10T12:27:06+00:00,37.52180563285947,126.96115060709417,302.0,2.7,15.0,131,88,200,241.0,90.0,9.0,910.0,23201,1,2.700000047683716
2026-07-10T12:27:07+00:00,37.52179783768952,126.96114733815193,304.0,2.561,15.0,130,87,196,246.0,89.0,9.1,870.0,23397,1,2.561000108718872
2026-07-10T12:27:08+00:00,37.521761460229754,126.96112831123173,307.0,2.394,15.0,130,88,186,251.0,88.0,9.2,810.0,23583,1,2.3940000534057617
2026-07-10T12:27:09+00:00,37.52174654044211,126.96111942641437,310.0,2.231,15.0,130,88,176,256.0,87.0,9.4,760.0,23759,1,2.2300000190734863
2026-07-10T12:27:10+00:00,37.521731704473495,126.96111062541604,313.0,2.147,15.0,130,88,165,261.0,86.0,9.6,730.0,23924,1,2.1470000743865967
2026-07-10T12:27:11+00:00,37.52171678468585,126.96110182441771,316.0,2.064,15.0,130,88,154,266.0,85.0,9.8,700.0,24078,1,2.062999963760376
2026-07-10T12:27:12+00:00,37.52167169004679,126.96106821298599,319.0,2.053,15.0,130,87,148,268.0,84.0,10.0,700.0,24226,1,2.052000045776367
2026-07-10T12:27:13+00:00,37.52165727317333,126.9610560592264,322.0,2.042,15.0,129,87,142,271.0,83.0,10.3,700.0,24368,1,2.0409998893737793
2026-07-10T12:27:14+00:00,37.52164285629988,126.96104382164776,325.0,2.097,15.0,129,87,141,273.0,82.0,10.5,720.0,24509,1,2.0969998836517334
2026-07-10T12:27:15+00:00,37.521628607064486,126.96103166788816,328.0,2.156,15.0,128,88,141,276.0,81.0,10.7,740.0,24650,1,2.1549999713897705
2026-07-10T12:27:16+00:00,,,329.0,2.206,15.0,128,87,145,279.0,80.0,10.8,750.0,24795,1,2.2049999237060547
2026-07-10T12:27:17+00:00,,,330.0,2.256,15.0,127,87,149,283.0,79.0,10.9,770.0,24944,1,2.255000114440918
2026-07-10T12:27:18+00:00,,,330.0,1.128,15.0,127,43,152,285.0,79.0,10.8,380.0,25096,1,1.1269999742507935
2026-07-10T12:27:19+00:00,,,330.0,0.0,15.0,126,0,156,288.0,79.0,10.8,0.0,25252,1,0.0
2026-07-10T12:27:20+00:00,,,330.0,0.0,15.0,125,0,78,288.0,79.0,10.7,0.0,25330,1,0.0
2026-07-10T12:27:21+00:00,,,330.0,0.0,15.0,124,0,0,288.0,79.0,10.7,0.0,25330,1,0.0
2026-07-10T12:27:22+00:00,,,330.0,0.0,15.0,124,0,0,288.0,79.0,10.6,0.0,25330,1,0.0
2026-07-10T12:27:23+00:00,37.52160287462175,126.96100266650319,330.0,0.0,15.0,122,0,0,288.0,79.0,10.5,0.0,25330,1,0.0
2026-07-10T12:27:24+00:00,37.52158887684345,126.96098917163908,330.0,0.0,15.0,121,0,0,144.0,39.0,5.2,0.0,25330,1,0.0
2026-07-10T12:27:25+00:00,37.52158049494028,126.96098422631621,330.0,0.0,15.0,120,0,0,0.0,0.0,0.0,0.0,25330,1,0.0
2026-07-10T12:27:26+00:00,37.52157219685614,126.96097936481237,333.0,0.0,15.0,120,0,0,0.0,0.0,0.0,0.0,25330,1,0.0
2026-07-10T12:27:27+00:00,37.521563898772,126.9609744194895,336.0,0.0,15.0,120,0,0,0.0,0.0,0.0,0.0,25330,1,0.0
2026-07-10T12:27:28+00:00,37.52152626402676,126.96095212362707,338.5,0.472,15.0,119,43,0,0.0,0.0,0.0,160.0,25330,1,0.47200000286102295
2026-07-10T12:27:29+00:00,37.52151193097234,126.96094290353358,341.0,0.947,16.0,118,87,0,0.0,0.0,0.0,320.0,25330,1,0.9470000267028809
2026-07-10T12:27:30+00:00,37.521497681736946,126.96093376725912,343.5,1.208,16.0,118,86,32,197.0,40.0,9.9,420.0,25362,1,1.2079999446868896
2026-07-10T12:27:31+00:00,37.521483432501554,126.96092463098466,346.0,1.469,16.0,118,84,65,394.0,81.0,19.8,520.0,25427,1,1.468999981880188
2026-07-10T12:27:32+00:00,37.52144085243344,126.9608951266855,348.5,1.739,16.0,118,85,83,382.0,79.0,17.5,610.0,25510,1,1.7380000352859497
2026-07-10T12:27:33+00:00,37.52142710611224,126.96088565513492,351.0,2.008,16.0,117,85,101,370.0,78.0,15.2,700.0,25611,1,2.007999897003174
2026-07-10T12:27:34+00:00,37.52141327597201,126.9608760997653,353.5,2.161,16.0,117,86,119,362.0,77.0,14.0,740.0,25730,1,2.1610000133514404
2026-07-10T12:27:35+00:00,37.521399445831776,126.96086662821472,356.0,2.314,16.0,117,88,138,354.0,76.0,12.9,790.0,25868,1,2.312999963760376
2026-07-10T12:27:36+00:00,37.52136005088687,126.96084181778133,358.5,2.378,16.0,117,88,148,347.0,76.0,12.4,810.0,26016,1,2.377000093460083
2026-07-10T12:27:37+00:00,37.521346639841795,126.96083536371589,361.0,2.444,16.0,118,88,159,340.0,76.0,11.9,830.0,26175,1,2.444000005722046
2026-07-10T12:27:38+00:00,37.52133322879672,126.96082890965044,363.5,2.439,15.0,118,87,163,336.0,76.0,11.3,830.0,26338,1,2.437999963760376
2026-07-10T12:27:39+00:00,37.52131990157068,126.96082253940403,366.0,2.433,15.0,118,87,168,332.0,76.0,10.7,840.0,26506,1,2.433000087738037
2026-07-10T12:27:40+00:00,37.52127908170223,126.96080284193158,368.5,2.436,15.0,118,87,167,328.0,76.0,10.2,840.0,26673,1,2.436000108718872
2026-07-10T12:27:41+00:00,37.52126583829522,126.96079672314227,371.0,2.442,15.0,119,87,167,325.0,77.0,9.7,840.0,26840,1,2.440999984741211
2026-07-10T12:27:42+00:00,37.52125267870724,126.96079077199101,373.0,2.442,15.0,119,87,167,322.0,77.0,9.5,840.0,27007,1,2.440999984741211
2026-07-10T12:27:43+00:00,37.52123943530023,126.96078473702073,375.0,2.442,15.0,118,87,168,320.0,77.0,9.3,840.0,27175,1,2.440999984741211
2026-07-10T12:27:44+00:00,37.52120087854564,126.96076889522374,377.5,2.433,15.0,118,87,168,318.0,77.0,9.2,840.0,27343,1,2.433000087738037
2026-07-10T12:27:45+00:00,37.521187383681536,126.96076386608183,380.0,2.428,15.0,118,87,168,316.0,77.0,9.2,840.0,27511,1,2.427000045776367
2026-07-10T12:27:46+00:00,37.52117397263646,126.9607587531209,382.5,2.411,15.0,118,86,167,314.0,77.0,9.2,830.0,27678,1,2.4110000133514404
2026-07-10T12:27:47+00:00,37.52116056159139,126.960753723979,385.0,2.397,15.0,117,86,167,313.0,78.0,9.3,830.0,27845,1,2.3970000743865967
2026-07-10T12:27:48+00:00,37.52111907117069,126.96073771454394,387.5,2.389,15.0,117,86,166,307.0,78.0,9.3,830.0,28011,1,2.388000011444092
2026-07-10T12:27:49+00:00,37.52110566012561,126.96073193103075,390.0,2.383,15.0,116,86,165,301.0,78.0,9.3,830.0,28176,1,2.382999897003174
2026-07-10T12:27:50+00:00,37.52109224908054,126.96072614751756,392.0,2.381,15.0,116,86,164,296.0,78.0,9.3,830.0,28340,1,2.380000114440918
2026-07-10T12:27:51+00:00,37.52107900567353,126.9607204478234,394.0,2.381,15.0,115,86,164,292.0,78.0,9.4,830.0,28504,1,2.380000114440918
2026-07-10T12:27:52+00:00,37.52104103565216,126.96070234291255,396.5,2.381,15.0,115,86,164,290.0,79.0,9.5,830.0,28668,1,2.380000114440918
2026-07-10T12:27:53+00:00,37.521029468625784,126.96069630794227,399.0,2.381,15.0,115,86,164,289.0,80.0,9.6,830.0,28832,1,2.380000114440918
2026-07-10T12:27:54+00:00,37.52101798541844,126.96069035679102,400.5,2.369,15.0,115,86,164,288.0,80.0,9.7,820.0,28996,1,2.36899995803833
2026-07-10T12:27:55+00:00,37.521006502211094,126.96068440563977,402.0,2.358,15.0,115,85,164,288.0,81.0,9.8,820.0,29160,1,2.3580000400543213
2026-07-10T12:27:56+00:00,37.5209734775126,126.9606673065573,404.0,2.344,15.0,115,85,163,289.0,81.0,9.8,820.0,29323,1,2.3440001010894775
2026-07-10T12:27:57+00:00,37.52096216194332,126.96066135540605,406.0,2.333,15.0,116,85,163,290.0,82.0,9.9,820.0,29486,1,2.3329999446868896
2026-07-10T12:27:58+00:00,37.52095093019307,126.96065532043576,408.5,2.308,15.0,116,84,162,291.0,82.0,9.9,810.0,29648,1,2.308000087738037
2026-07-10T12:27:59+00:00,37.52093978226185,126.96064945310354,411.0,2.283,15.0,116,84,161,293.0,82.0,10.0,810.0,29809,1,2.2829999923706055
2026-07-10T12:28:00+00:00,37.520902901887894,126.96063176728785,413.0,2.272,15.0,116,84,159,294.0,82.0,10.1,800.0,29968,1,2.2720000743865967
2026-07-10T12:28:01+00:00,37.520889239385724,126.96062623523176,415.0,2.261,15.0,116,84,157,295.0,83.0,10.2,800.0,30125,1,2.260999917984009
2026-07-10T12:28:02+00:00,37.520875660702586,126.96062070317566,417.5,2.256,15.0,116,84,156,296.0,83.0,10.2,800.0,30281,1,2.255000114440918
2026-07-10T12:28:03+00:00,37.52086216583848,126.9606152549386,420.0,2.253,15.0,116,85,156,297.0,84.0,10.3,800.0,30437,1,2.252000093460083
2026-07-10T12:28:04+00:00,37.52082017250359,126.96059547364712,422.5,2.253,15.0,115,85,155,298.0,84.0,10.4,790.0,30592,1,2.252000093460083
2026-07-10T12:28:05+00:00,37.52080600708723,126.96058700792491,425.0,2.256,15.0,115,86,155,299.0,84.0,10.5,790.0,30747,1,2.255000114440918
2026-07-10T12:28:06+00:00,37.52079184167087,126.96057870984077,428.0,2.267,15.0,115,86,155,300.0,84.0,10.5,790.0,30902,1,2.2660000324249268
2026-07-10T12:28:07+00:00,37.52077776007354,126.96057041175663,431.0,2.281,15.0,115,86,156,301.0,85.0,10.6,790.0,31058,1,2.2799999713897705
2026-07-10T12:28:08+00:00,37.52073526382446,126.96054350584745,433.5,2.294,15.0,115,86,156,301.0,84.0,10.6,790.0,31214,1,2.2939999103546143
2026-07-10T12:28:09+00:00,37.520720763131976,126.960534369573,436.0,2.308,15.0,115,86,157,301.0,84.0,10.6,800.0,31371,1,2.308000087738037
2026-07-10T12:28:10+00:00,37.52070626243949,126.96052523329854,438.5,2.328,15.0,115,86,158,301.0,84.0,10.5,800.0,31529,1,2.3269999027252197
2026-07-10T12:28:11+00:00,37.520691845566034,126.96051609702408,441.0,2.347,15.0,115,86,159,302.0,84.0,10.5,810.0,31688,1,2.3469998836517334
2026-07-10T12:28:12+00:00,37.52064817585051,126.96048835292459,444.0,2.372,15.0,115,86,160,301.0,83.0,10.4,820.0,31848,1,2.371999979019165
2026-07-10T12:28:13+00:00,37.52063392661512,126.96047980338335,447.0,2.397,15.0,116,86,162,301.0,83.0,10.4,830.0,32010,1,2.3970000743865967
2026-07-10T12:28:14+00:00,37.52061984501779,126.96047133766115,449.5,2.419,15.0,116,86,163,299.0,82.0,10.2,840.0,32173,1,2.4189999103546143
2026-07-10T12:28:15+00:00,37.52060576342046,126.96046287193894,452.0,2.442,15.0,116,87,165,298.0,82.0,10.1,850.0,32338,1,2.440999984741211
2026-07-10T12:28:16+00:00,37.520563350990415,126.96043881587684,454.5,2.467,15.0,117,87,166,295.0,82.0,10.0,850.0,32504,1,2.4660000801086426
2026-07-10T12:28:17+00:00,37.52054843120277,126.96043093688786,457.0,2.494,16.0,119,87,168,293.0,82.0,9.9,850.0,32672,1,2.49399995803833
2026-07-10T12:28:18+00:00,37.520533595234156,126.96042305789888,459.5,2.503,16.0,119,87,170,289.0,82.0,9.8,850.0,32842,1,2.502000093460083
2026-07-10T12:28:19+00:00,37.52051867544651,126.96041509509087,462.0,2.511,16.0,119,88,172,286.0,82.0,9.8,860.0,33014,1,2.510999917984009
2026-07-10T12:28:20+00:00,37.520471988245845,126.96038994938135,465.0,2.531,16.0,119,88,172,283.0,82.0,9.7,860.0,33186,1,2.5299999713897705
2026-07-10T12:28:21+00:00,37.52045597881079,126.96038089692593,468.0,2.55,16.0,119,88,173,280.0,82.0,9.7,860.0,33359,1,2.549999952316284
2026-07-10T12:28:22+00:00,37.52043996937573,126.96037192828953,471.0,2.572,16.0,119,89,174,276.0,82.0,9.6,860.0,33533,1,2.572000026702881
2026-07-10T12:28:23+00:00,37.52042395994067,126.96036295965314,474.0,2.597,16.0,119,89,176,273.0,82.0,9.5,870.0,33709,1,2.5969998836517334
2026-07-10T12:28:24+00:00,37.520374758169055,126.96033605374396,477.0,2.614,16.0,119,89,177,269.0,82.0,9.5,870.0,33886,1,2.61299991607666
2026-07-10T12:28:25+00:00,37.52035832963884,126.96032700128853,480.0,2.631,16.0,119,89,179,266.0,82.0,9.5,880.0,34065,1,2.630000114440918
2026-07-10T12:28:26+00:00,37.520341984927654,126.96031811647117,483.0,2.656,16.0,121,90,180,262.0,82.0,9.5,880.0,34245,1,2.6549999713897705
2026-07-10T12:28:27+00:00,37.52032555639744,126.96030923165381,486.0,2.683,16.0,121,90,181,259.0,83.0,9.5,890.0,34426,1,2.683000087738037
2026-07-10T12:28:28+00:00,37.520277528092265,126.96028274483979,489.0,2.697,16.0,121,90,183,255.0,83.0,9.5,890.0,34609,1,2.697000026702881
2026-07-10T12:28:29+00:00,37.520261853933334,126.9602735247463,492.0,2.714,16.0,121,90,185,252.0,84.0,9.6,900.0,34794,1,2.7130000591278076
2026-07-10T12:28:30+00:00,37.520246263593435,126.96026447229087,495.0,2.722,16.0,121,89,186,249.0,84.0,9.6,910.0,34980,1,2.7219998836517334
2026-07-10T12:28:31+00:00,37.520230673253536,126.96025533601642,498.0,2.731,16.0,121,88,187,246.0,85.0,9.6,930.0,35167,1,2.7300000190734863
2026-07-10T12:28:32+00:00,37.52018457278609,126.96022532880306,500.5,2.736,16.0,122,88,187,243.0,86.0,9.6,930.0,35354,1,2.7360000610351562
2026-07-10T12:28:33+00:00,37.520168563351035,126.96021543815732,503.0,2.742,16.0,122,88,188,241.0,87.0,9.7,930.0,35542,1,2.740999937057495
2026-07-10T12:28:34+00:00,37.52015263773501,126.96020563133061,506.0,2.747,16.0,122,88,188,238.0,88.0,9.7,930.0,35730,1,2.746999979019165
2026-07-10T12:28:35+00:00,37.520136795938015,126.9601958245039,509.0,2.753,16.0,123,88,189,236.0,89.0,9.8,930.0,35919,1,2.752000093460083
2026-07-10T12:28:36+00:00,37.5200875941664,126.96016866713762,512.0,2.767,16.0,123,88,189,234.0,90.0,9.8,930.0,36108,1,2.7660000324249268
2026-07-10T12:28:37+00:00,37.52007066272199,126.96015969850123,515.0,2.781,16.0,123,89,189,233.0,91.0,9.9,940.0,36297,1,2.7799999713897705
2026-07-10T12:28:38+00:00,37.520053731277585,126.96015081368387,518.5,2.806,16.0,124,89,190,232.0,91.0,9.8,940.0,36487,1,2.805000066757202
2026-07-10T12:28:39+00:00,37.52003688365221,126.96014201268554,522.0,2.833,16.0,124,89,191,231.0,92.0,9.8,950.0,36678,1,2.8329999446868896
2026-07-10T12:28:40+00:00,37.519984832033515,126.96011359803379,525.0,2.856,16.0,124,89,193,229.0,92.0,9.8,960.0,36871,1,2.8550000190734863
2026-07-10T12:28:41+00:00,37.51996790058911,126.96010362356901,528.0,2.881,16.0,124,89,195,228.0,93.0,9.8,970.0,37066,1,2.880000114440918
2026-07-10T12:28:42+00:00,37.51995088532567,126.96009373292327,531.0,2.889,16.0,124,89,196,227.0,93.0,9.8,970.0,37262,1,2.888000011444092
2026-07-10T12:28:43+00:00,37.51993387006223,126.96008384227753,534.0,2.9,16.0,124,89,198,227.0,93.0,9.8,970.0,37460,1,2.8989999294281006
2026-07-10T12:28:44+00:00,37.51988458447158,126.96005324833095,537.0,2.906,16.0,124,89,199,226.0,93.0,9.8,970.0,37659,1,2.9049999713897705
2026-07-10T12:28:45+00:00,37.519868072122335,126.96004277095199,540.0,2.914,16.0,125,89,200,225.0,94.0,9.8,980.0,37859,1,2.9130001068115234
2026-07-10T12:28:46+00:00,37.51985155977309,126.96003220975399,543.0,2.917,16.0,125,89,200,225.0,94.0,9.8,980.0,38059,1,2.9159998893737793
2026-07-10T12:28:47+00:00,37.51983513124287,126.96002173237503,546.0,2.922,16.0,124,89,200,225.0,94.0,9.8,980.0,38259,1,2.921999931335449
2026-07-10T12:28:48+00:00,37.519785929471254,126.95999030023813,549.5,2.925,16.0,124,89,200,224.0,94.0,9.7,980.0,38459,1,2.9240000247955322
2026-07-10T12:28:49+00:00,37.5197696685791,126.95997982285917,553.0,2.931,16.0,124,90,201,224.0,95.0,9.7,980.0,38660,1,2.930000066757202
2026-07-10T12:28:50+00:00,37.51975340768695,126.95996942929924,556.0,2.933,16.0,124,90,201,223.0,95.0,9.7,970.0,38861,1,2.933000087738037
2026-07-10T12:28:51+00:00,37.519737062975764,126.9599590357393,559.0,2.936,16.0,125,90,202,223.0,95.0,9.8,970.0,39063,1,2.936000108718872
2026-07-10T12:28:52+00:00,37.519686771556735,126.95992760360241,562.0,2.939,16.0,125,90,202,222.0,95.0,9.7,970.0,39265,1,2.937999963760376
2026-07-10T12:28:53+00:00,37.51966925337911,126.95991695858538,565.0,2.942,16.0,125,90,203,222.0,95.0,9.7,980.0,39468,1,2.940999984741211
2026-07-10T12:28:54+00:00,37.51965190283954,126.95990631356835,568.5,2.944,16.0,125,90,203,221.0,95.0,9.7,980.0,39671,1,2.944000005722046
2026-07-10T12:28:55+00:00,37.519634468480945,126.95989575237036,572.0,2.947,16.0,125,90,203,220.0,95.0,9.7,980.0,39874,1,2.947000026702881
2026-07-10T12:28:56+00:00,37.519581746309996,126.95986524224281,575.0,2.953,16.0,125,90,203,219.0,94.0,9.6,980.0,40077,1,2.9519999027252197
2026-07-10T12:28:57+00:00,37.51956489868462,126.95985526777804,578.0,2.958,16.0,124,90,203,219.0,94.0,9.6,980.0,40280,1,2.9579999446868896
2026-07-10T12:28:58+00:00,37.519547967240214,126.95984520949423,581.0,2.964,16.0,124,90,203,219.0,94.0,9.6,980.0,40483,1,2.9630000591278076
2026-07-10T12:28:59+00:00,37.51953103579581,126.95983531884849,584.0,2.972,16.0,124,90,204,219.0,94.0,9.6,980.0,40687,1,2.9719998836517334
2026-07-10T12:29:00+00:00,37.51948216930032,126.95980405434966,587.0,2.975,16.0,124,90,204,218.0,94.0,9.6,980.0,40891,1,2.9749999046325684
2026-07-10T12:29:01+00:00,37.5194657407701,126.9597930740565,590.0,2.978,16.0,125,90,205,218.0,94.0,9.6,990.0,41096,1,2.9769999980926514
2026-07-10T12:29:02+00:00,37.51944939605892,126.95978209376335,593.0,2.981,16.0,126,89,205,218.0,94.0,9.6,990.0,41301,1,2.9800000190734863
2026-07-10T12:29:03+00:00,37.5194329675287,126.95977119728923,596.0,2.983,16.0,126,89,205,218.0,95.0,9.6,1000.0,41506,1,2.9830000400543213
2026-07-10T12:29:04+00:00,37.51938125118613,126.95973901078105,599.5,2.986,16.0,126,89,205,218.0,95.0,9.6,1000.0,41711,1,2.9860000610351562
2026-07-10T12:29:05+00:00,37.51936339773238,126.95972844958305,603.0,2.989,16.0,129,89,205,218.0,95.0,9.6,1010.0,41916,1,2.98799991607666
2026-07-10T12:29:06+00:00,37.51934554427862,126.95971797220409,606.5,2.992,16.0,130,88,205,218.0,95.0,9.5,1010.0,42121,1,2.990999937057495
2026-07-10T12:29:07+00:00,37.5193277746439,126.9597074110061,610.0,2.997,16.0,131,88,206,219.0,95.0,9.5,1020.0,42327,1,2.996999979019165
2026-07-10T12:29:08+00:00,37.51927354373038,126.9596762303263,613.0,3.011,16.0,131,88,206,219.0,95.0,9.4,1020.0,42533,1,3.010999917984009
2026-07-10T12:29:09+00:00,37.51925543881953,126.95966617204249,616.0,3.025,16.0,131,88,207,219.0,95.0,9.4,1030.0,42740,1,3.0250000953674316
2026-07-10T12:29:10+00:00,37.51923733390868,126.95965602993965,619.5,3.044,16.0,131,88,208,219.0,95.0,9.3,1030.0,42948,1,3.0439999103546143
2026-07-10T12:29:11+00:00,37.51921939663589,126.95964597165585,623.0,3.067,16.0,132,89,209,220.0,95.0,9.3,1030.0,43157,1,3.065999984741211
2026-07-10T12:29:12+00:00,37.51916625536978,126.95961621589959,626.0,3.072,16.0,132,89,210,220.0,95.0,9.3,1030.0,43367,1,3.072000026702881
2026-07-10T12:29:13+00:00,37.51914848573506,126.95960632525384,629.0,3.081,16.0,132,89,211,220.0,95.0,9.3,1040.0,43578,1,3.0799999237060547
2026-07-10T12:29:14+00:00,37.51913079991937,126.9595964346081,632.5,3.083,16.0,132,89,211,220.0,95.0,9.2,1040.0,43789,1,3.0829999446868896
2026-07-10T12:29:15+00:00,37.51911303028464,126.95958654396236,636.0,3.089,16.0,132,89,212,220.0,95.0,9.2,1040.0,44001,1,3.0880000591278076
2026-07-10T12:29:16+00:00,37.5190600566566,126.95955636911094,639.0,3.089,16.0,132,89,212,220.0,95.0,9.2,1040.0,44213,1,3.0880000591278076
2026-07-10T12:29:17+00:00,37.51904253847897,126.95954564027488,642.0,3.092,16.0,132,89,213,220.0,95.0,9.2,1040.0,44426,1,3.0910000801086426
2026-07-10T12:29:18+00:00,37.519025104120374,126.95953491143882,645.5,3.092,16.0,133,89,213,220.0,95.0,9.2,1040.0,44639,1,3.0910000801086426
2026-07-10T12:29:19+00:00,37.51900766976178,126.95952435024083,649.0,3.094,16.0,133,89,213,220.0,95.0,9.2,1040.0,44852,1,3.0940001010894775
2026-07-10T12:29:20+00:00,37.51895545050502,126.95949199609458,652.0,3.094,16.0,133,89,213,220.0,95.0,9.2,1040.0,45065,1,3.0940001010894775
2026-07-10T12:29:21+00:00,37.51893809996545,126.95948160253465,655.0,3.094,16.0,133,89,213,220.0,95.0,9.2,1040.0,45278,1,3.0940001010894775
2026-07-10T12:29:22+00:00,37.518920665606856,126.95947120897472,658.0,3.094,16.0,133,89,213,220.0,95.0,9.1,1040.0,45491,1,3.0940001010894775
2026-07-10T12:29:23+00:00,37.51890339888632,126.95946081541479,661.0,3.097,16.0,133,89,213,220.0,95.0,9.1,1040.0,45704,1,3.0969998836517334
2026-07-10T12:29:24+00:00,37.518850676715374,126.9594304729253,664.5,3.097,16.0,133,89,213,220.0,94.0,9.1,1040.0,45917,1,3.0969998836517334
2026-07-10T12:29:25+00:00,37.518833074718714,126.95941999554634,668.0,3.1,16.0,134,89,214,220.0,94.0,9.1,1040.0,46131,1,3.0989999771118164
2026-07-10T12:29:26+00:00,37.51881547272205,126.95940960198641,671.5,3.1,16.0,135,89,214,219.0,94.0,9.0,1030.0,46345,1,3.0989999771118164
2026-07-10T12:29:27+00:00,37.518797954544425,126.95939920842648,675.0,3.103,16.0,135,90,214,219.0,94.0,9.0,1030.0,46559,1,3.1019999980926514
2026-07-10T12:29:28+00:00,37.51874640583992,126.95936660282314,678.0,3.103,16.0,135,90,214,218.0,93.0,8.9,1030.0,46773,1,3.1019999980926514
2026-07-10T12:29:29+00:00,37.51872897148132,126.95935612544417,681.0,3.106,16.0,136,90,214,217.0,93.0,8.9,1040.0,46987,1,3.1050000190734863
2026-07-10T12:29:30+00:00,37.51871170476079,126.95934564806521,684.0,3.106,16.0,136,89,214,217.0,92.0,8.9,1040.0,47201,1,3.1050000190734863
2026-07-10T12:29:31+00:00,37.518694354221225,126.95933517068624,687.0,3.108,16.0,136,89,214,217.0,92.0,8.9,1040.0,47415,1,3.1080000400543213
2026-07-10T12:29:32+00:00,37.51864096149802,126.95930692367256,690.5,3.108,16.0,136,89,214,216.0,92.0,8.8,1040.0,47629,1,3.1080000400543213
2026-07-10T12:29:33+00:00,37.51862310804427,126.95929820649326,694.0,3.111,16.0,136,89,214,216.0,92.0,8.8,1040.0,47843,1,3.1110000610351562
2026-07-10T12:29:34+00:00,37.51860517077148,126.95928957313299,697.0,3.111,16.0,136,89,214,215.0,92.0,8.8,1040.0,48057,1,3.1110000610351562
2026-07-10T12:29:35+00:00,37.51858723349869,126.9592808559537,700.0,3.114,16.0,137,89,214,215.0,92.0,8.8,1040.0,48271,1,3.11299991607666
2026-07-10T12:29:36+00:00,37.51853384077549,126.9592547044158,703.0,3.114,16.0,137,89,214,215.0,91.0,8.8,1040.0,48485,1,3.11299991607666
2026-07-10T12:29:37+00:00,37.51851573586464,126.95924632251263,706.0,3.117,16.0,136,89,214,215.0,91.0,8.8,1040.0,48699,1,3.115999937057495
2026-07-10T12:29:38+00:00,37.51849779859185,126.95923794060946,709.5,3.119,16.0,136,89,214,214.0,91.0,8.8,1040.0,48913,1,3.11899995803833
2026-07-10T12:29:39+00:00,37.51847977750003,126.95922955870628,713.0,3.122,16.0,136,89,215,214.0,91.0,8.8,1050.0,49128,1,3.121999979019165
2026-07-10T12:29:40+00:00,37.51842680387199,126.95920382626355,716.0,3.122,16.0,136,88,215,213.0,91.0,8.8,1050.0,49343,1,3.121999979019165
2026-07-10T12:29:41+00:00,37.518409537151456,126.9591939356178,719.0,3.125,16.0,137,88,215,213.0,92.0,8.8,1060.0,49558,1,3.125
2026-07-10T12:29:42+00:00,37.518392354249954,126.95918404497206,722.0,3.125,16.0,137,88,215,213.0,92.0,8.8,1060.0,49773,1,3.125
2026-07-10T12:29:43+00:00,37.518375255167484,126.95917423814535,725.0,3.128,16.0,137,88,216,213.0,92.0,8.8,1060.0,49989,1,3.127000093460083
2026-07-10T12:29:44+00:00,37.51832370646298,126.95914062671363,728.5,3.131,16.0,137,89,216,213.0,92.0,8.8,1050.0,50205,1,3.130000114440918
2026-07-10T12:29:45+00:00,37.518306439742446,126.95912855677307,732.0,3.133,16.0,137,89,216,213.0,92.0,8.8,1050.0,50421,1,3.132999897003174
2026-07-10T12:29:46+00:00,37.518289256840944,126.95911657065153,735.5,3.133,16.0,137,89,216,212.0,92.0,8.8,1050.0,50637,1,3.132999897003174
2026-07-10T12:29:47+00:00,37.518272157758474,126.95910450071096,739.0,3.136,16.0,138,90,216,212.0,93.0,8.8,1050.0,50853,1,3.135999917984009
2026-07-10T12:29:48+00:00,37.518220860511065,126.95906896144152,742.0,3.139,16.0,138,89,216,212.0,93.0,8.8,1050.0,51069,1,3.138000011444092
2026-07-10T12:29:49+00:00,37.518203342333436,126.9590575620532,745.0,3.142,16.0,139,89,216,212.0,93.0,8.9,1050.0,51285,1,3.1410000324249268
2026-07-10T12:29:50+00:00,37.51818590797484,126.95904616266489,748.5,3.142,16.0,139,88,216,212.0,93.0,8.9,1060.0,51501,1,3.1410000324249268
2026-07-10T12:29:51+00:00,37.51816838979721,126.95903484709561,752.0,3.144,16.0,140,87,216,213.0,94.0,8.9,1070.0,51717,1,3.1440000534057617
2026-07-10T12:29:52+00:00,37.518117344006896,126.95899846963584,755.0,3.144,16.0,140,87,216,213.0,94.0,8.9,1070.0,51933,1,3.1440000534057617
2026-07-10T12:29:53+00:00,37.51810250803828,126.9589832983911,758.0,3.147,16.0,141,87,216,213.0,95.0,8.9,1080.0,52149,1,3.1470000743865967
2026-07-10T12:29:54+00:00,37.51808758825064,126.9589682109654,761.5,3.15,16.0,141,88,216,213.0,95.0,8.9,1080.0,52365,1,3.1500000953674316
2026-07-10T12:29:55+00:00,37.51807275228202,126.95895320735872,765.0,3.153,16.0,141,88,217,214.0,95.0,8.9,1080.0,52582,1,3.1519999504089355
2026-07-10T12:29:56+00:00,37.51803310588002,126.95890040136874,768.0,3.153,16.0,141,89,217,214.0,95.0,8.9,1060.0,52799,1,3.1519999504089355
2026-07-10T12:29:57+00:00,37.518019527196884,126.95888246409595,771.0,3.156,16.0,140,90,217,214.0,96.0,9.0,1050.0,53016,1,3.1549999713897705
2026-07-10T12:29:58+00:00,37.51800603233278,126.95886444300413,774.5,3.158,16.0,140,90,217,214.0,96.0,9.0,1050.0,53233,1,3.1579999923706055
2026-07-10T12:29:59+00:00,37.51799253746867,126.95884642191231,778.0,3.161,16.0,140,90,218,214.0,96.0,9.0,1050.0,53451,1,3.1610000133514404
2026-07-10T12:30:00+00:00,37.517948783934116,126.9587969686836,781.0,3.164,16.0,140,90,218,214.0,96.0,9.0,1050.0,53669,1,3.1630001068115234
2026-07-10T12:30:01+00:00,37.5179339479655,126.95878104306757,784.0,3.167,16.0,140,90,218,214.0,96.0,9.0,1060.0,53887,1,3.1659998893737793
2026-07-10T12:30:02+00:00,37.51791919581592,126.95876511745155,787.5,3.169,15.0,140,90,218,214.0,96.0,9.0,1060.0,54105,1,3.1689999103546143
2026-07-10T12:30:03+00:00,37.51790435984731,126.95874935947359,791.0,3.175,15.0,140,90,218,214.0,96.0,9.1,1060.0,54323,1,3.174999952316284
2026-07-10T12:30:04+00:00,37.5178615283221,126.95870191790164,794.0,3.175,15.0,140,89,218,213.0,96.0,9.1,1060.0,54541,1,3.174999952316284
2026-07-10T12:30:05+00:00,37.5178477820009,126.9586862437427,797.0,3.178,15.0,140,89,219,213.0,97.0,9.1,1070.0,54760,1,3.177000045776367
2026-07-10T12:30:06+00:00,37.517833951860666,126.95867056958377,800.0,3.178,15.0,141,89,219,213.0,97.0,9.1,1070.0,54979,1,3.177000045776367
2026-07-10T12:30:07+00:00,37.517820205539465,126.95865489542484,803.0,3.181,15.0,141,89,219,213.0,97.0,9.2,1070.0,55198,1,3.180000066757202
2026-07-10T12:30:08+00:00,37.517778128385544,126.95860795676708,806.0,3.183,15.0,141,89,219,213.0,97.0,9.2,1070.0,55417,1,3.183000087738037
2026-07-10T12:30:09+00:00,37.51776329241693,126.95859194733202,809.0,3.186,15.0,141,89,219,213.0,98.0,9.2,1070.0,55636,1,3.186000108718872
2026-07-10T12:30:10+00:00,37.517748372629285,126.95857593789697,812.5,3.186,15.0,141,88,219,213.0,98.0,9.1,1070.0,55855,1,3.186000108718872
2026-07-10T12:30:11+00:00,37.51773353666067,126.95856001228094,816.0,3.186,15.0,141,88,220,213.0,98.0,9.1,1080.0,56075,1,3.186000108718872
2026-07-10T12:30:12+00:00,37.51768592745066,126.95851307362318,819.5,3.186,15.0,142,88,220,212.0,98.0,9.1,1080.0,56295,1,3.186000108718872
2026-07-10T12:30:13+00:00,37.51766857691109,126.95849949494004,823.0,3.186,15.0,142,89,220,212.0,98.0,9.1,1080.0,56515,1,3.186000108718872
2026-07-10T12:30:14+00:00,37.517651142552495,126.958486167714,826.5,3.192,15.0,142,89,220,212.0,97.0,9.0,1070.0,56735,1,3.190999984741211
2026-07-10T12:30:15+00:00,37.51763379201293,126.95847275666893,830.0,3.2,15.0,142,90,220,212.0,97.0,9.0,1070.0,56955,1,3.200000047683716
2026-07-10T12:30:16+00:00,37.51757553778589,126.95844249799848,833.5,3.208,15.0,142,90,220,211.0,96.0,9.0,1070.0,57175,1,3.2079999446868896
2026-07-10T12:30:17+00:00,37.517555337399244,126.9584341160953,837.0,3.217,15.0,142,90,220,211.0,96.0,9.0,1070.0,57395,1,3.2160000801086426
2026-07-10T12:30:18+00:00,37.5175351370126,126.95842573419213,840.5,3.228,15.0,142,90,221,211.0,96.0,8.9,1070.0,57616,1,3.2269999980926514
2026-07-10T12:30:19+00:00,37.51751493662596,126.95841735228896,844.0,3.239,15.0,142,91,222,211.0,96.0,8.9,1070.0,57838,1,3.23799991607666
2026-07-10T12:30:20+00:00,37.5174558442086,126.95839354768395,847.5,3.247,15.0,142,90,222,211.0,96.0,8.9,1080.0,58060,1,3.246999979019165
2026-07-10T12:30:21+00:00,37.51743623055518,126.95838650688529,851.0,3.256,15.0,142,90,223,211.0,96.0,8.9,1090.0,58283,1,3.255000114440918
2026-07-10T12:30:22+00:00,37.51741670072079,126.95837954990566,854.0,3.261,15.0,142,89,224,211.0,96.0,8.9,1090.0,58507,1,3.260999917984009
2026-07-10T12:30:23+00:00,37.5173971708864,126.95837259292603,857.0,3.267,15.0,142,89,225,211.0,96.0,8.9,1090.0,58732,1,3.2660000324249268
2026-07-10T12:30:24+00:00,37.51733832992613,126.95835733786225,860.5,3.269,15.0,142,89,225,210.0,96.0,8.8,1090.0,58957,1,3.2690000534057617
2026-07-10T12:30:25+00:00,37.51731896772981,126.95835172198713,864.0,3.272,15.0,142,89,225,210.0,96.0,8.8,1100.0,59182,1,3.2720000743865967
2026-07-10T12:30:26+00:00,37.51729968935251,126.958346106112,867.5,3.272,15.0,142,89,225,210.0,96.0,8.8,1100.0,59407,1,3.2720000743865967
2026-07-10T12:30:27+00:00,37.517280327156186,126.95834057405591,871.0,3.275,15.0,142,89,225,210.0,96.0,8.8,1100.0,59632,1,3.2739999294281006
2026-07-10T12:30:28+00:00,37.51722710207105,126.95831475779414,874.0,3.275,15.0,142,88,225,210.0,96.0,8.7,1100.0,59857,1,3.2739999294281006
2026-07-10T12:30:29+00:00,37.51721159555018,126.95830252021551,877.0,3.278,15.0,142,88,226,210.0,96.0,8.7,1110.0,60083,1,3.2769999504089355
2026-07-10T12:30:30+00:00,37.51719608902931,126.95829036645591,880.0,3.278,15.0,142,88,226,209.0,95.0,8.7,1110.0,60309,1,3.2769999504089355
2026-07-10T12:30:31+00:00,37.51718066632748,126.95827821269631,883.0,3.278,15.0,142,89,226,209.0,95.0,8.7,1110.0,60535,1,3.2769999504089355
2026-07-10T12:30:32+00:00,37.51713548786938,126.95823990739882,886.0,3.272,15.0,143,89,226,208.0,95.0,8.7,1100.0,60761,1,3.2720000743865967
2026-07-10T12:30:33+00:00,37.51712023280561,126.9582269154489,889.0,3.269,15.0,143,89,226,208.0,95.0,8.7,1100.0,60987,1,3.2690000534057617
2026-07-10T12:30:34+00:00,37.51710506156087,126.95821400731802,892.0,3.264,15.0,143,89,225,208.0,95.0,8.7,1090.0,61212,1,3.263000011444092
2026-07-10T12:30:35+00:00,37.51708989031613,126.95820109918714,895.0,3.258,15.0,143,90,225,208.0,96.0,8.7,1090.0,61437,1,3.257999897003174
2026-07-10T12:30:36+00:00,37.51704504713416,126.95815986022353,898.0,3.253,15.0,143,90,225,208.0,96.0,8.7,1080.0,61662,1,3.252000093460083
2026-07-10T12:30:37+00:00,37.5170290376991,126.95814636535943,901.0,3.25,15.0,143,90,225,208.0,96.0,8.7,1080.0,61887,1,3.249000072479248
2026-07-10T12:30:38+00:00,37.517013028264046,126.95813287049532,904.5,3.244,15.0,143,90,224,207.0,96.0,8.7,1070.0,62111,1,3.24399995803833
2026-07-10T12:30:39+00:00,37.51699710264802,126.95811929181218,908.0,3.242,15.0,143,90,224,207.0,96.0,8.8,1070.0,62335,1,3.240999937057495
2026-07-10T12:30:40+00:00,37.51694639213383,126.9580802321434,911.5,3.239,15.0,143,90,223,207.0,96.0,8.8,1070.0,62558,1,3.23799991607666
2026-07-10T12:30:41+00:00,37.516929879784584,126.95806765928864,915.0,3.236,16.0,143,90,223,207.0,96.0,8.8,1070.0,62781,1,3.2360000610351562
2026-07-10T12:30:42+00:00,37.516913367435336,126.95805500261486,918.0,3.233,16.0,143,90,223,207.0,95.0,8.8,1070.0,63004,1,3.2330000400543213
2026-07-10T12:30:43+00:00,37.51689685508609,126.9580424297601,921.0,3.233,16.0,143,91,223,207.0,95.0,8.8,1070.0,63227,1,3.2330000400543213
2026-07-10T12:30:44+00:00,37.51684874296188,126.95800504647195,924.0,3.233,16.0,143,91,222,207.0,94.0,8.8,1070.0,63449,1,3.2330000400543213
2026-07-10T12:30:45+00:00,37.516833152621984,126.95799171924591,927.0,3.233,16.0,143,91,222,207.0,94.0,8.8,1070.0,63671,1,3.2330000400543213
2026-07-10T12:30:46+00:00,37.516817562282085,126.95797855965793,930.0,3.231,16.0,144,91,222,207.0,93.0,8.7,1060.0,63893,1,3.2300000190734863
2026-07-10T12:30:47+00:00,37.51680205576122,126.95796531625092,933.0,3.231,16.0,145,91,222,207.0,93.0,8.7,1060.0,64115,1,3.2300000190734863
2026-07-10T12:30:48+00:00,37.51675679348409,126.95792424492538,936.5,3.228,16.0,145,91,222,207.0,92.0,8.6,1060.0,64337,1,3.2909998893737793
2026-07-10T12:30:49+00:00,37.51674120314419,126.95791091769934,940.0,3.225,16.0,146,91,222,207.0,91.0,8.5,1060.0,64559,1,3.3519999980926514
2026-07-10T12:30:50+00:00,37.516725696623325,126.9578975904733,943.0,3.222,16.0,147,90,227,207.0,90.0,8.4,1060.0,64786,1,3.3469998836517334
2026-07-10T12:30:51+00:00,37.51671019010246,126.95788434706628,946.0,3.222,16.0,147,90,233,208.0,90.0,8.4,1070.0,65019,1,3.3410000801086426
2026-07-10T12:30:52+00:00,37.516660736873746,126.95784595794976,949.0,3.219,16.0,147,90,232,208.0,89.0,8.3,1070.0,65251,1,3.4049999713897705
2026-07-10T12:30:53+00:00,37.51664288341999,126.95783346891403,952.0,3.217,16.0,148,90,232,208.0,89.0,8.3,1070.0,65483,1,3.4719998836517334
2026-07-10T12:30:54+00:00,37.5166249461472,126.95782089605927,956.0,3.214,16.0,148,89,237,208.0,88.0,8.2,1070.0,65720,1,3.4660000801086426
2026-07-10T12:30:55+00:00,37.51660709269345,126.95780840702355,960.0,3.214,16.0,148,89,243,208.0,88.0,8.2,1080.0,65963,1,3.4630000591278076
2026-07-10T12:30:56+00:00,37.516551772132516,126.95777420885861,963.0,3.211,16.0,150,90,242,208.0,87.0,8.2,1070.0,66205,1,3.4630000591278076
2026-07-10T12:30:57+00:00,37.5165334995836,126.9577644020319,966.0,3.208,16.0,150,90,242,209.0,87.0,8.2,1060.0,66447,1,3.4630000591278076
2026-07-10T12:30:58+00:00,37.516515143215656,126.95775459520519,969.5,3.208,16.0,151,90,242,209.0,87.0,8.1,1060.0,66689,1,3.4630000591278076
2026-07-10T12:30:59+00:00,37.51649687066674,126.95774487219751,973.0,3.208,16.0,151,91,242,209.0,87.0,8.1,1060.0,66931,1,3.4630000591278076
2026-07-10T12:31:00+00:00,37.51644456759095,126.95771821774542,976.0,3.208,16.0,151,91,242,209.0,86.0,8.1,1060.0,67173,1,3.3970000743865967
2026-07-10T12:31:01+00:00,37.51642788760364,126.95770916529,979.0,3.208,16.0,151,91,242,210.0,86.0,8.1,1060.0,67415,1,3.3299999237060547
2026-07-10T12:31:02+00:00,37.51641120761633,126.95770002901554,982.0,3.208,16.0,151,91,236,210.0,86.0,8.1,1050.0,67651,1,3.3299999237060547
2026-07-10T12:31:03+00:00,37.516394443809986,126.95769106037915,985.0,3.208,16.0,151,91,231,210.0,86.0,8.1,1050.0,67882,1,3.3299999237060547
2026-07-10T12:31:04+00:00,37.5163437332958,126.95766222663224,988.0,3.206,16.0,151,91,231,210.0,86.0,8.1,1050.0,68113,1,3.3299999237060547
2026-07-10T12:31:05+00:00,37.51632638275623,126.95765166543424,991.0,3.206,16.0,151,91,231,210.0,86.0,8.1,1060.0,68344,1,3.3299999237060547
2026-07-10T12:31:06+00:00,37.516308948397636,126.95764102041721,994.5,3.206,16.0,151,91,231,210.0,86.0,8.1,1050.0,68575,1,3.2660000324249268
2026-07-10T12:31:07+00:00,37.5162916816771,126.95763054303825,998.0,3.206,16.0,152,91,231,210.0,87.0,8.2,1050.0,68806,1,3.2049999237060547
2026-07-10T12:31:08+00:00,37.51624030061066,126.9575968477875,1001.0,3.203,16.0,152,91,231,210.0,87.0,8.2,1050.0,69037,1,3.2019999027252197
2026-07-10T12:31:09+00:00,37.51622353680432,126.957584945485,1004.0,3.203,16.0,152,91,231,210.0,87.0,8.3,1050.0,69268,1,3.2019999027252197
2026-07-10T12:31:10+00:00,37.51620694063604,126.95757304318249,1007.0,3.2,16.0,152,91,225,209.0,87.0,8.3,1050.0,69493,1,3.200000047683716
2026-07-10T12:31:11+00:00,37.51619034446776,126.95756122469902,1010.0,3.2,16.0,152,91,220,209.0,88.0,8.3,1060.0,69713,1,3.200000047683716
2026-07-10T12:31:12+00:00,37.516139801591635,126.95752560161054,1013.5,3.2,16.0,152,91,220,209.0,88.0,8.3,1050.0,69933,1,3.200000047683716
2026-07-10T12:31:13+00:00,37.516122702509165,126.95751336403191,1017.0,3.2,17.0,152,91,220,209.0,88.0,8.3,1050.0,70153,1,3.200000047683716
2026-07-10T12:31:14+00:00,37.51610568724573,126.95750104263425,1020.5,3.2,16.0,152,90,220,209.0,88.0,8.3,1050.0,70373,1,3.200000047683716
2026-07-10T12:31:15+00:00,37.51608867198229,126.95748880505562,1024.0,3.2,16.0,152,90,220,209.0,88.0,8.3,1060.0,70593,1,3.200000047683716
2026-07-10T12:31:16+00:00,37.516036285087466,126.95745142176747,1027.0,3.2,16.0,152,90,220,209.0,87.0,8.3,1060.0,70813,1,3.200000047683716
2026-07-10T12:31:17+00:00,37.51601826399565,126.95743993856013,1030.0,3.2,16.0,152,91,220,209.0,87.0,8.3,1060.0,71033,1,3.200000047683716
2026-07-10T12:31:18+00:00,37.51600024290383,126.95742853917181,1033.5,3.2,16.0,152,91,220,209.0,87.0,8.2,1060.0,71253,1,3.200000047683716
2026-07-10T12:31:19+00:00,37.51598230563104,126.9574171397835,1037.0,3.203,16.0,152,91,220,209.0,87.0,8.2,1060.0,71473,1,3.2019999027252197
2026-07-10T12:31:20+00:00,37.51593050546944,126.95738579146564,1040.0,3.206,16.0,153,91,220,209.0,87.0,8.2,1050.0,71693,1,3.2049999237060547
2026-07-10T12:31:21+00:00,37.51591424457729,126.95737489499152,1043.0,3.211,16.0,153,91,220,209.0,87.0,8.2,1050.0,71913,1,3.2109999656677246
2026-07-10T12:31:22+00:00,37.51589806750417,126.9573639985174,1046.0,3.214,16.0,153,91,220,209.0,86.0,8.2,1050.0,72133,1,3.2130000591278076
2026-07-10T12:31:23+00:00,37.51588189043105,126.95735326968133,1049.0,3.219,16.0,153,92,221,209.0,86.0,8.2,1050.0,72354,1,3.2190001010894775
2026-07-10T12:31:24+00:00,37.51583654433489,126.95731982588768,1052.0,3.219,16.0,154,92,221,209.0,85.0,8.1,1040.0,72575,1,3.2190001010894775
2026-07-10T12:31:25+00:00,37.51582179218531,126.9573085103184,1055.0,3.219,16.0,155,92,222,209.0,85.0,8.1,1040.0,72797,1,3.2190001010894775
2026-07-10T12:31:26+00:00,37.515807040035725,126.95729736238718,1058.0,3.217,16.0,155,92,222,208.0,85.0,8.1,1040.0,73019,1,3.2160000801086426
2026-07-10T12:31:27+00:00,37.515792371705174,126.95728613063693,1061.0,3.217,16.0,155,92,222,208.0,85.0,8.1,1040.0,73241,1,3.2160000801086426
2026-07-10T12:31:28+00:00,37.515747863799334,126.9572477415204,1064.0,3.214,16.0,156,92,222,208.0,84.0,8.0,1040.0,73463,1,3.2130000591278076
2026-07-10T12:31:29+00:00,37.515732357278466,126.95723391138017,1067.0,3.214,17.0,156,92,222,208.0,84.0,8.0,1040.0,73685,1,3.2130000591278076
2026-07-10T12:31:30+00:00,37.5157168507576,126.957220248878,1070.5,3.208,17.0,156,92,221,208.0,83.0,8.0,1040.0,73906,1,3.2079999446868896
2026-07-10T12:31:31+00:00,37.51570142805576,126.9572065025568,1074.0,3.206,17.0,156,91,221,208.0,83.0,8.0,1050.0,74127,1,3.2049999237060547
2026-07-10T12:31:32+00:00,37.51565306447446,126.9571668561548,1077.0,3.203,17.0,156,91,221,207.0,83.0,7.9,1050.0,74348,1,3.260999917984009
2026-07-10T12:31:33+00:00,37.51563630066812,126.95715403184295,1080.0,3.2,17.0,155,91,221,207.0,83.0,7.9,1060.0,74569,1,3.319000005722046
2026-07-10T12:31:34+00:00,37.51561953686178,126.9571412075311,1083.0,3.197,17.0,155,90,226,207.0,83.0,7.9,1060.0,74795,1,3.319000005722046
2026-07-10T12:31:35+00:00,37.515602856874466,126.9571285508573,1086.0,3.197,17.0,155,90,231,207.0,83.0,7.9,1060.0,75026,1,3.319000005722046
2026-07-10T12:31:36+00:00,37.5155511405319,126.95709175430238,1089.5,3.197,17.0,155,90,231,207.0,83.0,7.9,1060.0,75257,1,3.319000005722046
2026-07-10T12:31:37+00:00,37.515533873811364,126.95707976818085,1093.0,3.197,17.0,155,90,231,207.0,84.0,8.0,1070.0,75488,1,3.319000005722046
2026-07-10T12:31:38+00:00,37.51551660709083,126.95706769824028,1096.5,3.197,17.0,155,90,231,206.0,84.0,8.0,1060.0,75719,1,3.319000005722046
2026-07-10T12:31:39+00:00,37.5154993403703,126.95705571211874,1100.0,3.2,17.0,155,90,231,206.0,85.0,8.0,1060.0,75950,1,3.319000005722046
2026-07-10T12:31:40+00:00,37.515448378399014,126.95702134631574,1103.0,3.203,17.0,155,90,231,206.0,85.0,8.0,1060.0,76181,1,3.325000047683716
2026-07-10T12:31:41+00:00,37.51543220132589,126.95701044984162,1106.0,3.206,17.0,155,90,231,206.0,86.0,8.1,1060.0,76412,1,3.3299999237060547
2026-07-10T12:31:42+00:00,37.515416108071804,126.9569995533675,1109.0,3.206,17.0,155,90,231,206.0,86.0,8.1,1060.0,76643,1,3.2690000534057617
2026-07-10T12:31:43+00:00,37.51539993099868,126.9569887407124,1112.0,3.208,17.0,155,91,231,206.0,87.0,8.2,1060.0,76874,1,3.2079999446868896
2026-07-10T12:31:44+00:00,37.515355842188,126.95695630274713,1114.5,3.206,17.0,155,91,231,206.0,87.0,8.2,1060.0,77105,1,3.2049999237060547
2026-07-10T12:31:45+00:00,37.51534226350486,126.95694490335882,1117.0,3.206,17.0,155,91,231,206.0,87.0,8.2,1060.0,77336,1,3.2049999237060547
2026-07-10T12:31:46+00:00,37.515328684821725,126.95693367160857,1120.0,3.203,17.0,155,91,226,206.0,87.0,8.2,1050.0,77562,1,3.2019999027252197
2026-07-10T12:31:47+00:00,37.51531510613859,126.95692235603929,1123.0,3.2,17.0,155,91,221,207.0,88.0,8.3,1050.0,77783,1,3.200000047683716
2026-07-10T12:31:48+00:00,37.515275878831744,126.95688656531274,1125.5,3.194,17.0,155,91,220,207.0,88.0,8.3,1050.0,78003,1,3.194000005722046
2026-07-10T12:31:49+00:00,37.51526204869151,126.95687399245799,1128.0,3.189,17.0,155,91,220,207.0,88.0,8.4,1050.0,78223,1,3.187999963760376
2026-07-10T12:31:50+00:00,37.51524830237031,126.95686150342226,1131.0,3.175,17.0,155,90,220,207.0,88.0,8.4,1050.0,78443,1,3.174999952316284
2026-07-10T12:31:51+00:00,37.51523455604911,126.95684909820557,1134.0,3.164,17.0,155,90,220,208.0,89.0,8.4,1050.0,78663,1,3.1630001068115234
2026-07-10T12:31:52+00:00,37.51518929377198,126.95681305602193,1137.0,3.15,17.0,155,90,219,208.0,89.0,8.4,1050.0,78882,1,3.1500000953674316
2026-07-10T12:31:53+00:00,37.51517320051789,126.9568008184433,1140.0,3.139,17.0,155,90,218,208.0,89.0,8.5,1050.0,79100,1,3.138000011444092
2026-07-10T12:31:54+00:00,37.5151571072638,126.95678874850273,1143.5,3.136,17.0,155,90,217,208.0,89.0,8.5,1040.0,79317,1,3.135999917984009
2026-07-10T12:31:55+00:00,37.51514093019068,126.95677659474313,1147.0,3.133,17.0,155,90,216,209.0,89.0,8.5,1040.0,79533,1,3.132999897003174
2026-07-10T12:31:56+00:00,37.515090303495526,126.95673996582627,1150.0,3.133,17.0,155,90,216,209.0,88.0,8.4,1040.0,79749,1,3.132999897003174
2026-07-10T12:31:57+00:00,37.51507286913693,126.95672806352377,1153.0,3.133,17.0,155,90,216,210.0,88.0,8.4,1040.0,79965,1,3.132999897003174
2026-07-10T12:31:58+00:00,37.51505543477833,126.9567162450403,1156.5,3.136,17.0,155,90,216,210.0,87.0,8.4,1040.0,80181,1,3.135999917984009
2026-07-10T12:31:59+00:00,37.5150381680578,126.95670442655683,1160.0,3.139,17.0,155,90,216,210.0,87.0,8.4,1050.0,80397,1,3.138000011444092
2026-07-10T12:32:00+00:00,37.51498578116298,126.95667006075382,1163.0,3.142,17.0,156,90,216,210.0,87.0,8.3,1050.0,80613,1,3.1410000324249268
2026-07-10T12:32:01+00:00,37.51496843062341,126.95665849372745,1166.0,3.144,17.0,156,90,216,210.0,87.0,8.3,1050.0,80829,1,3.1440000534057617
2026-07-10T12:32:02+00:00,37.51495116390288,126.9566470105201,1169.5,3.147,17.0,156,90,216,210.0,87.0,8.3,1050.0,81045,1,3.1470000743865967
2026-07-10T12:32:03+00:00,37.514933897182345,126.95663552731276,1173.0,3.153,17.0,156,90,216,211.0,87.0,8.3,1050.0,81261,1,3.1519999504089355
2026-07-10T12:32:04+00:00,37.51488142646849,126.95659956894815,1176.5,3.156,17.0,156,90,216,211.0,87.0,8.3,1050.0,81477,1,3.1549999713897705
2026-07-10T12:32:05+00:00,37.51486424356699,126.95658682845533,1180.0,3.158,17.0,157,90,217,211.0,87.0,8.3,1050.0,81694,1,3.1579999923706055
2026-07-10T12:32:06+00:00,37.51484706066549,126.95657417178154,1183.0,3.161,17.0,157,89,217,211.0,87.0,8.3,1050.0,81911,1,3.1610000133514404
2026-07-10T12:32:07+00:00,37.51482987776399,126.95656151510775,1186.0,3.167,17.0,156,89,218,211.0,87.0,8.3,1060.0,82129,1,3.1659998893737793
2026-07-10T12:32:08+00:00,37.51478059217334,126.95652136579156,1189.5,3.169,17.0,156,89,218,211.0,87.0,8.3,1060.0,82347,1,3.1689999103546143
2026-07-10T12:32:09+00:00,37.51476407982409,126.95650803856552,1193.0,3.172,17.0,156,90,218,212.0,88.0,8.3,1060.0,82565,1,3.171999931335449
2026-07-10T12:32:10+00:00,37.51474756747484,126.9564947951585,1196.0,3.175,17.0,156,90,218,212.0,88.0,8.3,1060.0,82783,1,3.174999952316284
2026-07-10T12:32:11+00:00,37.514731055125594,126.95648163557053,1199.0,3.178,17.0,156,90,218,212.0,88.0,8.4,1060.0,83001,1,3.177000045776367
2026-07-10T12:32:12+00:00,37.51468017697334,126.956443246454,1202.5,3.181,17.0,156,90,218,212.0,88.0,8.4,1060.0,83219,1,3.180000066757202
2026-07-10T12:32:13+00:00,37.51466249115765,126.95643075741827,1206.0,3.183,17.0,156,90,219,212.0,89.0,8.4,1060.0,83438,1,3.183000087738037
2026-07-10T12:32:14+00:00,37.51464480534196,126.95641826838255,1209.5,3.192,17.0,156,90,219,211.0,89.0,8.4,1060.0,83657,1,3.190999984741211
2026-07-10T12:32:15+00:00,37.5146272033453,126.95640569552779,1213.0,3.203,17.0,156,90,219,211.0,89.0,8.4,1060.0,83876,1,3.2019999027252197
2026-07-10T12:32:16+00:00,37.514572301879525,126.95636906661093,1216.5,3.206,17.0,156,90,219,211.0,89.0,8.4,1060.0,84095,1,3.2049999237060547
2026-07-10T12:32:17+00:00,37.51455394551158,126.95635733194649,1220.0,3.208,17.0,156,90,220,211.0,90.0,8.5,1060.0,84315,1,3.2079999446868896
2026-07-10T12:32:18+00:00,37.514535672962666,126.95634559728205,1223.0,3.211,17.0,156,90,220,211.0,90.0,8.5,1060.0,84535,1,3.2109999656677246
2026-07-10T12:32:19+00:00,37.51451740041375,126.95633403025568,1226.0,3.214,17.0,156,90,221,211.0,91.0,8.5,1070.0,84756,1,3.2130000591278076
2026-07-10T12:32:20+00:00,37.514464342966676,126.95629723370075,1229.5,3.222,17.0,157,90,221,210.0,91.0,8.5,1070.0,84977,1,3.2219998836517334
2026-07-10T12:32:21+00:00,37.514447243884206,126.956284660846,1233.0,3.233,17.0,157,91,221,210.0,91.0,8.6,1070.0,85198,1,3.2330000400543213
2026-07-10T12:32:22+00:00,37.514430144801736,126.9562720041722,1236.5,3.239,17.0,157,91,221,210.0,91.0,8.6,1070.0,85419,1,3.23799991607666
2026-07-10T12:32:23+00:00,37.514413045719266,126.95625951513648,1240.0,3.244,17.0,158,91,222,210.0,92.0,8.6,1070.0,85641,1,3.24399995803833
2026-07-10T12:32:24+00:00,37.51436325721443,126.95622355677187,1243.0,3.244,17.0,158,91,222,209.0,92.0,8.6,1070.0,85863,1,3.24399995803833
2026-07-10T12:32:25+00:00,37.514347499236465,126.95621190592647,1246.0,3.247,17.0,158,91,223,209.0,92.0,8.6,1070.0,86086,1,3.246999979019165
2026-07-10T12:32:26+00:00,37.51433165743947,126.95620033890009,1249.0,3.247,17.0,158,91,223,208.0,91.0,8.6,1070.0,86309,1,3.246999979019165
2026-07-10T12:32:27+00:00,37.51431589946151,126.95618885569274,1252.0,3.25,17.0,158,91,224,208.0,91.0,8.6,1070.0,86533,1,3.249000072479248
2026-07-10T12:32:28+00:00,37.514268374070525,126.956155160442,1255.0,3.25,17.0,158,91,224,208.0,91.0,8.5,1070.0,86757,1,3.249000072479248
2026-07-10T12:32:29+00:00,37.514251274988055,126.95614493452013,1258.0,3.25,17.0,158,91,224,208.0,91.0,8.5,1070.0,86981,1,3.249000072479248
2026-07-10T12:32:30+00:00,37.514234175905585,126.95613479241729,1261.0,3.25,17.0,158,91,224,207.0,91.0,8.5,1070.0,87205,1,3.249000072479248
2026-07-10T12:32:31+00:00,37.514217076823115,126.95612473413348,1264.0,3.25,17.0,159,91,224,207.0,91.0,8.5,1070.0,87429,1,3.249000072479248
2026-07-10T12:32:32+00:00,37.514162845909595,126.956094391644,1267.5,3.247,17.0,159,91,224,207.0,90.0,8.4,1060.0,87653,1,3.246999979019165
2026-07-10T12:32:33+00:00,37.51414465717971,126.95608299225569,1271.0,3.247,17.0,158,91,224,207.0,90.0,8.4,1060.0,87877,1,3.246999979019165
2026-07-10T12:32:34+00:00,37.51412646844983,126.95607176050544,1274.5,3.244,17.0,158,91,224,206.0,89.0,8.4,1060.0,88101,1,3.24399995803833
2026-07-10T12:32:35+00:00,37.51410827971995,126.95606044493616,1278.0,3.242,17.0,158,91,224,206.0,89.0,8.4,1070.0,88325,1,3.240999937057495
2026-07-10T12:32:36+00:00,37.51405463553965,126.95602482184768,1281.5,3.233,17.0,158,90,223,206.0,89.0,8.3,1070.0,88548,1,3.2330000400543213
2026-07-10T12:32:37+00:00,37.51403988339007,126.95601224899292,1285.0,3.228,17.0,158,90,223,206.0,89.0,8.3,1070.0,88771,1,3.2269999980926514
2026-07-10T12:32:38+00:00,37.514025047421455,126.95599959231913,1287.5,3.225,17.0,158,90,222,206.0,89.0,8.3,1070.0,88993,1,3.2239999771118164
2026-07-10T12:32:39+00:00,37.51401029527187,126.9559871032834,1290.0,3.222,17.0,158,90,222,207.0,89.0,8.3,1070.0,89215,1,3.2219998836517334
2026-07-10T12:32:40+00:00,37.51398338936269,126.95594670251012,1292.0,3.206,17.0,157,89,222,207.0,89.0,8.3,1080.0,89437,1,3.2049999237060547
2026-07-10T12:32:41+00:00,37.51398028805852,126.95593119598925,1294.0,3.189,17.0,157,88,222,208.0,90.0,8.4,1090.0,89659,1,3.187999963760376
2026-07-10T12:32:42+00:00,37.513977186754346,126.95591585710645,1296.5,3.156,16.0,157,88,221,208.0,90.0,8.4,1070.0,89880,1,3.1549999713897705
2026-07-10T12:32:43+00:00,37.513974169269204,126.95590043440461,1299.0,3.122,16.0,158,88,220,209.0,91.0,8.4,1060.0,90100,1,3.121999979019165
2026-07-10T12:32:44+00:00,37.51397936604917,126.95584276691079,1302.0,3.067,16.0,158,88,217,210.0,91.0,8.5,1040.0,90317,1,3.065999984741211
2026-07-10T12:32:45+00:00,37.513984981924295,126.95582097396255,1305.0,3.014,16.0,158,88,215,211.0,92.0,8.6,1030.0,90532,1,3.013000011444092
2026-07-10T12:32:46+00:00,37.51399059779942,126.95579926483333,1308.0,2.983,16.0,158,89,211,211.0,92.0,8.7,1000.0,90743,1,2.9830000400543213
2026-07-10T12:32:47+00:00,37.51399629749358,126.95577755570412,1311.0,2.953,16.0,158,90,207,212.0,93.0,8.8,980.0,90950,1,2.9519999027252197
2026-07-10T12:32:48+00:00,37.51402479596436,126.95571569725871,1314.0,2.928,16.0,158,91,205,212.0,93.0,8.9,960.0,91155,1,2.927000045776367
2026-07-10T12:32:49+00:00,37.51403644680977,126.95569675415754,1317.0,2.906,16.0,158,91,203,212.0,93.0,9.0,950.0,91358,1,2.9049999713897705
2026-07-10T12:32:50+00:00,37.51404818147421,126.95567772723734,1320.0,2.906,16.0,158,92,201,212.0,92.0,9.1,940.0,91559,1,2.9079999923706055
2026-07-10T12:32:51+00:00,37.51405983231962,126.95565870031714,1323.0,2.906,16.0,158,93,200,212.0,92.0,9.2,940.0,91759,1,2.9110000133514404
2026-07-10T12:32:52+00:00,37.51409654505551,126.95560363121331,1326.5,2.931,16.0,158,93,200,212.0,92.0,9.3,940.0,91959,1,2.882999897003174
2026-07-10T12:32:53+00:00,37.51410878263414,126.95558552630246,1330.0,2.956,16.0,158,93,200,213.0,92.0,9.4,950.0,92159,1,2.8580000400543213
2026-07-10T12:32:54+00:00,37.51412093639374,126.9555674213916,1333.0,2.975,15.0,159,93,197,213.0,91.0,9.4,950.0,92356,1,2.877000093460083
2026-07-10T12:32:55+00:00,37.5141332577914,126.95554931648076,1336.0,2.997,15.0,159,93,195,213.0,91.0,9.5,960.0,92551,1,2.8970000743865967
2026-07-10T12:32:56+00:00,37.51416904851794,126.95549449883401,1339.0,3.008,15.0,159,93,196,213.0,90.0,9.4,960.0,92747,1,2.8580000400543213
2026-07-10T12:32:57+00:00,37.51418120227754,126.95547580718994,1342.0,3.022,15.0,159,93,197,213.0,90.0,9.4,970.0,92944,1,2.822000026702881
2026-07-10T12:32:58+00:00,37.51419335603714,126.9554571993649,1345.5,3.028,14.0,159,92,193,213.0,89.0,9.3,970.0,93137,1,2.8299999237060547
2026-07-10T12:32:59+00:00,37.51420559361577,126.95543859153986,1349.0,3.036,14.0,159,92,190,213.0,89.0,9.3,980.0,93327,1,2.8380000591278076
2026-07-10T12:33:00+00:00,37.51424255780876,126.95538100786507,1352.0,3.044,14.0,159,92,190,212.0,88.0,9.1,980.0,93517,1,2.7990000247955322
2026-07-10T12:33:01+00:00,37.51425487920642,126.95536164566875,1355.0,3.053,14.0,159,92,191,212.0,87.0,9.0,990.0,93708,1,2.763000011444092
2026-07-10T12:33:02+00:00,37.51426720060408,126.95534219965339,1358.5,3.061,13.0,159,92,187,211.0,86.0,8.8,990.0,93895,1,2.7720000743865967
2026-07-10T12:33:03+00:00,37.51427943818271,126.95532292127609,1362.0,3.072,13.0,160,93,184,211.0,85.0,8.7,990.0,94079,1,2.7799999713897705
2026-07-10T12:33:04+00:00,37.514315228909254,126.95526106283069,1365.5,3.086,13.0,160,93,184,210.0,84.0,8.5,990.0,94263,1,2.755000114440918
2026-07-10T12:33:05+00:00,37.51432662829757,126.95523876696825,1369.0,3.103,13.0,160,94,185,209.0,83.0,8.4,990.0,94448,1,2.7330000400543213
2026-07-10T12:33:06+00:00,37.51433802768588,126.95521647110581,1372.5,3.131,12.0,160,94,182,208.0,82.0,8.3,990.0,94630,1,2.757999897003174
2026-07-10T12:33:07+00:00,37.514349427074194,126.95519409142435,1376.0,3.161,12.0,160,95,179,208.0,81.0,8.2,1000.0,94809,1,2.7860000133514404
2026-07-10T12:33:08+00:00,37.51438328996301,126.95512561127543,1379.5,3.178,12.0,160,94,180,207.0,80.0,8.0,1010.0,94989,1,2.73799991607666
2026-07-10T12:33:09+00:00,37.514393851161,126.95510289631784,1383.0,3.197,12.0,160,94,182,207.0,79.0,7.9,1020.0,95171,1,2.690999984741211
2026-07-10T12:33:10+00:00,37.51440449617803,126.95508026517928,1386.5,3.211,11.0,159,93,176,206.0,79.0,7.8,1030.0,95347,1,2.7019999027252197
2026-07-10T12:33:11+00:00,37.51441514119506,126.95505755022168,1390.0,3.225,11.0,159,92,170,206.0,79.0,7.8,1050.0,95517,1,2.7160000801086426
2026-07-10T12:33:12+00:00,37.51444439403713,126.95499150082469,1393.0,3.233,10.0,158,91,170,206.0,79.0,7.8,1060.0,95687,1,2.694000005722046
2026-07-10T12:33:13+00:00,37.51445327885449,126.95496979169548,1396.0,3.244,10.0,158,91,171,206.0,79.0,7.8,1070.0,95858,1,2.674999952316284
2026-07-10T12:33:14+00:00,37.51446224749088,126.95494825020432,1399.5,3.25,9.0,158,90,168,206.0,79.0,7.7,1070.0,96026,1,2.683000087738037
2026-07-10T12:33:15+00:00,37.51447129994631,126.95492662489414,1403.0,3.256,9.0,158,90,165,207.0,80.0,7.7,1080.0,96191,1,2.690999984741211
2026-07-10T12:33:16+00:00,37.51449569128454,126.95485906675458,1406.0,3.256,9.0,158,90,165,207.0,80.0,7.6,1080.0,96356,1,2.671999931335449
2026-07-10T12:33:17+00:00,37.51450315117836,126.95483601652086,1409.0,3.258,9.0,158,90,166,207.0,80.0,7.6,1080.0,96522,1,2.6519999504089355
2026-07-10T12:33:18+00:00,37.514510694891214,126.95481305010617,1412.5,3.269,8.0,158,90,163,207.0,80.0,7.5,1080.0,96685,1,2.6610000133514404
2026-07-10T12:33:19+00:00,37.51451823860407,126.95478999987245,1416.0,3.283,8.0,158,91,160,207.0,80.0,7.5,1080.0,96845,1,2.6689999103546143
2026-07-10T12:33:20+00:00,37.51453927718103,126.95472135208547,1419.5,3.289,8.0,158,91,160,206.0,80.0,7.5,1080.0,97005,1,2.671999931335449
2026-07-10T12:33:21+00:00,37.51454598270357,126.95469880476594,1423.0,3.294,8.0,158,91,161,206.0,81.0,7.5,1090.0,97166,1,2.677000045776367
2026-07-10T12:33:22+00:00,37.514552688226104,126.95467634126544,1426.0,3.289,7.0,158,91,161,206.0,81.0,7.5,1080.0,97327,1,2.671999931335449
2026-07-10T12:33:23+00:00,37.51455939374864,126.95465396158397,1429.0,3.283,7.0,158,91,161,206.0,81.0,7.5,1080.0,97488,1,2.6689999103546143
2026-07-10T12:33:24+00:00,37.514578672125936,126.95458514615893,1432.0,3.278,7.0,158,91,161,206.0,81.0,7.5,1070.0,97649,1,2.687999963760376
2026-07-10T12:33:25+00:00,37.514585042372346,126.9545623473823,1435.0,3.275,7.0,158,91,161,206.0,82.0,7.6,1070.0,97810,1,2.7079999446868896
2026-07-10T12:33:26+00:00,37.51459149643779,126.95453954860568,1438.5,3.272,7.0,158,91,164,206.0,82.0,7.6,1070.0,97974,1,2.7019999027252197
2026-07-10T12:33:27+00:00,37.5145978666842,126.95451683364809,1442.0,3.272,7.0,158,91,167,207.0,83.0,7.7,1070.0,98141,1,2.700000047683716
2026-07-10T12:33:28+00:00,37.514618653804064,126.95444944314659,1445.0,3.272,7.0,158,91,167,207.0,84.0,7.8,1070.0,98308,1,2.755000114440918
2026-07-10T12:33:29+00:00,37.51462594605982,126.95442639291286,1448.0,3.272,7.0,158,92,167,207.0,85.0,7.9,1070.0,98475,1,2.811000108718872
2026-07-10T12:33:30+00:00,37.51463323831558,126.95440342649817,1451.5,3.269,7.0,158,91,174,207.0,85.0,7.9,1070.0,98649,1,2.811000108718872
2026-07-10T12:33:31+00:00,37.51464053057134,126.95438054390252,1455.0,3.269,7.0,158,91,181,207.0,86.0,8.0,1070.0,98830,1,2.811000108718872
2026-07-10T12:33:32+00:00,37.514662239700556,126.95431021973491,1458.0,3.267,7.0,158,91,181,207.0,86.0,8.0,1070.0,99011,1,2.885999917984009
2026-07-10T12:33:33+00:00,37.51466936431825,126.95428633131087,1461.0,3.267,7.0,159,91,181,207.0,86.0,8.0,1080.0,99192,1,2.9630000591278076
2026-07-10T12:33:34+00:00,37.51467648893595,126.95426252670586,1464.5,3.267,7.0,159,91,189,207.0,86.0,8.0,1080.0,99381,1,2.9630000591278076
2026-07-10T12:33:35+00:00,37.51468352973461,126.95423872210085,1468.0,3.267,7.0,158,91,197,207.0,86.0,8.0,1080.0,99578,1,2.9630000591278076
2026-07-10T12:33:36+00:00,37.51470456831157,126.95416613481939,1471.5,3.269,7.0,159,91,197,207.0,86.0,8.0,1070.0,99775,1,3.062999963760376
2026-07-10T12:33:37+00:00,37.51471127383411,126.9541410729289,1475.0,3.275,7.0,159,91,197,207.0,86.0,8.0,1070.0,99972,1,3.1659998893737793
2026-07-10T12:33:38+00:00,37.51471797935665,126.95411601103842,1478.5,3.278,7.0,159,91,206,206.0,85.0,7.9,1070.0,100178,1,3.1659998893737793
2026-07-10T12:33:39+00:00,37.514724684879184,126.95409103296697,1482.0,3.283,7.0,159,91,216,206.0,85.0,7.9,1080.0,100394,1,3.1659998893737793
2026-07-10T12:33:40+00:00,37.51474362798035,126.95401584729552,1485.5,3.286,7.0,159,91,216,206.0,85.0,7.9,1080.0,100610,1,3.2269999980926514
2026-07-10T12:33:41+00:00,37.51474974676967,126.95399061776698,1489.0,3.292,7.0,159,91,216,206.0,86.0,8.0,1080.0,100826,1,3.2909998893737793
2026-07-10T12:33:42+00:00,37.51475586555898,126.95396547205746,1492.5,3.294,7.0,159,91,221,206.0,86.0,8.0,1080.0,101047,1,3.2939999103546143
2026-07-10T12:33:43+00:00,37.5147619843483,126.95394024252892,1496.0,3.3,7.0,159,91,227,206.0,87.0,8.0,1080.0,101274,1,3.299999952316284
2026-07-10T12:33:44+00:00,37.51478017307818,126.95386447012424,1499.5,3.303,7.0,159,91,227,205.0,87.0,8.0,1080.0,101501,1,3.302000045776367
2026-07-10T12:33:45+00:00,37.51478662714362,126.95384024642408,1503.0,3.306,7.0,160,91,227,205.0,87.0,8.0,1080.0,101728,1,3.305000066757202
2026-07-10T12:33:46+00:00,37.51479324884713,126.95381602272391,1506.5,3.314,7.0,160,91,227,205.0,87.0,8.0,1080.0,101955,1,3.312999963760376
2026-07-10T12:33:47+00:00,37.51479987055063,126.95379179902375,1510.0,3.325,7.0,161,92,228,205.0,87.0,8.0,1080.0,102183,1,3.325000047683716
2026-07-10T12:33:48+00:00,37.514821495860815,126.95372231304646,1513.0,3.328,7.0,161,92,228,205.0,86.0,7.9,1080.0,102411,1,3.3269999027252197
2026-07-10T12:33:49+00:00,37.51482803374529,126.95369926281273,1516.0,3.333,7.0,161,92,229,205.0,86.0,7.9,1090.0,102640,1,3.3329999446868896
2026-07-10T12:33:50+00:00,37.514834739267826,126.95367612875998,1519.5,3.333,7.0,161,91,229,205.0,85.0,7.9,1090.0,102869,1,3.3329999446868896
2026-07-10T12:33:51+00:00,37.51484144479036,126.95365316234529,1523.0,3.333,7.0,161,91,229,205.0,85.0,7.9,1090.0,103098,1,3.3329999446868896
2026-07-10T12:33:52+00:00,37.51486038789153,126.95358124561608,1526.0,3.333,7.0,161,91,229,204.0,85.0,7.8,1090.0,103327,1,3.3329999446868896
2026-07-10T12:33:53+00:00,37.51486667431891,126.95355534553528,1529.0,3.333,7.0,161,91,229,204.0,85.0,7.8,1090.0,103556,1,3.3329999446868896
2026-07-10T12:33:54+00:00,37.51487296074629,126.95352952927351,1533.0,3.333,6.0,162,91,229,204.0,85.0,7.8,1090.0,103785,1,3.3329999446868896
2026-07-10T12:33:55+00:00,37.51487924717367,126.95350371301174,1537.0,3.336,6.0,162,92,229,204.0,85.0,7.8,1090.0,104014,1,3.3359999656677246
2026-07-10T12:33:56+00:00,37.51489927992225,126.95342467166483,1540.5,3.339,6.0,162,92,229,203.0,85.0,7.8,1090.0,104243,1,3.2799999713897705
2026-07-10T12:33:57+00:00,37.51490757800639,126.95340136997402,1544.0,3.342,6.0,162,92,230,203.0,86.0,7.8,1090.0,104473,1,3.2239999771118164
2026-07-10T12:33:58+00:00,37.51491587609053,126.95337815210223,1547.5,3.35,6.0,162,92,225,203.0,86.0,7.8,1090.0,104698,1,3.2330000400543213
2026-07-10T12:33:59+00:00,37.5149242579937,126.95335493423045,1551.0,3.361,6.0,162,92,220,203.0,86.0,7.9,1090.0,104918,1,3.24399995803833
2026-07-10T12:34:00+00:00,37.51495476812124,126.95329969748855,1553.5,3.364,6.0,162,92,220,203.0,86.0,7.8,1090.0,105138,1,3.246999979019165
2026-07-10T12:34:01+00:00,37.51496440730989,126.95328720845282,1556.0,3.369,6.0,162,92,221,203.0,86.0,7.8,1100.0,105359,1,3.252000093460083
2026-07-10T12:34:02+00:00,37.51497404649854,126.9532747194171,1558.0,3.367,6.0,162,91,221,203.0,85.0,7.8,1100.0,105580,1,3.252000093460083
2026-07-10T12:34:03+00:00,37.514983769506216,126.95326223038137,1560.0,3.367,6.0,162,91,222,203.0,85.0,7.8,1100.0,105802,1,3.252000093460083
2026-07-10T12:34:04+00:00,37.514989133924246,126.95325552485883,1561.0,3.358,6.0,162,91,222,203.0,85.0,7.8,1100.0,106024,1,3.240999937057495
2026-07-10T12:34:05+00:00,37.51499458216131,126.95324890315533,1562.0,3.35,6.0,162,91,222,203.0,85.0,7.8,1100.0,106246,1,3.2330000400543213
2026-07-10T12:34:06+00:00,37.51499994657934,126.95324219763279,1562.0,3.336,5.0,162,90,221,203.0,85.0,7.8,1100.0,106467,1,3.2219998836517334
2026-07-10T12:34:07+00:00,37.5150053948164,126.95323565974832,1562.0,3.325,5.0,162,90,221,204.0,85.0,7.8,1110.0,106688,1,3.2130000591278076
2026-07-10T12:34:08+00:00,37.51503909006715,126.95324320346117,1562.0,3.322,5.0,162,89,220,204.0,85.0,7.8,1110.0,106908,1,3.1579999923706055
2026-07-10T12:34:09+00:00,37.51505585387349,126.95325527340174,1562.0,3.322,5.0,162,89,219,205.0,86.0,7.8,1110.0,107127,1,3.1019999980926514
2026-07-10T12:34:10+00:00,37.5150727853179,126.95326725952327,1569.0,3.308,5.0,162,89,214,205.0,86.0,7.8,1100.0,107341,1,3.0910000801086426
2026-07-10T12:34:11+00:00,37.51508963294327,126.95327924564481,1576.0,3.297,5.0,162,89,209,206.0,86.0,7.8,1100.0,107550,1,3.0829999446868896
2026-07-10T12:34:12+00:00,37.515155263245106,126.95331444963813,1580.5,3.286,5.0,162,89,208,206.0,86.0,7.8,1090.0,107758,1,3.072000026702881
2026-07-10T12:34:13+00:00,37.51518443226814,126.95331503637135,1585.0,3.275,5.0,162,90,208,207.0,86.0,7.8,1090.0,107966,1,3.062999963760376
2026-07-10T12:34:14+00:00,37.51521368511021,126.95331562310457,1590.5,3.278,5.0,162,90,207,207.0,86.0,7.8,1090.0,108173,1,3.062999963760376
2026-07-10T12:34:15+00:00,37.51524285413325,126.95331629365683,1596.0,3.281,5.0,163,90,206,208.0,87.0,7.9,1090.0,108379,1,3.062999963760376
2026-07-10T12:34:16+00:00,37.5153315346688,126.95328301750124,1601.0,3.286,5.0,163,90,206,208.0,87.0,7.9,1090.0,108585,1,3.065999984741211
2026-07-10T12:34:17+00:00,37.51535575836897,126.95326357148588,1606.0,3.294,5.0,163,90,206,208.0,87.0,7.9,1090.0,108791,1,3.072000026702881
2026-07-10T12:34:18+00:00,37.515380065888166,126.95324404165149,1610.0,3.292,5.0,163,90,206,208.0,87.0,7.9,1090.0,108997,1,3.072000026702881
2026-07-10T12:34:19+00:00,37.515404373407364,126.9532245118171,1614.0,3.289,5.0,163,90,207,209.0,87.0,8.0,1090.0,109204,1,3.072000026702881
2026-07-10T12:34:20+00:00,37.51546028070152,126.95315410383046,1618.0,3.314,5.0,163,90,207,209.0,87.0,8.0,1100.0,109411,1,3.1470000743865967
2026-07-10T12:34:21+00:00,37.51547419466078,126.95313004776835,1622.0,3.339,5.0,163,90,207,210.0,88.0,8.0,1110.0,109618,1,3.2239999771118164
2026-07-10T12:34:22+00:00,37.515488024801016,126.95310599170625,1626.0,3.35,4.0,163,90,213,210.0,88.0,8.0,1110.0,109831,1,3.2330000400543213
2026-07-10T12:34:23+00:00,37.51550193876028,126.95308201946318,1630.0,3.361,4.0,163,90,220,210.0,88.0,8.0,1120.0,110051,1,3.24399995803833
2026-07-10T12:34:24+00:00,37.515530940145254,126.95301211439073,1633.0,3.367,4.0,163,89,220,210.0,88.0,8.0,1130.0,110271,1,3.246999979019165
2026-07-10T12:34:25+00:00,37.51553840003908,126.95298864506185,1636.0,3.372,4.0,163,89,221,210.0,88.0,8.0,1140.0,110492,1,3.252000093460083
2026-07-10T12:34:26+00:00,37.51554577611387,126.95296509191394,1639.5,3.406,4.0,163,88,221,209.0,88.0,7.9,1150.0,110713,1,3.2860000133514404
2026-07-10T12:34:27+00:00,37.51555323600769,126.95294162258506,1643.0,3.439,4.0,163,88,222,209.0,89.0,7.9,1170.0,110935,1,3.322000026702881
2026-07-10T12:34:28+00:00,37.515573436394334,126.95287046022713,1646.5,3.425,4.0,163,88,224,209.0,89.0,7.9,1160.0,111159,1,3.365999937057495
2026-07-10T12:34:29+00:00,37.51558014191687,126.95284640416503,1650.0,3.411,5.0,163,88,226,209.0,90.0,7.9,1160.0,111385,1,3.4110000133514404
2026-07-10T12:34:30+00:00,37.51558684743941,126.95282243192196,1653.5,3.394,5.0,163,88,230,208.0,90.0,7.9,1140.0,111615,1,3.3940000534057617
2026-07-10T12:34:31+00:00,37.51559363678098,126.95279845967889,1657.0,3.381,5.0,163,89,235,208.0,91.0,7.9,1130.0,111850,1,3.380000114440918
2026-07-10T12:34:32+00:00,37.51561475917697,126.95272645913064,1660.0,3.375,5.0,163,90,234,207.0,91.0,7.9,1120.0,112084,1,3.374000072479248
2026-07-10T12:34:33+00:00,37.515621380880475,126.95270265452564,1663.0,3.372,5.0,164,90,233,207.0,92.0,8.0,1120.0,112317,1,3.371999979019165
2026-07-10T12:34:34+00:00,37.51562800258398,126.95267884992063,1666.5,3.372,5.0,164,91,232,207.0,92.0,8.0,1100.0,112549,1,3.371999979019165
2026-07-10T12:34:35+00:00,37.51563470810652,126.95265512913465,1670.0,3.372,5.0,163,92,232,207.0,92.0,8.0,1090.0,112781,1,3.371999979019165
2026-07-10T12:34:36+00:00,37.515654154121876,126.95258463732898,1673.0,3.375,5.0,163,92,232,206.0,91.0,8.0,1080.0,113013,1,3.374000072479248
2026-07-10T12:34:37+00:00,37.5156613625586,126.95256133563817,1676.0,3.378,5.0,163,93,232,206.0,91.0,8.1,1080.0,113245,1,3.377000093460083
2026-07-10T12:34:38+00:00,37.51566857099533,126.95253811776638,1679.5,3.378,5.0,163,93,232,205.0,91.0,8.1,1080.0,113477,1,3.377000093460083
2026-07-10T12:34:39+00:00,37.51567586325109,126.9525148998946,1683.0,3.378,5.0,164,93,233,205.0,91.0,8.2,1090.0,113710,1,3.377000093460083
2026-07-10T12:34:40+00:00,37.51569774001837,126.95244331844151,1686.5,3.375,5.0,164,92,233,204.0,91.0,8.2,1090.0,113943,1,3.440999984741211
2026-07-10T12:34:41+00:00,37.515704864636064,126.95241892710328,1690.0,3.375,5.0,164,91,233,204.0,91.0,8.3,1090.0,114176,1,3.507999897003174
2026-07-10T12:34:42+00:00,37.51571198925376,126.95239461958408,1693.5,3.375,5.0,164,90,238,204.0,91.0,8.3,1100.0,114414,1,3.507999897003174
2026-07-10T12:34:43+00:00,37.51571919769049,126.95237031206489,1697.0,3.375,5.0,163,89,244,205.0,91.0,8.3,1120.0,114658,1,3.507999897003174
2026-07-10T12:34:44+00:00,37.51573973335326,126.95229764096439,1700.5,3.375,5.0,163,89,244,205.0,91.0,8.3,1120.0,114902,1,3.507999897003174
2026-07-10T12:34:45+00:00,37.51574568450451,126.95227350108325,1704.0,3.378,5.0,163,89,244,205.0,91.0,8.3,1130.0,115146,1,3.507999897003174
2026-07-10T12:34:46+00:00,37.51575155183673,126.95224944502115,1707.0,3.381,5.0,164,89,244,205.0,91.0,8.3,1130.0,115390,1,3.507999897003174
2026-07-10T12:34:47+00:00,37.51575758680701,126.95222547277808,1710.0,3.383,5.0,164,88,244,205.0,92.0,8.3,1130.0,115634,1,3.507999897003174
2026-07-10T12:34:48+00:00,37.515774769708514,126.95215280167758,1713.5,3.383,5.0,164,88,244,205.0,92.0,8.2,1140.0,115878,1,3.507999897003174
2026-07-10T12:34:49+00:00,37.51578147523105,126.95212891325355,1717.0,3.383,5.0,164,87,244,205.0,92.0,8.2,1150.0,116122,1,3.507999897003174
2026-07-10T12:34:50+00:00,37.51578826457262,126.95210510864854,1720.5,3.383,5.0,164,87,244,205.0,92.0,8.1,1150.0,116366,1,3.507999897003174
2026-07-10T12:34:51+00:00,37.51579505391419,126.95208130404353,1724.0,3.383,5.0,163,88,244,206.0,93.0,8.1,1150.0,116610,1,3.507999897003174
2026-07-10T12:34:52+00:00,37.515817768871784,126.95201181806624,1727.0,3.383,5.0,163,88,244,206.0,93.0,8.1,1150.0,116854,1,3.507999897003174
2026-07-10T12:34:53+00:00,37.515825144946575,126.95198885165155,1730.0,3.383,5.0,163,88,244,206.0,93.0,8.1,1150.0,117098,1,3.507999897003174
2026-07-10T12:34:54+00:00,37.5158326048404,126.95196580141783,1733.5,3.381,5.0,163,89,244,206.0,93.0,8.1,1140.0,117342,1,3.444000005722046
2026-07-10T12:34:55+00:00,37.51583998091519,126.95194283500314,1737.0,3.381,5.0,163,90,244,207.0,94.0,8.2,1130.0,117586,1,3.380000114440918
2026-07-10T12:34:56+00:00,37.51585959456861,126.95187209174037,1740.5,3.378,5.0,163,90,244,207.0,94.0,8.2,1120.0,117830,1,3.377000093460083
2026-07-10T12:34:57+00:00,37.51586646772921,126.95184845477343,1744.0,3.375,5.0,163,90,244,207.0,94.0,8.2,1120.0,118074,1,3.374000072479248
2026-07-10T12:34:58+00:00,37.51587334088981,126.95182473398745,1747.0,3.372,5.0,163,90,238,207.0,94.0,8.2,1120.0,118312,1,3.371999979019165
2026-07-10T12:34:59+00:00,37.515880381688476,126.95180101320148,1750.0,3.372,5.0,164,90,233,207.0,94.0,8.3,1120.0,118545,1,3.371999979019165
2026-07-10T12:35:00+00:00,37.51590460538864,126.95173010230064,1753.5,3.369,5.0,164,90,232,207.0,94.0,8.3,1120.0,118777,1,3.36899995803833
2026-07-10T12:35:01+00:00,37.51591290347278,126.95170613005757,1757.0,3.369,5.0,164,90,232,208.0,94.0,8.4,1120.0,119009,1,3.36899995803833
2026-07-10T12:35:02+00:00,37.51592120155692,126.9516821578145,1760.5,3.369,5.0,163,90,232,208.0,94.0,8.4,1120.0,119241,1,3.36899995803833
2026-07-10T12:35:03+00:00,37.51592949964106,126.9516581017524,1764.0,3.372,5.0,163,90,232,208.0,95.0,8.4,1120.0,119473,1,3.371999979019165
2026-07-10T12:35:04+00:00,37.51595389097929,126.95158626884222,1767.5,3.375,5.0,163,90,232,207.0,95.0,8.4,1120.0,119705,1,3.374000072479248
2026-07-10T12:35:05+00:00,37.51596168614924,126.95156221278012,1771.0,3.378,5.0,164,90,232,207.0,95.0,8.4,1130.0,119937,1,3.377000093460083
2026-07-10T12:35:06+00:00,37.51596956513822,126.95153824053705,1774.5,3.381,5.0,164,90,232,206.0,94.0,8.4,1130.0,120169,1,3.380000114440918
2026-07-10T12:35:07+00:00,37.5159774441272,126.95151435211301,1778.0,3.383,5.0,164,90,233,206.0,94.0,8.4,1130.0,120402,1,3.382999897003174
2026-07-10T12:35:08+00:00,37.51599965617061,126.95144277065992,1781.5,3.392,5.0,164,90,233,206.0,93.0,8.3,1130.0,120635,1,3.3910000324249268
2026-07-10T12:35:09+00:00,37.51600652933121,126.95141930133104,1785.0,3.4,5.0,164,90,233,206.0,93.0,8.3,1130.0,120868,1,3.3989999294281006
2026-07-10T12:35:10+00:00,37.51601357012987,126.95139599964023,1788.0,3.403,5.0,164,90,233,205.0,92.0,8.2,1130.0,121101,1,3.4019999504089355
2026-07-10T12:35:11+00:00,37.516020527109504,126.95137269794941,1791.0,3.406,5.0,164,90,234,205.0,92.0,8.1,1130.0,121335,1,3.4049999713897705
2026-07-10T12:35:12+00:00,37.51603905111551,126.95130270905793,1794.5,3.406,5.0,164,90,234,204.0,91.0,8.0,1120.0,121569,1,3.4049999713897705
2026-07-10T12:35:13+00:00,37.51604609191418,126.9512801617384,1798.0,3.406,5.0,164,91,235,204.0,91.0,8.0,1120.0,121804,1,3.4049999713897705
2026-07-10T12:35:14+00:00,37.51605304889381,126.95125761441886,1801.0,3.403,5.0,163,90,235,203.0,90.0,8.0,1120.0,122039,1,3.4019999504089355
2026-07-10T12:35:15+00:00,37.516060173511505,126.95123515091836,1804.0,3.4,5.0,163,90,235,203.0,90.0,8.0,1130.0,122274,1,3.3989999294281006
2026-07-10T12:35:16+00:00,37.51608255319297,126.95116809569299,1807.0,3.397,5.0,163,90,234,203.0,90.0,8.0,1130.0,122508,1,3.3970000743865967
2026-07-10T12:35:17+00:00,37.51608959399164,126.95114479400218,1810.0,3.394,5.0,164,90,234,203.0,91.0,8.0,1130.0,122742,1,3.3940000534057617
2026-07-10T12:35:18+00:00,37.51609655097127,126.95112149231136,1813.5,3.392,5.0,164,90,234,202.0,91.0,8.0,1120.0,122976,1,3.3910000324249268
2026-07-10T12:35:19+00:00,37.516103675588965,126.95109819062054,1817.0,3.389,5.0,164,90,234,202.0,91.0,8.1,1120.0,123210,1,3.388000011444092
2026-07-10T12:35:20+00:00,37.51612488180399,126.951028034091,1820.5,3.386,5.0,164,90,234,202.0,91.0,8.1,1120.0,123444,1,3.385999917984009
2026-07-10T12:35:21+00:00,37.51613175496459,126.95100456476212,1824.0,3.383,5.0,164,90,234,202.0,91.0,8.1,1120.0,123678,1,3.382999897003174
2026-07-10T12:35:22+00:00,37.51613862812519,126.95098109543324,1827.0,3.381,5.0,164,90,233,202.0,91.0,8.1,1120.0,123911,1,3.380000114440918
2026-07-10T12:35:23+00:00,37.51614558510482,126.95095770992339,1830.0,3.381,5.0,164,90,233,202.0,91.0,8.1,1120.0,124144,1,3.380000114440918
2026-07-10T12:35:24+00:00,37.5161658693105,126.95088621228933,1833.5,3.378,5.0,163,90,233,202.0,91.0,8.1,1120.0,124377,1,3.377000093460083
2026-07-10T12:35:25+00:00,37.516172574833035,126.9508620724082,1837.0,3.375,5.0,163,90,233,202.0,91.0,8.1,1120.0,124610,1,3.374000072479248
2026-07-10T12:35:26+00:00,37.51617928035557,126.95083793252707,1840.5,3.372,5.0,163,90,233,202.0,91.0,8.1,1120.0,124843,1,3.371999979019165
2026-07-10T12:35:27+00:00,37.51618606969714,126.95081379264593,1844.0,3.372,5.0,163,90,233,203.0,92.0,8.2,1120.0,125076,1,3.371999979019165
2026-07-10T12:35:28+00:00,37.516209203749895,126.95074430666864,1847.0,3.364,5.0,163,90,232,203.0,92.0,8.2,1120.0,125308,1,3.36299991607666
2026-07-10T12:35:29+00:00,37.51621825620532,126.95072310045362,1850.0,3.356,5.0,163,90,232,203.0,92.0,8.2,1120.0,125540,1,3.3550000190734863
2026-07-10T12:35:30+00:00,37.51622747629881,126.95070189423859,1853.5,3.353,5.0,163,90,231,203.0,92.0,8.2,1110.0,125771,1,3.3519999980926514
2026-07-10T12:35:31+00:00,37.5162366963923,126.9506807718426,1857.0,3.353,5.0,163,90,231,204.0,92.0,8.2,1110.0,126002,1,3.3519999980926514
2026-07-10T12:35:32+00:00,37.51626703888178,126.95062075741589,1860.0,3.353,5.0,163,90,231,204.0,92.0,8.2,1110.0,126233,1,3.3519999980926514
2026-07-10T12:35:33+00:00,37.5162779353559,126.95060030557215,1863.0,3.353,5.0,163,90,231,204.0,93.0,8.3,1110.0,126464,1,3.3519999980926514
2026-07-10T12:35:34+00:00,37.516288831830025,126.95057993754745,1866.5,3.35,5.0,163,90,231,204.0,93.0,8.3,1100.0,126695,1,3.3499999046325684
2026-07-10T12:35:35+00:00,37.51629989594221,126.95055965334177,1870.0,3.35,5.0,163,91,231,204.0,93.0,8.3,1100.0,126926,1,3.3499999046325684
2026-07-10T12:35:36+00:00,37.51633225008845,126.95049301721156,1873.5,3.35,5.0,163,91,231,204.0,93.0,8.3,1100.0,127157,1,3.3499999046325684
2026-07-10T12:35:37+00:00,37.51634230837226,126.95046954788268,1877.0,3.35,5.0,163,91,231,205.0,93.0,8.3,1100.0,127388,1,3.3499999046325684
2026-07-10T12:35:38+00:00,37.51635228283703,126.95044599473476,1880.5,3.35,5.0,163,90,231,205.0,93.0,8.3,1110.0,127619,1,3.3499999046325684
2026-07-10T12:35:39+00:00,37.51636234112084,126.95042252540588,1884.0,3.35,5.0,163,90,231,206.0,93.0,8.3,1120.0,127850,1,3.3499999046325684
2026-07-10T12:35:40+00:00,37.51639083959162,126.95035144686699,1887.5,3.353,5.0,163,90,231,206.0,92.0,8.3,1120.0,128081,1,3.3519999980926514
2026-07-10T12:35:41+00:00,37.51640014350414,126.9503282289952,1891.0,3.356,5.0,163,90,231,206.0,92.0,8.3,1120.0,128312,1,3.3550000190734863
2026-07-10T12:35:42+00:00,37.51640944741666,126.95030501112342,1894.5,3.358,5.0,163,90,231,206.0,92.0,8.3,1120.0,128543,1,3.3580000400543213
2026-07-10T12:35:43+00:00,37.516418835148215,126.9502819608897,1898.0,3.361,5.0,163,90,231,206.0,92.0,8.3,1120.0,128774,1,3.3610000610351562
2026-07-10T12:35:44+00:00,37.516446243971586,126.95021507330239,1901.0,3.361,5.0,163,90,231,206.0,92.0,8.3,1120.0,129005,1,3.3610000610351562
2026-07-10T12:35:45+00:00,37.51645538024604,126.95019311271608,1904.0,3.364,5.0,163,90,231,207.0,92.0,8.3,1120.0,129236,1,3.36299991607666
2026-07-10T12:35:46+00:00,37.51646443270147,126.9501712359488,1907.5,3.367,5.0,162,90,231,206.0,92.0,8.2,1110.0,129467,1,3.365999937057495
2026-07-10T12:35:47+00:00,37.516473568975925,126.95014935918152,1911.0,3.369,5.0,162,90,231,206.0,92.0,8.2,1110.0,129698,1,3.36899995803833
2026-07-10T12:35:48+00:00,37.51650265417993,126.9500850699842,1914.0,3.367,5.0,162,90,231,206.0,91.0,8.2,1110.0,129929,1,3.365999937057495
2026-07-10T12:35:49+00:00,37.51651279628277,126.95006386376917,1917.0,3.367,5.0,162,90,232,206.0,91.0,8.2,1120.0,130161,1,3.365999937057495
2026-07-10T12:35:50+00:00,37.516522854566574,126.95004265755415,1920.5,3.358,5.0,162,90,232,206.0,91.0,8.2,1120.0,130393,1,3.3580000400543213
2026-07-10T12:35:51+00:00,37.51653308048844,126.95002145133913,1924.0,3.353,5.0,162,90,232,206.0,92.0,8.2,1120.0,130625,1,3.3519999980926514
2026-07-10T12:35:52+00:00,37.51656275242567,126.94995649158955,1927.0,3.35,5.0,162,90,231,206.0,92.0,8.2,1120.0,130856,1,3.3499999046325684
2026-07-10T12:35:53+00:00,37.51657214015722,126.94993436336517,1930.0,3.347,5.0,162,90,231,206.0,92.0,8.2,1120.0,131087,1,3.3469998836517334
2026-07-10T12:35:54+00:00,37.516581527888775,126.94991215132177,1933.5,3.344,5.0,162,90,231,206.0,92.0,8.2,1110.0,131318,1,3.3440001010894775
2026-07-10T12:35:55+00:00,37.51659099943936,126.9498900230974,1937.0,3.344,5.0,162,90,231,207.0,92.0,8.3,1110.0,131549,1,3.3440001010894775
2026-07-10T12:35:56+00:00,37.516619162634015,126.94982439279556,1940.5,3.342,5.0,162,90,230,206.0,92.0,8.3,1110.0,131779,1,3.3410000801086426
2026-07-10T12:35:57+00:00,37.516628969460726,126.94980327039957,1944.0,3.342,5.0,162,90,230,206.0,93.0,8.3,1110.0,132009,1,3.3410000801086426
2026-07-10T12:35:58+00:00,37.51663877628744,126.94978206418455,1947.0,3.342,5.0,161,90,230,206.0,93.0,8.3,1110.0,132239,1,3.3410000801086426
2026-07-10T12:35:59+00:00,37.51664858311415,126.94976094178855,1950.0,3.342,5.0,161,90,230,206.0,93.0,8.4,1110.0,132469,1,3.3410000801086426
2026-07-10T12:36:00+00:00,37.5166820269078,126.94969832897186,1953.5,3.339,5.0,161,90,230,206.0,93.0,8.4,1110.0,132699,1,3.3380000591278076
2026-07-10T12:36:01+00:00,37.516693929210305,126.94967796094716,1957.0,3.339,5.0,161,90,230,206.0,94.0,8.4,1110.0,132929,1,3.3380000591278076
2026-07-10T12:36:02+00:00,37.51670583151281,126.94965750910342,1960.5,3.339,5.0,161,90,230,206.0,94.0,8.4,1110.0,133159,1,3.3380000591278076
2026-07-10T12:36:03+00:00,37.51671773381531,126.94963722489774,1964.0,3.339,5.0,160,90,230,206.0,94.0,8.5,1110.0,133389,1,3.3380000591278076
2026-07-10T12:36:04+00:00,37.5167528539896,126.94957653991878,1967.0,3.336,5.0,160,90,230,206.0,94.0,8.5,1110.0,133619,1,3.3359999656677246
2026-07-10T12:36:05+00:00,37.516765678301454,126.94955533370376,1970.0,3.336,5.0,160,90,230,206.0,94.0,8.5,1110.0,133849,1,3.3359999656677246
2026-07-10T12:36:06+00:00,37.516778502613306,126.94953412748873,1974.0,3.336,5.0,161,90,230,206.0,94.0,8.5,1110.0,134079,1,3.3359999656677246
2026-07-10T12:36:07+00:00,37.51679124310613,126.94951300509274,1978.0,3.336,5.0,161,90,230,206.0,94.0,8.5,1110.0,134309,1,3.3359999656677246
2026-07-10T12:36:08+00:00,37.516833655536175,126.94945055991411,1981.5,3.336,5.0,161,90,230,206.0,94.0,8.5,1110.0,134539,1,3.3359999656677246
2026-07-10T12:36:09+00:00,37.516847904771566,126.94943094626069,1985.0,3.336,5.0,161,90,230,206.0,94.0,8.5,1110.0,134769,1,3.3359999656677246
2026-07-10T12:36:10+00:00,37.51686215400696,126.9494114164263,1988.5,3.339,5.0,161,90,230,206.0,94.0,8.5,1110.0,134999,1,3.3380000591278076
2026-07-10T12:36:11+00:00,37.51687648706138,126.94939197041094,1992.0,3.344,5.0,162,89,230,207.0,94.0,8.5,1110.0,135229,1,3.3440001010894775
2026-07-10T12:36:12+00:00,37.51691454090178,126.94933514110744,1995.0,3.344,5.0,162,89,230,207.0,94.0,8.5,1120.0,135459,1,3.3440001010894775
2026-07-10T12:36:13+00:00,37.51692669466138,126.94931611418724,1998.0,3.347,5.0,162,88,230,207.0,94.0,8.5,1130.0,135689,1,3.3469998836517334
2026-07-10T12:36:14+00:00,37.516938764601946,126.94929717108607,2001.0,3.344,5.0,162,88,230,207.0,94.0,8.5,1130.0,135919,1,3.3440001010894775
2026-07-10T12:36:15+00:00,37.51695083454251,126.94927814416587,2004.0,3.344,5.0,162,88,231,208.0,95.0,8.5,1130.0,136150,1,3.3440001010894775
2026-07-10T12:36:16+00:00,37.516987128183246,126.94922366179526,2007.5,3.342,5.0,161,88,230,208.0,95.0,8.5,1130.0,136380,1,3.3410000801086426
2026-07-10T12:36:17+00:00,37.51699944958091,126.9492079038173,2011.0,3.339,5.0,161,88,230,209.0,95.0,8.5,1130.0,136610,1,3.3380000591278076
2026-07-10T12:36:18+00:00,37.5170118547976,126.94919222965837,2013.5,3.333,5.0,161,89,230,209.0,94.0,8.4,1120.0,136840,1,3.3329999446868896
2026-07-10T12:36:19+00:00,37.517024260014296,126.94917663931847,2016.0,3.328,5.0,161,90,230,209.0,94.0,8.4,1120.0,137070,1,3.3269999027252197
2026-07-10T12:36:20+00:00,37.517056530341506,126.94913305342197,2018.5,3.317,5.0,161,90,229,209.0,93.0,8.3,1110.0,137299,1,3.315999984741211
2026-07-10T12:36:21+00:00,37.517065750434995,126.94911704398692,2021.0,3.308,5.0,161,90,229,209.0,93.0,8.3,1100.0,137528,1,3.308000087738037
2026-07-10T12:36:22+00:00,37.51707497052848,126.94910103455186,2024.0,3.292,5.0,161,90,228,209.0,93.0,8.3,1090.0,137756,1,3.2909998893737793
2026-07-10T12:36:23+00:00,37.51708419062197,126.94908510893583,2027.0,3.278,5.0,161,90,228,209.0,93.0,8.3,1090.0,137984,1,3.2769999504089355
2026-07-10T12:36:24+00:00,37.517113108187914,126.94903154857457,2030.0,3.261,5.0,161,90,227,209.0,92.0,8.3,1080.0,138211,1,3.260999917984009
2026-07-10T12:36:25+00:00,37.517124339938164,126.94901201874018,2033.0,3.244,5.0,161,90,226,209.0,92.0,8.4,1080.0,138437,1,3.24399995803833
2026-07-10T12:36:26+00:00,37.517135655507445,126.94899257272482,2036.5,3.231,5.0,160,90,224,209.0,92.0,8.4,1070.0,138661,1,3.2300000190734863
2026-07-10T12:36:27+00:00,37.51714697107673,126.94897312670946,2040.0,3.219,5.0,160,90,223,209.0,92.0,8.4,1070.0,138884,1,3.2190001010894775
2026-07-10T12:36:28+00:00,37.51718075014651,126.94891386665404,2043.0,3.214,5.0,161,90,222,209.0,92.0,8.4,1070.0,139106,1,3.2130000591278076
2026-07-10T12:36:29+00:00,37.51719105988741,126.94889282807708,2046.0,3.208,5.0,160,90,222,210.0,92.0,8.5,1070.0,139328,1,3.2079999446868896
2026-07-10T12:36:30+00:00,37.51720136962831,126.94887187331915,2049.0,3.194,5.0,161,90,221,210.0,92.0,8.5,1060.0,139549,1,3.194000005722046
2026-07-10T12:36:31+00:00,37.51721176318824,126.94885083474219,2052.0,3.183,5.0,161,90,221,210.0,92.0,8.6,1060.0,139770,1,3.183000087738037
2026-07-10T12:36:32+00:00,37.5172433629632,126.94878344424069,2056.0,3.175,5.0,161,90,220,210.0,91.0,8.5,1060.0,139990,1,3.174999952316284
2026-07-10T12:36:33+00:00,37.51725476235151,126.94875989109278,2060.0,3.169,5.0,161,90,219,210.0,91.0,8.5,1060.0,140209,1,3.1689999103546143
2026-07-10T12:36:34+00:00,37.517266161739826,126.9487364217639,2063.5,3.175,5.0,161,90,218,210.0,90.0,8.5,1060.0,140427,1,3.174999952316284
2026-07-10T12:36:35+00:00,37.51727756112814,126.94871303625405,2067.0,3.183,5.0,161,90,218,210.0,90.0,8.5,1060.0,140645,1,3.183000087738037
2026-07-10T12:36:36+00:00,37.51731066964567,126.94863826967776,2071.0,3.194,5.0,161,90,218,210.0,90.0,8.4,1060.0,140863,1,3.194000005722046
2026-07-10T12:36:37+00:00,37.51731997355819,126.94861102849245,2075.0,3.206,5.0,161,90,219,210.0,90.0,8.4,1060.0,141082,1,3.2049999237060547
2026-07-10T12:36:38+00:00,37.51732927747071,126.94858387112617,2079.0,3.217,5.0,161,90,220,210.0,89.0,8.4,1060.0,141302,1,3.2160000801086426
2026-07-10T12:36:39+00:00,37.51733866520226,126.94855662994087,2083.0,3.231,5.0,161,90,221,210.0,89.0,8.4,1070.0,141523,1,3.2300000190734863
2026-07-10T12:36:40+00:00,37.51736314035952,126.94847381673753,2086.5,3.244,5.0,161,90,221,210.0,89.0,8.4,1080.0,141744,1,3.24399995803833
2026-07-10T12:36:41+00:00,37.51737194135785,126.94844774901867,2090.0,3.258,5.0,161,90,222,210.0,90.0,8.4,1090.0,141966,1,3.257999897003174
2026-07-10T12:36:42+00:00,37.51738074235618,126.94842159748077,2094.0,3.272,5.0,162,90,223,210.0,90.0,8.4,1090.0,142189,1,3.2720000743865967
2026-07-10T12:36:43+00:00,37.51738954335451,126.94839552976191,2098.0,3.286,5.0,162,90,225,210.0,90.0,8.4,1090.0,142414,1,3.2860000133514404
2026-07-10T12:36:44+00:00,37.51742089167237,126.94832621142268,2101.0,3.3,5.0,162,90,226,210.0,90.0,8.3,1090.0,142640,1,3.299999952316284
2026-07-10T12:36:45+00:00,37.517431788146496,126.94830425083637,2104.0,3.314,5.0,163,90,227,210.0,90.0,8.3,1100.0,142867,1,3.312999963760376
2026-07-10T12:36:46+00:00,37.51744276843965,126.94828220643103,2107.5,3.325,5.0,163,90,227,210.0,90.0,8.2,1100.0,143094,1,3.325000047683716
2026-07-10T12:36:47+00:00,37.517453748732805,126.94826032966375,2111.0,3.336,5.0,163,90,228,210.0,90.0,8.2,1110.0,143322,1,3.3359999656677246
2026-07-10T12:36:48+00:00,37.51748526468873,126.94819176569581,2114.5,3.342,5.0,163,90,229,209.0,90.0,8.2,1110.0,143551,1,3.3410000801086426
2026-07-10T12:36:49+00:00,37.51749565824866,126.948168464005,2118.0,3.35,5.0,163,90,230,209.0,90.0,8.2,1120.0,143781,1,3.3499999046325684
2026-07-10T12:36:50+00:00,37.51750613562763,126.94814516231418,2122.0,3.356,5.0,163,90,230,208.0,90.0,8.1,1120.0,144011,1,3.3550000190734863
2026-07-10T12:36:51+00:00,37.51751669682562,126.94812194444239,2126.0,3.361,5.0,163,90,231,208.0,90.0,8.1,1120.0,144242,1,3.3610000610351562
2026-07-10T12:36:52+00:00,37.51754695549607,126.94805296137929,2129.0,3.367,5.0,163,90,231,208.0,89.0,8.0,1120.0,144473,1,3.365999937057495
2026-07-10T12:36:53+00:00,37.51755625940859,126.94802965968847,2132.0,3.372,5.0,163,90,231,208.0,89.0,8.0,1120.0,144704,1,3.371999979019165
2026-07-10T12:36:54+00:00,37.517565563321114,126.94800635799766,2135.5,3.375,5.0,163,90,231,208.0,89.0,8.0,1120.0,144935,1,3.374000072479248
2026-07-10T12:36:55+00:00,37.517574951052666,126.94798305630684,2139.0,3.378,5.0,163,90,232,208.0,89.0,8.0,1130.0,145167,1,3.377000093460083
2026-07-10T12:36:56+00:00,37.51759976148605,126.94791382178664,2142.5,3.378,5.0,162,90,232,207.0,89.0,7.9,1130.0,145399,1,3.377000093460083
2026-07-10T12:36:57+00:00,37.517607556656,126.94789119064808,2146.0,3.381,5.0,163,90,233,207.0,89.0,7.9,1130.0,145632,1,3.380000114440918
2026-07-10T12:36:58+00:00,37.517615435644984,126.94786872714758,2149.0,3.381,5.0,163,89,233,207.0,89.0,7.9,1130.0,145865,1,3.380000114440918
2026-07-10T12:36:59+00:00,37.517623398453,126.94784626364708,2152.0,3.383,5.0,163,89,233,207.0,89.0,7.9,1130.0,146098,1,3.382999897003174
2026-07-10T12:37:00+00:00,37.51764737069607,126.94777996279299,2155.5,3.392,5.0,163,89,233,207.0,89.0,7.9,1130.0,146331,1,3.3910000324249268
2026-07-10T12:37:01+00:00,37.51765516586602,126.94775800220668,2159.0,3.4,5.0,163,89,233,207.0,89.0,7.9,1140.0,146564,1,3.3989999294281006
2026-07-10T12:37:02+00:00,37.51766296103597,126.94773620925844,2162.0,3.403,5.0,163,89,233,207.0,89.0,7.9,1140.0,146797,1,3.4019999504089355
2026-07-10T12:37:03+00:00,37.51767084002495,126.94771441631019,2165.0,3.408,5.0,163,89,234,207.0,89.0,7.9,1140.0,147031,1,3.4079999923706055
2026-07-10T12:37:04+00:00,37.51769389025867,126.94765121676028,2168.0,3.406,5.0,163,89,234,207.0,89.0,7.9,1140.0,147265,1,3.4049999713897705
2026-07-10T12:37:05+00:00,37.51770168542862,126.94763059727848,2171.0,3.403,5.0,164,89,235,207.0,90.0,7.9,1140.0,147500,1,3.4019999504089355
2026-07-10T12:37:06+00:00,37.51770948059857,126.94761014543474,2174.0,3.4,5.0,164,89,234,206.0,90.0,7.9,1140.0,147734,1,3.3989999294281006
2026-07-10T12:37:07+00:00,37.51771727576852,126.94758960977197,2177.0,3.397,5.0,164,89,234,206.0,90.0,7.9,1140.0,147968,1,3.3970000743865967
2026-07-10T12:37:08+00:00,37.517742086201906,126.94752900861204,2180.0,3.383,5.0,164,89,234,206.0,90.0,7.9,1140.0,148202,1,3.382999897003174
2026-07-10T12:37:09+00:00,37.51775046810508,126.94750872440636,2183.0,3.372,5.0,164,89,234,207.0,91.0,8.0,1140.0,148436,1,3.371999979019165
2026-07-10T12:37:10+00:00,37.51775893382728,126.94748844020069,2186.0,3.361,5.0,164,89,233,207.0,91.0,8.0,1130.0,148669,1,3.3610000610351562
2026-07-10T12:37:11+00:00,37.517767483368516,126.94746815599501,2189.0,3.35,5.0,163,89,232,208.0,91.0,8.0,1130.0,148901,1,3.3499999046325684
2026-07-10T12:37:12+00:00,37.51779262907803,126.94740512408316,2192.0,3.344,5.0,163,89,231,208.0,91.0,8.0,1130.0,149132,1,3.3440001010894775
2026-07-10T12:37:13+00:00,37.517801094800234,126.94738341495395,2195.0,3.342,5.0,163,89,231,208.0,92.0,8.1,1130.0,149363,1,3.3410000801086426
2026-07-10T12:37:14+00:00,37.517809476703405,126.9473618734628,2198.5,3.339,5.0,163,89,230,208.0,92.0,8.1,1120.0,149593,1,3.3380000591278076
2026-07-10T12:37:15+00:00,37.51781785860658,126.94734024815261,2202.0,3.336,5.0,163,89,230,208.0,92.0,8.1,1120.0,149823,1,3.3359999656677246
2026-07-10T12:37:16+00:00,37.517841747030616,126.9472733605653,2205.5,3.336,5.0,163,89,230,208.0,92.0,8.1,1120.0,150053,1,3.3359999656677246
2026-07-10T12:37:17+00:00,37.51784870401025,126.94725014269352,2209.0,3.336,5.0,163,90,230,208.0,93.0,8.2,1120.0,150283,1,3.3359999656677246
2026-07-10T12:37:18+00:00,37.51785557717085,126.94722700864077,2212.0,3.333,5.0,163,89,230,208.0,93.0,8.2,1110.0,150513,1,3.3329999446868896
2026-07-10T12:37:19+00:00,37.51786253415048,126.94720395840704,2215.0,3.333,5.0,163,89,230,208.0,94.0,8.3,1110.0,150743,1,3.3329999446868896
2026-07-10T12:37:20+00:00,37.51788047142327,126.94713179022074,2218.5,3.333,5.0,163,89,229,207.0,94.0,8.3,1110.0,150972,1,3.3329999446868896
2026-07-10T12:37:21+00:00,37.5178855843842,126.94710723124444,2222.0,3.333,5.0,163,89,229,207.0,94.0,8.4,1120.0,151201,1,3.3329999446868896
2026-07-10T12:37:22+00:00,37.51789069734514,126.94708267226815,2225.5,3.333,5.0,163,89,229,207.0,94.0,8.4,1120.0,151430,1,3.3329999446868896
2026-07-10T12:37:23+00:00,37.51789572648704,126.94705811329186,2229.0,3.336,5.0,163,89,229,208.0,94.0,8.4,1120.0,151659,1,3.3359999656677246
2026-07-10T12:37:24+00:00,37.51790737733245,126.94698217324913,2232.5,3.336,5.0,163,89,229,208.0,94.0,8.4,1120.0,151888,1,3.3359999656677246
2026-07-10T12:37:25+00:00,37.517910646274686,126.94695635698736,2236.0,3.339,5.0,163,89,230,208.0,94.0,8.4,1120.0,152118,1,3.3380000591278076
2026-07-10T12:37:26+00:00,37.517914082854986,126.94693054072559,2239.0,3.339,5.0,163,89,230,208.0,93.0,8.4,1110.0,152348,1,3.3380000591278076
2026-07-10T12:37:27+00:00,37.517917435616255,126.94690480828285,2242.0,3.342,5.0,163,90,230,208.0,93.0,8.4,1110.0,152578,1,3.3410000801086426
2026-07-10T12:37:28+00:00,37.51793336123228,126.94682937115431,2245.5,3.344,5.0,163,90,230,207.0,93.0,8.3,1110.0,152808,1,3.3440001010894775
2026-07-10T12:37:29+00:00,37.51794006675482,126.94680489599705,2249.0,3.347,5.0,163,90,230,207.0,93.0,8.3,1120.0,153038,1,3.3469998836517334
2026-07-10T12:37:30+00:00,37.517946772277355,126.94678050465882,2252.5,3.347,5.0,163,89,230,207.0,93.0,8.3,1120.0,153268,1,3.3469998836517334
2026-07-10T12:37:31+00:00,37.51795347779989,126.94675619713962,2256.0,3.35,5.0,163,89,231,207.0,93.0,8.3,1120.0,153499,1,3.3499999046325684
2026-07-10T12:37:32+00:00,37.5179738458246,126.94668302312493,2259.5,3.353,5.0,163,89,231,207.0,93.0,8.3,1120.0,153730,1,3.3519999980926514
2026-07-10T12:37:33+00:00,37.517979964613914,126.94665829651058,2263.0,3.356,6.0,163,89,231,207.0,93.0,8.3,1130.0,153961,1,3.3550000190734863
2026-07-10T12:37:34+00:00,37.51798608340323,126.94663373753428,2266.5,3.356,6.0,163,87,231,207.0,93.0,8.3,1140.0,154192,1,3.3550000190734863
2026-07-10T12:37:35+00:00,37.517992202192545,126.94660909473896,2270.0,3.358,6.0,163,86,231,207.0,93.0,8.3,1160.0,154423,1,3.3580000400543213
2026-07-10T12:37:36+00:00,37.51800997182727,126.94653541781008,2273.5,3.361,6.0,163,86,231,208.0,93.0,8.3,1160.0,154654,1,3.3610000610351562
2026-07-10T12:37:37+00:00,37.51801600679755,126.94651102647185,2277.0,3.364,6.0,163,86,231,209.0,94.0,8.3,1170.0,154885,1,3.36299991607666
2026-07-10T12:37:38+00:00,37.518021957948804,126.94648671895266,2280.0,3.367,6.0,162,86,231,209.0,94.0,8.2,1170.0,155116,1,3.365999937057495
2026-07-10T12:37:39+00:00,37.51802799291909,126.94646241143346,2283.0,3.369,6.0,162,86,231,210.0,94.0,8.2,1170.0,155347,1,3.36899995803833
2026-07-10T12:37:40+00:00,37.51804484054446,126.94638974033296,2286.5,3.369,6.0,162,88,231,210.0,94.0,8.2,1150.0,155578,1,3.36899995803833
2026-07-10T12:37:41+00:00,37.5180499535054,126.94636492989957,2290.0,3.372,6.0,162,90,232,210.0,94.0,8.2,1140.0,155810,1,3.371999979019165
2026-07-10T12:37:42+00:00,37.51805506646633,126.94634011946619,2293.5,3.378,6.0,162,90,232,209.0,94.0,8.1,1130.0,156042,1,3.377000093460083
2026-07-10T12:37:43+00:00,37.5180602632463,126.9463153090328,2297.0,3.383,6.0,162,91,232,209.0,94.0,8.1,1120.0,156274,1,3.382999897003174
2026-07-10T12:37:44+00:00,37.51807367429137,126.94623769260943,2300.5,3.386,6.0,162,91,232,209.0,93.0,8.1,1120.0,156506,1,3.385999917984009
2026-07-10T12:37:45+00:00,37.51807660795748,126.94621061906219,2304.0,3.389,6.0,163,91,233,209.0,93.0,8.1,1120.0,156739,1,3.388000011444092
2026-07-10T12:37:46+00:00,37.51807954162359,126.94618354551494,2307.5,3.392,6.0,163,90,233,209.0,93.0,8.1,1120.0,156972,1,3.3910000324249268
2026-07-10T12:37:47+00:00,37.518082559108734,126.9461564719677,2311.0,3.394,6.0,163,90,234,209.0,93.0,8.1,1130.0,157206,1,3.3940000534057617
2026-07-10T12:37:48+00:00,37.51808658242226,126.94607600569725,2314.5,3.4,6.0,163,90,234,209.0,92.0,8.1,1130.0,157440,1,3.3989999294281006
2026-07-10T12:37:49+00:00,37.51808783970773,126.94604859687388,2318.0,3.406,6.0,162,90,234,209.0,92.0,8.2,1130.0,157674,1,3.4049999713897705
2026-07-10T12:37:50+00:00,37.51808926463127,126.94602127186954,2322.0,3.411,6.0,162,90,234,208.0,92.0,8.2,1130.0,157908,1,3.4110000133514404
2026-07-10T12:37:51+00:00,37.51809068955481,126.9459939468652,2326.0,3.417,6.0,162,90,235,208.0,92.0,8.2,1130.0,158143,1,3.4159998893737793
2026-07-10T12:37:52+00:00,37.51809697598219,126.94591197185218,2329.5,3.419,6.0,162,91,235,208.0,91.0,8.1,1130.0,158378,1,3.4189999103546143
2026-07-10T12:37:53+00:00,37.51809949055314,126.94588514976203,2333.0,3.425,6.0,162,91,236,208.0,91.0,8.1,1130.0,158614,1,3.4240000247955322
2026-07-10T12:37:54+00:00,37.51810200512409,126.94585832767189,2336.5,3.45,5.0,163,91,236,207.0,90.0,8.0,1130.0,158850,1,3.450000047683716
2026-07-10T12:37:55+00:00,37.518104603514075,126.94583150558174,2340.0,3.475,5.0,162,92,236,206.0,90.0,8.0,1130.0,159086,1,3.4749999046325684
2026-07-10T12:37:56+00:00,37.518112901598215,126.94574969820678,2343.5,3.483,5.0,163,92,238,205.0,89.0,7.9,1130.0,159324,1,3.4830000400543213
2026-07-10T12:37:57+00:00,37.51811499707401,126.94572161883116,2347.0,3.492,5.0,163,92,240,204.0,89.0,7.8,1140.0,159564,1,3.490999937057495
2026-07-10T12:37:58+00:00,37.51811717636883,126.94569353945553,2351.0,3.503,5.0,163,92,240,203.0,88.0,7.7,1140.0,159804,1,3.502000093460083
2026-07-10T12:37:59+00:00,37.51811935566366,126.94566546007991,2355.0,3.514,5.0,163,92,240,202.0,87.0,7.7,1150.0,160044,1,3.513000011444092
2026-07-10T12:38:00+00:00,37.51812446862459,126.94558080285788,2358.5,3.517,5.0,162,91,241,201.0,86.0,7.6,1150.0,160285,1,3.5160000324249268
2026-07-10T12:38:01+00:00,37.51812539063394,126.94555280730128,2362.0,3.522,5.0,163,91,242,201.0,86.0,7.5,1160.0,160527,1,3.5220000743865967
2026-07-10T12:38:02+00:00,37.51812639646232,126.94552481174469,2366.0,3.528,5.0,163,91,242,201.0,86.0,7.5,1160.0,160769,1,3.5269999504089355
2026-07-10T12:38:03+00:00,37.5181274022907,126.94549690000713,2370.0,3.533,5.0,162,91,242,201.0,86.0,7.5,1160.0,161011,1,3.5329999923706055
2026-07-10T12:38:04+00:00,37.5181274022907,126.94541492499411,2373.5,3.536,5.0,162,91,242,200.0,85.0,7.4,1160.0,161253,1,3.5360000133514404
2026-07-10T12:38:05+00:00,37.518128575757146,126.94538843818009,2377.0,3.542,5.0,162,91,243,200.0,85.0,7.4,1170.0,161496,1,3.5409998893737793
2026-07-10T12:38:06+00:00,37.51812974922359,126.9453620351851,2380.5,3.542,5.0,162,90,243,200.0,85.0,7.3,1170.0,161739,1,3.5409998893737793
2026-07-10T12:38:07+00:00,37.518131006509066,126.94533563219011,2384.0,3.544,5.0,161,90,244,200.0,85.0,7.3,1170.0,161983,1,3.5439999103546143
2026-07-10T12:38:08+00:00,37.51813746057451,126.94525801576674,2387.5,3.544,5.0,161,90,244,200.0,84.0,7.3,1170.0,162227,1,3.5439999103546143
2026-07-10T12:38:09+00:00,37.518138298764825,126.94523219950497,2391.0,3.544,5.0,161,90,244,200.0,84.0,7.3,1170.0,162471,1,3.5439999103546143
2026-07-10T12:38:10+00:00,37.51813905313611,126.94520646706223,2394.0,3.547,5.0,160,90,244,199.0,84.0,7.2,1170.0,162715,1,3.546999931335449
2026-07-10T12:38:11+00:00,37.51813989132643,126.9451807346195,2397.0,3.55,5.0,160,90,244,199.0,85.0,7.2,1180.0,162959,1,3.5490000247955322
2026-07-10T12:38:12+00:00,37.518134862184525,126.94510345347226,2400.5,3.547,5.0,160,90,244,199.0,85.0,7.2,1180.0,163203,1,3.546999931335449
2026-07-10T12:38:13+00:00,37.518131928518414,126.94507797248662,2404.0,3.547,5.0,160,90,245,199.0,85.0,7.2,1180.0,163448,1,3.546999931335449
2026-07-10T12:38:14+00:00,37.518129078671336,126.94505249150097,2407.5,3.544,5.0,160,90,245,199.0,85.0,7.2,1170.0,163693,1,3.5439999103546143
2026-07-10T12:38:15+00:00,37.518126145005226,126.94502709433436,2411.0,3.544,5.0,160,90,245,199.0,85.0,7.2,1170.0,163938,1,3.5439999103546143
2026-07-10T12:38:16+00:00,37.518118768930435,126.94495165720582,2414.5,3.542,5.0,160,90,244,199.0,85.0,7.2,1170.0,164182,1,3.5409998893737793
2026-07-10T12:38:17+00:00,37.518116757273674,126.9449265114963,2418.0,3.539,5.0,160,90,244,199.0,86.0,7.3,1170.0,164426,1,3.5380001068115234
2026-07-10T12:38:18+00:00,37.51811474561691,126.94490153342485,2421.0,3.531,5.0,159,90,244,199.0,86.0,7.3,1170.0,164670,1,3.5299999713897705
2026-07-10T12:38:19+00:00,37.51811273396015,126.9448765553534,2424.0,3.522,5.0,159,90,244,200.0,87.0,7.4,1170.0,164914,1,3.5220000743865967
2026-07-10T12:38:20+00:00,37.518107537180185,126.9448025431484,2427.5,3.517,5.0,159,90,243,200.0,87.0,7.4,1170.0,165157,1,3.5160000324249268
2026-07-10T12:38:21+00:00,37.518105525523424,126.94477790035307,2431.0,3.514,5.0,159,90,242,200.0,88.0,7.5,1170.0,165399,1,3.513000011444092
2026-07-10T12:38:22+00:00,37.518103597685695,126.94475342519581,2434.5,3.508,5.0,159,90,242,200.0,88.0,7.5,1170.0,165641,1,3.507999897003174
2026-07-10T12:38:23+00:00,37.51810158602893,126.94472895003855,2438.0,3.506,5.0,159,90,242,200.0,89.0,7.6,1170.0,165883,1,3.505000114440918
2026-07-10T12:38:24+00:00,37.51809563487768,126.94465611129999,2441.0,3.5,5.0,158,90,242,200.0,89.0,7.6,1170.0,166125,1,3.5
2026-07-10T12:38:25+00:00,37.51809395849705,126.94463197141886,2444.0,3.497,5.0,158,90,242,201.0,90.0,7.7,1170.0,166367,1,3.496999979019165
2026-07-10T12:38:26+00:00,37.51809228211641,126.94460774771869,2447.0,3.494,5.0,157,90,241,201.0,90.0,7.7,1160.0,166608,1,3.49399995803833
2026-07-10T12:38:27+00:00,37.51809060573578,126.94458352401853,2450.0,3.492,5.0,157,90,241,201.0,91.0,7.8,1160.0,166849,1,3.490999937057495
2026-07-10T12:38:28+00:00,37.51808683387935,126.944510769099,2453.5,3.489,5.0,157,90,240,201.0,91.0,7.8,1160.0,167089,1,3.555000066757202
2026-07-10T12:38:29+00:00,37.51808566041291,126.9444864615798,2457.0,3.486,5.0,158,90,240,201.0,92.0,7.9,1160.0,167329,1,3.621999979019165
2026-07-10T12:38:30+00:00,37.518084486946464,126.9444621540606,2460.0,3.483,5.0,158,90,246,201.0,92.0,7.9,1150.0,167575,1,3.615999937057495
2026-07-10T12:38:31+00:00,37.51808322966099,126.9444378465414,2463.0,3.483,5.0,158,90,252,201.0,92.0,7.9,1150.0,167827,1,3.6110000610351562
2026-07-10T12:38:32+00:00,37.518077697604895,126.94436240941286,2466.5,3.481,5.0,158,90,251,201.0,92.0,7.9,1150.0,168078,1,3.6110000610351562
2026-07-10T12:38:33+00:00,37.518074763938785,126.9443360902369,2470.0,3.478,6.0,158,90,251,202.0,93.0,8.0,1150.0,168329,1,3.6110000610351562
2026-07-10T12:38:34+00:00,37.518071830272675,126.94430985487998,2473.5,3.475,6.0,158,90,251,202.0,93.0,8.0,1150.0,168580,1,3.6050000190734863
2026-07-10T12:38:35+00:00,37.518068980425596,126.94428361952305,2477.0,3.472,6.0,158,90,251,202.0,93.0,8.0,1150.0,168831,1,3.5999999046325684
2026-07-10T12:38:36+00:00,37.518060095608234,126.94420415908098,2480.5,3.469,6.0,158,90,250,202.0,92.0,8.0,1150.0,169081,1,3.5999999046325684
2026-07-10T12:38:37+00:00,37.518056742846966,126.94417809136212,2484.0,3.467,6.0,158,90,250,203.0,92.0,8.0,1150.0,169331,1,3.5999999046325684
2026-07-10T12:38:38+00:00,37.51805347390473,126.94415219128132,2487.5,3.464,5.0,158,90,250,203.0,92.0,8.0,1150.0,169581,1,3.5940001010894775
2026-07-10T12:38:39+00:00,37.51805020496249,126.94412629120052,2491.0,3.461,5.0,158,90,250,203.0,92.0,8.0,1150.0,169831,1,3.5910000801086426
2026-07-10T12:38:40+00:00,37.51803947612643,126.94405085407197,2494.5,3.461,5.0,158,90,250,203.0,92.0,8.0,1150.0,170081,1,3.5910000801086426
2026-07-10T12:38:41+00:00,37.518034782260656,126.94402595981956,2498.0,3.461,5.0,158,90,250,203.0,92.0,8.0,1150.0,170331,1,3.5910000801086426
2026-07-10T12:38:42+00:00,37.51803017221391,126.94400114938617,2501.5,3.461,5.0,158,90,250,203.0,92.0,8.0,1140.0,170581,1,3.5239999294281006
2026-07-10T12:38:43+00:00,37.51802556216717,126.94397633895278,2505.0,3.461,5.0,158,91,250,203.0,92.0,8.0,1140.0,170831,1,3.4609999656677246
2026-07-10T12:38:44+00:00,37.518009301275015,126.94390299730003,2508.0,3.461,5.0,158,91,250,202.0,92.0,8.0,1140.0,171081,1,3.4609999656677246
2026-07-10T12:38:45+00:00,37.51800427213311,126.94387793540955,2511.0,3.461,5.0,158,91,250,202.0,92.0,8.0,1140.0,171331,1,3.4609999656677246
2026-07-10T12:38:46+00:00,37.51799932681024,126.94385287351906,2514.5,3.461,5.0,158,91,244,202.0,91.0,8.0,1140.0,171575,1,3.4609999656677246
2026-07-10T12:38:47+00:00,37.5179944653064,126.94382772780955,2518.0,3.461,5.0,158,91,238,202.0,91.0,8.0,1140.0,171813,1,3.4609999656677246
2026-07-10T12:38:48+00:00,37.517977533861995,126.94375103339553,2522.0,3.458,5.0,158,90,238,202.0,91.0,7.9,1140.0,172051,1,3.4579999446868896
2026-07-10T12:38:49+00:00,37.51797133125365,126.94372555240989,2526.0,3.456,5.0,158,90,238,202.0,91.0,7.9,1150.0,172289,1,3.4549999237060547
2026-07-10T12:38:50+00:00,37.517965296283364,126.94370015524328,2529.0,3.456,5.0,158,90,238,201.0,91.0,7.9,1150.0,172527,1,3.4549999237060547
2026-07-10T12:38:51+00:00,37.51795917749405,126.94367475807667,2532.0,3.456,5.0,158,89,238,201.0,92.0,8.0,1160.0,172765,1,3.4549999237060547
2026-07-10T12:38:52+00:00,37.51794056966901,126.94359865039587,2535.5,3.456,5.0,158,89,238,201.0,92.0,8.0,1160.0,173003,1,3.4549999237060547
2026-07-10T12:38:53+00:00,37.5179339479655,126.94357367232442,2539.0,3.458,5.0,158,90,238,201.0,92.0,8.0,1160.0,173241,1,3.4579999446868896
2026-07-10T12:38:54+00:00,37.517927326262,126.94354861043394,2542.5,3.458,5.0,158,90,238,201.0,92.0,8.0,1150.0,173479,1,3.4579999446868896
2026-07-10T12:38:55+00:00,37.51792078837752,126.94352363236248,2546.0,3.461,5.0,158,90,238,201.0,93.0,8.0,1150.0,173717,1,3.4609999656677246
2026-07-10T12:38:56+00:00,37.51789916306734,126.94344920106232,2549.5,3.461,5.0,158,90,238,200.0,93.0,8.0,1150.0,173955,1,3.4609999656677246
2026-07-10T12:38:57+00:00,37.51789120025933,126.94342489354312,2553.0,3.464,6.0,158,90,238,200.0,93.0,8.1,1150.0,174193,1,3.4630000591278076
2026-07-10T12:38:58+00:00,37.517883237451315,126.94340066984296,2556.5,3.464,6.0,158,90,238,200.0,93.0,8.1,1150.0,174431,1,3.4630000591278076
2026-07-10T12:38:59+00:00,37.517875358462334,126.94337636232376,2560.0,3.464,6.0,158,90,238,200.0,93.0,8.1,1150.0,174669,1,3.4630000591278076
2026-07-10T12:39:00+00:00,37.517853397876024,126.943305619061,2563.5,3.464,6.0,158,90,238,200.0,93.0,8.0,1150.0,174907,1,3.4630000591278076
2026-07-10T12:39:01+00:00,37.51784669235349,126.94328223355114,2567.0,3.464,6.0,158,90,238,200.0,93.0,8.0,1150.0,175145,1,3.4630000591278076
2026-07-10T12:39:02+00:00,37.51783998683095,126.9432588480413,2570.0,3.464,6.0,158,90,238,200.0,93.0,8.0,1150.0,175383,1,3.4630000591278076
2026-07-10T12:39:03+00:00,37.51783328130841,126.94323554635048,2573.0,3.464,6.0,158,90,238,200.0,93.0,8.1,1150.0,175621,1,3.4630000591278076
2026-07-10T12:39:04+00:00,37.517813835293055,126.94316606037319,2576.5,3.461,6.0,158,90,238,200.0,93.0,8.1,1140.0,175859,1,3.4609999656677246
2026-07-10T12:39:05+00:00,37.517807967960835,126.94314242340624,2580.0,3.458,6.0,158,91,238,201.0,93.0,8.1,1140.0,176097,1,3.4579999446868896
2026-07-10T12:39:06+00:00,37.517802184447646,126.94311887025833,2583.0,3.456,6.0,158,90,238,201.0,93.0,8.1,1140.0,176335,1,3.4549999237060547
2026-07-10T12:39:07+00:00,37.51779640093446,126.94309531711042,2586.0,3.453,6.0,158,90,238,201.0,93.0,8.1,1140.0,176573,1,3.4519999027252197
2026-07-10T12:39:08+00:00,37.51778273843229,126.94302264600992,2589.5,3.447,6.0,158,90,238,201.0,93.0,8.1,1140.0,176811,1,3.447000026702881
2026-07-10T12:39:09+00:00,37.517780642956495,126.94299724884331,2593.0,3.444,6.0,158,90,238,202.0,93.0,8.1,1140.0,177049,1,3.444000005722046
2026-07-10T12:39:10+00:00,37.5177785474807,126.9429718516767,2596.5,3.442,6.0,158,90,237,202.0,92.0,8.0,1140.0,177286,1,3.440999984741211
2026-07-10T12:39:11+00:00,37.51777645200491,126.94294653832912,2600.0,3.439,6.0,158,90,237,202.0,92.0,8.0,1140.0,177523,1,3.437999963760376
2026-07-10T12:39:12+00:00,37.51777796074748,126.94286791607738,2603.5,3.431,6.0,158,90,237,202.0,91.0,7.9,1140.0,177760,1,3.430000066757202
2026-07-10T12:39:13+00:00,37.51777988858521,126.94284184835851,2607.0,3.425,6.0,158,89,237,203.0,91.0,7.9,1150.0,177997,1,3.4240000247955322
2026-07-10T12:39:14+00:00,37.51778173260391,126.94281586445868,2610.5,3.422,6.0,158,90,236,203.0,90.0,7.8,1140.0,178233,1,3.421999931335449
2026-07-10T12:39:15+00:00,37.51778374426067,126.94278979673982,2614.0,3.419,6.0,158,91,236,204.0,89.0,7.8,1130.0,178469,1,3.4189999103546143
2026-07-10T12:39:16+00:00,37.51778827048838,126.94271385669708,2617.0,3.419,6.0,158,91,236,204.0,88.0,7.7,1130.0,178705,1,3.4189999103546143
2026-07-10T12:39:17+00:00,37.517789946869016,126.94268980063498,2620.0,3.422,6.0,158,91,236,205.0,88.0,7.7,1130.0,178941,1,3.421999931335449
2026-07-10T12:39:18+00:00,37.51779170706868,126.94266582839191,2623.5,3.419,6.0,158,90,236,205.0,88.0,7.7,1130.0,179177,1,3.4189999103546143
2026-07-10T12:39:19+00:00,37.517793383449316,126.94264185614884,2627.0,3.419,6.0,158,90,236,205.0,88.0,7.7,1130.0,179413,1,3.4189999103546143
2026-07-10T12:39:20+00:00,37.517805034294724,126.94257404655218,2630.0,3.414,6.0,158,90,236,205.0,88.0,7.7,1130.0,179649,1,3.4130001068115234
2026-07-10T12:39:21+00:00,37.517811404541135,126.94255275651813,2633.0,3.411,6.0,158,90,236,206.0,88.0,7.7,1130.0,179885,1,3.4110000133514404
2026-07-10T12:39:22+00:00,37.51781769096851,126.9425315503031,2636.0,3.403,6.0,158,90,235,206.0,87.0,7.7,1120.0,180120,1,3.4019999504089355
2026-07-10T12:39:23+00:00,37.51782397739589,126.94251034408808,2639.0,3.394,6.0,158,91,235,206.0,87.0,7.7,1120.0,180355,1,3.3940000534057617
2026-07-10T12:39:24+00:00,37.517856834456325,126.94245896302164,2642.0,3.383,6.0,158,91,234,206.0,86.0,7.7,1110.0,180589,1,3.382999897003174
2026-07-10T12:39:25+00:00,37.51787234097719,126.94244613870978,2645.0,3.375,6.0,158,91,234,206.0,86.0,7.7,1110.0,180823,1,3.374000072479248
2026-07-10T12:39:26+00:00,37.51788784749806,126.94243331439793,2648.0,3.367,6.0,158,92,233,205.0,86.0,7.7,1100.0,181056,1,3.365999937057495
2026-07-10T12:39:27+00:00,37.51790343783796,126.94242065772414,2651.0,3.358,6.0,158,92,233,205.0,86.0,7.7,1090.0,181289,1,3.3580000400543213
2026-07-10T12:39:28+00:00,37.51795574091375,126.94238721393049,2654.5,3.353,6.0,158,92,232,205.0,85.0,7.7,1090.0,181521,1,3.3519999980926514
2026-07-10T12:39:29+00:00,37.517973678186536,126.94237715564668,2658.0,3.347,6.0,158,91,231,205.0,85.0,7.7,1100.0,181752,1,3.3469998836517334
2026-07-10T12:39:30+00:00,37.51799153164029,126.94236701354384,2661.0,3.331,5.0,158,90,231,205.0,85.0,7.7,1100.0,181983,1,3.3299999237060547
2026-07-10T12:39:31+00:00,37.51800955273211,126.94235695526004,2664.0,3.317,5.0,159,89,231,205.0,85.0,7.7,1110.0,182214,1,3.315999984741211
2026-07-10T12:39:32+00:00,37.51806118525565,126.94232736714184,2667.0,3.297,5.0,159,88,230,205.0,85.0,7.7,1120.0,182444,1,3.296999931335449
2026-07-10T12:39:33+00:00,37.518077697604895,126.94231630302966,2670.0,3.281,5.0,159,87,229,206.0,86.0,7.7,1130.0,182673,1,3.2799999713897705
2026-07-10T12:39:34+00:00,37.518094293773174,126.94230540655553,2673.0,3.267,5.0,159,86,227,206.0,86.0,7.7,1130.0,182900,1,3.2660000324249268
2026-07-10T12:39:35+00:00,37.518110889941454,126.94229451008141,2676.0,3.256,5.0,159,86,226,207.0,87.0,7.8,1140.0,183126,1,3.255000114440918
2026-07-10T12:39:36+00:00,37.51816210336983,126.94226299412549,2679.5,3.247,5.0,159,86,225,208.0,88.0,7.8,1130.0,183351,1,3.246999979019165
2026-07-10T12:39:37+00:00,37.51818054355681,126.94225821644068,2683.0,3.239,5.0,159,86,225,209.0,89.0,7.9,1120.0,183576,1,3.23799991607666
2026-07-10T12:39:38+00:00,37.51819906756282,126.94225343875587,2686.0,3.236,5.0,159,87,224,209.0,89.0,7.9,1110.0,183800,1,3.2330000400543213
2026-07-10T12:39:39+00:00,37.51821759156883,126.94224866107106,2689.0,3.233,5.0,159,88,223,209.0,89.0,8.0,1100.0,184023,1,3.2300000190734863
2026-07-10T12:39:40+00:00,37.51827400177717,126.9422585517168,2692.5,3.233,5.0,159,89,222,209.0,89.0,8.0,1090.0,184245,1,3.177000045776367
2026-07-10T12:39:41+00:00,37.51829244196415,126.94226651452482,2696.0,3.236,5.0,159,90,222,209.0,90.0,8.1,1080.0,184467,1,3.127000093460083
2026-07-10T12:39:42+00:00,37.51831096597016,126.94227456115186,2699.5,3.239,4.0,159,90,217,209.0,90.0,8.1,1080.0,184684,1,3.127000093460083
2026-07-10T12:39:43+00:00,37.51832948997617,126.94228252395988,2703.0,3.244,4.0,159,90,213,210.0,91.0,8.2,1080.0,184897,1,3.127000093460083
2026-07-10T12:39:44+00:00,37.51838447526097,126.9423050712794,2706.0,3.244,4.0,159,90,213,210.0,91.0,8.2,1080.0,185110,1,3.0769999027252197
2026-07-10T12:39:45+00:00,37.51840232871473,126.94230725057423,2709.0,3.244,4.0,159,90,213,211.0,91.0,8.3,1080.0,185323,1,3.0269999504089355
2026-07-10T12:39:46+00:00,37.518420265987515,126.94230951368809,2712.0,3.239,3.0,159,89,208,211.0,91.0,8.3,1080.0,185531,1,3.0269999504089355
2026-07-10T12:39:47+00:00,37.518438287079334,126.94231186062098,2715.0,3.236,3.0,159,89,204,212.0,92.0,8.4,1080.0,185735,1,3.0269999504089355
2026-07-10T12:39:48+00:00,37.51848799176514,126.94229559972882,2717.5,3.222,3.0,159,89,204,212.0,92.0,8.5,1080.0,185939,1,3.013000011444092
2026-07-10T12:39:49+00:00,37.51850249245763,126.9422831106931,2720.0,3.211,3.0,159,89,204,213.0,93.0,8.6,1080.0,186143,1,3.0
2026-07-10T12:39:50+00:00,37.518516993150115,126.94227062165737,2723.0,3.2,3.0,159,89,203,213.0,93.0,8.6,1070.0,186346,1,2.98799991607666
2026-07-10T12:39:51+00:00,37.5185314938426,126.94225821644068,2726.0,3.192,3.0,159,89,202,213.0,93.0,8.6,1070.0,186548,1,2.9800000190734863
2026-07-10T12:39:52+00:00,37.518570804968476,126.94220985285938,2729.5,3.186,3.0,158,89,201,213.0,93.0,8.6,1070.0,186749,1,2.9749999046325684
2026-07-10T12:39:53+00:00,37.51858379691839,126.94219317287207,2733.0,3.181,3.0,158,89,201,213.0,93.0,8.7,1070.0,186950,1,2.9690001010894775
2026-07-10T12:39:54+00:00,37.51859687268734,126.94217640906572,2736.0,3.175,3.0,158,89,200,212.0,93.0,8.6,1070.0,187150,1,2.9630000591278076
2026-07-10T12:39:55+00:00,37.51860994845629,126.94215981289744,2739.0,3.172,3.0,158,89,200,212.0,93.0,8.6,1070.0,187350,1,2.9609999656677246
2026-07-10T12:39:56+00:00,37.518649846315384,126.94211086258292,2742.0,3.169,3.0,158,89,199,211.0,93.0,8.6,1070.0,187549,1,2.9609999656677246
2026-07-10T12:39:57+00:00,37.51866325736046,126.9420944340527,2745.0,3.167,3.0,158,89,199,211.0,93.0,8.6,1070.0,187748,1,2.9609999656677246
2026-07-10T12:39:58+00:00,37.518676752224565,126.94207800552249,2748.0,3.161,3.0,158,89,199,211.0,93.0,8.6,1070.0,187947,1,2.9549999237060547
2026-07-10T12:39:59+00:00,37.51869024708867,126.9420616608113,2751.0,3.158,3.0,158,89,199,211.0,93.0,8.7,1070.0,188146,1,2.9519999027252197
2026-07-10T12:40:00+00:00,37.51873089931905,126.94201162084937,2754.0,3.156,3.0,158,89,199,211.0,93.0,8.7,1060.0,188345,1,3.0
2026-07-10T12:40:01+00:00,37.51874447800219,126.94199460558593,2757.0,3.156,4.0,158,89,199,212.0,93.0,8.7,1060.0,188544,1,3.0490000247955322
2026-07-10T12:40:02+00:00,37.51875805668533,126.9419775903225,2760.5,3.144,4.0,158,88,203,212.0,93.0,8.7,1060.0,188747,1,3.0910000801086426
2026-07-10T12:40:03+00:00,37.518771635368466,126.94196074269712,2764.0,3.136,4.0,158,88,208,212.0,93.0,8.7,1060.0,188955,1,3.135999917984009
2026-07-10T12:40:04+00:00,37.51881228759885,126.9419099483639,2767.0,3.133,4.0,158,89,207,212.0,93.0,8.7,1050.0,189162,1,3.132999897003174
2026-07-10T12:40:05+00:00,37.518825363367796,126.94189209491014,2770.0,3.131,4.0,158,89,207,212.0,93.0,8.8,1050.0,189369,1,3.130000114440918
2026-07-10T12:40:06+00:00,37.51883843913674,126.94187432527542,2773.5,3.131,4.0,158,89,211,212.0,93.0,8.8,1050.0,189580,1,3.130000114440918
2026-07-10T12:40:07+00:00,37.51885159872472,126.94185663945973,2777.0,3.133,4.0,159,89,216,213.0,93.0,8.8,1050.0,189796,1,3.130000114440918
2026-07-10T12:40:08+00:00,37.51888998784125,126.94179846905172,2780.5,3.136,4.0,158,89,216,213.0,93.0,8.8,1050.0,190012,1,3.257999897003174
2026-07-10T12:40:09+00:00,37.518902057781816,126.9417783524841,2784.0,3.142,5.0,158,90,216,213.0,93.0,8.8,1050.0,190228,1,3.385999917984009
2026-07-10T12:40:10+00:00,37.51891412772238,126.9417582359165,2787.0,3.15,5.0,158,90,226,213.0,93.0,8.8,1050.0,190454,1,3.3970000743865967
2026-07-10T12:40:11+00:00,37.51892636530101,126.94173820316792,2790.0,3.158,5.0,159,90,237,213.0,93.0,8.8,1050.0,190691,1,3.4079999923706055
2026-07-10T12:40:12+00:00,37.518960144370794,126.94167751818895,2793.5,3.164,5.0,159,90,238,212.0,93.0,8.8,1050.0,190929,1,3.4830000400543213
2026-07-10T12:40:13+00:00,37.51897129230201,126.94165723398328,2797.0,3.169,5.0,159,90,239,212.0,93.0,8.8,1060.0,191168,1,3.558000087738037
2026-07-10T12:40:14+00:00,37.51898244023323,126.94163703359663,2800.0,3.172,5.0,159,90,245,212.0,92.0,8.8,1060.0,191413,1,3.562999963760376
2026-07-10T12:40:15+00:00,37.51899367198348,126.94161683320999,2803.0,3.175,5.0,159,90,251,212.0,92.0,8.8,1060.0,191664,1,3.572000026702881
2026-07-10T12:40:16+00:00,37.51903063617647,126.94155891425908,2806.5,3.178,5.0,159,89,251,212.0,92.0,8.7,1060.0,191915,1,3.6470000743865967
2026-07-10T12:40:17+00:00,37.5190444663167,126.9415418151766,2810.0,3.181,6.0,159,89,251,212.0,92.0,8.7,1060.0,192166,1,3.7219998836517334
2026-07-10T12:40:18+00:00,37.51905829645693,126.94152471609414,2813.0,3.183,6.0,159,89,257,212.0,91.0,8.6,1060.0,192423,1,3.7269999980926514
2026-07-10T12:40:19+00:00,37.519072126597166,126.94150761701167,2816.0,3.186,6.0,159,89,263,212.0,91.0,8.6,1070.0,192686,1,3.7330000400543213
2026-07-10T12:40:20+00:00,37.51911889761686,126.94147056899965,2819.0,3.189,6.0,160,89,263,212.0,91.0,8.5,1070.0,192949,1,3.7330000400543213
2026-07-10T12:40:21+00:00,37.51913624815643,126.94146495312452,2822.0,3.192,6.0,159,89,264,212.0,91.0,8.5,1080.0,193213,1,3.7330000400543213
2026-07-10T12:40:22+00:00,37.51915376633406,126.9414593372494,2825.0,3.192,6.0,160,89,264,212.0,90.0,8.4,1080.0,193477,1,3.7330000400543213
2026-07-10T12:40:23+00:00,37.519171284511685,126.9414538051933,2828.0,3.194,6.0,160,89,264,212.0,90.0,8.4,1080.0,193741,1,3.7330000400543213
2026-07-10T12:40:24+00:00,37.51922610215843,126.9414522126317,2831.0,3.194,6.0,159,89,264,212.0,90.0,8.4,1080.0,194005,1,3.6630001068115234
2026-07-10T12:40:25+00:00,37.519244542345405,126.94145196117461,2834.0,3.197,6.0,160,89,264,212.0,90.0,8.4,1080.0,194269,1,3.5940001010894775
2026-07-10T12:40:26+00:00,37.519263150170445,126.94145170971751,2837.5,3.197,6.0,160,89,258,212.0,90.0,8.4,1070.0,194527,1,3.5940001010894775
2026-07-10T12:40:27+00:00,37.519281757995486,126.94145154207945,2841.0,3.197,6.0,160,89,253,212.0,91.0,8.4,1070.0,194780,1,3.5940001010894775
2026-07-10T12:40:28+00:00,37.51933909021318,126.94144492037594,2844.0,3.197,6.0,160,89,253,211.0,91.0,8.4,1070.0,195033,1,3.5220000743865967
2026-07-10T12:40:29+00:00,37.51935820095241,126.94144274108112,2847.0,3.2,6.0,160,90,253,211.0,91.0,8.5,1070.0,195286,1,3.4519999027252197
2026-07-10T12:40:30+00:00,37.51937739551067,126.9414405617863,2850.0,3.194,6.0,160,90,247,211.0,91.0,8.5,1060.0,195533,1,3.447000026702881
2026-07-10T12:40:31+00:00,37.519396590068936,126.94143829867244,2853.0,3.192,6.0,160,90,242,212.0,91.0,8.5,1060.0,195775,1,3.440999984741211
2026-07-10T12:40:32+00:00,37.51945526339114,126.94143410772085,2856.5,3.189,6.0,160,90,241,212.0,91.0,8.5,1050.0,196016,1,3.440999984741211
2026-07-10T12:40:33+00:00,37.51947504468262,126.94143444299698,2860.0,3.189,6.0,160,91,241,212.0,92.0,8.6,1050.0,196257,1,3.440999984741211
2026-07-10T12:40:34+00:00,37.51949482597411,126.94143469445407,2863.5,3.186,6.0,160,90,241,211.0,92.0,8.6,1050.0,196498,1,3.440999984741211
2026-07-10T12:40:35+00:00,37.519514774903655,126.94143511354923,2867.0,3.186,6.0,160,90,241,211.0,92.0,8.6,1060.0,196739,1,3.440999984741211
2026-07-10T12:40:36+00:00,37.51957235857844,126.94144575856626,2870.0,3.183,6.0,160,90,241,211.0,92.0,8.6,1060.0,196980,1,3.36899995803833
2026-07-10T12:40:37+00:00,37.51959088258445,126.94145355373621,2873.0,3.183,6.0,159,90,241,211.0,92.0,8.7,1060.0,197221,1,3.299999952316284
2026-07-10T12:40:38+00:00,37.51960940659046,126.94146134890616,2876.5,3.181,6.0,159,90,235,211.0,92.0,8.7,1050.0,197456,1,3.299999952316284
2026-07-10T12:40:39+00:00,37.51962793059647,126.94146914407611,2880.0,3.181,6.0,159,90,229,211.0,92.0,8.7,1050.0,197685,1,3.299999952316284
2026-07-10T12:40:40+00:00,37.51968408934772,126.94149781018496,2883.5,3.181,6.0,159,90,229,211.0,92.0,8.7,1050.0,197914,1,3.299999952316284
2026-07-10T12:40:41+00:00,37.519702948629856,126.9415077008307,2887.0,3.183,6.0,159,90,229,211.0,92.0,8.7,1060.0,198143,1,3.299999952316284
2026-07-10T12:40:42+00:00,37.519721891731024,126.94151759147644,2890.0,3.183,6.0,159,90,229,211.0,92.0,8.7,1060.0,198372,1,3.305000066757202
2026-07-10T12:40:43+00:00,37.51974083483219,126.94152764976025,2893.0,3.186,6.0,159,90,229,211.0,92.0,8.7,1060.0,198601,1,3.311000108718872
2026-07-10T12:40:44+00:00,37.51979758031666,126.9415563158691,2896.5,3.192,6.0,159,90,229,210.0,92.0,8.7,1060.0,198830,1,3.312999963760376
2026-07-10T12:40:45+00:00,37.51981635577977,126.94156595505774,2900.0,3.197,7.0,159,90,230,210.0,92.0,8.7,1070.0,199060,1,3.319000005722046
2026-07-10T12:40:46+00:00,37.51983513124287,126.94157551042736,2903.5,3.197,7.0,159,90,230,210.0,92.0,8.6,1070.0,199290,1,3.319000005722046
2026-07-10T12:40:47+00:00,37.51985407434404,126.941585149616,2907.0,3.2,7.0,159,90,231,210.0,92.0,8.6,1070.0,199521,1,3.319000005722046
2026-07-10T12:40:48+00:00,37.51991182565689,126.94161465391517,2910.5,3.203,7.0,159,90,231,210.0,91.0,8.6,1070.0,199752,1,3.3910000324249268
2026-07-10T12:40:49+00:00,37.51993127167225,126.9416216108948,2914.0,3.206,7.0,159,90,231,210.0,91.0,8.6,1070.0,199983,1,3.4630000591278076
2026-07-10T12:40:50+00:00,37.519950633868575,126.94162865169346,2917.5,3.208,7.0,159,89,236,210.0,91.0,8.5,1070.0,200219,1,3.4630000591278076
2026-07-10T12:40:51+00:00,37.51997007988393,126.9416356086731,2921.0,3.211,7.0,159,89,242,210.0,91.0,8.5,1080.0,200461,1,3.4630000591278076
2026-07-10T12:40:52+00:00,37.52002959139645,126.94163762032986,2924.0,3.214,7.0,159,89,242,210.0,91.0,8.5,1080.0,200703,1,3.4660000801086426
2026-07-10T12:40:53+00:00,37.520049372687936,126.94163787178695,2927.0,3.217,8.0,159,89,242,210.0,91.0,8.5,1080.0,200945,1,3.4719998836517334
2026-07-10T12:40:54+00:00,37.52006915397942,126.94163803942502,2930.5,3.217,8.0,159,89,242,210.0,91.0,8.4,1070.0,201187,1,3.4719998836517334
2026-07-10T12:40:55+00:00,37.52008910290897,126.94163829088211,2934.0,3.219,8.0,159,90,243,211.0,91.0,8.4,1070.0,201430,1,3.4719998836517334
2026-07-10T12:40:56+00:00,37.52014794386923,126.94164801388979,2937.0,3.219,8.0,159,90,243,211.0,90.0,8.4,1070.0,201673,1,3.4719998836517334
2026-07-10T12:40:57+00:00,37.52016747370362,126.94165270775557,2940.0,3.222,8.0,159,90,243,211.0,90.0,8.4,1070.0,201916,1,3.4719998836517334
2026-07-10T12:40:58+00:00,37.52018700353801,126.9416575692594,2943.5,3.231,8.0,159,90,243,211.0,90.0,8.4,1070.0,202159,1,3.4830000400543213
2026-07-10T12:40:59+00:00,37.5202065333724,126.94166234694421,2947.0,3.242,8.0,159,91,243,211.0,90.0,8.4,1070.0,202402,1,3.49399995803833
2026-07-10T12:41:00+00:00,37.520265290513635,126.94167676381767,2950.5,3.242,8.0,159,90,244,211.0,90.0,8.4,1070.0,202646,1,3.49399995803833
2026-07-10T12:41:01+00:00,37.52028473652899,126.94168112240732,2954.0,3.244,8.0,159,90,245,211.0,90.0,8.4,1070.0,202891,1,3.49399995803833
2026-07-10T12:41:02+00:00,37.520304350182414,126.941685564816,2957.0,3.242,8.0,159,89,245,211.0,90.0,8.4,1080.0,203136,1,3.49399995803833
2026-07-10T12:41:03+00:00,37.520323963835835,126.94168992340565,2960.0,3.242,8.0,159,89,245,211.0,90.0,8.4,1090.0,203381,1,3.49399995803833
2026-07-10T12:41:04+00:00,37.52038490027189,126.94170350208879,2963.5,3.239,8.0,159,89,245,211.0,90.0,8.4,1090.0,203626,1,3.427000045776367
2026-07-10T12:41:05+00:00,37.520405603572726,126.94170886650681,2967.0,3.239,8.0,159,89,245,211.0,90.0,8.4,1090.0,203871,1,3.3610000610351562
2026-07-10T12:41:06+00:00,37.52042630687356,126.94171414710581,2970.5,3.239,8.0,159,89,239,211.0,90.0,8.4,1090.0,204110,1,3.299999952316284
2026-07-10T12:41:07+00:00,37.52044692635536,126.94171951152384,2974.0,3.242,8.0,160,88,234,211.0,91.0,8.4,1100.0,204344,1,3.240999937057495
2026-07-10T12:41:08+00:00,37.52050953917205,126.94173585623503,2978.0,3.244,8.0,160,88,234,211.0,91.0,8.4,1100.0,204578,1,3.24399995803833
2026-07-10T12:41:09+00:00,37.52053049392998,126.94173996336758,2982.0,3.25,8.0,160,89,234,211.0,92.0,8.4,1100.0,204812,1,3.249000072479248
2026-07-10T12:41:10+00:00,37.52055136486888,126.94174407050014,2985.5,3.256,7.0,160,89,229,211.0,92.0,8.4,1100.0,205041,1,3.255000114440918
2026-07-10T12:41:11+00:00,37.52057223580778,126.94174826145172,2989.0,3.261,7.0,160,89,224,211.0,92.0,8.4,1100.0,205265,1,3.260999917984009
2026-07-10T12:41:12+00:00,37.520634764805436,126.94175899028778,2992.5,3.267,7.0,160,89,224,210.0,92.0,8.4,1100.0,205489,1,3.2660000324249268
2026-07-10T12:41:13+00:00,37.52065563574433,126.94176284596324,2996.0,3.272,7.0,160,89,225,210.0,93.0,8.5,1100.0,205714,1,3.2720000743865967
2026-07-10T12:41:14+00:00,37.52067659050226,126.9417667016387,2999.5,3.283,7.0,160,89,225,210.0,93.0,8.5,1100.0,205939,1,3.2829999923706055
2026-07-10T12:41:15+00:00,37.52069746144116,126.94177064113319,3003.0,3.297,7.0,160,90,225,210.0,93.0,8.5,1100.0,206164,1,3.296999931335449
2026-07-10T12:41:16+00:00,37.52075990661979,126.94178304634988,3006.5,3.306,7.0,159,90,226,209.0,93.0,8.5,1100.0,206390,1,3.305000066757202
2026-07-10T12:41:17+00:00,37.520780777558684,126.94178589619696,3010.0,3.314,7.0,159,90,227,209.0,94.0,8.5,1100.0,206617,1,3.312999963760376
2026-07-10T12:41:18+00:00,37.52080164849758,126.94178882986307,3013.5,3.317,7.0,159,90,227,209.0,94.0,8.5,1100.0,206844,1,3.315999984741211
2026-07-10T12:41:19+00:00,37.52082260325551,126.94179176352918,3017.0,3.322,7.0,159,90,228,209.0,94.0,8.5,1110.0,207072,1,3.322000026702881
2026-07-10T12:41:20+00:00,37.52088647335768,126.94179385900497,3020.5,3.328,7.0,159,90,228,209.0,94.0,8.5,1110.0,207300,1,3.3269999027252197
2026-07-10T12:41:21+00:00,37.520907847210765,126.94179335609078,3024.0,3.333,7.0,159,90,229,209.0,94.0,8.6,1110.0,207529,1,3.3329999446868896
2026-07-10T12:41:22+00:00,37.520929304882884,126.94179293699563,3027.5,3.339,7.0,159,89,229,208.0,94.0,8.5,1110.0,207758,1,3.3380000591278076
2026-07-10T12:41:23+00:00,37.520950762555,126.94179251790047,3031.0,3.344,7.0,159,89,229,208.0,94.0,8.5,1120.0,207987,1,3.3440001010894775
2026-07-10T12:41:24+00:00,37.5210149679333,126.94179042242467,3034.5,3.35,7.0,159,89,229,208.0,94.0,8.5,1120.0,208216,1,3.3499999046325684
2026-07-10T12:41:25+00:00,37.52103617414832,126.94178849458694,3038.0,3.356,7.0,157,90,230,208.0,94.0,8.5,1120.0,208446,1,3.3550000190734863
2026-07-10T12:41:26+00:00,37.52105746418238,126.94178665056825,3041.5,3.361,7.0,156,90,230,207.0,94.0,8.4,1120.0,208676,1,3.3610000610351562
2026-07-10T12:41:27+00:00,37.52107875421643,126.94178480654955,3045.0,3.367,7.0,155,90,231,207.0,94.0,8.4,1120.0,208907,1,3.365999937057495
2026-07-10T12:41:28+00:00,37.52114220522344,126.94177634082735,3048.5,3.378,7.0,155,90,231,206.0,94.0,8.4,1120.0,209138,1,3.377000093460083
2026-07-10T12:41:29+00:00,37.52116274088621,126.94177374243736,3052.0,3.392,7.0,155,90,232,206.0,94.0,8.4,1120.0,209370,1,3.3910000324249268
2026-07-10T12:41:30+00:00,37.52118336036801,126.94177114404738,3055.5,3.4,7.0,155,90,233,206.0,93.0,8.3,1120.0,209603,1,3.3989999294281006
2026-07-10T12:41:31+00:00,37.521203979849815,126.94176862947643,3059.0,3.408,7.0,155,90,234,206.0,93.0,8.3,1130.0,209837,1,3.4079999923706055
2026-07-10T12:41:32+00:00,37.52126617357135,126.94176033139229,3062.5,3.411,7.0,155,90,234,206.0,93.0,8.2,1130.0,210071,1,3.4110000133514404
2026-07-10T12:41:33+00:00,37.52128788270056,126.94175723008811,3066.0,3.414,7.0,155,90,235,206.0,93.0,8.2,1130.0,210306,1,3.4130001068115234
2026-07-10T12:41:34+00:00,37.52130959182978,126.94175412878394,3070.0,3.417,7.0,155,90,235,205.0,92.0,8.2,1130.0,210541,1,3.4159998893737793
2026-07-10T12:41:35+00:00,37.52133130095899,126.9417511112988,3074.0,3.419,7.0,155,90,235,205.0,92.0,8.2,1130.0,210776,1,3.4189999103546143
2026-07-10T12:41:36+00:00,37.52139626070857,126.94173862226307,3077.5,3.425,7.0,155,90,235,205.0,92.0,8.1,1130.0,211011,1,3.4240000247955322
2026-07-10T12:41:37+00:00,37.521417047828436,126.94173283874989,3081.0,3.433,8.0,155,91,236,205.0,92.0,8.1,1130.0,211247,1,3.433000087738037
2026-07-10T12:41:38+00:00,37.521438002586365,126.94172713905573,3084.5,3.439,8.0,155,90,236,204.0,91.0,8.1,1130.0,211483,1,3.437999963760376
2026-07-10T12:41:39+00:00,37.52145887352526,126.94172143936157,3088.0,3.444,8.0,155,90,236,204.0,91.0,8.1,1140.0,211719,1,3.444000005722046
2026-07-10T12:41:40+00:00,37.52151855267584,126.94170266389847,3091.5,3.444,8.0,155,90,236,204.0,90.0,8.0,1140.0,211955,1,3.444000005722046
2026-07-10T12:41:41+00:00,37.521537663415074,126.941696126014,3095.0,3.447,8.0,155,90,237,204.0,90.0,8.0,1140.0,212192,1,3.447000026702881
2026-07-10T12:41:42+00:00,37.521556774154305,126.94168975576758,3098.0,3.453,8.0,156,90,237,204.0,90.0,7.9,1140.0,212429,1,3.4519999027252197
2026-07-10T12:41:43+00:00,37.52157596871257,126.94168330170214,3101.0,3.458,8.0,156,91,238,204.0,90.0,7.9,1140.0,212667,1,3.4579999446868896
2026-07-10T12:41:44+00:00,37.52163263037801,126.94166251458228,3104.5,3.461,8.0,156,90,238,203.0,89.0,7.8,1140.0,212905,1,3.4609999656677246
2026-07-10T12:41:45+00:00,37.52165165729821,126.94165471941233,3108.0,3.464,8.0,156,90,238,203.0,89.0,7.8,1140.0,213143,1,3.4630000591278076
2026-07-10T12:41:46+00:00,37.52167068421841,126.94164700806141,3111.5,3.461,7.0,156,90,238,203.0,88.0,7.7,1140.0,213381,1,3.4609999656677246
2026-07-10T12:41:47+00:00,37.521689627319574,126.94163929671049,3115.0,3.461,7.0,157,90,238,203.0,88.0,7.7,1150.0,213619,1,3.4609999656677246
2026-07-10T12:41:48+00:00,37.521746372804046,126.94161381572485,3118.0,3.458,7.0,157,90,238,203.0,87.0,7.6,1150.0,213857,1,3.4579999446868896
2026-07-10T12:41:49+00:00,37.521765399724245,126.94160476326942,3121.0,3.456,7.0,157,90,238,203.0,86.0,7.5,1150.0,214095,1,3.4549999237060547
2026-07-10T12:41:50+00:00,37.52178434282541,126.941595710814,3124.5,3.45,7.0,158,90,238,203.0,85.0,7.4,1150.0,214333,1,3.450000047683716
2026-07-10T12:41:51+00:00,37.52180336974561,126.9415867421776,3128.0,3.444,7.0,158,90,238,204.0,85.0,7.4,1150.0,214571,1,3.444000005722046
2026-07-10T12:41:52+00:00,37.5218609534204,126.94155782461166,3131.5,3.442,7.0,158,89,237,204.0,84.0,7.3,1150.0,214808,1,3.440999984741211
2026-07-10T12:41:53+00:00,37.52187989652157,126.9415473472327,3135.0,3.439,7.0,158,89,237,204.0,84.0,7.3,1150.0,215045,1,3.437999963760376
2026-07-10T12:41:54+00:00,37.521898839622736,126.94153686985373,3138.5,3.436,7.0,158,89,237,204.0,84.0,7.3,1150.0,215282,1,3.436000108718872
2026-07-10T12:41:55+00:00,37.521917866542935,126.94152639247477,3142.0,3.436,7.0,158,89,237,205.0,84.0,7.3,1160.0,215519,1,3.436000108718872
2026-07-10T12:41:56+00:00,37.52197377383709,126.94149613380432,3145.5,3.436,7.0,158,88,237,205.0,84.0,7.3,1160.0,215756,1,3.436000108718872
2026-07-10T12:41:57+00:00,37.5219922978431,126.94148632697761,3149.0,3.436,7.0,158,88,237,205.0,84.0,7.3,1160.0,215993,1,3.436000108718872
2026-07-10T12:41:58+00:00,37.522010738030076,126.9414765201509,3152.0,3.433,7.0,158,88,237,205.0,84.0,7.3,1160.0,216230,1,3.433000087738037
2026-07-10T12:41:59+00:00,37.522029262036085,126.94146671332419,3155.0,3.433,7.0,158,88,237,206.0,85.0,7.4,1170.0,216467,1,3.433000087738037
2026-07-10T12:42:00+00:00,37.522082990035415,126.94143352098763,3158.5,3.431,7.0,158,88,236,206.0,86.0,7.4,1170.0,216703,1,3.430000066757202
2026-07-10T12:42:01+00:00,37.52210000529885,126.94142094813287,3162.0,3.431,7.0,158,88,236,206.0,87.0,7.5,1170.0,216939,1,3.430000066757202
2026-07-10T12:42:02+00:00,37.52211710438132,126.94140829145908,3165.5,3.425,7.0,158,87,236,206.0,88.0,7.5,1170.0,217175,1,3.4240000247955322
2026-07-10T12:42:03+00:00,37.52213420346379,126.94139580242336,3169.0,3.419,7.0,158,87,236,207.0,89.0,7.6,1170.0,217411,1,3.4189999103546143
2026-07-10T12:42:04+00:00,37.52218290232122,126.94135481491685,3172.0,3.414,7.0,158,87,236,207.0,89.0,7.6,1170.0,217647,1,3.4130001068115234
2026-07-10T12:42:05+00:00,37.522198325023055,126.94134031422436,3175.0,3.411,7.0,158,87,236,208.0,90.0,7.7,1170.0,217883,1,3.4110000133514404
2026-07-10T12:42:06+00:00,37.52221383154392,126.94132581353188,3178.0,3.408,7.0,158,87,235,208.0,91.0,7.8,1160.0,218118,1,3.4079999923706055
2026-07-10T12:42:07+00:00,37.52222933806479,126.94131131283939,3181.0,3.408,7.0,158,88,235,208.0,92.0,7.9,1160.0,218353,1,3.4079999923706055
2026-07-10T12:42:08+00:00,37.522273091599345,126.94126445800066,3184.5,3.406,7.0,158,88,235,208.0,93.0,7.9,1160.0,218588,1,3.4049999713897705
2026-07-10T12:42:09+00:00,37.52228708937764,126.94124752655625,3188.0,3.403,7.0,158,88,235,208.0,94.0,8.0,1160.0,218823,1,3.4019999504089355
2026-07-10T12:42:10+00:00,37.52230108715594,126.94123059511185,3191.0,3.4,7.0,158,88,234,208.0,95.0,8.1,1150.0,219057,1,3.3989999294281006
2026-07-10T12:42:11+00:00,37.522315168753266,126.9412138313055,3194.0,3.397,7.0,158,89,234,209.0,96.0,8.2,1150.0,219291,1,3.3970000743865967
2026-07-10T12:42:12+00:00,37.5223564915359,126.94116152822971,3197.5,3.394,7.0,158,88,234,209.0,96.0,8.3,1150.0,219525,1,3.3940000534057617
2026-07-10T12:42:13+00:00,37.5223704893142,126.94114434532821,3201.0,3.394,7.0,158,88,234,209.0,97.0,8.4,1150.0,219759,1,3.3940000534057617
2026-07-10T12:42:14+00:00,37.52238457091153,126.94112724624574,3204.0,3.392,7.0,158,88,234,209.0,97.0,8.4,1150.0,219993,1,3.3910000324249268
2026-07-10T12:42:15+00:00,37.522398652508855,126.94111014716327,3207.0,3.392,7.0,158,89,234,209.0,98.0,8.5,1150.0,220227,1,3.3910000324249268
2026-07-10T12:42:16+00:00,37.522440729662776,126.9410584308207,3210.5,3.389,7.0,158,88,234,209.0,98.0,8.5,1150.0,220461,1,3.388000011444092
2026-07-10T12:42:17+00:00,37.52245455980301,126.94104133173823,3214.0,3.389,7.0,158,88,234,209.0,98.0,8.5,1160.0,220695,1,3.388000011444092
2026-07-10T12:42:18+00:00,37.52246838994324,126.94102423265576,3217.0,3.389,7.0,158,88,234,209.0,98.0,8.5,1150.0,220929,1,3.388000011444092
2026-07-10T12:42:19+00:00,37.52248230390251,126.94100721739233,3220.0,3.389,7.0,158,88,234,209.0,98.0,8.5,1150.0,221163,1,3.388000011444092
2026-07-10T12:42:20+00:00,37.52252513542771,126.94095843471587,3223.5,3.386,7.0,158,88,234,209.0,97.0,8.5,1150.0,221397,1,3.385999917984009
2026-07-10T12:42:21+00:00,37.522540390491486,126.94094276055694,3227.0,3.386,7.0,159,88,234,210.0,97.0,8.5,1150.0,221631,1,3.385999917984009
2026-07-10T12:42:22+00:00,37.522555561736226,126.94092717021704,3230.0,3.383,7.0,159,88,234,210.0,97.0,8.4,1150.0,221865,1,3.382999897003174
2026-07-10T12:42:23+00:00,37.52257090061903,126.9409114960581,3233.0,3.383,7.0,159,88,234,210.0,97.0,8.4,1150.0,222099,1,3.382999897003174
2026-07-10T12:42:24+00:00,37.52261842601001,126.94086355157197,3236.5,3.383,7.0,159,88,233,210.0,97.0,8.4,1150.0,222332,1,3.382999897003174
2026-07-10T12:42:25+00:00,37.52263410016894,126.94084662012756,3240.0,3.383,7.0,159,88,233,210.0,97.0,8.4,1150.0,222565,1,3.382999897003174
2026-07-10T12:42:26+00:00,37.52264969050884,126.94082985632122,3243.5,3.381,7.0,159,88,233,210.0,96.0,8.4,1140.0,222798,1,3.380000114440918
2026-07-10T12:42:27+00:00,37.52266528084874,126.94081300869584,3247.0,3.378,7.0,160,89,233,210.0,96.0,8.4,1140.0,223031,1,3.377000093460083
2026-07-10T12:42:28+00:00,37.522710375487804,126.9407600350678,3250.5,3.378,7.0,160,89,233,210.0,96.0,8.3,1130.0,223264,1,3.377000093460083
2026-07-10T12:42:29+00:00,37.52272529527545,126.94074184633791,3254.0,3.378,7.0,160,89,233,210.0,96.0,8.3,1130.0,223497,1,3.377000093460083
2026-07-10T12:42:30+00:00,37.52274013124406,126.94072365760803,3257.5,3.381,7.0,160,89,233,210.0,95.0,8.3,1130.0,223730,1,3.380000114440918
2026-07-10T12:42:31+00:00,37.52275513485074,126.94070546887815,3261.0,3.383,7.0,160,90,233,210.0,95.0,8.3,1130.0,223963,1,3.382999897003174
2026-07-10T12:42:32+00:00,37.52280148677528,126.94065283052623,3264.5,3.386,7.0,160,90,233,210.0,94.0,8.3,1130.0,224196,1,3.385999917984009
2026-07-10T12:42:33+00:00,37.52281732857227,126.94063673727214,3268.0,3.389,7.0,159,90,233,210.0,94.0,8.3,1130.0,224429,1,3.388000011444092
2026-07-10T12:42:34+00:00,37.5228332541883,126.94062064401805,3271.5,3.389,7.0,159,90,233,209.0,93.0,8.2,1130.0,224662,1,3.388000011444092
2026-07-10T12:42:35+00:00,37.52284926362336,126.94060455076396,3275.0,3.389,7.0,159,90,234,209.0,93.0,8.2,1130.0,224896,1,3.388000011444092
2026-07-10T12:42:36+00:00,37.522898968309164,126.94056171923876,3278.0,3.392,7.0,158,90,234,208.0,93.0,8.2,1130.0,225130,1,3.3910000324249268
2026-07-10T12:42:37+00:00,37.52291548065841,126.94054772146046,3281.0,3.397,7.0,158,90,234,208.0,93.0,8.2,1130.0,225364,1,3.3970000743865967
2026-07-10T12:42:38+00:00,37.52293199300766,126.9405338075012,3284.5,3.397,7.0,158,89,234,207.0,93.0,8.2,1130.0,225598,1,3.3970000743865967
2026-07-10T12:42:39+00:00,37.52294850535691,126.94051989354193,3288.0,3.397,7.0,158,89,234,207.0,93.0,8.2,1140.0,225832,1,3.3970000743865967
2026-07-10T12:42:40+00:00,37.522994270548224,126.94047194905579,3291.5,3.397,7.0,158,89,234,206.0,93.0,8.2,1140.0,226066,1,3.3970000743865967
2026-07-10T12:42:41+00:00,37.52300784923136,126.94045350886881,3295.0,3.4,7.0,159,89,234,206.0,93.0,8.2,1150.0,226300,1,3.3989999294281006
2026-07-10T12:42:42+00:00,37.5230214279145,126.9404352363199,3298.0,3.397,7.0,159,89,234,206.0,93.0,8.2,1150.0,226534,1,3.3970000743865967
2026-07-10T12:42:43+00:00,37.5230351742357,126.94041696377099,3301.0,3.397,7.0,159,89,234,206.0,93.0,8.2,1150.0,226768,1,3.3970000743865967
2026-07-10T12:42:44+00:00,37.523072054609656,126.94035845808685,3304.5,3.394,7.0,159,89,234,205.0,93.0,8.2,1140.0,227002,1,3.3940000534057617
2026-07-10T12:42:45+00:00,37.52308337017894,126.94033800624311,3308.0,3.394,7.0,159,89,234,205.0,93.0,8.2,1140.0,227236,1,3.3940000534057617
2026-07-10T12:42:46+00:00,37.52309468574822,126.94031772203743,3311.0,3.392,7.0,159,89,234,205.0,93.0,8.1,1140.0,227470,1,3.3910000324249268
2026-07-10T12:42:47+00:00,37.5231060013175,126.94029743783176,3314.0,3.392,7.0,159,89,234,205.0,93.0,8.1,1140.0,227704,1,3.3910000324249268
2026-07-10T12:42:48+00:00,37.52314128912985,126.94023541174829,3317.5,3.389,7.0,158,89,234,205.0,93.0,8.1,1140.0,227938,1,3.388000011444092
2026-07-10T12:42:49+00:00,37.52315428107977,126.94021529518068,3321.0,3.386,7.0,158,89,234,205.0,93.0,8.1,1140.0,228172,1,3.385999917984009
2026-07-10T12:42:50+00:00,37.523167273029685,126.9401952624321,3324.5,3.383,7.0,158,89,234,205.0,93.0,8.1,1130.0,228406,1,3.382999897003174
2026-07-10T12:42:51+00:00,37.52318034879863,126.94017514586449,3328.0,3.383,7.0,158,89,234,205.0,93.0,8.2,1130.0,228640,1,3.382999897003174
2026-07-10T12:42:52+00:00,37.52322267740965,126.94011672399938,3331.5,3.381,7.0,158,89,233,205.0,93.0,8.2,1130.0,228873,1,3.380000114440918
2026-07-10T12:42:53+00:00,37.523236675187945,126.94009752944112,3335.0,3.381,8.0,158,89,233,205.0,93.0,8.2,1130.0,229106,1,3.380000114440918
2026-07-10T12:42:54+00:00,37.52325067296624,126.94007833488286,3338.5,3.381,8.0,158,89,233,205.0,93.0,8.2,1130.0,229339,1,3.380000114440918
2026-07-10T12:42:55+00:00,37.52326475456357,126.94005914032459,3342.0,3.381,8.0,158,89,233,206.0,93.0,8.2,1130.0,229572,1,3.380000114440918
2026-07-10T12:42:56+00:00,37.52330423332751,126.93999912589788,3345.5,3.383,8.0,158,89,233,206.0,93.0,8.2,1130.0,229805,1,3.382999897003174
2026-07-10T12:42:57+00:00,37.523316806182265,126.93997825495899,3349.0,3.389,8.0,158,90,233,206.0,93.0,8.2,1130.0,230038,1,3.388000011444092
2026-07-10T12:42:58+00:00,37.52332937903702,126.93995746783912,3352.5,3.389,8.0,159,90,233,206.0,93.0,8.2,1130.0,230271,1,3.388000011444092
2026-07-10T12:42:59+00:00,37.52334195189178,126.93993659690022,3356.0,3.392,8.0,159,90,234,206.0,93.0,8.2,1130.0,230505,1,3.3910000324249268
2026-07-10T12:43:00+00:00,37.523376904428005,126.93987079896033,3359.5,3.392,8.0,158,90,234,206.0,92.0,8.2,1130.0,230739,1,3.3910000324249268
2026-07-10T12:43:01+00:00,37.52338738180697,126.93984816782176,3363.0,3.394,8.0,158,90,234,207.0,92.0,8.2,1130.0,230973,1,3.3940000534057617
2026-07-10T12:43:02+00:00,37.523397859185934,126.93982545286417,3366.5,3.394,8.0,158,90,234,207.0,92.0,8.1,1130.0,231207,1,3.3940000534057617
2026-07-10T12:43:03+00:00,37.5234083365649,126.9398028217256,3370.0,3.394,8.0,158,90,234,207.0,92.0,8.1,1130.0,231441,1,3.3940000534057617
2026-07-10T12:43:04+00:00,37.52343775704503,126.93973341956735,3373.5,3.394,8.0,158,90,234,207.0,91.0,8.1,1130.0,231675,1,3.3940000534057617
2026-07-10T12:43:05+00:00,37.523447228595614,126.93971053697169,3377.0,3.397,8.0,158,90,234,207.0,91.0,8.1,1130.0,231909,1,3.3970000743865967
2026-07-10T12:43:06+00:00,37.52345678396523,126.93968765437603,3380.5,3.397,8.0,158,89,234,207.0,90.0,8.0,1130.0,232143,1,3.3970000743865967
2026-07-10T12:43:07+00:00,37.523466339334846,126.93966477178037,3384.0,3.397,8.0,158,89,234,207.0,90.0,8.0,1140.0,232377,1,3.3970000743865967
2026-07-10T12:43:08+00:00,37.52349693328142,126.93959805183113,3387.0,3.397,8.0,158,89,234,207.0,90.0,7.9,1140.0,232611,1,3.3970000743865967
2026-07-10T12:43:09+00:00,37.52350875176489,126.93957743234932,3390.0,3.4,8.0,158,89,234,207.0,90.0,7.9,1140.0,232845,1,3.3989999294281006
2026-07-10T12:43:10+00:00,37.523520570248365,126.93955681286752,3393.5,3.4,8.0,158,89,234,207.0,90.0,7.9,1140.0,233079,1,3.3989999294281006
2026-07-10T12:43:11+00:00,37.52353238873184,126.93953619338572,3397.0,3.4,8.0,158,89,234,207.0,90.0,7.9,1140.0,233313,1,3.3989999294281006
2026-07-10T12:43:12+00:00,37.523573795333505,126.93948070518672,3400.5,3.4,8.0,158,89,234,206.0,89.0,7.9,1140.0,233547,1,3.3989999294281006
2026-07-10T12:43:13+00:00,37.52358829602599,126.9394645281136,3404.0,3.4,8.0,158,89,234,206.0,89.0,7.9,1140.0,233781,1,3.3989999294281006
2026-07-10T12:43:14+00:00,37.52360279671848,126.93944843485951,3407.0,3.4,8.0,158,89,234,206.0,89.0,7.8,1130.0,234015,1,3.3989999294281006
2026-07-10T12:43:15+00:00,37.523617297410965,126.93943234160542,3410.0,3.4,8.0,158,90,234,206.0,89.0,7.8,1130.0,234249,1,3.3989999294281006
2026-07-10T12:43:16+00:00,37.523657362908125,126.9393902644515,3413.0,3.403,8.0,158,90,234,206.0,88.0,7.7,1130.0,234483,1,3.4019999504089355
2026-07-10T12:43:17+00:00,37.523669097572565,126.93937769159675,3416.0,3.406,8.0,158,90,234,206.0,88.0,7.7,1130.0,234717,1,3.4049999713897705
2026-07-10T12:43:18+00:00,37.52368074841797,126.93936537019908,3418.0,3.406,8.0,158,90,234,206.0,87.0,7.6,1120.0,234951,1,3.4049999713897705
2026-07-10T12:43:19+00:00,37.523692483082414,126.93935296498239,3420.0,3.408,8.0,158,91,235,206.0,87.0,7.6,1120.0,235186,1,3.4079999923706055
2026-07-10T12:43:20+00:00,37.52372978255153,126.93931206129491,3423.0,3.408,8.0,158,91,235,206.0,86.0,7.6,1120.0,235421,1,3.4079999923706055
2026-07-10T12:43:21+00:00,37.523741852492094,126.93929890170693,3426.0,3.408,8.0,158,91,235,206.0,86.0,7.6,1120.0,235656,1,3.4079999923706055
2026-07-10T12:43:22+00:00,37.52375400625169,126.93928582593799,3428.5,3.408,8.0,158,90,235,206.0,85.0,7.5,1120.0,235891,1,3.4079999923706055
2026-07-10T12:43:23+00:00,37.52376616001129,126.93927275016904,3431.0,3.408,8.0,158,90,235,206.0,85.0,7.5,1130.0,236126,1,3.4079999923706055
2026-07-10T12:43:24+00:00,37.523806896060705,126.93924073129892,3431.0,3.408,8.0,158,90,235,205.0,84.0,7.5,1130.0,236361,1,3.4079999923706055
2026-07-10T12:43:25+00:00,37.523822067305446,126.93923067301512,3431.0,3.408,8.0,158,90,235,205.0,84.0,7.5,1130.0,236596,1,3.4079999923706055
2026-07-10T12:43:26+00:00,37.523837238550186,126.93922053091228,3437.0,3.406,8.0,158,90,235,205.0,84.0,7.5,1130.0,236831,1,3.4049999713897705
2026-07-10T12:43:27+00:00,37.52385249361396,126.9392105564475,3443.0,3.406,8.0,158,90,235,205.0,84.0,7.5,1140.0,237066,1,3.4049999713897705
2026-07-10T12:43:28+00:00,37.52391133457422,126.93917183205485,3447.5,3.403,8.0,158,89,235,205.0,84.0,7.5,1140.0,237301,1,3.4019999504089355
2026-07-10T12:43:29+00:00,37.52393354661763,126.93915481679142,3452.0,3.403,8.0,158,89,235,205.0,84.0,7.5,1140.0,237536,1,3.4019999504089355
2026-07-10T12:43:30+00:00,37.52395575866103,126.93913796916604,3456.5,3.403,8.0,158,89,234,204.0,84.0,7.4,1130.0,237770,1,3.4019999504089355
2026-07-10T12:43:31+00:00,37.523977970704436,126.93912103772163,3461.0,3.403,8.0,158,90,234,204.0,84.0,7.4,1130.0,238004,1,3.4019999504089355
2026-07-10T12:43:32+00:00,37.524042930454016,126.9390641245991,3465.0,3.403,8.0,158,89,234,204.0,84.0,7.4,1130.0,238238,1,3.4019999504089355
2026-07-10T12:43:33+00:00,37.524062879383564,126.9390448462218,3469.0,3.403,8.0,158,89,234,204.0,85.0,7.5,1140.0,238472,1,3.4019999504089355
2026-07-10T12:43:34+00:00,37.52408274449408,126.93902556784451,3473.0,3.414,8.0,158,89,234,204.0,85.0,7.5,1140.0,238706,1,3.4130001068115234
2026-07-10T12:43:35+00:00,37.52410269342363,126.93900637328625,3477.0,3.425,8.0,158,90,234,205.0,85.0,7.5,1140.0,238940,1,3.4240000247955322
2026-07-10T12:43:36+00:00,37.52415650524199,126.93894912488759,3480.5,3.433,8.0,158,90,235,204.0,86.0,7.5,1140.0,239175,1,3.433000087738037
2026-07-10T12:43:37+00:00,37.5241731852293,126.93893001414835,3484.0,3.444,8.0,158,90,236,204.0,87.0,7.6,1150.0,239411,1,3.444000005722046
2026-07-10T12:43:38+00:00,37.52418986521661,126.93891090340912,3488.0,3.453,8.0,158,90,236,204.0,87.0,7.6,1150.0,239647,1,3.4519999027252197
2026-07-10T12:43:39+00:00,37.524206545203924,126.93889179266989,3492.0,3.461,8.0,158,90,237,204.0,88.0,7.7,1150.0,239884,1,3.4609999656677246
2026-07-10T12:43:40+00:00,37.5242545735091,126.93883462809026,3495.5,3.467,8.0,158,89,237,204.0,89.0,7.7,1150.0,240121,1,3.4660000801086426
2026-07-10T12:43:41+00:00,37.52426982857287,126.93881602026522,3499.0,3.472,8.0,158,89,238,204.0,90.0,7.8,1160.0,240359,1,3.4719998836517334
2026-07-10T12:43:42+00:00,37.52428516745567,126.93879741244018,3502.5,3.475,8.0,158,89,238,203.0,91.0,7.8,1160.0,240597,1,3.4749999046325684
2026-07-10T12:43:43+00:00,37.52430059015751,126.93877880461514,3506.0,3.478,8.0,158,89,239,203.0,92.0,7.9,1170.0,240836,1,3.4769999980926514
2026-07-10T12:43:44+00:00,37.52434618771076,126.93872365169227,3509.5,3.478,8.0,158,89,239,203.0,92.0,7.9,1170.0,241075,1,3.4769999980926514
2026-07-10T12:43:45+00:00,37.524361945688725,126.93870546296239,3513.0,3.481,8.0,158,89,240,203.0,93.0,8.0,1170.0,241315,1,3.4800000190734863
2026-07-10T12:43:46+00:00,37.52437778748572,126.93868735805154,3517.0,3.481,8.0,158,89,240,203.0,94.0,8.0,1170.0,241555,1,3.4800000190734863
2026-07-10T12:43:47+00:00,37.52439354546368,126.93866925314069,3521.0,3.483,8.0,158,89,240,203.0,95.0,8.1,1170.0,241795,1,3.4830000400543213
2026-07-10T12:43:48+00:00,37.52444148994982,126.93861611187458,3524.5,3.486,8.0,159,89,240,203.0,95.0,8.1,1170.0,242035,1,3.4860000610351562
2026-07-10T12:43:49+00:00,37.52445666119456,126.9385976716876,3528.0,3.489,8.0,159,89,240,203.0,96.0,8.2,1180.0,242275,1,3.48799991607666
2026-07-10T12:43:50+00:00,37.5244718324393,126.9385791476816,3531.5,3.492,8.0,159,89,240,202.0,96.0,8.2,1170.0,242515,1,3.490999937057495
2026-07-10T12:43:51+00:00,37.524487087503076,126.93856070749462,3535.0,3.494,8.0,159,89,240,202.0,97.0,8.2,1170.0,242755,1,3.49399995803833
2026-07-10T12:43:52+00:00,37.52453134395182,126.93850329145789,3538.5,3.497,8.0,159,89,240,202.0,97.0,8.2,1170.0,242995,1,3.496999979019165
2026-07-10T12:43:53+00:00,37.52454643137753,126.93848459981382,3542.0,3.5,8.0,159,89,240,202.0,97.0,8.3,1170.0,243235,1,3.5
2026-07-10T12:43:54+00:00,37.52456160262227,126.93846599198878,3545.5,3.503,8.0,159,89,240,201.0,97.0,8.3,1170.0,243475,1,3.502000093460083
2026-07-10T12:43:55+00:00,37.52457669004798,126.93844746798277,3549.0,3.506,8.0,159,90,241,201.0,97.0,8.3,1170.0,243716,1,3.505000114440918
2026-07-10T12:43:56+00:00,37.52462413161993,126.93839332088828,3552.5,3.506,8.0,159,90,241,201.0,97.0,8.3,1170.0,243957,1,3.505000114440918
2026-07-10T12:43:57+00:00,37.52464106306434,126.93837664090097,3556.0,3.508,8.0,159,90,242,201.0,97.0,8.3,1170.0,244199,1,3.507999897003174
2026-07-10T12:43:58+00:00,37.52465799450874,126.93835996091366,3559.5,3.508,8.0,159,90,242,200.0,97.0,8.3,1170.0,244441,1,3.507999897003174
2026-07-10T12:43:59+00:00,37.52467492595315,126.93834336474538,3563.0,3.511,8.0,159,90,242,200.0,97.0,8.3,1170.0,244683,1,3.510999917984009
2026-07-10T12:44:00+00:00,37.524726977571845,126.93829969502985,3566.5,3.511,8.0,159,89,242,200.0,97.0,8.3,1170.0,244925,1,3.510999917984009
2026-07-10T12:44:01+00:00,37.524744076654315,126.9382855296135,3570.0,3.514,8.0,159,89,242,200.0,97.0,8.3,1180.0,245167,1,3.513000011444092
2026-07-10T12:44:02+00:00,37.52476125955582,126.93827136419713,3573.5,3.514,8.0,159,89,242,200.0,96.0,8.2,1170.0,245409,1,3.513000011444092
2026-07-10T12:44:03+00:00,37.52477844245732,126.93825719878078,3577.0,3.514,8.0,159,90,242,200.0,96.0,8.2,1170.0,245651,1,3.513000011444092
2026-07-10T12:44:04+00:00,37.524829069152474,126.93821210414171,3580.5,3.517,8.0,159,90,242,199.0,95.0,8.1,1170.0,245893,1,3.5160000324249268
2026-07-10T12:44:05+00:00,37.52484533004463,126.93819684907794,3584.0,3.519,8.0,159,90,242,199.0,95.0,8.1,1170.0,246135,1,3.5190000534057617
2026-07-10T12:44:06+00:00,37.52486167475581,126.93818151019514,3587.0,3.519,8.0,159,89,242,199.0,95.0,8.1,1180.0,246377,1,3.5190000534057617
2026-07-10T12:44:07+00:00,37.524877935647964,126.9381663389504,3590.0,3.519,8.0,159,88,242,199.0,95.0,8.1,1190.0,246619,1,3.5190000534057617
2026-07-10T12:44:08+00:00,37.52492906525731,126.9381214119494,3594.0,3.517,8.0,158,88,242,199.0,95.0,8.1,1190.0,246861,1,3.5160000324249268
2026-07-10T12:44:09+00:00,37.52494608052075,126.93810523487628,3598.0,3.517,8.0,158,88,242,200.0,95.0,8.1,1190.0,247103,1,3.5160000324249268
2026-07-10T12:44:10+00:00,37.52496309578419,126.93808905780315,3601.5,3.511,8.0,158,88,242,200.0,95.0,8.1,1190.0,247345,1,3.510999917984009
2026-07-10T12:44:11+00:00,37.524980027228594,126.938072796911,3605.0,3.508,8.0,158,87,242,200.0,95.0,8.1,1200.0,247587,1,3.507999897003174
2026-07-10T12:44:12+00:00,37.52502419985831,126.93801630288363,3608.5,3.506,8.0,158,87,242,200.0,95.0,8.0,1200.0,247829,1,3.505000114440918
2026-07-10T12:44:13+00:00,37.52503618597984,126.9379950966686,3612.0,3.506,8.0,158,87,242,201.0,96.0,8.0,1200.0,248071,1,3.505000114440918
2026-07-10T12:44:14+00:00,37.52504817210138,126.93797405809164,3615.5,3.508,8.0,158,87,242,202.0,96.0,8.0,1200.0,248313,1,3.507999897003174
2026-07-10T12:44:15+00:00,37.525060242041945,126.93795293569565,3619.0,3.511,8.0,158,87,242,203.0,96.0,8.0,1200.0,248555,1,3.510999917984009
2026-07-10T12:44:16+00:00,37.52509502694011,126.9378899037838,3622.0,3.514,8.0,158,88,242,203.0,95.0,7.9,1190.0,248797,1,3.513000011444092
2026-07-10T12:44:17+00:00,37.525107599794865,126.93787003867328,3625.0,3.519,8.0,159,89,242,204.0,94.0,7.9,1180.0,249039,1,3.5190000534057617
2026-07-10T12:44:18+00:00,37.52512008883059,126.93785017356277,3628.5,3.517,7.0,159,89,242,204.0,93.0,7.8,1170.0,249281,1,3.5160000324249268
2026-07-10T12:44:19+00:00,37.525132577866316,126.93783022463322,3632.0,3.517,7.0,159,90,242,205.0,93.0,7.8,1170.0,249523,1,3.5160000324249268
2026-07-10T12:44:20+00:00,37.52516736276448,126.93776970729232,3635.0,3.514,7.0,159,90,242,205.0,92.0,7.7,1170.0,249765,1,3.513000011444092
2026-07-10T12:44:21+00:00,37.52517566084862,126.93774682469666,3638.0,3.511,7.0,159,90,242,206.0,92.0,7.7,1170.0,250007,1,3.510999917984009
2026-07-10T12:44:22+00:00,37.52518395893276,126.937723942101,3641.5,3.506,7.0,159,90,242,206.0,91.0,7.6,1170.0,250249,1,3.505000114440918
2026-07-10T12:44:23+00:00,37.5251922570169,126.93770105950534,3645.0,3.5,7.0,159,90,242,207.0,90.0,7.6,1170.0,250491,1,3.5
2026-07-10T12:44:24+00:00,37.52521036192775,126.93762444891036,3649.0,3.494,7.0,159,90,241,207.0,89.0,7.5,1160.0,250732,1,3.49399995803833
2026-07-10T12:44:25+00:00,37.52521689981222,126.93759821355343,3653.0,3.492,7.0,158,90,241,207.0,88.0,7.5,1160.0,250973,1,3.490999937057495
2026-07-10T12:44:26+00:00,37.525223437696695,126.93757214583457,3656.5,3.486,7.0,158,90,240,207.0,87.0,7.4,1150.0,251213,1,3.4860000610351562
2026-07-10T12:44:27+00:00,37.5252300594002,126.93754599429667,3660.0,3.483,7.0,158,90,240,208.0,86.0,7.4,1150.0,251453,1,3.4830000400543213
2026-07-10T12:44:28+00:00,37.52525428310037,126.937470221892,3663.5,3.483,7.0,158,90,240,207.0,85.0,7.3,1150.0,251693,1,3.4830000400543213
2026-07-10T12:44:29+00:00,37.52526425756514,126.93744650110602,3667.0,3.486,7.0,158,90,240,207.0,84.0,7.2,1160.0,251933,1,3.4860000610351562
2026-07-10T12:44:30+00:00,37.525274232029915,126.93742294795811,3670.5,3.489,7.0,158,90,240,207.0,83.0,7.1,1160.0,252173,1,3.48799991607666
2026-07-10T12:44:31+00:00,37.52528437413275,126.93739931099117,3674.0,3.494,7.0,158,90,240,207.0,82.0,7.1,1160.0,252413,1,3.49399995803833
2026-07-10T12:44:32+00:00,37.525322679430246,126.93733477033675,3677.5,3.497,7.0,158,90,240,206.0,81.0,7.0,1160.0,252653,1,3.496999979019165
2026-07-10T12:44:33+00:00,37.52533759921789,126.9373148214072,3681.0,3.5,7.0,158,90,240,206.0,81.0,7.0,1170.0,252893,1,3.5
2026-07-10T12:44:34+00:00,37.52535260282457,126.93729504011571,3685.0,3.5,7.0,158,90,240,205.0,80.0,6.9,1160.0,253133,1,3.5
2026-07-10T12:44:35+00:00,37.525367606431246,126.93727525882423,3689.0,3.503,7.0,158,90,241,204.0,80.0,6.9,1160.0,253374,1,3.502000093460083
2026-07-10T12:44:36+00:00,37.525412533432245,126.93721549585462,3692.5,3.506,7.0,158,90,241,203.0,80.0,6.9,1160.0,253615,1,3.505000114440918
2026-07-10T12:44:37+00:00,37.52542728558183,126.93719579838216,3696.0,3.508,7.0,158,90,241,203.0,81.0,6.9,1160.0,253856,1,3.507999897003174
2026-07-10T12:44:38+00:00,37.52544195391238,126.93717610090971,3699.5,3.517,7.0,158,90,241,202.0,81.0,6.9,1160.0,254097,1,3.5160000324249268
2026-07-10T12:44:39+00:00,37.52545670606196,126.93715640343726,3703.0,3.525,7.0,158,91,242,202.0,81.0,7.0,1160.0,254339,1,3.5239999294281006
2026-07-10T12:44:40+00:00,37.52550154924393,126.93710016086698,3706.5,3.525,7.0,158,91,242,201.0,81.0,7.0,1160.0,254581,1,3.5239999294281006
2026-07-10T12:44:41+00:00,37.52551646903157,126.93708113394678,3710.0,3.528,7.0,158,91,243,201.0,82.0,7.0,1160.0,254824,1,3.5269999504089355
2026-07-10T12:44:42+00:00,37.52553138881922,126.93706219084561,3713.5,3.528,7.0,158,90,243,200.0,82.0,7.0,1160.0,255067,1,3.5269999504089355
2026-07-10T12:44:43+00:00,37.52554630860686,126.93704333156347,3717.0,3.528,7.0,158,90,243,200.0,83.0,7.1,1170.0,255310,1,3.5269999504089355
2026-07-10T12:44:44+00:00,37.52559215761721,126.93698926828802,3720.5,3.528,7.0,158,90,243,199.0,83.0,7.1,1170.0,255553,1,3.5269999504089355
2026-07-10T12:44:45+00:00,37.52560774795711,126.93697216920555,3724.0,3.528,7.0,158,90,243,199.0,83.0,7.2,1170.0,255796,1,3.5269999504089355
2026-07-10T12:44:46+00:00,37.52562350593507,126.93695507012308,3727.5,3.525,7.0,158,90,243,198.0,83.0,7.2,1160.0,256039,1,3.5239999294281006
2026-07-10T12:44:47+00:00,37.525639180094004,126.9369379710406,3731.0,3.525,7.0,158,91,243,198.0,84.0,7.2,1160.0,256282,1,3.5239999294281006
2026-07-10T12:44:48+00:00,37.52568637020886,126.93688583560288,3734.5,3.522,7.0,158,91,243,198.0,84.0,7.2,1160.0,256525,1,3.5220000743865967
2026-07-10T12:44:49+00:00,37.52570204436779,126.93686806596816,3738.0,3.522,7.0,158,91,243,198.0,84.0,7.2,1160.0,256768,1,3.5220000743865967
2026-07-10T12:44:50+00:00,37.52571780234575,126.9368502125144,3741.5,3.519,7.0,158,90,242,198.0,84.0,7.2,1160.0,257010,1,3.5190000534057617
2026-07-10T12:44:51+00:00,37.52573347650468,126.93683244287968,3745.0,3.519,7.0,158,90,242,198.0,85.0,7.3,1170.0,257252,1,3.5190000534057617
2026-07-10T12:44:52+00:00,37.52577966079116,126.93677661940455,3748.5,3.519,7.0,158,90,242,198.0,85.0,7.3,1170.0,257494,1,3.5190000534057617
2026-07-10T12:44:53+00:00,37.5257948320359,126.93675759248435,3752.0,3.519,7.0,158,90,242,198.0,85.0,7.3,1170.0,257736,1,3.5190000534057617
2026-07-10T12:44:54+00:00,37.52581008709967,126.93673864938319,3755.5,3.517,7.0,158,90,242,198.0,85.0,7.3,1170.0,257978,1,3.5160000324249268
2026-07-10T12:44:55+00:00,37.525825342163444,126.93671970628202,3759.0,3.517,7.0,158,90,242,198.0,86.0,7.3,1170.0,258220,1,3.5160000324249268
2026-07-10T12:44:56+00:00,37.525871861726046,126.93666346371174,3762.5,3.517,7.0,158,90,242,198.0,86.0,7.3,1170.0,258462,1,3.5160000324249268
2026-07-10T12:44:57+00:00,37.52588803879917,126.93664594553411,3766.0,3.517,7.0,158,90,242,198.0,86.0,7.4,1170.0,258704,1,3.5160000324249268
2026-07-10T12:44:58+00:00,37.52590429969132,126.93662842735648,3769.5,3.519,7.0,158,90,242,198.0,86.0,7.4,1170.0,258946,1,3.5190000534057617
2026-07-10T12:44:59+00:00,37.52592047676444,126.93661090917885,3773.0,3.522,7.0,158,90,242,199.0,87.0,7.4,1170.0,259188,1,3.5220000743865967
2026-07-10T12:45:00+00:00,37.52597219310701,126.93656514398754,3776.5,3.522,7.0,157,90,242,199.0,87.0,7.4,1170.0,259430,1,3.5220000743865967
2026-07-10T12:45:01+00:00,37.5259898789227,126.93655173294246,3780.0,3.525,8.0,157,90,242,199.0,87.0,7.4,1170.0,259672,1,3.5239999294281006
2026-07-10T12:45:02+00:00,37.52600756473839,126.93653832189739,3783.5,3.533,8.0,157,90,242,199.0,87.0,7.4,1170.0,259914,1,3.5329999923706055
2026-07-10T12:45:03+00:00,37.526025250554085,126.93652491085231,3787.0,3.542,8.0,157,91,243,199.0,87.0,7.5,1170.0,260157,1,3.5409998893737793
2026-07-10T12:45:04+00:00,37.526078056544065,126.9364839233458,3790.5,3.542,8.0,157,91,243,199.0,87.0,7.5,1170.0,260400,1,3.5409998893737793
2026-07-10T12:45:05+00:00,37.52609490416944,126.9364683330059,3794.0,3.542,8.0,158,91,244,199.0,88.0,7.5,1170.0,260644,1,3.5409998893737793
2026-07-10T12:45:06+00:00,37.526111751794815,126.936452742666,3797.5,3.539,8.0,158,90,244,199.0,88.0,7.5,1170.0,260888,1,3.5380001068115234
2026-07-10T12:45:07+00:00,37.52612868323922,126.93643723614514,3801.0,3.539,8.0,158,90,244,199.0,88.0,7.5,1170.0,261132,1,3.5380001068115234
2026-07-10T12:45:08+00:00,37.526176795363426,126.93638694472611,3804.5,3.536,8.0,158,90,244,199.0,88.0,7.5,1170.0,261376,1,3.5360000133514404
2026-07-10T12:45:09+00:00,37.526192385703325,126.93636942654848,3808.0,3.536,8.0,158,90,244,199.0,89.0,7.6,1170.0,261620,1,3.5360000133514404
2026-07-10T12:45:10+00:00,37.526207976043224,126.93635190837085,3811.5,3.533,8.0,158,90,244,199.0,89.0,7.6,1170.0,261864,1,3.5329999923706055
2026-07-10T12:45:11+00:00,37.52622356638312,126.93633439019322,3815.0,3.533,8.0,158,91,244,199.0,89.0,7.6,1170.0,262108,1,3.5329999923706055
2026-07-10T12:45:12+00:00,37.52627075649798,126.93627990782261,3818.5,3.531,8.0,158,91,243,199.0,89.0,7.6,1160.0,262351,1,3.5299999713897705
2026-07-10T12:45:13+00:00,37.52628735266626,126.93626272492111,3822.0,3.531,8.0,158,91,243,199.0,89.0,7.6,1160.0,262594,1,3.5299999713897705
2026-07-10T12:45:14+00:00,37.52630394883454,126.93624562583864,3826.0,3.531,7.0,158,91,243,199.0,89.0,7.6,1160.0,262837,1,3.5299999713897705
2026-07-10T12:45:15+00:00,37.52632054500282,126.93622852675617,3830.0,3.531,7.0,158,91,243,199.0,89.0,7.6,1160.0,263080,1,3.5299999713897705
2026-07-10T12:45:16+00:00,37.526374692097306,126.93618485704064,3833.5,3.528,7.0,157,91,243,199.0,89.0,7.6,1160.0,263323,1,3.5269999504089355
2026-07-10T12:45:17+00:00,37.52639346756041,126.93617060780525,3837.0,3.528,7.0,157,91,243,199.0,89.0,7.6,1170.0,263566,1,3.5269999504089355
2026-07-10T12:45:18+00:00,37.52641232684255,126.93615644238889,3840.5,3.528,7.0,157,91,243,199.0,88.0,7.5,1160.0,263809,1,3.5269999504089355
2026-07-10T12:45:19+00:00,37.526431269943714,126.93614236079156,3844.0,3.531,7.0,157,91,243,199.0,88.0,7.5,1160.0,264052,1,3.5299999713897705
2026-07-10T12:45:20+00:00,37.526486590504646,126.9360956735909,3848.0,3.531,7.0,157,91,243,199.0,87.0,7.5,1160.0,264295,1,3.5299999713897705
2026-07-10T12:45:21+00:00,37.52650419250131,126.93607890978456,3852.0,3.533,8.0,157,91,243,199.0,87.0,7.5,1170.0,264538,1,3.5329999923706055
2026-07-10T12:45:22+00:00,37.52652179449797,126.93606222979724,3855.5,3.536,8.0,157,91,243,199.0,87.0,7.5,1170.0,264781,1,3.5360000133514404
2026-07-10T12:45:23+00:00,37.52653948031366,126.93604563362896,3859.0,3.539,8.0,157,91,243,199.0,87.0,7.5,1170.0,265024,1,3.5380001068115234
2026-07-10T12:45:24+00:00,37.526589101180434,126.93599425256252,3862.5,3.544,8.0,157,91,243,198.0,87.0,7.4,1160.0,265267,1,3.5439999103546143
2026-07-10T12:45:25+00:00,37.526604356244206,126.9359767343849,3866.0,3.55,8.0,157,91,244,198.0,87.0,7.4,1160.0,265511,1,3.5490000247955322
2026-07-10T12:45:26+00:00,37.52661969512701,126.93595921620727,3869.5,3.55,8.0,157,91,244,198.0,87.0,7.4,1160.0,265755,1,3.5490000247955322
2026-07-10T12:45:27+00:00,37.52663495019078,126.9359418656677,3873.0,3.553,8.0,156,91,245,198.0,87.0,7.4,1160.0,266000,1,3.552000045776367
2026-07-10T12:45:28+00:00,37.526680547744036,126.93589090369642,3876.0,3.55,8.0,156,91,245,198.0,87.0,7.4,1160.0,266245,1,3.5490000247955322
2026-07-10T12:45:29+00:00,37.5266960542649,126.93587413989007,3879.0,3.55,8.0,156,91,245,198.0,87.0,7.5,1170.0,266490,1,3.5490000247955322
2026-07-10T12:45:30+00:00,37.52671156078577,126.9358572922647,3882.5,3.547,8.0,156,91,245,198.0,87.0,7.4,1160.0,266735,1,3.546999931335449
2026-07-10T12:45:31+00:00,37.52672715112567,126.93584061227739,3886.0,3.547,8.0,157,91,245,198.0,87.0,7.4,1160.0,266980,1,3.546999931335449
2026-07-10T12:45:32+00:00,37.52677249722183,126.93578705191612,3889.5,3.544,8.0,156,91,245,198.0,86.0,7.4,1160.0,267225,1,3.5439999103546143
2026-07-10T12:45:33+00:00,37.526786997914314,126.93576760590076,3893.0,3.542,8.0,156,91,245,198.0,86.0,7.4,1160.0,267470,1,3.5409998893737793
2026-07-10T12:45:34+00:00,37.5268014986068,126.93574824370444,3896.5,3.539,8.0,156,91,244,197.0,85.0,7.3,1160.0,267714,1,3.5380001068115234
2026-07-10T12:45:35+00:00,37.52681608311832,126.93572896532714,3900.0,3.539,8.0,156,91,244,197.0,85.0,7.3,1160.0,267958,1,3.5380001068115234
2026-07-10T12:45:36+00:00,37.52685816027224,126.93566861562431,3903.5,3.536,8.0,156,91,244,197.0,84.0,7.3,1160.0,268202,1,3.5360000133514404
2026-07-10T12:45:37+00:00,37.526872074231505,126.93564866669476,3907.0,3.533,8.0,156,91,244,197.0,84.0,7.3,1160.0,268446,1,3.5329999923706055
2026-07-10T12:45:38+00:00,37.52688598819077,126.93562863394618,3910.5,3.533,8.0,156,91,243,197.0,84.0,7.3,1160.0,268689,1,3.5329999923706055
2026-07-10T12:45:39+00:00,37.526899902150035,126.93560876883566,3914.0,3.533,8.0,156,90,243,198.0,84.0,7.3,1160.0,268932,1,3.5329999923706055
2026-07-10T12:45:40+00:00,37.52694063819945,126.9355483353138,3917.5,3.525,8.0,156,90,243,198.0,84.0,7.2,1160.0,269175,1,3.5239999294281006
2026-07-10T12:45:41+00:00,37.52695354633033,126.93552754819393,3921.0,3.519,8.0,156,90,243,198.0,84.0,7.2,1170.0,269418,1,3.5190000534057617
2026-07-10T12:45:42+00:00,37.52696653828025,126.9355068448931,3924.5,3.517,8.0,156,89,242,198.0,84.0,7.2,1170.0,269660,1,3.5160000324249268
2026-07-10T12:45:43+00:00,37.526979530230165,126.93548614159226,3928.0,3.517,8.0,157,89,242,198.0,84.0,7.2,1180.0,269902,1,3.5160000324249268
2026-07-10T12:45:44+00:00,37.52701632678509,126.9354236125946,3931.5,3.514,8.0,157,89,242,198.0,84.0,7.2,1170.0,270144,1,3.513000011444092
2026-07-10T12:45:45+00:00,37.527027893811464,126.93540282547474,3935.0,3.514,8.0,157,90,242,199.0,84.0,7.2,1170.0,270386,1,3.513000011444092
2026-07-10T12:45:46+00:00,37.52703937701881,126.93538203835487,3938.5,3.511,7.0,156,90,242,199.0,83.0,7.1,1160.0,270628,1,3.510999917984009
2026-07-10T12:45:47+00:00,37.527050860226154,126.93536133505404,3942.0,3.511,7.0,157,90,242,199.0,83.0,7.1,1160.0,270870,1,3.510999917984009
2026-07-10T12:45:48+00:00,37.527082627639174,126.93530173972249,3945.0,3.508,7.0,156,90,242,199.0,83.0,7.1,1160.0,271112,1,3.507999897003174
2026-07-10T12:45:49+00:00,37.52709218300879,126.9352824613452,3948.0,3.508,7.0,156,90,242,200.0,83.0,7.1,1160.0,271354,1,3.507999897003174
2026-07-10T12:45:50+00:00,37.527101654559374,126.93526309914887,3951.0,3.503,7.0,156,90,242,200.0,83.0,7.1,1160.0,271596,1,3.502000093460083
2026-07-10T12:45:51+00:00,37.52711112610996,126.93524382077157,3954.0,3.5,7.0,156,89,242,201.0,83.0,7.1,1170.0,271838,1,3.5
2026-07-10T12:45:52+00:00,37.52714247442782,126.93518531508744,3957.0,3.478,7.0,156,89,241,201.0,83.0,7.1,1170.0,272079,1,3.4769999980926514
2026-07-10T12:45:53+00:00,37.527155885472894,126.93516695871949,3960.0,3.456,7.0,156,88,241,202.0,83.0,7.1,1170.0,272320,1,3.4549999237060547
2026-07-10T12:45:54+00:00,37.52716929651797,126.93514851853251,3963.5,3.444,7.0,156,88,239,202.0,83.0,7.1,1160.0,272559,1,3.444000005722046
2026-07-10T12:45:55+00:00,37.52718270756304,126.9351302459836,3967.0,3.433,7.0,157,88,238,203.0,83.0,7.2,1160.0,272797,1,3.433000087738037
2026-07-10T12:45:56+00:00,37.52722914330661,126.93507735617459,3970.5,3.431,7.0,156,89,237,203.0,83.0,7.2,1150.0,273034,1,3.430000066757202
2026-07-10T12:45:57+00:00,37.527244398370385,126.93505866453052,3974.0,3.428,7.0,156,89,236,204.0,84.0,7.2,1150.0,273270,1,3.427000045776367
2026-07-10T12:45:58+00:00,37.52725965343416,126.93503997288644,3977.5,3.425,7.0,156,90,236,204.0,84.0,7.2,1140.0,273506,1,3.4240000247955322
2026-07-10T12:45:59+00:00,37.52727499231696,126.93502119742334,3981.0,3.425,7.0,156,90,236,205.0,84.0,7.3,1140.0,273742,1,3.4240000247955322
2026-07-10T12:46:00+00:00,37.527316734194756,126.93496185354888,3984.5,3.431,7.0,156,90,236,205.0,84.0,7.3,1140.0,273978,1,3.430000066757202
2026-07-10T12:46:01+00:00,37.527330899611115,126.9349423237145,3988.0,3.436,7.0,156,90,236,205.0,85.0,7.4,1140.0,274214,1,3.436000108718872
2026-07-10T12:46:02+00:00,37.527344981208444,126.9349227938801,3991.5,3.447,7.0,156,90,236,205.0,85.0,7.4,1140.0,274450,1,3.447000026702881
2026-07-10T12:46:03+00:00,37.5273591466248,126.93490343168378,3995.0,3.461,7.0,156,91,237,205.0,85.0,7.4,1140.0,274687,1,3.4609999656677246
2026-07-10T12:46:04+00:00,37.52740298397839,126.93484609946609,3998.5,3.467,7.0,156,90,237,204.0,85.0,7.4,1140.0,274924,1,3.4660000801086426
2026-07-10T12:46:05+00:00,37.527416897937655,126.9348263181746,4002.0,3.475,7.0,156,90,238,204.0,86.0,7.5,1150.0,275162,1,3.4749999046325684
2026-07-10T12:46:06+00:00,37.52743089571595,126.93480653688312,4005.5,3.478,7.0,156,90,239,204.0,86.0,7.5,1150.0,275401,1,3.4769999980926514
2026-07-10T12:46:07+00:00,37.52744489349425,126.93478675559163,4009.0,3.483,7.0,156,90,240,204.0,87.0,7.6,1160.0,275641,1,3.4830000400543213
2026-07-10T12:46:08+00:00,37.52748604863882,126.93472816608846,4012.5,3.483,7.0,156,90,240,204.0,87.0,7.6,1160.0,275881,1,3.4830000400543213
2026-07-10T12:46:09+00:00,37.52749954350293,126.93470855243504,4016.0,3.486,8.0,155,90,240,204.0,87.0,7.6,1160.0,276121,1,3.4860000610351562
2026-07-10T12:46:10+00:00,37.527513206005096,126.93468902260065,4019.5,3.486,8.0,155,90,240,203.0,87.0,7.6,1160.0,276361,1,3.4860000610351562
2026-07-10T12:46:11+00:00,37.527526784688234,126.93466949276626,4023.0,3.489,8.0,155,90,240,203.0,87.0,7.6,1160.0,276601,1,3.48799991607666
2026-07-10T12:46:12+00:00,37.52756777219474,126.93460931070149,4026.5,3.486,8.0,154,90,240,203.0,87.0,7.6,1160.0,276841,1,3.4860000610351562
2026-07-10T12:46:13+00:00,37.52758185379207,126.93458952941,4030.0,3.486,8.0,154,90,240,203.0,88.0,7.6,1160.0,277081,1,3.4860000610351562
2026-07-10T12:46:14+00:00,37.5275959353894,126.93456974811852,4033.5,3.486,8.0,154,90,240,202.0,88.0,7.6,1160.0,277321,1,3.4860000610351562
2026-07-10T12:46:15+00:00,37.52761010080576,126.93454996682703,4037.0,3.486,8.0,154,90,240,202.0,88.0,7.6,1160.0,277561,1,3.48799991607666
2026-07-10T12:46:16+00:00,37.52765268087387,126.93449196405709,4040.5,3.489,8.0,154,90,240,201.0,88.0,7.6,1160.0,277801,1,3.555000066757202
2026-07-10T12:46:17+00:00,37.527665169909596,126.93447151221335,4044.0,3.492,8.0,154,90,240,201.0,89.0,7.6,1160.0,278041,1,3.621999979019165
2026-07-10T12:46:18+00:00,37.52767765894532,126.93445114418864,4047.5,3.492,8.0,154,90,246,201.0,89.0,7.6,1160.0,278287,1,3.621999979019165
2026-07-10T12:46:19+00:00,37.52769014798105,126.9344306923449,4051.0,3.494,8.0,153,90,252,201.0,89.0,7.7,1160.0,278539,1,3.621999979019165
2026-07-10T12:46:20+00:00,37.527722753584385,126.93436824716628,4054.0,3.492,8.0,153,90,252,201.0,89.0,7.7,1160.0,278791,1,3.555000066757202
2026-07-10T12:46:21+00:00,37.52773365005851,126.93434871733189,4057.0,3.492,8.0,153,90,252,201.0,89.0,7.7,1160.0,279043,1,3.490999937057495
2026-07-10T12:46:22+00:00,37.52774454653263,126.93432935513556,4060.5,3.483,8.0,153,89,246,201.0,89.0,7.6,1160.0,279289,1,3.4830000400543213
2026-07-10T12:46:23+00:00,37.527755526825786,126.9343099091202,4064.0,3.475,8.0,153,89,240,201.0,89.0,7.6,1170.0,279529,1,3.4749999046325684
2026-07-10T12:46:24+00:00,37.52778452821076,126.93425291217864,4066.5,3.461,8.0,153,88,240,201.0,89.0,7.6,1170.0,279769,1,3.4609999656677246
2026-07-10T12:46:25+00:00,37.5277893897146,126.93423204123974,4069.0,3.447,8.0,153,88,240,202.0,89.0,7.6,1170.0,280009,1,3.447000026702881
2026-07-10T12:46:26+00:00,37.52779425121844,126.93421117030084,4072.0,3.433,8.0,153,88,239,202.0,89.0,7.6,1160.0,280248,1,3.433000087738037
2026-07-10T12:46:27+00:00,37.52779919654131,126.93419029936194,4075.0,3.419,8.0,153,88,238,203.0,89.0,7.7,1160.0,280486,1,3.4189999103546143
2026-07-10T12:46:28+00:00,37.527795592322946,126.93412659689784,4078.0,3.4,8.0,153,88,237,204.0,89.0,7.7,1150.0,280723,1,3.3989999294281006
2026-07-10T12:46:29+00:00,37.5277891382575,126.93410505540669,4081.0,3.381,8.0,153,88,236,205.0,90.0,7.7,1150.0,280959,1,3.380000114440918
2026-07-10T12:46:30+00:00,37.527782851830125,126.9340834300965,4084.5,3.367,7.0,153,88,234,205.0,90.0,7.7,1140.0,281193,1,3.365999937057495
2026-07-10T12:46:31+00:00,37.527776565402746,126.93406180478632,4088.0,3.356,7.0,153,88,233,206.0,90.0,7.8,1140.0,281426,1,3.3550000190734863
2026-07-10T12:46:32+00:00,37.5277494918555,126.93399307318032,4091.5,3.347,7.0,153,88,232,206.0,90.0,7.8,1130.0,281658,1,3.3469998836517334
2026-07-10T12:46:33+00:00,37.527738846838474,126.9339700229466,4095.0,3.339,7.0,153,88,231,207.0,90.0,7.8,1130.0,281889,1,3.3380000591278076
2026-07-10T12:46:34+00:00,37.52772836945951,126.9339470565319,4098.5,3.333,7.0,153,89,230,207.0,90.0,7.8,1120.0,282119,1,3.3329999446868896
2026-07-10T12:46:35+00:00,37.527717892080545,126.93392400629818,4102.0,3.331,7.0,154,89,230,208.0,91.0,7.9,1120.0,282349,1,3.3299999237060547
2026-07-10T12:46:36+00:00,37.527680760249496,126.9338595494628,4105.0,3.322,7.0,154,89,229,208.0,91.0,7.9,1120.0,282578,1,3.322000026702881
2026-07-10T12:46:37+00:00,37.52766693010926,126.93383943289518,4108.0,3.317,8.0,154,89,229,209.0,91.0,8.0,1120.0,282807,1,3.315999984741211
2026-07-10T12:46:38+00:00,37.52765318378806,126.93381931632757,4111.5,3.311,8.0,154,88,229,209.0,91.0,8.0,1120.0,283036,1,3.311000108718872
2026-07-10T12:46:39+00:00,37.52763943746686,126.93379919975996,4115.0,3.308,8.0,154,88,229,209.0,91.0,8.1,1120.0,283265,1,3.308000087738037
2026-07-10T12:46:40+00:00,37.52759643830359,126.9337398558855,4119.0,3.311,8.0,154,88,228,209.0,91.0,8.1,1120.0,283493,1,3.311000108718872
2026-07-10T12:46:41+00:00,37.52758235670626,126.93372024223208,4123.0,3.314,8.0,154,88,228,210.0,91.0,8.1,1120.0,283721,1,3.312999963760376
2026-07-10T12:46:42+00:00,37.52756827510893,126.93370062857866,4126.5,3.325,8.0,154,88,228,210.0,91.0,8.1,1120.0,283949,1,3.325000047683716
2026-07-10T12:46:43+00:00,37.52755427733064,126.93368101492524,4130.0,3.336,8.0,154,89,228,211.0,91.0,8.1,1120.0,284177,1,3.3359999656677246
2026-07-10T12:46:44+00:00,37.527512703090906,126.93362393416464,4133.0,3.342,8.0,154,89,229,211.0,91.0,8.1,1120.0,284406,1,3.3410000801086426
2026-07-10T12:46:45+00:00,37.527498034760356,126.93360582925379,4136.0,3.35,8.0,154,89,230,211.0,91.0,8.1,1130.0,284636,1,3.3499999046325684
2026-07-10T12:46:46+00:00,37.52748353406787,126.93358772434294,4139.5,3.35,8.0,155,89,230,210.0,91.0,8.1,1130.0,284866,1,3.3499999046325684
2026-07-10T12:46:47+00:00,37.52746903337538,126.93356961943209,4143.0,3.353,8.0,155,89,231,210.0,91.0,8.1,1130.0,285097,1,3.3519999980926514
2026-07-10T12:46:48+00:00,37.5274267885834,126.93351480178535,4146.5,3.356,8.0,155,89,231,210.0,91.0,8.0,1130.0,285328,1,3.3550000190734863
2026-07-10T12:46:49+00:00,37.5274164788425,126.9334946013987,4150.0,3.358,8.0,155,89,231,210.0,91.0,8.0,1130.0,285559,1,3.3580000400543213
2026-07-10T12:46:50+00:00,37.527406169101596,126.93347456865013,4153.0,3.358,8.0,155,89,231,209.0,90.0,8.0,1130.0,285790,1,3.3580000400543213
2026-07-10T12:46:51+00:00,37.527395859360695,126.93345445208251,4156.0,3.361,8.0,155,89,231,209.0,90.0,8.0,1130.0,286021,1,3.3610000610351562
2026-07-10T12:46:52+00:00,37.52738596871495,126.93338764831424,4159.0,3.367,8.0,156,89,231,209.0,89.0,7.9,1130.0,286252,1,3.433000087738037
2026-07-10T12:46:53+00:00,37.527389572933316,126.93336459808052,4162.0,3.375,8.0,156,89,231,209.0,89.0,7.9,1130.0,286483,1,3.507999897003174
2026-07-10T12:46:54+00:00,37.52739317715168,126.93334171548486,4165.5,3.375,8.0,156,89,237,209.0,88.0,7.8,1130.0,286720,1,3.507999897003174
2026-07-10T12:46:55+00:00,37.527396865189075,126.9333188328892,4169.0,3.375,8.0,156,89,244,209.0,88.0,7.7,1130.0,286964,1,3.507999897003174
2026-07-10T12:46:56+00:00,37.52742242999375,126.93325219675899,4172.0,3.375,8.0,156,89,244,209.0,87.0,7.7,1130.0,287208,1,3.507999897003174
2026-07-10T12:46:57+00:00,37.527433661744,126.93323132582009,4175.0,3.375,8.0,156,89,244,209.0,87.0,7.7,1130.0,287452,1,3.507999897003174
2026-07-10T12:46:58+00:00,37.52744489349425,126.93321053870022,4178.5,3.372,8.0,156,89,244,208.0,87.0,7.7,1130.0,287696,1,3.502000093460083
2026-07-10T12:46:59+00:00,37.5274561252445,126.93318975158036,4182.0,3.369,8.0,156,89,244,208.0,87.0,7.7,1140.0,287940,1,3.496999979019165
2026-07-10T12:47:00+00:00,37.52749283798039,126.93312923423946,4185.0,3.367,8.0,156,88,243,208.0,87.0,7.7,1140.0,288183,1,3.490999937057495
2026-07-10T12:47:01+00:00,37.52750549465418,126.93310895003378,4188.0,3.364,9.0,156,88,243,208.0,87.0,7.7,1140.0,288426,1,3.4860000610351562
2026-07-10T12:47:02+00:00,37.52751815132797,126.93308866582811,4191.5,3.361,9.0,156,88,242,208.0,87.0,7.7,1140.0,288668,1,3.4860000610351562
2026-07-10T12:47:03+00:00,37.52753089182079,126.93306846544147,4195.0,3.361,9.0,156,88,242,208.0,88.0,7.7,1140.0,288910,1,3.4860000610351562
2026-07-10T12:47:04+00:00,37.5275700353086,126.93300761282444,4198.5,3.361,9.0,156,88,242,208.0,88.0,7.7,1140.0,289152,1,3.555000066757202
2026-07-10T12:47:05+00:00,37.52758319489658,126.93298682570457,4202.0,3.364,9.0,156,88,242,208.0,89.0,7.8,1140.0,289394,1,3.625
2026-07-10T12:47:06+00:00,37.527596270665526,126.93296603858471,4205.5,3.367,9.0,156,88,248,208.0,89.0,7.8,1140.0,289642,1,3.630000114440918
2026-07-10T12:47:07+00:00,37.527609430253506,126.93294525146484,4209.0,3.372,9.0,156,89,254,208.0,89.0,7.8,1140.0,289896,1,3.635999917984009
2026-07-10T12:47:08+00:00,37.52764974720776,126.93288280628622,4212.5,3.378,9.0,156,89,254,208.0,89.0,7.8,1130.0,290150,1,3.572000026702881
2026-07-10T12:47:09+00:00,37.52766382880509,126.93286260589957,4216.0,3.383,9.0,156,89,254,208.0,89.0,7.9,1130.0,290404,1,3.507999897003174
2026-07-10T12:47:10+00:00,37.52767807804048,126.93284257315099,4220.0,3.386,9.0,156,89,249,208.0,89.0,7.9,1130.0,290653,1,3.510999917984009
2026-07-10T12:47:11+00:00,37.52769224345684,126.93282245658338,4224.0,3.392,9.0,156,89,244,208.0,90.0,7.9,1140.0,290897,1,3.5160000324249268
2026-07-10T12:47:12+00:00,37.52773666754365,126.93276495672762,4227.5,3.394,9.0,156,89,244,207.0,90.0,7.9,1140.0,291141,1,3.5220000743865967
2026-07-10T12:47:13+00:00,37.52775150351226,126.93274634890258,4231.0,3.397,9.0,156,89,244,207.0,91.0,8.0,1140.0,291385,1,3.5269999504089355
2026-07-10T12:47:14+00:00,37.527766255661845,126.93272782489657,4234.0,3.4,9.0,156,89,244,207.0,91.0,8.0,1140.0,291629,1,3.5269999504089355
2026-07-10T12:47:15+00:00,37.52778117544949,126.93270930089056,4237.0,3.403,9.0,156,89,245,207.0,92.0,8.1,1150.0,291874,1,3.5269999504089355
2026-07-10T12:47:16+00:00,37.52782467752695,126.93265423178673,4240.5,3.406,9.0,156,89,245,207.0,92.0,8.1,1150.0,292119,1,3.4660000801086426
2026-07-10T12:47:17+00:00,37.52783892676234,126.93263629451394,4244.0,3.408,9.0,156,89,245,207.0,93.0,8.1,1150.0,292364,1,3.4079999923706055
2026-07-10T12:47:18+00:00,37.527853259816766,126.93261852487922,4247.5,3.408,9.0,156,89,240,207.0,93.0,8.1,1150.0,292604,1,3.4079999923706055
2026-07-10T12:47:19+00:00,37.52786759287119,126.9326007552445,4251.0,3.408,9.0,156,89,235,208.0,93.0,8.1,1150.0,292839,1,3.4079999923706055
2026-07-10T12:47:20+00:00,37.527910340577364,126.93254903890193,4254.0,3.408,9.0,156,89,235,208.0,92.0,8.0,1150.0,293074,1,3.4079999923706055
2026-07-10T12:47:21+00:00,37.52792492508888,126.93253219127655,4257.0,3.411,9.0,156,89,235,208.0,92.0,8.0,1150.0,293309,1,3.4110000133514404
2026-07-10T12:47:22+00:00,37.52793959341943,126.93251551128924,4260.5,3.411,9.0,156,89,235,208.0,91.0,7.9,1150.0,293544,1,3.4110000133514404
2026-07-10T12:47:23+00:00,37.52795426174998,126.93249883130193,4264.0,3.411,9.0,155,89,235,208.0,91.0,7.9,1150.0,293779,1,3.4110000133514404
2026-07-10T12:47:24+00:00,37.527999272570014,126.93245055153966,4267.5,3.408,9.0,155,89,235,208.0,90.0,7.8,1150.0,294014,1,3.4079999923706055
2026-07-10T12:47:25+00:00,37.52801435999572,126.93243420682847,4271.0,3.408,9.0,155,89,235,208.0,90.0,7.8,1150.0,294249,1,3.4079999923706055
2026-07-10T12:47:26+00:00,37.52802953124046,126.93241794593632,4274.0,3.408,9.0,155,89,235,208.0,89.0,7.8,1150.0,294484,1,3.4079999923706055
2026-07-10T12:47:27+00:00,37.528044786304235,126.9324017688632,4277.0,3.408,9.0,155,89,235,208.0,89.0,7.8,1150.0,294719,1,3.4079999923706055
2026-07-10T12:47:28+00:00,37.52809046767652,126.93235013633966,4280.5,3.408,9.0,155,89,235,208.0,89.0,7.7,1150.0,294954,1,3.4079999923706055
2026-07-10T12:47:29+00:00,37.52810555510223,126.93233169615269,4284.0,3.408,9.0,155,89,235,208.0,89.0,7.7,1150.0,295189,1,3.4079999923706055
2026-07-10T12:47:30+00:00,37.52812072634697,126.93231333978474,4287.5,3.408,9.0,154,89,235,208.0,89.0,7.7,1140.0,295424,1,3.4079999923706055
2026-07-10T12:47:31+00:00,37.52813598141074,126.93229489959776,4291.0,3.408,9.0,154,89,235,208.0,89.0,7.7,1140.0,295659,1,3.4079999923706055
2026-07-10T12:47:32+00:00,37.52818417735398,126.9322394952178,4295.0,3.411,9.0,154,89,235,208.0,88.0,7.7,1140.0,295894,1,3.4110000133514404
2026-07-10T12:47:33+00:00,37.52820136025548,126.93222155794501,4299.0,3.417,9.0,154,90,235,208.0,88.0,7.7,1140.0,296129,1,3.4159998893737793
2026-07-10T12:47:34+00:00,37.52821854315698,126.93220362067223,4302.5,3.425,8.0,154,90,235,208.0,88.0,7.7,1130.0,296364,1,3.4240000247955322
2026-07-10T12:47:35+00:00,37.52823589369655,126.93218576721847,4306.0,3.433,8.0,154,91,236,208.0,88.0,7.7,1130.0,296600,1,3.433000087738037
2026-07-10T12:47:36+00:00,37.52828869968653,126.93213480524719,4310.0,3.439,8.0,155,91,236,207.0,87.0,7.7,1130.0,296836,1,3.437999963760376
2026-07-10T12:47:37+00:00,37.52830605022609,126.9321189634502,4314.0,3.444,8.0,155,91,236,207.0,87.0,7.7,1140.0,297072,1,3.444000005722046
2026-07-10T12:47:38+00:00,37.52832356840372,126.9321031216532,4317.5,3.447,8.0,155,91,236,207.0,87.0,7.6,1140.0,297308,1,3.447000026702881
2026-07-10T12:47:39+00:00,37.52834108658135,126.93208736367524,4321.0,3.453,8.0,155,91,237,207.0,87.0,7.6,1140.0,297545,1,3.4519999027252197
2026-07-10T12:47:40+00:00,37.528392635285854,126.9320410117507,4324.5,3.461,8.0,155,91,237,206.0,87.0,7.6,1140.0,297782,1,3.4609999656677246
2026-07-10T12:47:41+00:00,37.528409231454134,126.93202483467758,4328.0,3.472,8.0,155,91,238,206.0,87.0,7.6,1140.0,298020,1,3.4719998836517334
2026-07-10T12:47:42+00:00,37.528425827622414,126.93200865760446,4331.5,3.472,8.0,155,91,238,205.0,86.0,7.6,1140.0,298258,1,3.4719998836517334
2026-07-10T12:47:43+00:00,37.52844259142876,126.9319923967123,4335.0,3.475,8.0,155,91,239,205.0,86.0,7.6,1140.0,298497,1,3.4749999046325684
2026-07-10T12:47:44+00:00,37.528492379933596,126.93194302730262,4338.5,3.475,8.0,155,91,239,204.0,86.0,7.6,1140.0,298736,1,3.4749999046325684
2026-07-10T12:47:45+00:00,37.52850922755897,126.93192651495337,4342.0,3.475,8.0,155,91,240,204.0,86.0,7.6,1140.0,298976,1,3.4749999046325684
2026-07-10T12:47:46+00:00,37.52852615900338,126.93191000260413,4345.5,3.475,8.0,155,91,240,203.0,86.0,7.6,1140.0,299216,1,3.4749999046325684
2026-07-10T12:47:47+00:00,37.52854309044778,126.93189365789294,4349.0,3.475,8.0,155,91,240,203.0,86.0,7.6,1140.0,299456,1,3.4749999046325684
2026-07-10T12:47:48+00:00,37.528594471514225,126.9318443723023,4352.5,3.475,8.0,155,91,240,203.0,86.0,7.6,1140.0,299696,1,3.4749999046325684
2026-07-10T12:47:49+00:00,37.52861173823476,126.93182861432433,4356.0,3.475,9.0,155,90,240,203.0,86.0,7.6,1150.0,299936,1,3.4749999046325684
2026-07-10T12:47:50+00:00,37.52862908877432,126.93181302398443,4359.5,3.475,9.0,155,90,240,202.0,86.0,7.5,1150.0,300176,1,3.4749999046325684
2026-07-10T12:47:51+00:00,37.52864643931389,126.93179743364453,4363.0,3.478,9.0,155,90,240,202.0,86.0,7.5,1160.0,300416,1,3.4769999980926514
2026-07-10T12:47:52+00:00,37.528699077665806,126.93175476975739,4366.5,3.478,9.0,155,89,240,202.0,85.0,7.4,1160.0,300656,1,3.4769999980926514
2026-07-10T12:47:53+00:00,37.52871693111956,126.93174202926457,4370.0,3.478,9.0,155,89,240,202.0,85.0,7.4,1170.0,300896,1,3.4769999980926514
2026-07-10T12:47:54+00:00,37.52873486839235,126.93172937259078,4373.5,3.478,9.0,155,89,240,202.0,85.0,7.3,1170.0,301136,1,3.4769999980926514
2026-07-10T12:47:55+00:00,37.52875288948417,126.93171663209796,4377.0,3.481,9.0,156,89,240,202.0,85.0,7.3,1170.0,301376,1,3.4800000190734863
2026-07-10T12:47:56+00:00,37.52880829386413,126.93168285302818,4380.5,3.475,9.0,156,89,240,202.0,85.0,7.3,1170.0,301616,1,3.4749999046325684
2026-07-10T12:47:57+00:00,37.5288269855082,126.93167220801115,4384.0,3.472,9.0,156,89,240,202.0,85.0,7.3,1170.0,301856,1,3.4719998836517334
2026-07-10T12:47:58+00:00,37.52884576097131,126.93166164681315,4387.5,3.469,9.0,156,89,239,202.0,85.0,7.3,1160.0,302095,1,3.4690001010894775
2026-07-10T12:47:59+00:00,37.52886453643441,126.93165100179613,4391.0,3.467,9.0,156,89,239,202.0,85.0,7.3,1160.0,302334,1,3.4660000801086426
2026-07-10T12:48:00+00:00,37.52892195247114,126.9316181447357,4394.5,3.464,9.0,156,89,239,202.0,85.0,7.3,1160.0,302573,1,3.4630000591278076
2026-07-10T12:48:01+00:00,37.528940979391336,126.93160632625222,4398.0,3.464,9.0,157,89,239,203.0,85.0,7.3,1160.0,302812,1,3.4630000591278076
2026-07-10T12:48:02+00:00,37.528960006311536,126.93159450776875,4401.5,3.464,9.0,157,89,238,203.0,85.0,7.3,1160.0,303050,1,3.4630000591278076
2026-07-10T12:48:03+00:00,37.5289789494127,126.93158277310431,4405.0,3.464,9.0,157,89,238,203.0,86.0,7.4,1160.0,303288,1,3.4630000591278076
2026-07-10T12:48:04+00:00,37.52903435379267,126.9315468147397,4408.5,3.461,9.0,157,89,238,203.0,86.0,7.4,1160.0,303526,1,3.4609999656677246
2026-07-10T12:48:05+00:00,37.529052374884486,126.9315351638943,4412.0,3.461,9.0,156,89,238,204.0,86.0,7.4,1160.0,303764,1,3.4609999656677246
2026-07-10T12:48:06+00:00,37.52907047979534,126.93152342922986,4415.0,3.461,9.0,156,89,238,204.0,86.0,7.4,1160.0,304002,1,3.4609999656677246
2026-07-10T12:48:07+00:00,37.52908858470619,126.93151169456542,4418.0,3.461,9.0,156,89,238,204.0,86.0,7.4,1170.0,304240,1,3.4609999656677246
2026-07-10T12:48:08+00:00,37.5291430670768,126.9314764905721,4421.5,3.458,9.0,156,89,238,204.0,86.0,7.4,1170.0,304478,1,3.4579999446868896
2026-07-10T12:48:09+00:00,37.529161339625716,126.9314643368125,4425.0,3.458,9.0,156,89,238,204.0,86.0,7.4,1170.0,304716,1,3.4579999446868896
2026-07-10T12:48:10+00:00,37.52917969599366,126.93145209923387,4428.5,3.458,9.0,156,89,238,204.0,86.0,7.4,1170.0,304954,1,3.4579999446868896
2026-07-10T12:48:11+00:00,37.529197968542576,126.93143994547427,4432.0,3.458,9.0,156,89,238,204.0,87.0,7.4,1170.0,305192,1,3.4579999446868896
2026-07-10T12:48:12+00:00,37.52925337292254,126.93140289746225,4435.5,3.458,9.0,156,89,238,204.0,87.0,7.4,1170.0,305430,1,3.4579999446868896
2026-07-10T12:48:13+00:00,37.52927198074758,126.93138990551233,4439.0,3.458,9.0,156,89,238,204.0,87.0,7.5,1170.0,305668,1,3.4579999446868896
2026-07-10T12:48:14+00:00,37.52929058857262,126.93137699738145,4442.5,3.458,8.0,157,89,238,204.0,87.0,7.5,1160.0,305906,1,3.4579999446868896
2026-07-10T12:48:15+00:00,37.529309280216694,126.9313641730696,4446.0,3.458,8.0,157,89,238,204.0,88.0,7.5,1160.0,306144,1,3.4579999446868896
2026-07-10T12:48:16+00:00,37.529365103691816,126.93132326938212,4450.0,3.461,8.0,157,89,238,204.0,88.0,7.5,1160.0,306382,1,3.4609999656677246
2026-07-10T12:48:17+00:00,37.52938379533589,126.93131002597511,4454.0,3.464,8.0,157,89,238,204.0,89.0,7.6,1170.0,306620,1,3.4630000591278076
2026-07-10T12:48:18+00:00,37.52940248697996,126.93129686638713,4457.5,3.464,8.0,157,89,238,203.0,89.0,7.6,1170.0,306858,1,3.4630000591278076
2026-07-10T12:48:19+00:00,37.529421262443066,126.93128370679915,4461.0,3.467,8.0,157,89,238,203.0,90.0,7.7,1170.0,307096,1,3.4660000801086426
2026-07-10T12:48:20+00:00,37.52947876229882,126.93124640733004,4464.5,3.467,8.0,157,89,238,203.0,90.0,7.7,1170.0,307334,1,3.4660000801086426
2026-07-10T12:48:21+00:00,37.529497956857085,126.93123366683722,4468.0,3.469,8.0,157,89,239,203.0,91.0,7.8,1170.0,307573,1,3.4690001010894775
2026-07-10T12:48:22+00:00,37.52951715141535,126.93122084252536,4471.5,3.469,8.0,157,89,239,203.0,91.0,7.8,1160.0,307812,1,3.4690001010894775
2026-07-10T12:48:23+00:00,37.52953634597361,126.93120801821351,4475.0,3.472,8.0,157,89,239,203.0,92.0,7.9,1160.0,308051,1,3.4719998836517334
2026-07-10T12:48:24+00:00,37.5295904930681,126.93116082809865,4479.0,3.481,8.0,157,89,239,203.0,92.0,7.9,1160.0,308290,1,3.4800000190734863
2026-07-10T12:48:25+00:00,37.52960759215057,126.93114305846393,4483.0,3.489,8.0,157,90,239,203.0,93.0,8.0,1160.0,308529,1,3.48799991607666
2026-07-10T12:48:26+00:00,37.52962477505207,126.93112537264824,4486.5,3.492,8.0,157,90,239,202.0,93.0,8.0,1160.0,308768,1,3.490999937057495
2026-07-10T12:48:27+00:00,37.52964195795357,126.93110760301352,4490.0,3.497,8.0,157,90,240,202.0,94.0,8.0,1170.0,309008,1,3.496999979019165
2026-07-10T12:48:28+00:00,37.529694847762585,126.93105529993773,4494.0,3.5,8.0,157,90,240,202.0,94.0,8.0,1170.0,309248,1,3.5
2026-07-10T12:48:29+00:00,37.529713371768594,126.93103920668364,4498.0,3.506,8.0,157,90,241,202.0,95.0,8.1,1170.0,309489,1,3.505000114440918
2026-07-10T12:48:30+00:00,37.5297318957746,126.93102319724858,4501.5,3.508,8.0,157,90,241,202.0,95.0,8.1,1170.0,309730,1,3.507999897003174
2026-07-10T12:48:31+00:00,37.529750503599644,126.93100727163255,4505.0,3.514,8.0,157,90,242,202.0,96.0,8.2,1170.0,309972,1,3.513000011444092
2026-07-10T12:48:32+00:00,37.52980859018862,126.93096251226962,4509.0,3.517,8.0,157,90,242,201.0,96.0,8.2,1170.0,310214,1,3.5160000324249268
2026-07-10T12:48:33+00:00,37.52982786856592,126.93094859831035,4513.0,3.522,8.0,157,90,242,201.0,96.0,8.3,1170.0,310456,1,3.5220000743865967
2026-07-10T12:48:34+00:00,37.52984723076224,126.93093476817012,4516.5,3.531,8.0,157,90,242,201.0,96.0,8.3,1170.0,310698,1,3.5299999713897705
2026-07-10T12:48:35+00:00,37.5298666767776,126.93092085421085,4520.0,3.539,8.0,157,90,242,201.0,97.0,8.3,1170.0,310940,1,3.5380001068115234
2026-07-10T12:48:36+00:00,37.52992233261466,126.93088070489466,4523.5,3.544,8.0,157,90,243,201.0,96.0,8.2,1170.0,311183,1,3.5439999103546143
2026-07-10T12:48:37+00:00,37.52993976697326,126.9308665394783,4527.0,3.55,8.0,157,90,244,201.0,96.0,8.2,1180.0,311427,1,3.5490000247955322
2026-07-10T12:48:38+00:00,37.529957201331854,126.93085229024291,4530.5,3.547,8.0,157,90,244,201.0,96.0,8.2,1180.0,311671,1,3.546999931335449
2026-07-10T12:48:39+00:00,37.52997455187142,126.93083820864558,4534.0,3.547,8.0,158,90,245,201.0,96.0,8.2,1180.0,311916,1,3.546999931335449
2026-07-10T12:48:40+00:00,37.53002258017659,126.93079143762589,4537.5,3.544,8.0,157,90,245,201.0,96.0,8.1,1180.0,312161,1,3.5439999103546143
2026-07-10T12:48:41+00:00,37.53003917634487,126.930778529495,4541.0,3.544,8.0,158,90,245,201.0,96.0,8.1,1180.0,312406,1,3.5439999103546143
2026-07-10T12:48:42+00:00,37.53005577251315,126.93076562136412,4544.0,3.544,8.0,158,90,244,200.0,96.0,8.1,1180.0,312650,1,3.5439999103546143
2026-07-10T12:48:43+00:00,37.53007245250046,126.93075279705226,4547.0,3.544,8.0,157,90,244,200.0,96.0,8.1,1180.0,312894,1,3.5439999103546143
2026-07-10T12:48:44+00:00,37.53012458793819,126.93072471767664,4550.0,3.544,8.0,158,90,244,200.0,95.0,8.1,1180.0,313138,1,3.5439999103546143
2026-07-10T12:48:45+00:00,37.5301412679255,126.93071214482188,4553.0,3.547,8.0,158,90,244,200.0,95.0,8.1,1180.0,313382,1,3.546999931335449
2026-07-10T12:48:46+00:00,37.530158031731844,126.93069965578616,4556.5,3.547,8.0,158,90,244,200.0,95.0,8.1,1180.0,313626,1,3.546999931335449
2026-07-10T12:48:47+00:00,37.53017487935722,126.93068716675043,4560.0,3.55,8.0,157,90,245,200.0,95.0,8.1,1180.0,313871,1,3.5490000247955322
2026-07-10T12:48:48+00:00,37.53022022545338,126.93063092418015,4563.5,3.55,8.0,157,90,245,200.0,94.0,8.0,1180.0,314116,1,3.5490000247955322
2026-07-10T12:48:49+00:00,37.530233887955546,126.93060502409935,4567.0,3.55,8.0,157,90,245,200.0,94.0,8.0,1180.0,314361,1,3.5490000247955322
2026-07-10T12:48:50+00:00,37.530247466638684,126.93057912401855,4572.0,3.55,8.0,157,90,245,200.0,94.0,7.9,1180.0,314606,1,3.5490000247955322
2026-07-10T12:48:51+00:00,37.530261129140854,126.93055322393775,4577.0,3.55,8.0,157,90,245,200.0,94.0,7.9,1180.0,314851,1,3.5490000247955322
2026-07-10T12:48:52+00:00,37.53029624931514,126.9304611068219,4581.5,3.553,8.0,157,90,245,200.0,93.0,7.9,1180.0,315096,1,3.552000045776367
2026-07-10T12:48:53+00:00,37.53030530177057,126.93042892031372,4586.0,3.556,8.0,157,90,245,200.0,93.0,7.9,1190.0,315341,1,3.555000066757202
2026-07-10T12:48:54+00:00,37.53031427040696,126.93039673380554,4590.5,3.558,8.0,157,90,245,200.0,92.0,7.8,1190.0,315586,1,3.558000087738037
2026-07-10T12:48:55+00:00,37.53032340668142,126.93036463111639,4595.0,3.561,8.0,158,90,245,200.0,92.0,7.8,1190.0,315831,1,3.561000108718872
2026-07-10T12:48:56+00:00,37.53034436143935,126.93027025088668,4599.0,3.567,8.0,158,89,245,200.0,92.0,7.7,1190.0,316076,1,3.565999984741211
2026-07-10T12:48:57+00:00,37.530349558219314,126.93024041131139,4603.0,3.575,8.0,158,89,245,200.0,92.0,7.7,1190.0,316321,1,3.5739998817443848
2026-07-10T12:48:58+00:00,37.53035475499928,126.93021065555513,4607.0,3.583,8.0,158,89,246,200.0,91.0,7.7,1190.0,316567,1,3.5829999446868896
2026-07-10T12:48:59+00:00,37.530359951779246,126.93018089979887,4611.0,3.592,8.0,158,89,247,201.0,91.0,7.7,1200.0,316814,1,3.5910000801086426
2026-07-10T12:49:00+00:00,37.530368668958545,126.9300980027765,4614.5,3.6,8.0,158,89,247,201.0,90.0,7.6,1200.0,317061,1,3.5999999046325684
2026-07-10T12:49:01+00:00,37.53036858513951,126.93007193505764,4618.0,3.608,8.0,159,89,247,201.0,90.0,7.6,1210.0,317308,1,3.6080000400543213
2026-07-10T12:49:02+00:00,37.53036850132048,126.93004586733878,4621.0,3.608,8.0,159,89,248,201.0,90.0,7.5,1210.0,317556,1,3.6080000400543213
2026-07-10T12:49:03+00:00,37.53036850132048,126.93001971580088,4624.0,3.611,8.0,158,89,249,201.0,90.0,7.5,1220.0,317805,1,3.6110000610351562
2026-07-10T12:49:04+00:00,37.53036078996956,126.92994486540556,4627.5,3.617,8.0,158,89,249,201.0,90.0,7.5,1220.0,318054,1,3.615999937057495
2026-07-10T12:49:05+00:00,37.53035609610379,126.92992030642927,4631.0,3.622,8.0,158,89,249,201.0,90.0,7.5,1220.0,318303,1,3.621999979019165
2026-07-10T12:49:06+00:00,37.53035140223801,126.929895831272,4634.5,3.622,8.0,158,88,249,201.0,90.0,7.4,1220.0,318552,1,3.621999979019165
2026-07-10T12:49:07+00:00,37.53034679219127,126.92987143993378,4638.0,3.622,8.0,158,88,249,201.0,90.0,7.4,1230.0,318801,1,3.621999979019165
2026-07-10T12:49:08+00:00,37.530329106375575,126.92980010993779,4641.0,3.617,8.0,158,88,249,201.0,90.0,7.4,1230.0,319050,1,3.615999937057495
2026-07-10T12:49:09+00:00,37.53032265231013,126.92977764643729,4644.0,3.614,8.0,158,88,249,201.0,90.0,7.4,1230.0,319299,1,3.61299991607666
2026-07-10T12:49:10+00:00,37.53031628206372,126.92975509911776,4647.0,3.603,8.0,159,88,249,201.0,90.0,7.4,1230.0,319548,1,3.6019999980926514
2026-07-10T12:49:11+00:00,37.530309995636344,126.92973263561726,4650.0,3.594,8.0,159,88,249,202.0,90.0,7.4,1230.0,319797,1,3.5940001010894775
2026-07-10T12:49:12+00:00,37.530290465801954,126.92966725677252,4653.5,3.586,8.0,159,88,248,202.0,90.0,7.4,1220.0,320045,1,3.5859999656677246
2026-07-10T12:49:13+00:00,37.53028283827007,126.92964546382427,4657.0,3.578,8.0,159,88,247,203.0,91.0,7.4,1220.0,320292,1,3.5769999027252197
2026-07-10T12:49:14+00:00,37.530275294557214,126.92962375469506,4660.0,3.564,8.0,159,87,247,203.0,91.0,7.4,1220.0,320539,1,3.562999963760376
2026-07-10T12:49:15+00:00,37.53026766702533,126.92960204556584,4663.0,3.553,8.0,159,87,247,203.0,92.0,7.5,1220.0,320786,1,3.552000045776367
2026-07-10T12:49:16+00:00,37.53024243749678,126.92953582853079,4666.5,3.544,8.0,159,87,246,203.0,92.0,7.5,1210.0,321032,1,3.5439999103546143
2026-07-10T12:49:17+00:00,37.53023355267942,126.92951319739223,4670.0,3.536,8.0,158,87,245,204.0,93.0,7.6,1210.0,321277,1,3.5360000133514404
2026-07-10T12:49:18+00:00,37.53022466786206,126.92949073389173,4673.0,3.531,8.0,159,87,244,204.0,93.0,7.6,1200.0,321521,1,3.5299999713897705
2026-07-10T12:49:19+00:00,37.53021586686373,126.92946827039123,4676.0,3.528,8.0,159,88,244,204.0,94.0,7.7,1200.0,321765,1,3.5269999504089355
2026-07-10T12:49:20+00:00,37.5301914755255,126.9293973594904,4679.5,3.525,8.0,159,88,243,204.0,94.0,7.8,1190.0,322008,1,3.5239999294281006
2026-07-10T12:49:21+00:00,37.53018418326974,126.92937296815217,4683.0,3.522,8.0,159,89,243,204.0,95.0,7.9,1190.0,322251,1,3.5220000743865967
2026-07-10T12:49:22+00:00,37.53017689101398,126.9293484929949,4686.5,3.522,7.0,159,89,242,204.0,95.0,7.9,1180.0,322493,1,3.5220000743865967
2026-07-10T12:49:23+00:00,37.53016959875822,126.92932426929474,4690.0,3.522,7.0,159,89,242,204.0,95.0,7.9,1180.0,322735,1,3.5220000743865967
2026-07-10T12:49:24+00:00,37.53014755435288,126.92925084382296,4693.5,3.519,7.0,159,89,242,204.0,95.0,7.9,1180.0,322977,1,3.5190000534057617
2026-07-10T12:49:25+00:00,37.53014084883034,126.92922620102763,4697.0,3.517,7.0,159,89,242,204.0,96.0,8.0,1180.0,323219,1,3.5160000324249268
2026-07-10T12:49:26+00:00,37.530134143307805,126.92920172587037,4700.5,3.517,7.0,159,89,242,204.0,96.0,8.0,1180.0,323461,1,3.5160000324249268
2026-07-10T12:49:27+00:00,37.53012743778527,126.92917725071311,4704.0,3.517,7.0,159,89,242,204.0,96.0,8.0,1190.0,323703,1,3.5160000324249268
2026-07-10T12:49:28+00:00,37.53010958433151,126.9291037414223,4707.5,3.517,7.0,159,89,242,204.0,96.0,8.0,1190.0,323945,1,3.5160000324249268
2026-07-10T12:49:29+00:00,37.53010447137058,126.92907901480794,4711.0,3.517,7.0,160,89,242,204.0,96.0,8.1,1190.0,324187,1,3.5160000324249268
2026-07-10T12:49:30+00:00,37.530099442228675,126.92905445583165,4714.0,3.517,7.0,160,89,242,204.0,96.0,8.1,1190.0,324429,1,3.5160000324249268
2026-07-10T12:49:31+00:00,37.530094496905804,126.92902981303632,4717.0,3.517,7.0,160,89,242,204.0,96.0,8.1,1190.0,324671,1,3.5160000324249268
2026-07-10T12:49:32+00:00,37.53008410334587,126.92895605228841,4720.5,3.517,7.0,160,89,242,204.0,96.0,8.0,1190.0,324913,1,3.5160000324249268
2026-07-10T12:49:33+00:00,37.5300825946033,126.92893124185503,4724.0,3.517,7.0,160,89,242,204.0,96.0,8.0,1190.0,325155,1,3.5160000324249268
2026-07-10T12:49:34+00:00,37.53008108586073,126.92890643142164,4727.5,3.514,7.0,160,89,242,204.0,95.0,8.0,1180.0,325397,1,3.513000011444092
2026-07-10T12:49:35+00:00,37.53007966093719,126.92888170480728,4731.0,3.514,7.0,161,89,242,204.0,95.0,8.0,1180.0,325639,1,3.513000011444092
2026-07-10T12:49:36+00:00,37.530082343146205,126.92880786024034,4734.0,3.511,7.0,161,89,242,203.0,95.0,8.0,1180.0,325881,1,3.510999917984009
2026-07-10T12:49:37+00:00,37.530085695907474,126.92878355272114,4737.0,3.511,7.0,161,89,242,203.0,95.0,8.0,1180.0,326123,1,3.510999917984009
2026-07-10T12:49:38+00:00,37.53008896484971,126.92875924520195,4740.5,3.508,7.0,161,89,242,203.0,95.0,8.0,1180.0,326365,1,3.507999897003174
2026-07-10T12:49:39+00:00,37.53009240143001,126.92873502150178,4744.0,3.508,7.0,161,89,242,203.0,95.0,8.0,1180.0,326607,1,3.507999897003174
2026-07-10T12:49:40+00:00,37.53010765649378,126.9286634400487,4747.0,3.5,7.0,161,88,242,203.0,95.0,8.0,1180.0,326849,1,3.5
2026-07-10T12:49:41+00:00,37.53011436201632,126.92864005453885,4750.0,3.494,7.0,161,88,242,203.0,95.0,8.0,1180.0,327091,1,3.49399995803833
2026-07-10T12:49:42+00:00,37.53012106753886,126.92861675284803,4753.5,3.489,7.0,161,88,241,203.0,95.0,8.0,1180.0,327332,1,3.48799991607666
2026-07-10T12:49:43+00:00,37.530127773061395,126.92859345115721,4757.0,3.483,7.0,161,88,240,203.0,95.0,8.0,1180.0,327572,1,3.4830000400543213
2026-07-10T12:49:44+00:00,37.530153673142195,126.9285249710083,4760.5,3.481,7.0,161,88,240,203.0,95.0,8.0,1180.0,327812,1,3.4800000190734863
2026-07-10T12:49:45+00:00,37.53016423434019,126.92850292660296,4764.0,3.478,7.0,162,88,240,204.0,95.0,8.0,1180.0,328052,1,3.4769999980926514
2026-07-10T12:49:46+00:00,37.53017496317625,126.92848096601665,4767.0,3.475,7.0,162,88,240,204.0,95.0,8.0,1170.0,328292,1,3.4749999046325684
2026-07-10T12:49:47+00:00,37.53018569201231,126.92845892161131,4770.0,3.475,7.0,162,89,240,204.0,95.0,8.0,1170.0,328532,1,3.4749999046325684
2026-07-10T12:49:48+00:00,37.53021888434887,126.92839404568076,4773.5,3.472,7.0,162,89,240,204.0,94.0,8.0,1160.0,328772,1,3.4719998836517334
2026-07-10T12:49:49+00:00,37.53022902645171,126.92837191745639,4777.0,3.472,7.0,162,89,240,204.0,94.0,8.0,1160.0,329012,1,3.4719998836517334
2026-07-10T12:49:50+00:00,37.530239252373576,126.92834995687008,4780.5,3.472,7.0,162,89,239,204.0,93.0,8.0,1160.0,329251,1,3.4719998836517334
2026-07-10T12:49:51+00:00,37.53024956211448,126.92832791246474,4784.0,3.472,7.0,162,89,239,204.0,93.0,8.0,1160.0,329490,1,3.4719998836517334
2026-07-10T12:49:52+00:00,37.530277306213975,126.92826102487743,4787.0,3.469,7.0,162,89,239,204.0,93.0,7.9,1160.0,329729,1,3.4690001010894775
2026-07-10T12:49:53+00:00,37.530285604298115,126.92823780700564,4790.0,3.469,8.0,162,89,239,204.0,93.0,7.9,1160.0,329968,1,3.4690001010894775
2026-07-10T12:49:54+00:00,37.530293986201286,126.92821467295289,4793.5,3.469,8.0,162,89,239,204.0,92.0,7.9,1160.0,330207,1,3.4690001010894775
2026-07-10T12:49:55+00:00,37.53030236810446,126.92819153890014,4797.0,3.469,8.0,162,89,239,204.0,92.0,7.9,1160.0,330446,1,3.4690001010894775
2026-07-10T12:49:56+00:00,37.53032608889043,126.92812020890415,4800.5,3.467,8.0,162,89,239,204.0,92.0,7.9,1160.0,330685,1,3.5329999923706055
2026-07-10T12:49:57+00:00,37.53033505752683,126.92809640429914,4804.0,3.467,8.0,162,90,239,204.0,92.0,7.9,1160.0,330924,1,3.5999999046325684
2026-07-10T12:49:58+00:00,37.53034402616322,126.92807259969413,4807.5,3.467,8.0,162,90,244,204.0,92.0,7.9,1160.0,331168,1,3.5329999923706055
2026-07-10T12:49:59+00:00,37.53035316243768,126.92804879508913,4811.0,3.469,8.0,162,90,250,205.0,92.0,7.9,1160.0,331418,1,3.4690001010894775
2026-07-10T12:50:00+00:00,37.53038752824068,126.92798090167344,4815.0,3.472,8.0,162,90,250,204.0,91.0,7.9,1150.0,331668,1,3.4719998836517334
2026-07-10T12:50:01+00:00,37.53039934672415,126.9279583543539,4819.0,3.475,8.0,162,91,250,204.0,91.0,7.9,1150.0,331918,1,3.4749999046325684
2026-07-10T12:50:02+00:00,37.530411165207624,126.92793572321534,4822.5,3.478,8.0,162,90,245,204.0,91.0,7.8,1150.0,332163,1,3.4769999980926514
2026-07-10T12:50:03+00:00,37.530422983691096,126.92791309207678,4826.0,3.483,8.0,162,90,240,204.0,91.0,7.8,1150.0,332403,1,3.4830000400543213
2026-07-10T12:50:04+00:00,37.53045382909477,126.92784595303237,4829.0,3.486,8.0,162,90,240,204.0,90.0,7.7,1150.0,332643,1,3.4860000610351562
2026-07-10T12:50:05+00:00,37.53046313300729,126.92782474681735,4832.0,3.489,8.0,162,90,240,204.0,90.0,7.7,1160.0,332883,1,3.48799991607666
2026-07-10T12:50:06+00:00,37.53047243691981,126.92780354060233,4835.0,3.489,7.0,162,90,240,204.0,89.0,7.7,1160.0,333123,1,3.48799991607666
2026-07-10T12:50:07+00:00,37.53048174083233,126.92778241820633,4838.0,3.492,7.0,162,90,240,205.0,89.0,7.7,1160.0,333363,1,3.490999937057495
2026-07-10T12:50:08+00:00,37.53050948493183,126.92772081121802,4841.5,3.489,7.0,162,90,240,205.0,89.0,7.7,1160.0,333603,1,3.48799991607666
2026-07-10T12:50:09+00:00,37.53051853738725,126.927699605003,4845.0,3.489,7.0,163,90,240,205.0,90.0,7.7,1160.0,333843,1,3.48799991607666
2026-07-10T12:50:10+00:00,37.53052775748074,126.92767839878798,4848.0,3.481,7.0,162,89,240,205.0,90.0,7.7,1160.0,334083,1,3.4800000190734863
2026-07-10T12:50:11+00:00,37.53053697757423,126.92765736021101,4851.0,3.475,7.0,162,89,240,205.0,91.0,7.8,1170.0,334323,1,3.4749999046325684
2026-07-10T12:50:12+00:00,37.53056723624468,126.92759349010885,4854.5,3.464,7.0,162,89,240,205.0,91.0,7.8,1170.0,334563,1,3.4630000591278076
2026-07-10T12:50:13+00:00,37.53057964146137,126.9275732897222,4858.0,3.456,7.0,163,88,240,206.0,92.0,7.9,1170.0,334803,1,3.4549999237060547
2026-07-10T12:50:14+00:00,37.530592046678066,126.92755317315459,4861.5,3.45,7.0,163,88,239,206.0,92.0,7.9,1160.0,335042,1,3.450000047683716
2026-07-10T12:50:15+00:00,37.53060453571379,126.92753297276795,4865.0,3.444,7.0,163,89,238,206.0,92.0,7.9,1160.0,335280,1,3.444000005722046
2026-07-10T12:50:16+00:00,37.530649127438664,126.92747807130218,4868.5,3.442,7.0,163,89,237,206.0,91.0,7.9,1150.0,335517,1,3.440999984741211
2026-07-10T12:50:17+00:00,37.53066513687372,126.92746030166745,4872.0,3.442,7.0,163,89,237,206.0,91.0,7.9,1150.0,335754,1,3.440999984741211
2026-07-10T12:50:18+00:00,37.53068114630878,126.92744261585176,4875.5,3.442,7.0,163,89,237,206.0,91.0,7.8,1150.0,335991,1,3.440999984741211
2026-07-10T12:50:19+00:00,37.53069723956287,126.92742493003607,4879.0,3.444,7.0,163,89,237,207.0,91.0,7.8,1150.0,336228,1,3.444000005722046
2026-07-10T12:50:20+00:00,37.53074183128774,126.92737086676061,4882.5,3.447,7.0,163,89,237,207.0,91.0,7.8,1150.0,336465,1,3.447000026702881
2026-07-10T12:50:21+00:00,37.53075398504734,126.92735150456429,4886.0,3.45,7.0,163,89,237,208.0,91.0,7.8,1160.0,336702,1,3.450000047683716
2026-07-10T12:50:22+00:00,37.53076605498791,126.92733222618699,4889.0,3.453,7.0,163,88,237,208.0,90.0,7.8,1160.0,336939,1,3.4519999027252197
2026-07-10T12:50:23+00:00,37.53077829256654,126.9273129478097,4892.0,3.456,7.0,163,88,238,208.0,90.0,7.8,1170.0,337177,1,3.4549999237060547
2026-07-10T12:50:24+00:00,37.5308096408844,126.92725125700235,4895.0,3.456,7.0,163,88,238,208.0,90.0,7.8,1170.0,337415,1,3.4549999237060547
2026-07-10T12:50:25+00:00,37.53082045353949,126.92723063752055,4898.0,3.458,7.0,163,87,238,209.0,91.0,7.8,1180.0,337653,1,3.4579999446868896
2026-07-10T12:50:26+00:00,37.53083126619458,126.92721001803875,4901.5,3.456,7.0,163,88,238,209.0,90.0,7.8,1170.0,337891,1,3.4549999237060547
2026-07-10T12:50:27+00:00,37.530842162668705,126.92718956619501,4905.0,3.456,7.0,163,89,238,209.0,90.0,7.8,1170.0,338129,1,3.4549999237060547
2026-07-10T12:50:28+00:00,37.530876360833645,126.92713022232056,4908.0,3.45,7.0,163,89,238,209.0,89.0,7.7,1160.0,338367,1,3.450000047683716
2026-07-10T12:50:29+00:00,37.53088784404099,126.92711069248617,4911.0,3.447,7.0,163,89,238,210.0,89.0,7.6,1160.0,338605,1,3.447000026702881
2026-07-10T12:50:30+00:00,37.5308994948864,126.92709133028984,4914.5,3.442,7.0,163,89,238,209.0,88.0,7.6,1150.0,338843,1,3.440999984741211
2026-07-10T12:50:31+00:00,37.530911061912775,126.92707196809351,4918.0,3.439,7.0,163,90,238,209.0,88.0,7.6,1150.0,339081,1,3.437999963760376
2026-07-10T12:50:32+00:00,37.53094366751611,126.927012456581,4921.0,3.433,7.0,163,89,237,209.0,87.0,7.5,1150.0,339318,1,3.433000087738037
2026-07-10T12:50:33+00:00,37.53095347434282,126.92699225619435,4924.0,3.428,7.0,162,89,237,209.0,87.0,7.5,1160.0,339555,1,3.427000045776367
2026-07-10T12:50:34+00:00,37.530963281169534,126.92697213962674,4927.0,3.417,7.0,163,88,236,209.0,87.0,7.5,1160.0,339791,1,3.4159998893737793
2026-07-10T12:50:35+00:00,37.530973171815276,126.92695202305913,4930.0,3.406,7.0,162,88,236,209.0,87.0,7.5,1160.0,340027,1,3.4049999713897705
2026-07-10T12:50:36+00:00,37.531002005562186,126.92688941024244,4933.5,3.394,7.0,162,88,235,209.0,87.0,7.5,1150.0,340262,1,3.3940000534057617
2026-07-10T12:50:37+00:00,37.531011728569865,126.92686812020838,4937.0,3.386,7.0,162,88,235,209.0,87.0,7.5,1150.0,340497,1,3.385999917984009
2026-07-10T12:50:38+00:00,37.53102170303464,126.92684683017433,4940.5,3.378,7.0,161,88,234,209.0,87.0,7.5,1150.0,340731,1,3.377000093460083
2026-07-10T12:50:39+00:00,37.53103159368038,126.92682554014027,4944.0,3.372,7.0,161,88,234,210.0,87.0,7.6,1150.0,340965,1,3.371999979019165
2026-07-10T12:50:40+00:00,37.53106084652245,126.92676183767617,4947.0,3.367,7.0,162,88,233,210.0,87.0,7.6,1150.0,341198,1,3.365999937057495
2026-07-10T12:50:41+00:00,37.53107107244432,126.92674155347049,4950.0,3.361,8.0,162,88,232,210.0,88.0,7.6,1150.0,341430,1,3.3610000610351562
2026-07-10T12:50:42+00:00,37.53108129836619,126.92672126926482,4953.0,3.356,8.0,161,88,231,210.0,88.0,7.6,1140.0,341661,1,3.3550000190734863
2026-07-10T12:50:43+00:00,37.53109160810709,126.92670090124011,4956.0,3.353,8.0,161,88,231,210.0,88.0,7.7,1140.0,341892,1,3.3519999980926514
2026-07-10T12:50:44+00:00,37.53112438134849,126.92663879133761,4959.5,3.347,8.0,161,88,231,210.0,88.0,7.7,1130.0,342123,1,3.3469998836517334
2026-07-10T12:50:45+00:00,37.5311341881752,126.9266168307513,4963.0,3.344,8.0,161,88,231,210.0,89.0,7.8,1130.0,342354,1,3.3440001010894775
2026-07-10T12:50:46+00:00,37.53114399500191,126.92659487016499,4966.5,3.342,8.0,161,88,230,210.0,90.0,7.9,1130.0,342584,1,3.3410000801086426
2026-07-10T12:50:47+00:00,37.53115380182862,126.92657290957868,4970.0,3.342,8.0,161,88,230,210.0,91.0,8.0,1140.0,342814,1,3.3410000801086426
2026-07-10T12:50:48+00:00,37.53117769025266,126.92650166340172,4973.5,3.336,8.0,161,88,230,209.0,91.0,8.0,1130.0,343044,1,3.3359999656677246
2026-07-10T12:50:49+00:00,37.53118590451777,126.92647752352059,4977.0,3.331,8.0,161,89,230,209.0,92.0,8.1,1130.0,343274,1,3.3299999237060547
2026-07-10T12:50:50+00:00,37.53119420260191,126.92645346745849,4980.5,3.325,8.0,161,89,229,209.0,92.0,8.1,1120.0,343503,1,3.325000047683716
2026-07-10T12:50:51+00:00,37.53120250068605,126.92642932757735,4984.0,3.322,8.0,161,89,229,209.0,93.0,8.2,1120.0,343732,1,3.322000026702881
2026-07-10T12:50:52+00:00,37.53123384900391,126.92636227235198,4987.0,3.325,8.0,161,88,229,209.0,93.0,8.2,1120.0,343961,1,3.325000047683716
2026-07-10T12:50:53+00:00,37.53124566748738,126.9263406470418,4990.0,3.328,8.0,160,88,229,210.0,94.0,8.3,1130.0,344190,1,3.3269999027252197
2026-07-10T12:50:54+00:00,37.53125756978989,126.92631910555065,4994.0,3.331,7.0,160,88,229,210.0,94.0,8.4,1130.0,344419,1,3.3299999237060547
2026-07-10T12:50:55+00:00,37.53126947209239,126.92629764787853,4998.0,3.333,7.0,160,88,229,210.0,95.0,8.5,1130.0,344648,1,3.3329999446868896
2026-07-10T12:50:56+00:00,37.53130425699055,126.9262331072241,5001.0,3.336,7.0,160,88,229,210.0,95.0,8.5,1130.0,344877,1,3.3359999656677246
2026-07-10T12:50:57+00:00,37.53131506964564,126.92621206864715,5004.0,3.342,7.0,160,88,229,210.0,96.0,8.5,1140.0,345106,1,3.3410000801086426
2026-07-10T12:50:58+00:00,37.531325882300735,126.92619094625115,5007.5,3.344,7.0,160,88,229,209.0,96.0,8.5,1130.0,345335,1,3.3440001010894775
2026-07-10T12:50:59+00:00,37.53133677877486,126.9261699076742,5011.0,3.347,7.0,160,88,230,209.0,97.0,8.6,1130.0,345565,1,3.3469998836517334
2026-07-10T12:51:00+00:00,37.53136804327369,126.9261075463146,5014.0,3.347,7.0,160,88,230,209.0,97.0,8.6,1130.0,345795,1,3.3469998836517334
2026-07-10T12:51:01+00:00,37.53137843683362,126.9260864239186,5017.0,3.347,7.0,160,89,231,209.0,97.0,8.6,1130.0,346026,1,3.3469998836517334
2026-07-10T12:51:02+00:00,37.53138883039355,126.92606530152261,5020.5,3.35,7.0,160,89,231,209.0,97.0,8.5,1120.0,346257,1,3.3499999046325684
2026-07-10T12:51:03+00:00,37.53139930777252,126.92604434676468,5024.0,3.353,7.0,161,90,231,209.0,97.0,8.5,1120.0,346488,1,3.3519999980926514
2026-07-10T12:51:04+00:00,37.53143057227135,126.92598005756736,5027.5,3.353,7.0,161,90,231,209.0,96.0,8.5,1120.0,346719,1,3.3519999980926514
2026-07-10T12:51:05+00:00,37.53144138492644,126.92595885135233,5031.0,3.353,7.0,161,90,231,209.0,96.0,8.5,1120.0,346950,1,3.3519999980926514
2026-07-10T12:51:06+00:00,37.53145219758153,126.92593764513731,5034.0,3.353,7.0,161,90,231,209.0,95.0,8.4,1120.0,347181,1,3.3519999980926514
2026-07-10T12:51:07+00:00,37.53146309405565,126.92591652274132,5037.0,3.353,7.0,161,90,231,209.0,95.0,8.4,1120.0,347412,1,3.3519999980926514
2026-07-10T12:51:08+00:00,37.531498381868005,126.92585550248623,5040.5,3.353,7.0,160,89,231,209.0,94.0,8.4,1120.0,347643,1,3.3519999980926514
2026-07-10T12:51:09+00:00,37.53151137381792,126.92583563737571,5044.0,3.353,7.0,160,89,231,210.0,94.0,8.4,1120.0,347874,1,3.3519999980926514
2026-07-10T12:51:10+00:00,37.53152444958687,126.92581585608423,5047.5,3.353,7.0,160,89,231,210.0,93.0,8.3,1120.0,348105,1,3.3519999980926514
2026-07-10T12:51:11+00:00,37.531537525355816,126.92579599097371,5051.0,3.356,7.0,160,89,231,210.0,93.0,8.3,1120.0,348336,1,3.3550000190734863
2026-07-10T12:51:12+00:00,37.5315797701478,126.92573681473732,5054.5,3.356,7.0,160,89,231,210.0,93.0,8.3,1120.0,348567,1,3.3550000190734863
2026-07-10T12:51:13+00:00,37.531593684107065,126.9257169496268,5058.0,3.358,7.0,160,90,231,210.0,93.0,8.3,1130.0,348798,1,3.3580000400543213
2026-07-10T12:51:14+00:00,37.53160768188536,126.92569716833532,5061.5,3.361,7.0,160,90,231,209.0,92.0,8.2,1120.0,349029,1,3.3610000610351562
2026-07-10T12:51:15+00:00,37.53162167966366,126.9256773032248,5065.0,3.364,7.0,160,90,231,209.0,92.0,8.2,1120.0,349260,1,3.36299991607666
2026-07-10T12:51:16+00:00,37.53166442736983,126.92561946809292,5068.5,3.367,7.0,160,90,231,209.0,91.0,8.1,1120.0,349491,1,3.365999937057495
2026-07-10T12:51:17+00:00,37.53167943097651,126.9256014470011,5072.0,3.372,7.0,160,90,231,209.0,90.0,8.1,1120.0,349722,1,3.371999979019165
2026-07-10T12:51:18+00:00,37.53169443458319,126.92558342590928,5075.5,3.372,7.0,160,90,231,209.0,90.0,8.0,1120.0,349953,1,3.371999979019165
2026-07-10T12:51:19+00:00,37.53170960582793,126.92556557245553,5079.0,3.375,7.0,161,90,232,209.0,90.0,8.0,1130.0,350185,1,3.374000072479248
2026-07-10T12:51:20+00:00,37.53175755031407,126.92551762796938,5082.5,3.378,7.0,161,90,232,208.0,89.0,7.9,1130.0,350417,1,3.377000093460083
2026-07-10T12:51:21+00:00,37.53177406266332,126.92550262436271,5086.0,3.381,7.0,161,90,233,208.0,89.0,7.9,1130.0,350650,1,3.380000114440918
2026-07-10T12:51:22+00:00,37.531790575012565,126.92548770457506,5089.0,3.381,7.0,161,90,233,208.0,88.0,7.8,1130.0,350883,1,3.380000114440918
2026-07-10T12:51:23+00:00,37.53180708736181,126.92547286860645,5092.0,3.383,7.0,161,90,233,208.0,88.0,7.8,1130.0,351116,1,3.382999897003174
2026-07-10T12:51:24+00:00,37.53185519948602,126.92542953416705,5095.5,3.383,7.0,160,90,233,208.0,87.0,7.7,1130.0,351349,1,3.382999897003174
2026-07-10T12:51:25+00:00,37.53187104128301,126.92541536875069,5099.0,3.386,7.0,160,90,233,208.0,87.0,7.7,1130.0,351582,1,3.385999917984009
2026-07-10T12:51:26+00:00,37.53188696689904,126.9254011195153,5102.0,3.386,7.0,161,88,233,208.0,87.0,7.7,1130.0,351815,1,3.385999917984009
2026-07-10T12:51:27+00:00,37.53190289251506,126.92538695409894,5105.0,3.386,7.0,161,86,234,209.0,88.0,7.8,1140.0,352049,1,3.385999917984009
2026-07-10T12:51:28+00:00,37.53195209428668,126.92534420639277,5108.5,3.378,7.0,161,86,234,209.0,88.0,7.8,1160.0,352283,1,3.377000093460083
2026-07-10T12:51:29+00:00,37.53196869045496,126.92532937042415,5112.0,3.369,7.0,161,86,234,209.0,89.0,7.8,1180.0,352517,1,3.36899995803833
2026-07-10T12:51:30+00:00,37.53198537044227,126.92531453445554,5115.5,3.367,7.0,161,85,233,209.0,89.0,7.8,1180.0,352750,1,3.365999937057495
2026-07-10T12:51:31+00:00,37.53200205042958,126.92529969848692,5119.0,3.364,7.0,161,85,232,210.0,90.0,7.9,1180.0,352982,1,3.36299991607666
2026-07-10T12:51:32+00:00,37.53205074928701,126.92525326274335,5122.5,3.364,7.0,161,85,231,210.0,91.0,7.9,1180.0,353213,1,3.36299991607666
2026-07-10T12:51:33+00:00,37.53206675872207,126.92523750476539,5126.0,3.367,7.0,161,86,231,211.0,92.0,7.9,1180.0,353444,1,3.365999937057495
2026-07-10T12:51:34+00:00,37.532082768157125,126.92522183060646,5129.5,3.372,7.0,161,87,231,211.0,92.0,7.9,1170.0,353675,1,3.371999979019165
2026-07-10T12:51:35+00:00,37.53209877759218,126.92520615644753,5133.0,3.378,7.0,162,88,232,212.0,93.0,8.0,1160.0,353907,1,3.377000093460083
2026-07-10T12:51:36+00:00,37.53214714117348,126.92516164854169,5136.0,3.378,7.0,162,88,232,212.0,93.0,8.0,1150.0,354139,1,3.377000093460083
2026-07-10T12:51:37+00:00,37.532163402065635,126.92514664493501,5139.0,3.381,7.0,162,88,233,212.0,94.0,8.1,1150.0,354372,1,3.380000114440918
2026-07-10T12:51:38+00:00,37.532179579138756,126.92513164132833,5142.5,3.378,7.0,162,88,233,212.0,95.0,8.1,1150.0,354605,1,3.377000093460083
2026-07-10T12:51:39+00:00,37.53219575621188,126.92511672154069,5146.0,3.378,7.0,162,88,233,213.0,96.0,8.2,1150.0,354838,1,3.377000093460083
2026-07-10T12:51:40+00:00,37.53224420361221,126.92507095634937,5149.5,3.375,7.0,162,88,233,212.0,96.0,8.3,1140.0,355071,1,3.374000072479248
2026-07-10T12:51:41+00:00,37.5322600454092,126.92505603656173,5153.0,3.375,7.0,162,88,233,212.0,97.0,8.4,1140.0,355304,1,3.374000072479248
2026-07-10T12:51:42+00:00,37.53227597102523,126.92504120059311,5156.0,3.375,7.0,162,88,233,212.0,97.0,8.5,1140.0,355537,1,3.374000072479248
2026-07-10T12:51:43+00:00,37.532291980460286,126.92502644844353,5159.0,3.375,7.0,162,88,233,212.0,98.0,8.6,1140.0,355770,1,3.374000072479248
2026-07-10T12:51:44+00:00,37.5323395896703,126.92498269490898,5162.5,3.372,7.0,162,88,233,212.0,98.0,8.6,1140.0,356003,1,3.371999979019165
2026-07-10T12:51:45+00:00,37.53235526382923,126.92496760748327,5166.0,3.372,7.0,163,88,233,213.0,99.0,8.6,1140.0,356236,1,3.371999979019165
2026-07-10T12:51:46+00:00,37.53237093798816,126.92495252005756,5169.0,3.369,7.0,163,88,232,212.0,99.0,8.6,1130.0,356468,1,3.36899995803833
2026-07-10T12:51:47+00:00,37.532386779785156,126.92493743263185,5172.0,3.367,7.0,163,89,232,212.0,99.0,8.6,1130.0,356700,1,3.365999937057495
2026-07-10T12:51:48+00:00,37.53243522718549,126.92489141598344,5175.5,3.364,7.0,163,89,232,212.0,98.0,8.6,1130.0,356932,1,3.36299991607666
2026-07-10T12:51:49+00:00,37.532452242448926,126.92487641237676,5179.0,3.361,7.0,163,89,232,212.0,98.0,8.6,1140.0,357164,1,3.3610000610351562
2026-07-10T12:51:50+00:00,37.532469257712364,126.92486140877008,5182.5,3.361,7.0,163,89,231,211.0,97.0,8.5,1130.0,357395,1,3.3610000610351562
2026-07-10T12:51:51+00:00,37.5324862729758,126.92484640516341,5186.0,3.361,7.0,163,89,231,210.0,97.0,8.5,1130.0,357626,1,3.3610000610351562
2026-07-10T12:51:52+00:00,37.53253639675677,126.92479904741049,5189.5,3.361,7.0,164,89,231,209.0,96.0,8.4,1130.0,357857,1,3.3610000610351562
2026-07-10T12:51:53+00:00,37.53255215473473,126.92478169687092,5193.0,3.361,7.0,163,89,231,209.0,95.0,8.4,1130.0,358088,1,3.3610000610351562
2026-07-10T12:51:54+00:00,37.53256808035076,126.92476451396942,5196.5,3.364,7.0,163,89,231,208.0,95.0,8.4,1130.0,358319,1,3.36299991607666
2026-07-10T12:51:55+00:00,37.53258400596678,126.92474733106792,5200.0,3.367,7.0,163,89,231,208.0,95.0,8.4,1130.0,358550,1,3.365999937057495
2026-07-10T12:51:56+00:00,37.532629603520036,126.92469175904989,5203.5,3.369,7.0,163,89,231,208.0,95.0,8.4,1130.0,358781,1,3.36899995803833
2026-07-10T12:51:57+00:00,37.532644774764776,126.92467365413904,5207.0,3.372,7.0,163,89,232,208.0,95.0,8.4,1130.0,359013,1,3.371999979019165
2026-07-10T12:51:58+00:00,37.53265994600952,126.92465554922819,5210.5,3.375,7.0,163,89,232,208.0,95.0,8.4,1140.0,359245,1,3.374000072479248
2026-07-10T12:51:59+00:00,37.53267528489232,126.92463744431734,5214.0,3.381,7.0,163,89,232,208.0,95.0,8.4,1150.0,359477,1,3.380000114440918
2026-07-10T12:52:00+00:00,37.532721888273954,126.9245858117938,5217.5,3.383,7.0,163,89,232,208.0,95.0,8.4,1140.0,359709,1,3.382999897003174
2026-07-10T12:52:01+00:00,37.53273630514741,126.92456770688295,5221.0,3.389,7.0,163,89,233,208.0,95.0,8.4,1140.0,359942,1,3.388000011444092
2026-07-10T12:52:02+00:00,37.532750805839896,126.92454976961017,5224.5,3.392,7.0,163,88,233,208.0,95.0,8.4,1140.0,360175,1,3.3910000324249268
2026-07-10T12:52:03+00:00,37.53276530653238,126.92453174851835,5228.0,3.394,7.0,163,88,234,208.0,95.0,8.4,1140.0,360409,1,3.3940000534057617
2026-07-10T12:52:04+00:00,37.5328023545444,126.92446980625391,5231.5,3.394,7.0,163,88,234,208.0,95.0,8.4,1140.0,360643,1,3.3940000534057617
2026-07-10T12:52:05+00:00,37.53281258046627,126.92444709129632,5235.0,3.397,7.0,163,88,234,208.0,96.0,8.4,1150.0,360877,1,3.3970000743865967
2026-07-10T12:52:06+00:00,37.53282289020717,126.92442446015775,5238.5,3.397,7.0,163,88,234,208.0,96.0,8.4,1150.0,361111,1,3.3970000743865967
2026-07-10T12:52:07+00:00,37.53283319994807,126.92440182901919,5242.0,3.4,7.0,163,89,234,208.0,96.0,8.4,1150.0,361345,1,3.3989999294281006
2026-07-10T12:52:08+00:00,37.53286027349532,126.92433150485158,5245.5,3.4,7.0,163,89,234,208.0,96.0,8.4,1150.0,361579,1,3.3989999294281006
2026-07-10T12:52:09+00:00,37.53287008032203,126.92430845461786,5249.0,3.403,7.0,163,89,234,208.0,96.0,8.4,1150.0,361813,1,3.4019999504089355
2026-07-10T12:52:10+00:00,37.53287997096777,126.9242853205651,5252.0,3.406,7.0,163,89,234,208.0,96.0,8.4,1140.0,362047,1,3.4049999713897705
2026-07-10T12:52:11+00:00,37.53288986161351,126.92426235415041,5255.0,3.408,7.0,163,89,234,208.0,97.0,8.4,1140.0,362281,1,3.4079999923706055
2026-07-10T12:52:12+00:00,37.53292397595942,126.92419580183923,5259.0,3.422,7.0,163,90,234,207.0,96.0,8.4,1140.0,362515,1,3.421999931335449
2026-07-10T12:52:13+00:00,37.5329352915287,126.92417342215776,5263.0,3.436,7.0,163,91,235,207.0,96.0,8.4,1140.0,362750,1,3.436000108718872
2026-07-10T12:52:14+00:00,37.532946690917015,126.9241510424763,5266.5,3.444,7.0,163,91,236,206.0,95.0,8.3,1130.0,362986,1,3.444000005722046
2026-07-10T12:52:15+00:00,37.53295809030533,126.92412866279483,5270.0,3.453,7.0,163,91,237,206.0,95.0,8.3,1130.0,363223,1,3.4519999027252197
2026-07-10T12:52:16+00:00,37.5329873431474,126.92405842244625,5273.5,3.456,7.0,163,91,237,206.0,94.0,8.2,1130.0,363460,1,3.4549999237060547
2026-07-10T12:52:17+00:00,37.532995054498315,126.92403394728899,5277.0,3.458,7.0,163,91,238,206.0,94.0,8.2,1130.0,363698,1,3.4579999446868896
2026-07-10T12:52:18+00:00,37.53300276584923,126.92400947213173,5280.0,3.458,7.0,163,91,238,205.0,93.0,8.1,1130.0,363936,1,3.4579999446868896
2026-07-10T12:52:19+00:00,37.53301047720015,126.92398499697447,5283.0,3.461,7.0,163,90,238,205.0,92.0,8.1,1140.0,364174,1,3.4609999656677246
2026-07-10T12:52:20+00:00,37.53302866593003,126.92391073331237,5286.5,3.461,7.0,162,90,238,205.0,91.0,8.0,1150.0,364412,1,3.4609999656677246
2026-07-10T12:52:21+00:00,37.53303377889097,126.92388592287898,5290.0,3.464,7.0,162,89,238,205.0,91.0,8.0,1160.0,364650,1,3.4630000591278076
2026-07-10T12:52:22+00:00,37.533038975670934,126.92386119626462,5293.5,3.461,7.0,162,89,238,205.0,90.0,7.9,1160.0,364888,1,3.4609999656677246
2026-07-10T12:52:23+00:00,37.5330441724509,126.9238365534693,5297.0,3.461,7.0,162,89,238,205.0,90.0,7.8,1160.0,365126,1,3.4609999656677246
2026-07-10T12:52:24+00:00,37.5330581702292,126.92376262508333,5300.5,3.456,7.0,162,89,238,205.0,89.0,7.7,1160.0,365364,1,3.4549999237060547
2026-07-10T12:52:25+00:00,37.53306219354272,126.92373764701188,5304.0,3.45,7.0,162,89,238,205.0,89.0,7.7,1160.0,365602,1,3.450000047683716
2026-07-10T12:52:26+00:00,37.53306613303721,126.92371275275946,5307.5,3.444,7.0,162,89,238,204.0,88.0,7.7,1160.0,365840,1,3.444000005722046
2026-07-10T12:52:27+00:00,37.53307015635073,126.92368785850704,5311.0,3.439,7.0,162,89,238,204.0,88.0,7.7,1160.0,366078,1,3.437999963760376
2026-07-10T12:52:28+00:00,37.533081974834204,126.92361225374043,5314.0,3.433,7.0,162,89,237,204.0,88.0,7.6,1150.0,366315,1,3.433000087738037
2026-07-10T12:52:29+00:00,37.533086501061916,126.92358710803092,5317.0,3.431,7.0,162,89,237,204.0,88.0,7.6,1150.0,366552,1,3.430000066757202
2026-07-10T12:52:30+00:00,37.5330909434706,126.92356212995946,5320.5,3.428,7.0,162,89,236,204.0,88.0,7.6,1150.0,366788,1,3.427000045776367
2026-07-10T12:52:31+00:00,37.53309555351734,126.92353715188801,5324.0,3.428,7.0,162,89,236,204.0,88.0,7.6,1160.0,367024,1,3.427000045776367
2026-07-10T12:52:32+00:00,37.5331099703908,126.92346246913075,5327.5,3.419,7.0,162,88,236,204.0,88.0,7.6,1160.0,367260,1,3.4189999103546143
2026-07-10T12:52:33+00:00,37.53311550244689,126.92343765869737,5331.0,3.414,7.0,162,88,236,205.0,88.0,7.6,1160.0,367496,1,3.4130001068115234
2026-07-10T12:52:34+00:00,37.53312103450298,126.92341284826398,5334.5,3.411,7.0,162,88,235,205.0,88.0,7.6,1160.0,367731,1,3.4110000133514404
2026-07-10T12:52:35+00:00,37.53312665037811,126.92338812164962,5338.0,3.408,7.0,162,88,235,206.0,89.0,7.7,1160.0,367966,1,3.4079999923706055
2026-07-10T12:52:36+00:00,37.53315204754472,126.92331754602492,5341.5,3.408,7.0,162,88,235,206.0,89.0,7.7,1150.0,368201,1,3.4079999923706055
2026-07-10T12:52:37+00:00,37.53316193819046,126.92329499870539,5345.0,3.408,7.0,162,88,235,206.0,90.0,7.8,1150.0,368436,1,3.4079999923706055
2026-07-10T12:52:38+00:00,37.5331718288362,126.92327253520489,5348.0,3.408,7.0,162,88,235,206.0,90.0,7.8,1150.0,368671,1,3.4079999923706055
2026-07-10T12:52:39+00:00,37.53318180330098,126.92325007170439,5351.0,3.408,7.0,162,88,235,207.0,91.0,7.9,1160.0,368906,1,3.4079999923706055
2026-07-10T12:52:40+00:00,37.5332098826766,126.92318175919354,5354.5,3.408,7.0,162,88,235,207.0,91.0,7.9,1160.0,369141,1,3.4079999923706055
2026-07-10T12:52:41+00:00,37.53321826457977,126.9231578707695,5358.0,3.411,7.0,162,89,235,207.0,92.0,8.0,1160.0,369376,1,3.4110000133514404
2026-07-10T12:52:42+00:00,37.533226730301976,126.9231340661645,5361.5,3.411,7.0,163,89,235,207.0,92.0,8.0,1150.0,369611,1,3.4110000133514404
2026-07-10T12:52:43+00:00,37.53323527984321,126.92311026155949,5365.0,3.411,7.0,164,89,235,207.0,93.0,8.0,1150.0,369846,1,3.4110000133514404
2026-07-10T12:52:44+00:00,37.533261347562075,126.9230352435261,5369.0,3.411,7.0,164,89,235,207.0,93.0,8.0,1150.0,370081,1,3.4110000133514404
2026-07-10T12:52:45+00:00,37.53327123820782,126.92301085218787,5373.0,3.411,7.0,164,89,235,208.0,93.0,8.1,1150.0,370316,1,3.4110000133514404
2026-07-10T12:52:46+00:00,37.53328129649162,126.92298654466867,5376.5,3.417,7.0,164,89,235,208.0,93.0,8.1,1150.0,370551,1,3.4159998893737793
2026-07-10T12:52:47+00:00,37.5332912709564,126.92296223714948,5380.0,3.425,7.0,164,89,235,208.0,93.0,8.1,1150.0,370786,1,3.4240000247955322
2026-07-10T12:52:48+00:00,37.53332186490297,126.92289392463863,5383.5,3.428,7.0,164,89,235,208.0,93.0,8.1,1150.0,371021,1,3.427000045776367
2026-07-10T12:52:49+00:00,37.53333133645356,126.9228732213378,5387.0,3.433,7.0,164,89,236,208.0,94.0,8.1,1150.0,371257,1,3.433000087738037
2026-07-10T12:52:50+00:00,37.53334089182317,126.92285251803696,5389.5,3.433,7.0,164,89,236,208.0,94.0,8.1,1160.0,371493,1,3.433000087738037
2026-07-10T12:52:51+00:00,37.533350363373756,126.92283181473613,5392.0,3.436,7.0,165,88,236,208.0,94.0,8.1,1170.0,371729,1,3.436000108718872
2026-07-10T12:52:52+00:00,37.533377688378096,126.92277339287102,5395.0,3.433,7.0,165,88,236,208.0,94.0,8.1,1170.0,371965,1,3.433000087738037
2026-07-10T12:52:53+00:00,37.53338715992868,126.92275453358889,5398.0,3.433,7.0,165,88,237,208.0,94.0,8.1,1170.0,372202,1,3.433000087738037
2026-07-10T12:52:54+00:00,37.53339663147926,126.92273559048772,5401.0,3.428,7.0,165,88,236,207.0,94.0,8.1,1160.0,372438,1,3.427000045776367
2026-07-10T12:52:55+00:00,37.53340627066791,126.92271681502461,5404.0,3.422,7.0,166,88,236,207.0,94.0,8.1,1160.0,372674,1,3.421999931335449
2026-07-10T12:52:56+00:00,37.53343560732901,126.92266174592078,5407.0,3.417,7.0,166,88,236,207.0,94.0,8.1,1150.0,372910,1,3.4159998893737793
2026-07-10T12:52:57+00:00,37.5334448274225,126.92264213226736,5410.0,3.411,7.0,166,89,236,207.0,94.0,8.1,1150.0,373146,1,3.4110000133514404
2026-07-10T12:52:58+00:00,37.53345429897308,126.92262251861393,5413.0,3.406,7.0,166,89,235,207.0,94.0,8.1,1140.0,373381,1,3.4049999713897705
2026-07-10T12:52:59+00:00,37.533463686704636,126.92260290496051,5416.0,3.403,7.0,165,90,235,207.0,94.0,8.1,1140.0,373616,1,3.4019999504089355
2026-07-10T12:53:00+00:00,37.53349285572767,126.92253702320158,5419.5,3.4,7.0,165,89,234,207.0,93.0,8.0,1130.0,373850,1,3.3989999294281006
2026-07-10T12:53:01+00:00,37.533502327278256,126.92251162603498,5423.0,3.397,7.0,165,89,234,207.0,93.0,8.0,1130.0,374084,1,3.3970000743865967
2026-07-10T12:53:02+00:00,37.53351188264787,126.9224863126874,5427.5,3.392,7.0,165,89,234,207.0,92.0,8.0,1130.0,374318,1,3.3910000324249268
2026-07-10T12:53:03+00:00,37.53352143801749,126.92246099933982,5432.0,3.389,7.0,165,89,234,207.0,92.0,8.0,1140.0,374552,1,3.388000011444092
2026-07-10T12:53:04+00:00,37.53354784101248,126.92238262854517,5435.5,3.389,7.0,164,89,234,206.0,92.0,8.0,1140.0,374786,1,3.388000011444092
2026-07-10T12:53:05+00:00,37.53355639055371,126.92235790193081,5439.0,3.389,7.0,164,89,234,206.0,92.0,8.0,1140.0,375020,1,3.388000011444092
2026-07-10T12:53:06+00:00,37.533564856275916,126.92233325913548,5442.0,3.389,7.0,163,89,234,206.0,92.0,8.0,1140.0,375254,1,3.388000011444092
2026-07-10T12:53:07+00:00,37.53357348963618,126.92230853252113,5445.0,3.392,7.0,163,89,234,206.0,92.0,8.0,1140.0,375488,1,3.3910000324249268
2026-07-10T12:53:08+00:00,37.53359813243151,126.92223812453449,5448.5,3.392,7.0,163,88,234,206.0,92.0,8.0,1140.0,375722,1,3.3910000324249268
2026-07-10T12:53:09+00:00,37.53360567614436,126.92221423611045,5452.0,3.392,7.0,163,88,234,206.0,92.0,8.0,1140.0,375956,1,3.3910000324249268
2026-07-10T12:53:10+00:00,37.533613136038184,126.92219034768641,5455.5,3.389,7.0,163,88,234,206.0,91.0,8.0,1140.0,376190,1,3.388000011444092
2026-07-10T12:53:11+00:00,37.53362076357007,126.9221665430814,5459.0,3.386,7.0,163,88,234,206.0,91.0,8.0,1150.0,376424,1,3.385999917984009
2026-07-10T12:53:12+00:00,37.53364029340446,126.92209085449576,5462.5,3.383,7.0,163,88,234,206.0,91.0,8.0,1150.0,376658,1,3.382999897003174
2026-07-10T12:53:13+00:00,37.53364607691765,126.92206487059593,5466.0,3.383,7.0,162,88,234,206.0,92.0,8.0,1150.0,376892,1,3.382999897003174
2026-07-10T12:53:14+00:00,37.53365186043084,126.92203880287707,5469.5,3.378,7.0,163,88,233,206.0,92.0,8.0,1150.0,377125,1,3.377000093460083
2026-07-10T12:53:15+00:00,37.533657643944025,126.92201290279627,5473.0,3.375,7.0,163,88,233,206.0,92.0,8.0,1150.0,377358,1,3.374000072479248
2026-07-10T12:53:16+00:00,37.53367465920746,126.92193537019193,5477.0,3.375,7.0,163,87,233,206.0,92.0,8.0,1150.0,377591,1,3.374000072479248
2026-07-10T12:53:17+00:00,37.53367993980646,126.92191022448242,5481.0,3.378,7.0,163,87,233,207.0,92.0,8.0,1160.0,377824,1,3.377000093460083
2026-07-10T12:53:18+00:00,37.53368530422449,126.92188524641097,5484.0,3.378,7.0,163,87,233,207.0,92.0,8.0,1160.0,378057,1,3.377000093460083
2026-07-10T12:53:19+00:00,37.53369058482349,126.92186026833951,5487.0,3.381,7.0,163,86,233,207.0,93.0,8.1,1170.0,378290,1,3.380000114440918
2026-07-10T12:53:20+00:00,37.53370625898242,126.92178726196289,5490.5,3.381,7.0,163,86,233,207.0,94.0,8.1,1170.0,378523,1,3.380000114440918
2026-07-10T12:53:21+00:00,37.533711874857545,126.92176328971982,5494.0,3.383,7.0,163,86,233,207.0,95.0,8.2,1170.0,378756,1,3.382999897003174
2026-07-10T12:53:22+00:00,37.53371749073267,126.92173940129578,5497.0,3.383,7.0,163,86,233,207.0,96.0,8.2,1170.0,378989,1,3.382999897003174
2026-07-10T12:53:23+00:00,37.533723106607795,126.92171559669077,5500.0,3.386,7.0,163,86,233,208.0,97.0,8.3,1170.0,379222,1,3.385999917984009
2026-07-10T12:53:24+00:00,37.533740205690265,126.92164476960897,5503.5,3.386,7.0,163,86,233,208.0,98.0,8.4,1170.0,379455,1,3.385999917984009
2026-07-10T12:53:25+00:00,37.53374573774636,126.92162146791816,5507.0,3.386,8.0,163,87,234,208.0,99.0,8.5,1170.0,379689,1,3.385999917984009
2026-07-10T12:53:26+00:00,37.533751437440515,126.92159816622734,5510.0,3.386,8.0,163,86,234,208.0,100.0,8.5,1170.0,379923,1,3.385999917984009
2026-07-10T12:53:27+00:00,37.53375713713467,126.92157486453652,5513.0,3.386,8.0,163,86,234,209.0,101.0,8.6,1170.0,380157,1,3.385999917984009
2026-07-10T12:53:28+00:00,37.53377499058843,126.92150420509279,5516.5,3.383,8.0,163,86,234,209.0,101.0,8.6,1170.0,380391,1,3.382999897003174
2026-07-10T12:53:29+00:00,37.533781277015805,126.92148014903069,5520.0,3.383,8.0,163,86,234,209.0,102.0,8.7,1170.0,380625,1,3.382999897003174
2026-07-10T12:53:30+00:00,37.533787563443184,126.92145600914955,5523.5,3.381,8.0,163,86,233,209.0,102.0,8.7,1170.0,380858,1,3.380000114440918
2026-07-10T12:53:31+00:00,37.533793933689594,126.92143195308745,5527.0,3.378,8.0,163,86,233,210.0,103.0,8.8,1170.0,381091,1,3.377000093460083
2026-07-10T12:53:32+00:00,37.53381388261914,126.9213599525392,5530.0,3.378,8.0,163,86,233,210.0,103.0,8.8,1170.0,381324,1,3.377000093460083
2026-07-10T12:53:33+00:00,37.53382058814168,126.9213363993913,5533.0,3.378,8.0,163,87,233,210.0,104.0,8.9,1170.0,381557,1,3.377000093460083
2026-07-10T12:53:34+00:00,37.53382737748325,126.92131301388144,5536.5,3.378,8.0,163,87,233,210.0,104.0,8.9,1160.0,381790,1,3.377000093460083
2026-07-10T12:53:35+00:00,37.53383416682482,126.9212896283716,5540.0,3.378,8.0,163,87,233,210.0,105.0,9.0,1160.0,382023,1,3.377000093460083
2026-07-10T12:53:36+00:00,37.533856546506286,126.92122139967978,5543.0,3.375,8.0,163,87,233,210.0,105.0,9.0,1160.0,382256,1,3.374000072479248
2026-07-10T12:53:37+00:00,37.533864760771394,126.92119885236025,5546.0,3.375,8.0,163,87,233,210.0,105.0,9.0,1160.0,382489,1,3.374000072479248
2026-07-10T12:53:38+00:00,37.5338729750365,126.92117622122169,5549.5,3.372,8.0,163,87,233,210.0,105.0,9.0,1160.0,382722,1,3.371999979019165
2026-07-10T12:53:39+00:00,37.53388127312064,126.92115375772119,5553.0,3.372,8.0,164,87,233,210.0,105.0,9.0,1160.0,382955,1,3.371999979019165
2026-07-10T12:53:40+00:00,37.53390675410628,126.92108452320099,5556.5,3.372,8.0,164,87,232,209.0,104.0,9.0,1160.0,383187,1,3.371999979019165
2026-07-10T12:53:41+00:00,37.53391538746655,126.92106071859598,5560.0,3.372,8.0,164,87,232,209.0,104.0,9.0,1160.0,383419,1,3.371999979019165
2026-07-10T12:53:42+00:00,37.53392410464585,126.92103691399097,5563.5,3.369,8.0,164,88,232,209.0,103.0,8.9,1150.0,383651,1,3.36899995803833
2026-07-10T12:53:43+00:00,37.533932738006115,126.921013193205,5567.0,3.369,8.0,164,88,232,209.0,103.0,8.9,1140.0,383883,1,3.36899995803833
2026-07-10T12:53:44+00:00,37.5339593924582,126.92094203084707,5570.5,3.372,8.0,164,88,232,209.0,102.0,8.8,1140.0,384115,1,3.371999979019165
2026-07-10T12:53:45+00:00,37.53396819345653,126.92091881297529,5574.0,3.378,8.0,164,89,232,209.0,102.0,8.8,1140.0,384347,1,3.377000093460083
2026-07-10T12:53:46+00:00,37.53397699445486,126.92089576274157,5577.0,3.381,8.0,164,89,232,208.0,100.0,8.7,1140.0,384579,1,3.380000114440918
2026-07-10T12:53:47+00:00,37.53398587927222,126.92087262868881,5580.0,3.386,8.0,164,89,233,208.0,99.0,8.6,1140.0,384812,1,3.385999917984009
2026-07-10T12:53:48+00:00,37.53401060588658,126.92080431617796,5583.5,3.392,8.0,164,89,233,208.0,98.0,8.5,1140.0,385045,1,3.3910000324249268
2026-07-10T12:53:49+00:00,37.53401739522815,126.92078126594424,5587.0,3.4,8.0,164,88,234,208.0,97.0,8.5,1150.0,385279,1,3.3989999294281006
2026-07-10T12:53:50+00:00,37.53402418456972,126.92075821571052,5590.5,3.4,8.0,165,88,234,208.0,96.0,8.4,1150.0,385513,1,3.3989999294281006
2026-07-10T12:53:51+00:00,37.534030973911285,126.92073524929583,5594.0,3.403,8.0,165,88,234,208.0,96.0,8.4,1150.0,385747,1,3.4019999504089355
2026-07-10T12:53:52+00:00,37.53404430113733,126.92066500894725,5597.0,3.4,8.0,165,88,234,207.0,95.0,8.3,1150.0,385981,1,3.3989999294281006
2026-07-10T12:53:53+00:00,37.534046564251184,126.92064053378999,5600.0,3.4,8.0,165,88,234,207.0,95.0,8.3,1150.0,386215,1,3.3989999294281006
2026-07-10T12:53:54+00:00,37.53404882736504,126.92061605863273,5603.0,3.392,8.0,165,88,234,207.0,94.0,8.2,1150.0,386449,1,3.3910000324249268
2026-07-10T12:53:55+00:00,37.53405117429793,126.92059149965644,5606.0,3.386,8.0,165,88,234,208.0,94.0,8.2,1150.0,386683,1,3.385999917984009
2026-07-10T12:53:56+00:00,37.53405519761145,126.92051472142339,5609.5,3.375,8.0,164,87,234,208.0,94.0,8.2,1150.0,386917,1,3.374000072479248
2026-07-10T12:53:57+00:00,37.53405695781112,126.92048915661871,5613.0,3.367,8.0,164,87,234,208.0,94.0,8.2,1150.0,387151,1,3.365999937057495
2026-07-10T12:53:58+00:00,37.53405888564885,126.92046359181404,5616.5,3.361,8.0,164,87,233,208.0,94.0,8.2,1150.0,387384,1,3.3610000610351562
2026-07-10T12:53:59+00:00,37.534060729667544,126.9204381108284,5620.0,3.358,8.0,164,87,232,208.0,94.0,8.2,1150.0,387616,1,3.3580000400543213
2026-07-10T12:54:00+00:00,37.53407288342714,126.92036502063274,5623.5,3.356,8.0,164,87,231,208.0,94.0,8.2,1150.0,387847,1,3.3550000190734863
2026-07-10T12:54:01+00:00,37.53407799638808,126.92034146748483,5627.0,3.356,8.0,164,87,231,208.0,95.0,8.2,1150.0,388078,1,3.3550000190734863
2026-07-10T12:54:02+00:00,37.534083193168044,126.92031783051789,5630.0,3.353,8.0,164,87,231,208.0,95.0,8.2,1150.0,388309,1,3.3519999980926514
2026-07-10T12:54:03+00:00,37.53408838994801,126.92029436118901,5633.0,3.353,8.0,163,87,231,208.0,96.0,8.3,1150.0,388540,1,3.3519999980926514
2026-07-10T12:54:04+00:00,37.53410188481212,126.92022353410721,5636.0,3.35,8.0,163,87,231,208.0,96.0,8.3,1150.0,388771,1,3.3499999046325684
2026-07-10T12:54:05+00:00,37.534105237573385,126.9201997295022,5639.0,3.347,8.0,163,87,231,208.0,97.0,8.4,1150.0,389002,1,3.3469998836517334
2026-07-10T12:54:06+00:00,37.534108674153686,126.9201759248972,5642.5,3.344,7.0,163,87,231,208.0,98.0,8.5,1150.0,389233,1,3.3440001010894775
2026-07-10T12:54:07+00:00,37.53411219455302,126.92015220411122,5646.0,3.342,7.0,163,87,231,208.0,99.0,8.6,1150.0,389464,1,3.3410000801086426
2026-07-10T12:54:08+00:00,37.534117894247174,126.92007944919169,5649.0,3.339,7.0,163,87,230,208.0,100.0,8.7,1150.0,389694,1,3.3380000591278076
2026-07-10T12:54:09+00:00,37.534118480980396,126.92005430348217,5652.0,3.336,7.0,163,87,230,209.0,101.0,8.8,1150.0,389924,1,3.3359999656677246
2026-07-10T12:54:10+00:00,37.53411915153265,126.92002924159169,5655.5,3.333,7.0,163,87,230,209.0,101.0,8.8,1150.0,390154,1,3.3329999446868896
2026-07-10T12:54:11+00:00,37.534119905903935,126.92000426352024,5659.0,3.333,7.0,163,87,230,210.0,102.0,8.9,1150.0,390384,1,3.3329999446868896
2026-07-10T12:54:12+00:00,37.53411998972297,126.91992807202041,5662.5,3.331,7.0,163,87,229,210.0,102.0,8.9,1140.0,390613,1,3.3299999237060547
2026-07-10T12:54:13+00:00,37.534120408818126,126.91990326158702,5666.0,3.331,7.0,163,87,229,211.0,102.0,8.9,1140.0,390842,1,3.3299999237060547
2026-07-10T12:54:14+00:00,37.53412074409425,126.91987845115364,5669.0,3.331,7.0,163,87,229,211.0,102.0,8.9,1140.0,391071,1,3.3299999237060547
2026-07-10T12:54:15+00:00,37.53412116318941,126.91985364072025,5672.0,3.331,7.0,163,87,229,212.0,102.0,8.9,1140.0,391300,1,3.3299999237060547
2026-07-10T12:54:16+00:00,37.534123845398426,126.9197821430862,5675.0,3.331,7.0,163,87,229,212.0,102.0,8.9,1140.0,391529,1,3.3299999237060547
2026-07-10T12:54:17+00:00,37.53412485122681,126.91975850611925,5678.0,3.331,7.0,163,87,229,213.0,102.0,8.9,1150.0,391758,1,3.3299999237060547
2026-07-10T12:54:18+00:00,37.53412585705519,126.91973495297134,5681.5,3.331,7.0,163,87,229,213.0,102.0,8.9,1150.0,391987,1,3.3299999237060547
2026-07-10T12:54:19+00:00,37.5341269467026,126.91971139982343,5685.0,3.331,7.0,163,87,229,214.0,102.0,8.9,1150.0,392216,1,3.3299999237060547
2026-07-10T12:54:20+00:00,37.53413080237806,126.9196383934468,5688.0,3.325,7.0,163,86,229,214.0,102.0,8.9,1150.0,392445,1,3.325000047683716
2026-07-10T12:54:21+00:00,37.53413247875869,126.91961375065148,5691.0,3.322,7.0,163,86,229,215.0,102.0,8.9,1150.0,392674,1,3.322000026702881
2026-07-10T12:54:22+00:00,37.53413423895836,126.91958910785615,5694.5,3.319,7.0,163,86,229,215.0,102.0,8.9,1150.0,392903,1,3.319000005722046
2026-07-10T12:54:23+00:00,37.53413608297706,126.91956454887986,5698.0,3.319,7.0,163,86,229,216.0,102.0,8.9,1150.0,393132,1,3.319000005722046
2026-07-10T12:54:24+00:00,37.53414345905185,126.91949045285583,5701.5,3.317,7.0,163,86,229,216.0,102.0,8.9,1140.0,393361,1,3.315999984741211
2026-07-10T12:54:25+00:00,37.534146225079894,126.9194655586034,5705.0,3.317,7.0,163,87,229,216.0,102.0,8.9,1140.0,393590,1,3.315999984741211
2026-07-10T12:54:26+00:00,37.53414907492697,126.91944066435099,5708.0,3.317,7.0,163,87,229,216.0,101.0,8.8,1140.0,393819,1,3.315999984741211
2026-07-10T12:54:27+00:00,37.53415200859308,126.9194158539176,5711.0,3.317,7.0,163,87,229,217.0,101.0,8.8,1140.0,394048,1,3.315999984741211
2026-07-10T12:54:28+00:00,37.53416055813432,126.91934050060809,5714.5,3.317,7.0,163,87,229,217.0,100.0,8.8,1140.0,394277,1,3.315999984741211
2026-07-10T12:54:29+00:00,37.53416424617171,126.91931527107954,5718.0,3.317,7.0,163,87,229,217.0,100.0,8.8,1140.0,394506,1,3.315999984741211
2026-07-10T12:54:30+00:00,37.53416793420911,126.91928995773196,5721.5,3.317,7.0,163,87,229,217.0,100.0,8.8,1140.0,394735,1,3.315999984741211
2026-07-10T12:54:31+00:00,37.53417178988457,126.91926464438438,5725.0,3.317,7.0,163,87,229,217.0,101.0,8.8,1140.0,394964,1,3.315999984741211
2026-07-10T12:54:32+00:00,37.53418654203415,126.91918971017003,5728.5,3.317,7.0,163,87,229,217.0,101.0,8.8,1140.0,395193,1,3.315999984741211
2026-07-10T12:54:33+00:00,37.53419207409024,126.9191655702889,5732.0,3.319,7.0,163,87,229,217.0,101.0,8.9,1140.0,395422,1,3.319000005722046
2026-07-10T12:54:34+00:00,37.534197606146336,126.91914134658873,5735.0,3.322,7.0,163,87,229,217.0,101.0,8.9,1140.0,395651,1,3.322000026702881
2026-07-10T12:54:35+00:00,37.53420313820243,126.9191172067076,5738.0,3.325,7.0,163,87,229,217.0,102.0,8.9,1150.0,395880,1,3.325000047683716
2026-07-10T12:54:36+00:00,37.53422317095101,126.91904713399708,5741.5,3.325,7.0,163,87,229,216.0,102.0,8.9,1150.0,396109,1,3.325000047683716
2026-07-10T12:54:37+00:00,37.53423046320677,126.9190239161253,5745.0,3.328,7.0,163,87,229,216.0,102.0,8.9,1150.0,396338,1,3.3269999027252197
2026-07-10T12:54:38+00:00,37.53423783928156,126.91900086589158,5748.0,3.336,7.0,163,87,229,216.0,102.0,8.9,1140.0,396567,1,3.3359999656677246
2026-07-10T12:54:39+00:00,37.53424529917538,126.91897773183882,5751.0,3.344,7.0,163,88,229,216.0,102.0,8.9,1140.0,396796,1,3.3440001010894775
2026-07-10T12:54:40+00:00,37.53426717594266,126.9189079105854,5754.5,3.347,7.0,163,88,229,215.0,101.0,8.9,1140.0,397025,1,3.3469998836517334
2026-07-10T12:54:41+00:00,37.53427446819842,126.91888444125652,5758.0,3.353,7.0,163,88,230,215.0,101.0,8.9,1140.0,397255,1,3.3519999980926514
2026-07-10T12:54:42+00:00,37.53428176045418,126.91886105574667,5761.5,3.353,7.0,163,89,230,215.0,101.0,8.8,1130.0,397485,1,3.3519999980926514
2026-07-10T12:54:43+00:00,37.53428905270994,126.91883767023683,5765.0,3.356,7.0,163,89,231,215.0,101.0,8.8,1120.0,397716,1,3.3550000190734863
2026-07-10T12:54:44+00:00,37.534311432391405,126.91876826807857,5768.0,3.356,7.0,163,89,231,214.0,100.0,8.8,1120.0,397947,1,3.3550000190734863
2026-07-10T12:54:45+00:00,37.53431905992329,126.91874530166388,5771.0,3.356,7.0,163,89,231,214.0,100.0,8.8,1130.0,398178,1,3.3550000190734863
2026-07-10T12:54:46+00:00,37.53432668745518,126.91872241906822,5774.5,3.353,7.0,163,88,231,213.0,99.0,8.8,1130.0,398409,1,3.3519999980926514
2026-07-10T12:54:47+00:00,37.53433423116803,126.91869953647256,5778.0,3.353,7.0,163,88,231,213.0,99.0,8.8,1130.0,398640,1,3.3519999980926514
2026-07-10T12:54:48+00:00,37.53435627557337,126.91863139159977,5781.0,3.35,7.0,163,88,231,213.0,99.0,8.7,1130.0,398871,1,3.3499999046325684
2026-07-10T12:54:49+00:00,37.53436306491494,126.91860859282315,5784.0,3.347,7.0,163,88,231,213.0,99.0,8.7,1130.0,399102,1,3.3469998836517334
2026-07-10T12:54:50+00:00,37.53436985425651,126.91858579404652,5787.5,3.344,7.0,163,88,231,213.0,98.0,8.7,1130.0,399333,1,3.3440001010894775
2026-07-10T12:54:51+00:00,37.53437664359808,126.91856316290796,5791.0,3.342,7.0,163,88,231,213.0,98.0,8.7,1140.0,399564,1,3.3410000801086426
2026-07-10T12:54:52+00:00,37.53439583815634,126.91849443130195,5794.0,3.339,7.0,163,87,230,212.0,98.0,8.6,1140.0,399794,1,3.3380000591278076
2026-07-10T12:54:53+00:00,37.534402376040816,126.91847112961113,5797.0,3.336,7.0,163,87,230,212.0,98.0,8.6,1140.0,400024,1,3.3359999656677246
2026-07-10T12:54:54+00:00,37.53440883010626,126.91844782792032,5800.5,3.328,7.0,164,87,230,212.0,97.0,8.5,1140.0,400254,1,3.3269999027252197
2026-07-10T12:54:55+00:00,37.534415451809764,126.9184245262295,5804.0,3.322,7.0,163,87,230,213.0,97.0,8.5,1140.0,400484,1,3.322000026702881
2026-07-10T12:54:56+00:00,37.534434562548995,126.91835445351899,5807.0,3.319,7.0,164,87,229,213.0,97.0,8.5,1140.0,400713,1,3.319000005722046
2026-07-10T12:54:57+00:00,37.5344395916909,126.91833106800914,5810.0,3.319,7.0,164,87,229,213.0,97.0,8.5,1140.0,400942,1,3.319000005722046
2026-07-10T12:54:58+00:00,37.53444470465183,126.91830759868026,5813.5,3.314,7.0,164,87,229,213.0,96.0,8.4,1140.0,401171,1,3.312999963760376
2026-07-10T12:54:59+00:00,37.534449733793736,126.91828421317041,5817.0,3.311,7.0,164,86,229,213.0,96.0,8.4,1150.0,401400,1,3.311000108718872
2026-07-10T12:55:00+00:00,37.534462474286556,126.91821305081248,5820.0,3.308,7.0,163,86,228,213.0,96.0,8.4,1150.0,401628,1,3.308000087738037
2026-07-10T12:55:01+00:00,37.53446716815233,126.91818949766457,5823.0,3.308,7.0,163,86,228,214.0,96.0,8.4,1150.0,401856,1,3.308000087738037
2026-07-10T12:55:02+00:00,37.53447194583714,126.91816602833569,5826.0,3.306,7.0,163,86,228,214.0,96.0,8.4,1150.0,402084,1,3.305000066757202
2026-07-10T12:55:03+00:00,37.53447680734098,126.91814264282584,5829.0,3.306,7.0,163,86,228,215.0,96.0,8.4,1150.0,402312,1,3.305000066757202
2026-07-10T12:55:04+00:00,37.534491727128625,126.91807122901082,5832.5,3.3,7.0,163,86,228,215.0,97.0,8.4,1150.0,402540,1,3.299999952316284
2026-07-10T12:55:05+00:00,37.53449549898505,126.91804675385356,5836.0,3.297,7.0,163,86,228,216.0,98.0,8.5,1150.0,402768,1,3.296999931335449
2026-07-10T12:55:06+00:00,37.53449918702245,126.91802236251533,5839.5,3.294,7.0,163,86,227,216.0,98.0,8.5,1150.0,402995,1,3.2939999103546143
2026-07-10T12:55:07+00:00,37.534502958878875,126.9179979711771,5843.0,3.292,7.0,163,86,227,216.0,99.0,8.6,1150.0,403222,1,3.2909998893737793
2026-07-10T12:55:08+00:00,37.534511759877205,126.91792295314372,5846.0,3.289,7.0,163,86,227,216.0,100.0,8.7,1140.0,403449,1,3.2880001068115234
2026-07-10T12:55:09+00:00,37.53451452590525,126.91789789125323,5849.0,3.289,7.0,163,86,227,216.0,101.0,8.8,1140.0,403676,1,3.2880001068115234
2026-07-10T12:55:10+00:00,37.53451737575233,126.91787291318178,5852.5,3.286,7.0,163,86,227,216.0,101.0,8.8,1140.0,403903,1,3.2860000133514404
2026-07-10T12:55:11+00:00,37.53452022559941,126.91784793511033,5856.0,3.286,7.0,163,86,227,216.0,101.0,8.8,1140.0,404130,1,3.2860000133514404
2026-07-10T12:55:12+00:00,37.53452776931226,126.91777274943888,5859.5,3.286,7.0,163,86,227,216.0,101.0,8.8,1140.0,404357,1,3.2860000133514404
2026-07-10T12:55:13+00:00,37.53452902659774,126.91774693317711,5863.0,3.286,7.0,163,86,227,216.0,102.0,8.9,1140.0,404584,1,3.2860000133514404
2026-07-10T12:55:14+00:00,37.534530367702246,126.91772120073438,5866.5,3.283,7.0,163,86,227,215.0,102.0,8.9,1130.0,404811,1,3.2829999923706055
2026-07-10T12:55:15+00:00,37.534531792625785,126.91769555211067,5870.0,3.283,7.0,163,87,227,215.0,102.0,8.9,1130.0,405038,1,3.2829999923706055
2026-07-10T12:55:16+00:00,37.534531792625785,126.91761592403054,5873.5,3.283,7.0,163,87,226,215.0,102.0,8.9,1130.0,405264,1,3.2829999923706055
2026-07-10T12:55:17+00:00,37.53453170880675,126.91758893430233,5877.0,3.286,7.0,163,87,226,216.0,102.0,9.0,1130.0,405490,1,3.2860000133514404
2026-07-10T12:55:18+00:00,37.53453170880675,126.91756202839315,5880.5,3.289,7.0,163,87,226,215.0,102.0,9.0,1130.0,405716,1,3.2880001068115234
2026-07-10T12:55:19+00:00,37.53453170880675,126.91753512248397,5884.0,3.294,7.0,163,87,227,215.0,102.0,9.0,1130.0,405943,1,3.2939999103546143
2026-07-10T12:55:20+00:00,37.5345326308161,126.91745373420417,5887.5,3.3,7.0,163,87,227,215.0,102.0,9.0,1130.0,406170,1,3.299999952316284
2026-07-10T12:55:21+00:00,37.53453246317804,126.91742599010468,5891.0,3.308,7.0,163,88,227,215.0,102.0,9.0,1130.0,406397,1,3.308000087738037
2026-07-10T12:55:22+00:00,37.53453237935901,126.91739841364324,5895.0,3.311,7.0,163,87,227,214.0,102.0,9.0,1130.0,406624,1,3.311000108718872
2026-07-10T12:55:23+00:00,37.534532295539975,126.9173708371818,5899.0,3.317,7.0,163,87,228,214.0,102.0,9.0,1140.0,406852,1,3.315999984741211
2026-07-10T12:55:24+00:00,37.534532798454165,126.91728886216879,5902.5,3.322,7.0,163,87,228,214.0,101.0,8.9,1130.0,407080,1,3.322000026702881
2026-07-10T12:55:25+00:00,37.53453388810158,126.91726153716445,5906.0,3.328,7.0,163,88,229,214.0,101.0,8.9,1130.0,407309,1,3.3269999027252197
2026-07-10T12:55:26+00:00,37.53453506156802,126.91723429597914,5909.5,3.339,7.0,163,88,229,213.0,100.0,8.8,1130.0,407538,1,3.3380000591278076
2026-07-10T12:55:27+00:00,37.534536235034466,126.91720713861287,5913.0,3.353,7.0,163,88,229,213.0,99.0,8.8,1140.0,407767,1,3.3519999980926514
2026-07-10T12:55:28+00:00,37.53454176709056,126.91712633706629,5916.5,3.364,7.0,163,88,230,213.0,98.0,8.7,1140.0,407997,1,3.36299991607666
2026-07-10T12:55:29+00:00,37.534544449299574,126.91709943115711,5920.0,3.375,7.0,163,89,231,213.0,97.0,8.6,1140.0,408228,1,3.374000072479248
2026-07-10T12:55:30+00:00,37.53454713150859,126.91707252524793,5923.5,3.386,7.0,163,89,232,212.0,96.0,8.5,1130.0,408460,1,3.385999917984009
2026-07-10T12:55:31+00:00,37.53454998135567,126.91704561933875,5927.0,3.397,7.0,164,90,233,212.0,96.0,8.4,1130.0,408693,1,3.3970000743865967
2026-07-10T12:55:32+00:00,37.534562638029456,126.91696833819151,5930.5,3.4,7.0,164,90,233,211.0,95.0,8.4,1130.0,408926,1,3.3989999294281006
2026-07-10T12:55:33+00:00,37.53456825390458,126.91694411449134,5934.0,3.406,7.0,164,90,234,211.0,95.0,8.4,1140.0,409160,1,3.4049999713897705
2026-07-10T12:55:34+00:00,37.53457395359874,126.91691989079118,5937.5,3.406,7.0,164,90,234,210.0,94.0,8.3,1140.0,409394,1,3.4049999713897705
2026-07-10T12:55:35+00:00,37.534579653292894,126.91689575091004,5941.0,3.408,7.0,164,90,235,210.0,94.0,8.3,1140.0,409629,1,3.4079999923706055
2026-07-10T12:55:36+00:00,37.534596836194396,126.91682115197182,5944.5,3.408,7.0,164,89,235,209.0,94.0,8.2,1140.0,409864,1,3.4079999923706055
2026-07-10T12:55:37+00:00,37.5346034578979,126.9167962577194,5948.0,3.411,7.0,164,89,235,208.0,94.0,8.2,1140.0,410099,1,3.4110000133514404
2026-07-10T12:55:38+00:00,37.53461007960141,126.91677136346698,5951.5,3.408,7.0,164,89,235,208.0,94.0,8.2,1140.0,410334,1,3.4079999923706055
2026-07-10T12:55:39+00:00,37.53461670130491,126.91674655303359,5955.0,3.406,7.0,164,89,235,208.0,94.0,8.2,1150.0,410569,1,3.4049999713897705
2026-07-10T12:55:40+00:00,37.53464377485216,126.91667631268501,5958.5,3.403,7.0,164,89,235,207.0,93.0,8.1,1140.0,410804,1,3.4019999504089355
2026-07-10T12:55:41+00:00,37.53465425223112,126.91665401682258,5962.0,3.403,7.0,164,89,235,207.0,93.0,8.1,1140.0,411039,1,3.4019999504089355
2026-07-10T12:55:42+00:00,37.534664729610085,126.91663172096014,5965.0,3.403,7.0,164,89,234,206.0,92.0,8.0,1140.0,411273,1,3.4019999504089355
2026-07-10T12:55:43+00:00,37.53467529080808,126.91660950891674,5968.0,3.403,7.0,164,89,234,206.0,92.0,8.0,1140.0,411507,1,3.4019999504089355
2026-07-10T12:55:44+00:00,37.53470663912594,126.91654362715781,5971.5,3.4,7.0,164,89,234,206.0,91.0,7.9,1140.0,411741,1,3.3989999294281006
2026-07-10T12:55:45+00:00,37.53471720032394,126.9165219180286,5975.0,3.4,7.0,163,89,234,206.0,90.0,7.9,1140.0,411975,1,3.3989999294281006
2026-07-10T12:55:46+00:00,37.534727677702904,126.91650020889938,5978.5,3.397,7.0,163,89,234,206.0,89.0,7.8,1140.0,412209,1,3.3970000743865967
2026-07-10T12:55:47+00:00,37.53473815508187,126.91647849977016,5982.0,3.397,7.0,163,89,234,206.0,88.0,7.7,1150.0,412443,1,3.3970000743865967
2026-07-10T12:55:48+00:00,37.53477000631392,126.91641354002059,5985.5,3.394,7.0,162,88,234,206.0,87.0,7.6,1150.0,412677,1,3.3940000534057617
2026-07-10T12:55:49+00:00,37.53478014841676,126.9163919147104,5989.0,3.392,7.0,162,88,234,207.0,87.0,7.6,1150.0,412911,1,3.3910000324249268
2026-07-10T12:55:50+00:00,37.53479037433863,126.91637028940022,5992.0,3.386,7.0,162,88,234,207.0,87.0,7.6,1150.0,413145,1,3.385999917984009
2026-07-10T12:55:51+00:00,37.53480068407953,126.91634874790907,5995.0,3.383,7.0,162,88,234,207.0,87.0,7.6,1150.0,413379,1,3.382999897003174
2026-07-10T12:55:52+00:00,37.53482976928353,126.91628244705498,5998.5,3.381,7.0,162,88,233,207.0,87.0,7.6,1150.0,413612,1,3.380000114440918
2026-07-10T12:55:53+00:00,37.53483873791993,126.91625906154513,6002.0,3.381,7.0,162,88,233,208.0,87.0,7.6,1150.0,413845,1,3.380000114440918
2026-07-10T12:55:54+00:00,37.53484779037535,126.91623559221625,6005.5,3.381,7.0,163,88,233,208.0,87.0,7.5,1150.0,414078,1,3.380000114440918
2026-07-10T12:55:55+00:00,37.534856759011745,126.91621229052544,6009.0,3.381,7.0,163,88,233,208.0,87.0,7.5,1150.0,414311,1,3.380000114440918
2026-07-10T12:55:56+00:00,37.5348814856261,126.91613685339689,6012.5,3.381,7.0,163,89,233,208.0,86.0,7.5,1140.0,414544,1,3.380000114440918
2026-07-10T12:55:57+00:00,37.53488819114864,126.91611061803997,6016.0,3.381,7.0,162,89,233,208.0,86.0,7.5,1140.0,414777,1,3.380000114440918
2026-07-10T12:55:58+00:00,37.53489498049021,126.9160845503211,6020.0,3.386,7.0,162,89,233,208.0,86.0,7.5,1130.0,415010,1,3.385999917984009
2026-07-10T12:55:59+00:00,37.53490176983178,126.9160583987832,6024.0,3.392,7.0,162,90,233,208.0,86.0,7.5,1130.0,415243,1,3.3910000324249268
2026-07-10T12:56:00+00:00,37.53491467796266,126.91597826778889,6027.5,3.394,7.0,162,90,233,207.0,86.0,7.5,1130.0,415476,1,3.3940000534057617
2026-07-10T12:56:01+00:00,37.534916773438454,126.91595111042261,6031.0,3.4,7.0,162,90,234,207.0,87.0,7.6,1130.0,415710,1,3.3989999294281006
2026-07-10T12:56:02+00:00,37.53491886891425,126.9159241206944,6034.5,3.408,7.0,162,90,234,207.0,87.0,7.6,1130.0,415944,1,3.4079999923706055
2026-07-10T12:56:03+00:00,37.53492096439004,126.91589713096619,6038.0,3.417,7.0,162,90,234,207.0,88.0,7.7,1140.0,416178,1,3.4159998893737793
2026-07-10T12:56:04+00:00,37.534925658255816,126.9158168323338,6041.5,3.419,7.0,162,90,235,206.0,88.0,7.8,1140.0,416413,1,3.4189999103546143
2026-07-10T12:56:05+00:00,37.53492766991258,126.91579034551978,6045.0,3.422,7.0,162,90,236,206.0,89.0,7.9,1140.0,416649,1,3.421999931335449
2026-07-10T12:56:06+00:00,37.53492968156934,126.91576385870576,6048.5,3.425,7.0,161,90,236,205.0,90.0,7.9,1140.0,416885,1,3.4240000247955322
2026-07-10T12:56:07+00:00,37.5349316932261,126.91573745571077,6052.0,3.428,7.0,161,90,236,205.0,91.0,8.0,1140.0,417121,1,3.427000045776367
2026-07-10T12:56:08+00:00,37.53493873402476,126.91565774381161,6055.5,3.428,7.0,161,89,236,204.0,91.0,8.0,1140.0,417357,1,3.427000045776367
2026-07-10T12:56:09+00:00,37.53494057804346,126.91563125699759,6059.0,3.431,7.0,161,89,236,204.0,92.0,8.1,1150.0,417593,1,3.430000066757202
2026-07-10T12:56:10+00:00,37.53494233824313,126.91560477018356,6062.5,3.431,7.0,161,89,236,203.0,92.0,8.1,1150.0,417829,1,3.430000066757202
2026-07-10T12:56:11+00:00,37.534944266080856,126.91557819955051,6066.0,3.431,7.0,161,89,236,203.0,93.0,8.1,1160.0,418065,1,3.430000066757202
2026-07-10T12:56:12+00:00,37.53494652919471,126.9154994096607,6069.5,3.431,7.0,161,88,236,203.0,93.0,8.1,1170.0,418301,1,3.430000066757202
2026-07-10T12:56:13+00:00,37.53494652919471,126.9154735095799,6073.0,3.433,7.0,162,87,236,203.0,94.0,8.1,1180.0,418537,1,3.433000087738037
2026-07-10T12:56:14+00:00,37.53494652919471,126.9154476094991,6076.5,3.431,7.0,162,87,236,203.0,94.0,8.1,1180.0,418773,1,3.430000066757202
2026-07-10T12:56:15+00:00,37.534946696832776,126.91542179323733,6080.0,3.431,7.0,162,87,236,204.0,94.0,8.1,1180.0,419009,1,3.430000066757202
2026-07-10T12:56:16+00:00,37.534945188090205,126.91534643992782,6083.0,3.425,7.0,162,86,236,204.0,94.0,8.1,1180.0,419245,1,3.4240000247955322
2026-07-10T12:56:17+00:00,37.534944266080856,126.91532171331346,6086.0,3.419,7.0,162,86,236,205.0,95.0,8.1,1190.0,419481,1,3.4189999103546143
2026-07-10T12:56:18+00:00,37.53494334407151,126.91529715433717,6089.5,3.414,7.0,162,86,236,205.0,95.0,8.1,1180.0,419717,1,3.4130001068115234
2026-07-10T12:56:19+00:00,37.53494258970022,126.91527251154184,6093.0,3.408,7.0,162,87,236,206.0,96.0,8.1,1180.0,419953,1,3.4079999923706055
2026-07-10T12:56:20+00:00,37.53493890166283,126.9151986669749,6096.5,3.403,7.0,161,86,235,206.0,96.0,8.1,1180.0,420188,1,3.4019999504089355
2026-07-10T12:56:21+00:00,37.534937392920256,126.9151743594557,6100.0,3.4,7.0,162,86,235,207.0,96.0,8.2,1180.0,420423,1,3.3989999294281006
2026-07-10T12:56:22+00:00,37.534935884177685,126.91515013575554,6103.0,3.394,7.0,161,86,234,207.0,96.0,8.2,1180.0,420657,1,3.3940000534057617
2026-07-10T12:56:23+00:00,37.534934459254146,126.91512591205537,6106.0,3.392,7.0,161,86,234,208.0,97.0,8.2,1180.0,420891,1,3.3910000324249268
2026-07-10T12:56:24+00:00,37.53492943011224,126.91505340859294,6109.0,3.386,7.0,161,86,234,208.0,97.0,8.2,1170.0,421125,1,3.385999917984009
2026-07-10T12:56:25+00:00,37.5349280051887,126.91502893343568,6112.0,3.383,7.0,161,86,234,209.0,98.0,8.3,1170.0,421359,1,3.382999897003174
2026-07-10T12:56:26+00:00,37.534926580265164,126.91500454209745,6115.5,3.381,7.0,161,86,233,209.0,98.0,8.3,1170.0,421592,1,3.380000114440918
2026-07-10T12:56:27+00:00,37.534925155341625,126.91498015075922,6119.0,3.378,7.0,161,86,233,210.0,99.0,8.4,1170.0,421825,1,3.377000093460083
2026-07-10T12:56:28+00:00,37.53492062911391,126.91490597091615,6122.0,3.375,7.0,161,86,233,211.0,99.0,8.4,1170.0,422058,1,3.374000072479248
2026-07-10T12:56:29+00:00,37.53491886891425,126.91488090902567,6125.0,3.372,7.0,161,86,233,212.0,99.0,8.5,1170.0,422291,1,3.371999979019165
2026-07-10T12:56:30+00:00,37.53491710871458,126.91485593095422,6128.5,3.369,7.0,161,86,232,212.0,99.0,8.5,1170.0,422523,1,3.36899995803833
2026-07-10T12:56:31+00:00,37.53491526469588,126.9148310367018,6132.0,3.369,7.0,161,86,232,212.0,100.0,8.6,1170.0,422755,1,3.36899995803833
2026-07-10T12:56:32+00:00,37.53490814007819,126.91475559957325,6135.5,3.367,7.0,161,86,232,212.0,100.0,8.6,1170.0,422987,1,3.365999937057495
2026-07-10T12:56:33+00:00,37.53490495495498,126.91473011858761,6139.0,3.367,7.0,161,86,232,213.0,101.0,8.6,1170.0,423219,1,3.365999937057495
2026-07-10T12:56:34+00:00,37.53490176983178,126.91470463760197,6142.5,3.367,7.0,161,86,232,213.0,101.0,8.6,1170.0,423451,1,3.365999937057495
2026-07-10T12:56:35+00:00,37.5348986685276,126.91467915661633,6146.0,3.367,7.0,161,86,232,213.0,102.0,8.7,1170.0,423683,1,3.365999937057495
2026-07-10T12:56:36+00:00,37.53488777205348,126.91460279747844,6149.5,3.367,7.0,161,86,232,213.0,102.0,8.7,1170.0,423915,1,3.365999937057495
2026-07-10T12:56:37+00:00,37.53488400019705,126.91457714885473,6153.0,3.367,7.0,161,86,232,213.0,103.0,8.8,1170.0,424147,1,3.365999937057495
2026-07-10T12:56:38+00:00,37.534880228340626,126.914551416412,6156.5,3.364,7.0,161,86,232,213.0,103.0,8.8,1160.0,424379,1,3.36299991607666
2026-07-10T12:56:39+00:00,37.53487654030323,126.91452576778829,6160.0,3.364,7.0,161,87,232,213.0,103.0,8.9,1160.0,424611,1,3.36299991607666
2026-07-10T12:56:40+00:00,37.534865979105234,126.91444873809814,6163.0,3.361,7.0,161,87,231,213.0,103.0,8.9,1160.0,424842,1,3.3610000610351562
2026-07-10T12:56:41+00:00,37.53486195579171,126.9144237600267,6166.0,3.361,7.0,161,87,231,213.0,104.0,8.9,1160.0,425073,1,3.3610000610351562
2026-07-10T12:56:42+00:00,37.53485810011625,126.91439869813621,6169.5,3.361,7.0,161,87,231,213.0,103.0,8.9,1160.0,425304,1,3.3610000610351562
2026-07-10T12:56:43+00:00,37.53485416062176,126.91437380388379,6173.0,3.361,7.0,162,87,231,213.0,103.0,8.9,1160.0,425535,1,3.3610000610351562
2026-07-10T12:56:44+00:00,37.53483974374831,126.91430104896426,6176.5,3.361,7.0,162,86,231,213.0,103.0,8.9,1160.0,425766,1,3.3610000610351562
2026-07-10T12:56:45+00:00,37.53483454696834,126.91427690908313,6180.0,3.364,7.0,162,86,231,213.0,103.0,8.9,1160.0,425997,1,3.36299991607666
2026-07-10T12:56:46+00:00,37.534829350188375,126.91425285302103,6183.0,3.364,7.0,162,86,231,213.0,103.0,8.9,1160.0,426228,1,3.36299991607666
2026-07-10T12:56:47+00:00,37.53482415340841,126.91422871313989,6186.0,3.364,7.0,162,86,231,214.0,103.0,8.9,1170.0,426459,1,3.36299991607666
2026-07-10T12:56:48+00:00,37.534807389602065,126.914157634601,6189.5,3.364,7.0,162,86,231,214.0,103.0,8.8,1170.0,426690,1,3.36299991607666
2026-07-10T12:56:49+00:00,37.534801103174686,126.91413450054824,6193.0,3.364,7.0,162,86,231,214.0,103.0,8.8,1170.0,426921,1,3.36299991607666
2026-07-10T12:56:50+00:00,37.534794732928276,126.91411153413355,6196.0,3.364,7.0,162,86,231,214.0,103.0,8.8,1160.0,427152,1,3.36299991607666
2026-07-10T12:56:51+00:00,37.53478853031993,126.91408856771886,6199.0,3.364,7.0,162,87,231,214.0,103.0,8.8,1160.0,427383,1,3.36299991607666
2026-07-10T12:56:52+00:00,37.534767743200064,126.9140191655606,6202.5,3.361,7.0,162,87,231,214.0,102.0,8.8,1160.0,427614,1,3.3610000610351562
2026-07-10T12:56:53+00:00,37.53476036712527,126.91399502567947,6206.0,3.361,7.0,162,87,231,214.0,102.0,8.8,1160.0,427845,1,3.3610000610351562
2026-07-10T12:56:54+00:00,37.53475307486951,126.91397096961737,6209.5,3.358,7.0,162,87,231,214.0,102.0,8.8,1150.0,428076,1,3.3580000400543213
2026-07-10T12:56:55+00:00,37.534745782613754,126.91394691355526,6213.0,3.358,7.0,162,87,231,214.0,102.0,8.8,1150.0,428307,1,3.3580000400543213
2026-07-10T12:56:56+00:00,37.53472315147519,126.91387332044542,6216.5,3.358,7.0,162,87,231,214.0,102.0,8.8,1150.0,428538,1,3.3580000400543213
2026-07-10T12:56:57+00:00,37.53471569158137,126.91384851001203,6220.0,3.358,7.0,162,88,231,214.0,102.0,8.8,1150.0,428769,1,3.3580000400543213
2026-07-10T12:56:58+00:00,37.534708147868514,126.9138238672167,6223.5,3.361,7.0,162,88,231,214.0,101.0,8.7,1150.0,429000,1,3.3610000610351562
2026-07-10T12:56:59+00:00,37.53470077179372,126.91379914060235,6227.0,3.364,7.0,162,88,231,214.0,101.0,8.7,1150.0,429231,1,3.36299991607666
2026-07-10T12:57:00+00:00,37.53467763774097,126.91372546367347,6230.5,3.367,7.0,162,88,231,214.0,101.0,8.7,1150.0,429462,1,3.365999937057495
2026-07-10T12:57:01+00:00,37.5346692558378,126.91370107233524,6234.0,3.372,7.0,163,88,231,214.0,101.0,8.7,1150.0,429693,1,3.371999979019165
2026-07-10T12:57:02+00:00,37.53466095775366,126.91367659717798,6237.5,3.375,7.0,163,88,231,214.0,100.0,8.7,1150.0,429924,1,3.374000072479248
2026-07-10T12:57:03+00:00,37.53465265966952,126.91365228965878,6241.0,3.378,7.0,163,88,232,214.0,100.0,8.7,1150.0,430156,1,3.377000093460083
2026-07-10T12:57:04+00:00,37.53462667576969,126.91357903182507,6244.5,3.386,7.0,163,88,232,213.0,100.0,8.7,1150.0,430388,1,3.385999917984009
2026-07-10T12:57:05+00:00,37.53461795859039,126.9135545566678,6248.0,3.397,7.0,163,88,233,213.0,100.0,8.7,1150.0,430621,1,3.3970000743865967
2026-07-10T12:57:06+00:00,37.53460924141109,126.91352999769151,6251.5,3.4,7.0,163,88,233,212.0,100.0,8.7,1150.0,430854,1,3.3989999294281006
2026-07-10T12:57:07+00:00,37.53460060805082,126.91350552253425,6255.0,3.406,7.0,163,88,234,211.0,100.0,8.7,1150.0,431088,1,3.4049999713897705
2026-07-10T12:57:08+00:00,37.53457546234131,126.91343335434794,6258.5,3.411,7.0,163,88,234,210.0,99.0,8.6,1150.0,431322,1,3.4110000133514404
2026-07-10T12:57:09+00:00,37.534566996619105,126.91340980120003,6262.0,3.417,7.0,163,89,235,210.0,99.0,8.6,1150.0,431557,1,3.4159998893737793
2026-07-10T12:57:10+00:00,37.53455844707787,126.91338633187115,6265.5,3.417,7.0,163,88,235,209.0,99.0,8.6,1150.0,431792,1,3.4159998893737793
2026-07-10T12:57:11+00:00,37.5345500651747,126.9133629463613,6269.0,3.419,7.0,163,88,236,209.0,99.0,8.6,1150.0,432028,1,3.4189999103546143
2026-07-10T12:57:12+00:00,37.53452215343714,126.91329278983176,6272.5,3.419,7.0,163,89,236,208.0,98.0,8.5,1150.0,432264,1,3.4189999103546143
2026-07-10T12:57:13+00:00,37.53451192751527,126.91326973959804,6276.0,3.419,7.0,163,89,236,208.0,98.0,8.5,1150.0,432500,1,3.4189999103546143
2026-07-10T12:57:14+00:00,37.53450178541243,126.91324660554528,6279.5,3.419,7.0,163,89,236,207.0,97.0,8.4,1150.0,432736,1,3.4189999103546143
2026-07-10T12:57:15+00:00,37.53449164330959,126.91322355531156,6283.0,3.419,7.0,163,89,236,207.0,97.0,8.4,1150.0,432972,1,3.4189999103546143
2026-07-10T12:57:16+00:00,37.53445920534432,126.91315666772425,6286.5,3.419,7.0,163,89,236,207.0,96.0,8.3,1150.0,433208,1,3.4189999103546143
2026-07-10T12:57:17+00:00,37.53444797359407,126.91313495859504,6290.0,3.419,7.0,163,89,236,207.0,96.0,8.3,1150.0,433444,1,3.4189999103546143
2026-07-10T12:57:18+00:00,37.53443682566285,126.91311324946582,6293.0,3.419,7.0,163,88,236,206.0,95.0,8.2,1150.0,433680,1,3.4189999103546143
2026-07-10T12:57:19+00:00,37.534425761550665,126.91309162415564,6296.0,3.422,7.0,163,88,236,206.0,95.0,8.2,1160.0,433916,1,3.421999931335449
2026-07-10T12:57:20+00:00,37.534392569214106,126.91302641294897,6299.5,3.419,7.0,163,88,236,206.0,94.0,8.1,1160.0,434152,1,3.4189999103546143
2026-07-10T12:57:21+00:00,37.53438200801611,126.91300453618169,6303.0,3.419,7.0,163,88,236,206.0,94.0,8.1,1170.0,434388,1,3.4189999103546143
2026-07-10T12:57:22+00:00,37.53437144681811,126.91298274323344,6306.5,3.417,7.0,163,88,236,206.0,93.0,8.0,1170.0,434624,1,3.4159998893737793
2026-07-10T12:57:23+00:00,37.53436096943915,126.9129609502852,6310.0,3.417,7.0,163,88,236,206.0,93.0,8.0,1170.0,434860,1,3.4159998893737793
2026-07-10T12:57:24+00:00,37.53433087840676,126.91289565525949,6313.5,3.414,7.0,163,88,236,206.0,93.0,8.0,1160.0,435096,1,3.4130001068115234
2026-07-10T12:57:25+00:00,37.53432098776102,126.91287386231124,6317.0,3.414,7.0,163,88,236,207.0,93.0,8.0,1160.0,435332,1,3.4130001068115234
2026-07-10T12:57:26+00:00,37.53431118093431,126.912852069363,6320.0,3.406,7.0,163,88,235,207.0,92.0,7.9,1160.0,435567,1,3.4049999713897705
2026-07-10T12:57:27+00:00,37.5343013741076,126.91283036023378,6323.0,3.397,7.0,163,88,235,207.0,92.0,7.9,1170.0,435802,1,3.3970000743865967
2026-07-10T12:57:28+00:00,37.5342754740268,126.91276255063713,6326.5,3.392,7.0,163,88,234,207.0,92.0,7.9,1160.0,436036,1,3.3910000324249268
2026-07-10T12:57:29+00:00,37.534268852323294,126.9127397518605,6330.0,3.389,7.0,163,88,234,208.0,92.0,7.9,1150.0,436270,1,3.388000011444092
2026-07-10T12:57:30+00:00,37.53426223061979,126.9127170369029,6333.0,3.386,7.0,163,88,234,208.0,92.0,7.9,1150.0,436504,1,3.385999917984009
2026-07-10T12:57:31+00:00,37.534255692735314,126.91269432194531,6336.0,3.383,7.0,163,88,234,209.0,92.0,7.9,1150.0,436738,1,3.382999897003174
2026-07-10T12:57:32+00:00,37.53424043767154,126.91262651234865,6339.0,3.378,7.0,163,87,233,209.0,92.0,7.9,1150.0,436971,1,3.377000093460083
2026-07-10T12:57:33+00:00,37.53423633053899,126.91260262392461,6342.0,3.375,7.0,163,87,233,210.0,93.0,8.0,1160.0,437204,1,3.374000072479248
2026-07-10T12:57:34+00:00,37.5342323910445,126.9125788193196,6345.5,3.364,7.0,163,87,233,210.0,93.0,8.0,1160.0,437437,1,3.36299991607666
2026-07-10T12:57:35+00:00,37.534228367730975,126.9125550147146,6349.0,3.353,7.0,163,87,233,211.0,94.0,8.1,1160.0,437670,1,3.3519999980926514
2026-07-10T12:57:36+00:00,37.53421545960009,126.91248117014766,6352.5,3.35,7.0,163,87,232,211.0,94.0,8.2,1150.0,437902,1,3.3499999046325684
2026-07-10T12:57:37+00:00,37.534209256991744,126.91245602443814,6356.0,3.347,7.0,163,87,231,212.0,95.0,8.3,1150.0,438133,1,3.3469998836517334
2026-07-10T12:57:38+00:00,37.53420313820243,126.91243104636669,6359.5,3.344,7.0,163,87,231,212.0,95.0,8.3,1150.0,438364,1,3.3440001010894775
2026-07-10T12:57:39+00:00,37.534197103232145,126.91240606829524,6363.0,3.344,7.0,163,87,231,212.0,96.0,8.3,1150.0,438595,1,3.3440001010894775
2026-07-10T12:57:40+00:00,37.53417497500777,126.91233071498573,6366.5,3.344,7.0,163,87,230,212.0,96.0,8.3,1140.0,438825,1,3.3440001010894775
2026-07-10T12:57:41+00:00,37.53416910767555,126.91230590455234,6370.0,3.347,7.0,164,88,230,212.0,97.0,8.4,1140.0,439055,1,3.3469998836517334
2026-07-10T12:57:42+00:00,37.53416324034333,126.91228109411895,6373.5,3.35,7.0,163,88,230,212.0,97.0,8.4,1140.0,439285,1,3.3499999046325684
2026-07-10T12:57:43+00:00,37.534157456830144,126.9122563675046,6377.0,3.356,7.0,163,88,231,212.0,98.0,8.5,1140.0,439516,1,3.3550000190734863
2026-07-10T12:57:44+00:00,37.53415594808757,126.91217883490026,6380.0,3.367,7.0,164,88,231,212.0,98.0,8.5,1140.0,439747,1,3.365999937057495
2026-07-10T12:57:45+00:00,37.53415544517338,126.9121522642672,6383.0,3.378,7.0,164,88,231,212.0,98.0,8.6,1150.0,439978,1,3.377000093460083
2026-07-10T12:57:46+00:00,37.534155026078224,126.91212569363415,6387.0,3.383,7.0,164,88,232,212.0,98.0,8.5,1140.0,440210,1,3.382999897003174
2026-07-10T12:57:47+00:00,37.5341546908021,126.91209920682013,6391.0,3.392,7.0,164,89,233,212.0,98.0,8.5,1140.0,440443,1,3.3910000324249268
2026-07-10T12:57:48+00:00,37.53414052538574,126.91202360205352,6394.0,3.392,7.0,164,88,233,212.0,97.0,8.5,1140.0,440676,1,3.3910000324249268
2026-07-10T12:57:49+00:00,37.534132059663534,126.91199946217239,6397.0,3.394,7.0,164,88,234,212.0,97.0,8.5,1150.0,440910,1,3.3940000534057617
2026-07-10T12:57:50+00:00,37.53412359394133,126.91197523847222,6401.0,3.394,6.0,164,88,234,212.0,97.0,8.4,1150.0,441144,1,3.3940000534057617
2026-07-10T12:57:51+00:00,37.53411512821913,126.91195109859109,6405.0,3.394,6.0,164,88,234,212.0,97.0,8.4,1150.0,441378,1,3.3940000534057617
2026-07-10T12:57:52+00:00,37.53408143296838,126.9118816126138,6408.5,3.394,6.0,164,88,234,211.0,96.0,8.4,1150.0,441612,1,3.3940000534057617
2026-07-10T12:57:53+00:00,37.53406969830394,126.91185931675136,6412.0,3.394,6.0,164,88,234,211.0,96.0,8.4,1160.0,441846,1,3.3940000534057617
2026-07-10T12:57:54+00:00,37.534057879820466,126.91183710470796,6415.5,3.394,6.0,164,88,234,210.0,95.0,8.3,1160.0,442080,1,3.3940000534057617
2026-07-10T12:57:55+00:00,37.534046145156026,126.91181489266455,6419.0,3.394,6.0,164,89,234,210.0,95.0,8.3,1160.0,442314,1,3.3940000534057617
2026-07-10T12:57:56+00:00,37.534014377743006,126.91174976527691,6422.0,3.397,6.0,164,88,234,210.0,94.0,8.2,1150.0,442548,1,3.3970000743865967
2026-07-10T12:57:57+00:00,37.53400624729693,126.91172889433801,6425.0,3.4,6.0,164,88,234,210.0,94.0,8.2,1150.0,442782,1,3.3989999294281006
2026-07-10T12:57:58+00:00,37.533998200669885,126.91170810721815,6428.0,3.397,6.0,164,88,234,210.0,93.0,8.1,1150.0,443016,1,3.3970000743865967
2026-07-10T12:57:59+00:00,37.53399015404284,126.91168740391731,6431.0,3.394,6.0,164,88,234,210.0,93.0,8.1,1150.0,443250,1,3.3940000534057617
2026-07-10T12:58:00+00:00,37.533989399671555,126.91163183189929,6433.5,3.378,6.0,164,88,234,210.0,92.0,8.0,1150.0,443484,1,3.377000093460083
2026-07-10T12:58:01+00:00,37.533996691927314,126.91161766648293,6436.0,3.361,6.0,163,87,234,210.0,92.0,8.0,1150.0,443718,1,3.3610000610351562
2026-07-10T12:58:02+00:00,37.53400398418307,126.91160350106657,6438.5,3.333,6.0,163,87,232,210.0,91.0,7.9,1140.0,443950,1,3.3329999446868896
2026-07-10T12:58:03+00:00,37.534011360257864,126.91158941946924,6441.0,3.306,6.0,163,87,231,211.0,91.0,7.9,1140.0,444181,1,3.305000066757202
2026-07-10T12:58:04+00:00,37.53404178656638,126.9115515332669,6443.0,3.239,6.0,163,86,229,211.0,91.0,7.9,1120.0,444410,1,3.23799991607666
2026-07-10T12:58:05+00:00,37.53405025228858,126.91153535619378,6445.0,3.175,6.0,163,86,228,212.0,91.0,8.0,1100.0,444638,1,3.174999952316284
2026-07-10T12:58:06+00:00,37.534058801829815,126.91151909530163,6447.5,3.103,6.0,163,86,223,213.0,91.0,8.0,1070.0,444861,1,3.1019999980926514
2026-07-10T12:58:07+00:00,37.53406726755202,126.91150300204754,6450.0,3.031,6.0,163,86,219,214.0,91.0,8.1,1050.0,445080,1,3.0299999713897705
2026-07-10T12:58:08+00:00,37.53408394753933,126.91144231706858,6453.0,2.978,6.0,163,86,214,215.0,91.0,8.2,1040.0,445294,1,2.9769999980926514
2026-07-10T12:58:09+00:00,37.53408746793866,126.91141935065389,6456.0,2.928,6.0,163,85,209,217.0,92.0,8.3,1030.0,445503,1,2.927000045776367
2026-07-10T12:58:10+00:00,37.534091072157025,126.91139630042017,6459.5,2.9,6.0,163,85,205,218.0,92.0,8.4,1010.0,445708,1,2.8989999294281006
2026-07-10T12:58:11+00:00,37.53409467637539,126.9113734178245,6463.0,2.872,6.0,163,86,202,219.0,92.0,8.6,1000.0,445910,1,2.871999979019165
2026-07-10T12:58:12+00:00,37.53410020843148,126.91130141727626,6466.0,2.844,6.0,163,86,200,220.0,92.0,8.7,990.0,446110,1,2.8440001010894775
2026-07-10T12:58:13+00:00,37.53410004079342,126.911276942119,6469.0,2.819,6.0,163,87,198,222.0,92.0,8.8,980.0,446308,1,2.819000005722046
2026-07-10T12:58:14+00:00,37.53409995697439,126.91125255078077,6472.5,2.883,6.0,163,87,196,223.0,91.0,8.8,990.0,446504,1,2.882999897003174
2026-07-10T12:58:15+00:00,37.534099873155355,126.91122815944254,6476.0,2.947,6.0,163,88,194,224.0,91.0,8.9,1000.0,446698,1,2.947000026702881
2026-07-10T12:58:16+00:00,37.53409618511796,126.91115532070398,6479.0,2.989,6.0,163,88,198,225.0,90.0,8.9,1010.0,446896,1,2.98799991607666
2026-07-10T12:58:17+00:00,37.53409476019442,126.91113109700382,6482.0,3.033,6.0,163,88,203,226.0,90.0,8.9,1030.0,447099,1,3.0329999923706055
2026-07-10T12:58:18+00:00,37.53409333527088,126.91110695712268,6485.0,3.053,6.0,163,88,206,226.0,90.0,8.9,1030.0,447305,1,3.052000045776367
2026-07-10T12:58:19+00:00,37.534091994166374,126.91108281724155,6488.0,3.075,6.0,163,88,209,226.0,90.0,8.9,1040.0,447514,1,3.0739998817443848
2026-07-10T12:58:20+00:00,37.53408629447222,126.91100863739848,6491.5,3.083,6.0,163,88,210,226.0,90.0,8.8,1040.0,447724,1,3.0829999446868896
2026-07-10T12:58:21+00:00,37.534084198996425,126.91098349168897,6495.0,3.092,6.0,163,88,212,226.0,90.0,8.8,1050.0,447936,1,3.0910000801086426
2026-07-10T12:58:22+00:00,37.53408210352063,126.91095851361752,6498.5,3.1,6.0,163,88,212,226.0,89.0,8.7,1050.0,448148,1,3.0989999771118164
2026-07-10T12:58:23+00:00,37.53408000804484,126.91093353554606,6502.0,3.108,6.0,163,88,213,227.0,89.0,8.6,1050.0,448361,1,3.1080000400543213
2026-07-10T12:58:24+00:00,37.53407229669392,126.9108611997217,6505.0,3.117,6.0,164,88,213,226.0,88.0,8.5,1050.0,448574,1,3.115999937057495
2026-07-10T12:58:25+00:00,37.53406818956137,126.91083756275475,6508.0,3.125,6.0,164,88,214,226.0,88.0,8.4,1060.0,448788,1,3.125
2026-07-10T12:58:26+00:00,37.534064166247845,126.9108139257878,6511.0,3.131,5.0,163,88,215,226.0,87.0,8.3,1060.0,449003,1,3.130000114440918
2026-07-10T12:58:27+00:00,37.53406014293432,126.9107903726399,6514.0,3.136,5.0,163,88,216,226.0,87.0,8.2,1070.0,449219,1,3.135999917984009
2026-07-10T12:58:28+00:00,37.5340423732996,126.910719294101,6517.5,3.139,5.0,163,88,216,225.0,86.0,8.1,1070.0,449435,1,3.138000011444092
2026-07-10T12:58:29+00:00,37.53403457812965,126.91069641150534,6521.0,3.142,5.0,163,88,216,224.0,86.0,8.1,1070.0,449651,1,3.1410000324249268
2026-07-10T12:58:30+00:00,37.53402686677873,126.91067352890968,6524.5,3.144,5.0,163,88,216,223.0,86.0,8.1,1070.0,449867,1,3.1440000534057617
2026-07-10T12:58:31+00:00,37.53401915542781,126.91065073013306,6528.0,3.15,5.0,163,88,216,222.0,86.0,8.1,1070.0,450083,1,3.1500000953674316
2026-07-10T12:58:32+00:00,37.53399074077606,126.91058535128832,6531.0,3.153,5.0,163,88,216,221.0,86.0,8.1,1070.0,450299,1,3.1519999504089355
2026-07-10T12:58:33+00:00,37.533980179578066,126.9105641450733,6534.0,3.158,5.0,163,88,217,220.0,86.0,8.1,1070.0,450516,1,3.1579999923706055
2026-07-10T12:58:34+00:00,37.5339697021991,126.91054293885827,6537.5,3.161,5.0,163,88,217,219.0,86.0,8.1,1070.0,450733,1,3.1610000133514404
2026-07-10T12:58:35+00:00,37.533959141001105,126.91052173264325,6541.0,3.167,5.0,163,88,218,218.0,87.0,8.2,1070.0,450951,1,3.1659998893737793
2026-07-10T12:58:36+00:00,37.53392695449293,126.91045702435076,6544.5,3.172,5.0,163,88,218,217.0,87.0,8.2,1070.0,451169,1,3.171999931335449
2026-07-10T12:58:37+00:00,37.533917650580406,126.91043422557414,6548.0,3.178,5.0,163,89,218,217.0,88.0,8.2,1080.0,451387,1,3.177000045776367
2026-07-10T12:58:38+00:00,37.533908346667886,126.91041151061654,6551.5,3.197,5.0,163,89,218,217.0,87.0,8.1,1080.0,451605,1,3.197000026702881
2026-07-10T12:58:39+00:00,37.533899042755365,126.91038879565895,6555.0,3.219,5.0,163,89,219,217.0,87.0,8.1,1080.0,451824,1,3.2190001010894775
2026-07-10T12:58:40+00:00,37.53387724980712,126.91031796857715,6558.0,3.231,5.0,163,89,220,217.0,87.0,8.1,1080.0,452044,1,3.2300000190734863
2026-07-10T12:58:41+00:00,37.533871633931994,126.91029424779117,6561.0,3.242,6.0,163,89,222,217.0,87.0,8.1,1090.0,452266,1,3.240999937057495
2026-07-10T12:58:42+00:00,37.5338661018759,126.91027061082423,6564.5,3.247,6.0,163,89,222,216.0,87.0,8.1,1090.0,452488,1,3.246999979019165
2026-07-10T12:58:43+00:00,37.533860486000776,126.91024705767632,6568.0,3.256,6.0,163,89,223,216.0,87.0,8.1,1090.0,452711,1,3.255000114440918
2026-07-10T12:58:44+00:00,37.53384347073734,126.9101836066693,6570.5,3.264,6.0,164,88,224,215.0,87.0,8.0,1100.0,452935,1,3.263000011444092
2026-07-10T12:58:45+00:00,37.533834083005786,126.910166926682,6573.0,3.275,6.0,164,88,225,215.0,87.0,8.0,1110.0,453160,1,3.2739999294281006
2026-07-10T12:58:46+00:00,37.533824695274234,126.91015033051372,6575.5,3.272,6.0,164,87,225,215.0,87.0,8.0,1120.0,453385,1,3.2720000743865967
2026-07-10T12:58:47+00:00,37.53381539136171,126.91013373434544,6578.0,3.269,6.0,164,87,226,215.0,88.0,8.0,1130.0,453611,1,3.2690000534057617
2026-07-10T12:58:48+00:00,37.53376979380846,126.91010330803692,6581.5,3.264,6.0,164,87,225,214.0,88.0,8.0,1120.0,453836,1,3.263000011444092
2026-07-10T12:58:49+00:00,37.5337503477931,126.91009920090437,6585.0,3.258,6.0,164,87,225,214.0,89.0,8.0,1120.0,454061,1,3.257999897003174
2026-07-10T12:58:50+00:00,37.53373106941581,126.91009526140988,6588.5,3.244,6.0,164,87,225,214.0,89.0,8.0,1110.0,454286,1,3.24399995803833
2026-07-10T12:58:51+00:00,37.53371179103851,126.91009123809636,6592.0,3.233,6.0,164,87,225,214.0,90.0,8.1,1110.0,454511,1,3.2330000400543213
2026-07-10T12:58:52+00:00,37.533648842945695,126.91009174101055,6595.5,3.228,6.0,164,88,223,214.0,90.0,8.1,1100.0,454734,1,3.2269999980926514
2026-07-10T12:58:53+00:00,37.533627385273576,126.91009291447699,6599.0,3.222,6.0,164,88,222,214.0,90.0,8.1,1090.0,454956,1,3.2219998836517334
2026-07-10T12:58:54+00:00,37.533605843782425,126.91009417176247,6602.5,3.217,5.0,164,89,222,213.0,90.0,8.1,1080.0,455178,1,3.2160000801086426
2026-07-10T12:58:55+00:00,37.53358446992934,126.91009534522891,6606.0,3.211,5.0,164,89,222,213.0,90.0,8.1,1080.0,455400,1,3.2109999656677246
2026-07-10T12:58:56+00:00,37.53352018073201,126.91009651869535,6609.5,3.219,5.0,164,89,221,213.0,90.0,8.2,1080.0,455621,1,3.2190001010894775
2026-07-10T12:58:57+00:00,37.53349947743118,126.91009484231472,6613.0,3.231,5.0,164,89,221,213.0,91.0,8.3,1090.0,455842,1,3.2300000190734863
2026-07-10T12:58:58+00:00,37.533478857949376,126.91009316593409,6616.5,3.239,4.0,164,88,221,212.0,91.0,8.3,1090.0,456063,1,3.23799991607666
2026-07-10T12:58:59+00:00,37.533458238467574,126.91009148955345,6620.0,3.25,4.0,164,88,222,212.0,92.0,8.4,1100.0,456285,1,3.249000072479248
2026-07-10T12:59:00+00:00,37.53340023569763,126.91007816232741,6623.0,3.256,4.0,164,88,223,212.0,92.0,8.4,1100.0,456508,1,3.197000026702881
2026-07-10T12:59:01+00:00,37.53338313661516,126.91007095389068,6626.0,3.264,4.0,164,88,224,212.0,93.0,8.5,1110.0,456732,1,3.1470000743865967
2026-07-10T12:59:02+00:00,37.53336603753269,126.91006382927299,6628.5,3.267,3.0,164,87,219,211.0,94.0,8.5,1110.0,456951,1,3.1519999504089355
2026-07-10T12:59:03+00:00,37.53334893845022,126.91005670465529,6631.0,3.272,3.0,164,87,215,211.0,95.0,8.6,1120.0,457166,1,3.1579999923706055
2026-07-10T12:59:04+00:00,37.5333013292402,126.91003357060254,6634.0,3.261,3.0,164,87,215,211.0,95.0,8.6,1110.0,457381,1,3.0490000247955322
2026-07-10T12:59:05+00:00,37.53328716382384,126.91003105603158,6637.0,3.25,3.0,164,87,215,211.0,96.0,8.7,1110.0,457596,1,2.944000005722046
2026-07-10T12:59:06+00:00,37.533273082226515,126.91002854146063,6639.0,3.247,2.0,164,87,205,211.0,96.0,8.7,1110.0,457801,1,2.944000005722046
2026-07-10T12:59:07+00:00,37.53325900062919,126.91002611070871,6641.0,3.247,2.0,164,88,196,211.0,96.0,8.7,1110.0,457997,1,2.944000005722046
2026-07-10T12:59:08+00:00,37.533195884898305,126.91002569161355,6646.0,3.247,2.0,164,88,196,211.0,96.0,8.6,1100.0,458193,1,2.9019999504089355
2026-07-10T12:59:09+00:00,37.53316788934171,126.91002585925162,6651.0,3.247,2.0,164,88,196,211.0,96.0,8.6,1100.0,458389,1,2.86299991607666
2026-07-10T12:59:10+00:00,37.53313989378512,126.91002594307065,6656.0,3.247,2.0,164,88,191,211.0,95.0,8.5,1100.0,458580,1,2.86299991607666
2026-07-10T12:59:11+00:00,37.533111898228526,126.91002602688968,6661.0,3.25,2.0,164,89,187,212.0,94.0,8.5,1100.0,458767,1,2.86299991607666
2026-07-10T12:59:12+00:00,37.53302615135908,126.91002602688968,6665.5,3.25,2.0,164,89,187,212.0,93.0,8.4,1090.0,458954,1,2.8269999027252197
2026-07-10T12:59:13+00:00,37.533000502735376,126.9100271165371,6670.0,3.253,2.0,164,89,187,212.0,92.0,8.4,1090.0,459141,1,2.7939999103546143
2026-07-10T12:59:14+00:00,37.53297477029264,126.9100282061845,6674.0,3.253,2.0,164,89,183,212.0,91.0,8.3,1090.0,459324,1,2.796999931335449
2026-07-10T12:59:15+00:00,37.53294920548797,126.91002929583192,6678.0,3.256,2.0,164,89,180,213.0,91.0,8.3,1090.0,459504,1,2.802000045776367
2026-07-10T12:59:16+00:00,37.5328818988055,126.91003650426865,6681.0,3.258,2.0,164,89,180,213.0,90.0,8.2,1090.0,459684,1,2.8359999656677246
2026-07-10T12:59:17+00:00,37.53286136314273,126.9100406114012,6684.0,3.264,2.0,164,89,180,213.0,90.0,8.2,1090.0,459864,1,2.871999979019165
2026-07-10T12:59:18+00:00,37.53284099511802,126.91004471853375,6687.5,3.267,2.0,164,89,184,213.0,89.0,8.1,1090.0,460048,1,2.875
2026-07-10T12:59:19+00:00,37.53282054327428,126.91004890948534,6691.0,3.272,2.0,164,89,188,214.0,89.0,8.1,1100.0,460236,1,2.880000114440918
2026-07-10T12:59:20+00:00,37.53276220522821,126.91006399691105,6694.5,3.272,2.0,164,89,188,214.0,88.0,8.0,1100.0,460424,1,2.9240000247955322
2026-07-10T12:59:21+00:00,37.53274284303188,126.91006869077682,6698.0,3.275,2.0,164,89,188,214.0,88.0,8.0,1100.0,460612,1,2.9719998836517334
2026-07-10T12:59:22+00:00,37.53272364847362,126.91007355228066,6701.5,3.303,2.0,164,88,192,214.0,87.0,7.9,1110.0,460804,1,2.99399995803833
2026-07-10T12:59:23+00:00,37.53270445391536,126.91007832996547,6705.0,3.333,2.0,164,88,197,214.0,87.0,7.9,1130.0,461001,1,3.0160000324249268
2026-07-10T12:59:24+00:00,37.532645361498,126.91008889116347,6708.0,3.356,2.0,164,88,198,214.0,87.0,7.8,1140.0,461199,1,3.138000011444092
2026-07-10T12:59:25+00:00,37.53262558020651,126.9100910704583,6711.0,3.381,2.0,164,88,200,214.0,87.0,7.8,1150.0,461399,1,3.263000011444092
2026-07-10T12:59:26+00:00,37.53260579891503,126.91009324975312,6714.5,3.389,2.0,164,88,211,213.0,87.0,7.8,1150.0,461610,1,3.3299999237060547
2026-07-10T12:59:27+00:00,37.53258593380451,126.91009542904794,6718.0,3.397,2.0,164,88,222,213.0,87.0,7.8,1150.0,461832,1,3.3970000743865967
2026-07-10T12:59:28+00:00,37.532528936862946,126.91010045818985,6721.0,3.397,2.0,164,87,223,213.0,87.0,7.7,1160.0,462055,1,3.3970000743865967
2026-07-10T12:59:29+00:00,37.53251108340919,126.91010179929435,6724.0,3.4,2.0,165,87,224,213.0,88.0,7.7,1170.0,462279,1,3.3989999294281006
2026-07-10T12:59:30+00:00,37.532493229955435,126.91010322421789,6727.0,3.397,2.0,165,87,229,212.0,88.0,7.7,1160.0,462508,1,3.3970000743865967
2026-07-10T12:59:31+00:00,37.53247546032071,126.91010473296046,6730.0,3.397,2.0,164,88,234,212.0,89.0,7.7,1160.0,462742,1,3.3970000743865967
2026-07-10T12:59:32+00:00,37.53243774175644,126.91010699607432,6731.5,3.394,2.0,165,87,234,212.0,89.0,7.7,1160.0,462976,1,3.3940000534057617
2026-07-10T12:59:33+00:00,37.532431287691,126.91010515205562,6733.0,3.394,2.0,164,87,234,212.0,90.0,7.8,1160.0,463210,1,3.3940000534057617
2026-07-10T12:59:34+00:00,37.532424833625555,126.91010322421789,6733.5,3.394,2.0,164,87,234,212.0,90.0,7.8,1160.0,463444,1,3.3940000534057617
2026-07-10T12:59:35+00:00,37.532418463379145,126.91010129638016,6734.0,3.394,2.0,164,88,234,212.0,91.0,7.9,1160.0,463678,1,3.3940000534057617
2026-07-10T12:59:36+00:00,37.5323966704309,126.9100715406239,6736.5,3.389,2.0,164,88,234,212.0,92.0,7.9,1150.0,463912,1,3.388000011444092
2026-07-10T12:59:37+00:00,37.532380828633904,126.91006391309202,6739.0,3.386,2.0,164,88,234,212.0,93.0,8.0,1150.0,464146,1,3.385999917984009
2026-07-10T12:59:38+00:00,37.53236507065594,126.91005636937916,6743.0,3.378,1.0,164,88,234,212.0,93.0,8.0,1150.0,464380,1,3.377000093460083
2026-07-10T12:59:39+00:00,37.53234922885895,126.91004874184728,6747.0,3.372,1.0,164,88,234,212.0,94.0,8.1,1150.0,464614,1,3.371999979019165
2026-07-10T12:59:40+00:00,37.5322896335274,126.91006550565362,6750.5,3.339,1.0,164,88,233,212.0,94.0,8.1,1140.0,464847,1,3.3380000591278076
2026-07-10T12:59:41+00:00,37.53226758912206,126.91008009016514,6754.0,3.306,1.0,164,88,232,212.0,95.0,8.2,1130.0,465079,1,3.305000066757202
2026-07-10T12:59:42+00:00,37.532245544716716,126.91009484231472,6759.0,3.258,1.0,164,88,230,212.0,95.0,8.2,1110.0,465309,1,3.257999897003174
2026-07-10T12:59:43+00:00,37.532223584130406,126.91010951064527,6764.0,3.214,1.0,164,88,228,212.0,95.0,8.3,1100.0,465537,1,3.2130000591278076
2026-07-10T12:59:44+00:00,37.532161725685,126.91013876348734,6766.5,3.178,1.0,164,87,224,212.0,95.0,8.3,1090.0,465761,1,3.177000045776367
2026-07-10T12:59:45+00:00,37.532142866402864,126.91014345735312,6769.0,3.142,1.0,164,87,221,213.0,95.0,8.4,1080.0,465982,1,3.1410000324249268
2026-07-10T12:59:46+00:00,37.53212409093976,126.91014815121889,6771.5,3.122,1.0,164,87,218,213.0,95.0,8.5,1070.0,466200,1,3.121999979019165
2026-07-10T12:59:47+00:00,37.532105231657624,126.9101529289037,6774.0,3.103,1.0,164,87,216,214.0,95.0,8.6,1070.0,466416,1,3.1019999980926514
2026-07-10T12:59:48+00:00,37.53205083310604,126.91016650758684,6776.0,3.097,1.0,164,86,215,214.0,95.0,8.6,1070.0,466631,1,3.0969998836517334
2026-07-10T12:59:49+00:00,37.53203264437616,126.91016910597682,6778.0,3.092,1.0,164,86,214,215.0,95.0,8.7,1070.0,466845,1,3.0910000801086426
2026-07-10T12:59:50+00:00,37.53201445564628,126.91017187200487,6782.5,3.108,1.0,164,86,213,215.0,95.0,8.7,1080.0,467058,1,3.1080000400543213
2026-07-10T12:59:51+00:00,37.531996350735426,126.91017455421388,6787.0,3.128,1.0,164,86,213,216.0,96.0,8.8,1090.0,467271,1,3.127000093460083
2026-07-10T12:59:52+00:00,37.53193784505129,126.91019014455378,6790.5,3.147,1.0,164,86,214,216.0,96.0,8.8,1090.0,467485,1,3.1470000743865967
2026-07-10T12:59:53+00:00,37.53191756084561,126.91019693389535,6794.0,3.169,1.0,164,87,216,216.0,96.0,8.9,1100.0,467701,1,3.1689999103546143
2026-07-10T12:59:54+00:00,37.53189736045897,126.91020372323692,6797.5,3.183,1.0,164,86,217,216.0,96.0,8.9,1100.0,467918,1,3.183000087738037
2026-07-10T12:59:55+00:00,37.53187716007233,126.91021059639752,6801.0,3.197,1.0,164,86,218,217.0,97.0,8.9,1110.0,468136,1,3.197000026702881
2026-07-10T12:59:56+00:00,37.53181530162692,126.91023012623191,6804.5,3.206,1.0,164,86,219,217.0,97.0,8.9,1110.0,468355,1,3.2049999237060547
2026-07-10T12:59:57+00:00,37.53179417923093,126.91023473627865,6808.0,3.214,2.0,164,86,220,217.0,97.0,8.9,1110.0,468575,1,3.2130000591278076
2026-07-10T12:59:58+00:00,37.531773056834936,126.9102393463254,6811.5,3.228,2.0,164,87,220,217.0,97.0,8.8,1110.0,468795,1,3.2269999980926514
2026-07-10T12:59:59+00:00,37.531751934438944,126.91024404019117,6815.0,3.244,2.0,164,87,221,218.0,97.0,8.8,1110.0,469016,1,3.24399995803833
2026-07-10T13:00:00+00:00,37.53168965689838,126.91025393083692,6818.5,3.261,2.0,164,87,222,218.0,97.0,8.7,1110.0,469238,1,3.260999917984009
2026-07-10T13:00:01+00:00,37.53166954033077,126.91025803796947,6822.0,3.278,2.0,164,87,223,218.0,97.0,8.7,1120.0,469461,1,3.2769999504089355
2026-07-10T13:00:02+00:00,37.53164950758219,126.91026214510202,6825.5,3.297,2.0,164,87,224,218.0,97.0,8.7,1120.0,469685,1,3.296999931335449
2026-07-10T13:00:03+00:00,37.53162947483361,126.91026633605361,6829.0,3.317,2.0,164,88,226,218.0,97.0,8.7,1130.0,469911,1,3.315999984741211
2026-07-10T13:00:04+00:00,37.53157088533044,126.91028066910803,6832.5,3.333,2.0,164,88,227,217.0,96.0,8.6,1130.0,470138,1,3.3329999446868896
2026-07-10T13:00:05+00:00,37.53155663609505,126.91028418950737,6836.0,3.353,2.0,164,88,229,217.0,96.0,8.6,1140.0,470367,1,3.3519999980926514
2026-07-10T13:00:06+00:00,37.53154247067869,126.91028779372573,6837.5,3.347,2.0,164,88,230,216.0,96.0,8.6,1130.0,470597,1,3.3440001010894775
2026-07-10T13:00:07+00:00,37.53152838908136,126.91029139794409,6839.0,3.344,2.0,164,89,231,215.0,97.0,8.6,1130.0,470828,1,3.3380000591278076
2026-07-10T13:00:08+00:00,,,6840.0,3.347,2.0,164,88,230,214.0,97.0,8.6,1140.0,471058,1,3.3440001010894775
2026-07-10T13:00:09+00:00,,,6841.0,3.35,2.0,164,87,230,214.0,97.0,8.6,1150.0,471288,1,3.3499999046325684
2026-07-10T13:00:10+00:00,,,6841.0,3.35,2.0,164,87,230,213.0,97.0,8.6,1140.0,471518,1,3.3499999046325684
2026-07-10T13:00:11+00:00,,,6841.0,3.35,2.0,164,88,231,213.0,98.0,8.6,1130.0,471749,1,3.3499999046325684
2026-07-10T13:00:12+00:00,,,6841.0,3.35,2.0,164,90,231,212.0,98.0,8.6,1130.0,471980,1,3.3499999046325684
2026-07-10T13:00:13+00:00,,,6841.0,3.35,2.0,164,91,231,211.0,98.0,8.6,1130.0,472211,1,3.3499999046325684
2026-07-10T13:00:14+00:00,,,6841.0,3.35,2.0,164,90,231,210.0,97.0,8.6,1110.0,472442,1,3.3499999046325684
2026-07-10T13:00:15+00:00,,,6841.0,3.35,2.0,164,90,231,210.0,97.0,8.6,1100.0,472673,1,3.3499999046325684
2026-07-10T13:00:16+00:00,,,6841.0,3.35,2.0,164,89,231,209.0,97.0,8.6,1110.0,472904,1,3.3499999046325684
2026-07-10T13:00:17+00:00,,,6841.0,3.35,2.0,164,88,231,209.0,97.0,8.6,1130.0,473135,1,3.3499999046325684
2026-07-10T13:00:18+00:00,,,6841.0,3.35,2.0,164,88,231,209.0,97.0,8.6,1130.0,473366,1,3.3499999046325684
2026-07-10T13:00:19+00:00,,,6841.0,3.35,2.0,164,88,231,209.0,97.0,8.6,1140.0,473597,1,3.3499999046325684
2026-07-10T13:00:20+00:00,,,6841.0,3.35,2.0,164,87,231,209.0,97.0,8.6,1140.0,473828,1,3.3499999046325684
2026-07-10T13:00:21+00:00,,,6841.0,3.35,2.0,164,87,231,209.0,97.0,8.6,1150.0,474059,1,3.3499999046325684
2026-07-10T13:00:22+00:00,,,6841.0,3.35,2.0,164,86,231,209.0,98.0,8.6,1160.0,474290,1,3.3499999046325684
2026-07-10T13:00:23+00:00,,,6841.0,3.35,2.0,164,86,231,210.0,99.0,8.7,1170.0,474521,1,3.3499999046325684
2026-07-10T13:00:24+00:00,,,6841.0,3.35,2.0,164,86,231,211.0,99.0,8.7,1170.0,474752,1,3.3499999046325684
2026-07-10T13:00:25+00:00,37.53135245293379,126.91032081842422,6841.0,3.35,2.0,164,86,231,212.0,100.0,8.7,1170.0,474983,1,3.3499999046325684
2026-07-10T13:00:26+00:00,37.531136786565185,126.91035359166563,6841.0,3.35,2.0,164,86,231,212.0,100.0,8.7,1170.0,475214,1,3.3499999046325684
2026-07-10T13:00:27+00:00,37.531085070222616,126.91037194803357,6841.0,3.35,2.0,164,86,231,213.0,100.0,8.7,1170.0,475445,1,3.3499999046325684
2026-07-10T13:00:28+00:00,37.53103335388005,126.91039030440152,6876.5,3.664,2.0,164,86,231,212.0,100.0,8.6,1260.0,475676,1,3.6630001068115234
2026-07-10T13:00:29+00:00,37.53098180517554,126.9104087445885,6912.0,3.978,2.0,164,87,231,212.0,100.0,8.5,1360.0,475907,1,3.9769999980926514
2026-07-10T13:00:30+00:00,37.53085934557021,126.9104846008122,6918.0,4.092,2.0,164,88,252,211.0,100.0,8.3,1380.0,476159,1,4.091000080108643
2026-07-10T13:00:31+00:00,37.530827494338155,126.91050630994141,6924.0,4.208,2.0,164,89,274,210.0,100.0,8.1,1410.0,476433,1,4.208000183105469
2026-07-10T13:00:32+00:00,37.5307956431061,126.91052801907063,6928.0,4.211,2.0,164,89,282,209.0,100.0,7.9,1410.0,476715,1,4.210999965667725
2026-07-10T13:00:33+00:00,37.53076387569308,126.91054981201887,6932.0,4.217,2.0,164,89,290,208.0,100.0,7.8,1420.0,477005,1,4.216000080108643
2026-07-10T13:00:34+00:00,37.53068659454584,126.91058929078281,6936.0,4.144,2.0,164,88,290,207.0,100.0,7.7,1400.0,477295,1,4.144000053405762
2026-07-10T13:00:35+00:00,37.530664298683405,126.91059356555343,6940.0,4.072,2.0,164,88,291,206.0,101.0,7.6,1390.0,477586,1,4.072000026702881
2026-07-10T13:00:36+00:00,37.53064208664,126.91059784032404,6943.0,4.022,2.0,164,87,285,205.0,101.0,7.5,1370.0,477871,1,4.021999835968018
2026-07-10T13:00:37+00:00,37.530619874596596,126.91060211509466,6946.0,3.975,2.0,164,87,280,204.0,102.0,7.4,1360.0,478151,1,3.9749999046325684
2026-07-10T13:00:38+00:00,37.530559692531824,126.91060236655176,6949.5,3.944,2.0,164,87,277,203.0,102.0,7.4,1350.0,478428,1,3.944000005722046
2026-07-10T13:00:39+00:00,37.53054100088775,126.91060102544725,6953.0,3.917,2.0,163,87,274,202.0,103.0,7.4,1350.0,478702,1,3.9159998893737793
2026-07-10T13:00:40+00:00,37.53052222542465,126.91059976816177,6956.0,3.886,2.0,163,86,272,201.0,103.0,7.4,1340.0,478974,1,3.885999917984009
2026-07-10T13:00:41+00:00,37.530503533780575,126.9105985108763,6959.0,3.856,2.0,163,86,270,200.0,104.0,7.5,1340.0,479244,1,3.8550000190734863
2026-07-10T13:00:42+00:00,37.530448297038674,126.91059616394341,6962.0,3.817,2.0,164,86,268,199.0,104.0,7.6,1330.0,479512,1,3.815999984741211
2026-07-10T13:00:43+00:00,37.530429773032665,126.91059599630535,6965.0,3.781,2.0,164,86,266,198.0,105.0,7.7,1320.0,479778,1,3.7799999713897705
2026-07-10T13:00:44+00:00,37.530411249026656,126.91059599630535,6968.5,3.764,2.0,164,86,263,197.0,105.0,7.7,1310.0,480041,1,3.8359999656677246
2026-07-10T13:00:45+00:00,37.53039272502065,126.91059599630535,6972.0,3.747,2.0,164,86,260,197.0,105.0,7.8,1310.0,480301,1,3.8910000324249268
2026-07-10T13:00:46+00:00,37.53033857792616,126.91059649921954,6974.5,3.731,2.0,164,86,265,196.0,105.0,7.9,1300.0,480566,1,3.874000072479248
2026-07-10T13:00:47+00:00,37.53032114356756,126.91059800796211,6977.0,3.717,2.0,164,86,270,196.0,106.0,8.0,1290.0,480836,1,3.8610000610351562
2026-07-10T13:00:48+00:00,37.53030387684703,126.91059951670468,6980.0,3.642,2.0,164,87,269,196.0,106.0,8.0,1250.0,481105,1,3.7829999923706055
2026-07-10T13:00:49+00:00,37.530286526307464,126.91060102544725,6983.0,3.569,3.0,164,88,268,196.0,106.0,8.1,1220.0,481373,1,3.7049999237060547
2026-07-10T13:00:50+00:00,37.53023514524102,126.91060949116945,6986.0,3.506,3.0,163,88,262,196.0,106.0,8.2,1190.0,481635,1,3.635999917984009
2026-07-10T13:00:51+00:00,37.53021754324436,126.9106122571975,6989.0,3.442,3.0,163,88,257,197.0,106.0,8.4,1170.0,481892,1,3.569000005722046
2026-07-10T13:00:52+00:00,37.53020002506673,126.91061502322555,6992.0,3.386,3.0,163,87,252,199.0,106.0,8.5,1160.0,482144,1,3.5799999237060547
2026-07-10T13:00:53+00:00,37.53018259070814,126.91061778925359,6995.0,3.333,3.0,163,87,248,201.0,106.0,8.6,1150.0,482392,1,3.5910000801086426
2026-07-10T13:00:54+00:00,37.53012886270881,126.9106225669384,6998.0,3.308,3.0,163,86,249,202.0,106.0,8.7,1150.0,482641,1,3.569000005722046
2026-07-10T13:00:55+00:00,37.530111176893115,126.91062306985259,7001.0,3.286,3.0,164,85,251,204.0,106.0,8.8,1160.0,482892,1,3.5490000247955322
2026-07-10T13:00:56+00:00,37.530093574896455,126.91062365658581,7004.0,3.278,3.0,164,85,249,205.0,105.0,8.9,1150.0,483141,1,3.6110000610351562
2026-07-10T13:00:57+00:00,37.530075972899795,126.91062424331903,7007.0,3.269,4.0,164,85,248,207.0,105.0,9.0,1150.0,483389,1,3.671999931335449
2026-07-10T13:00:58+00:00,37.53002216108143,126.91062726080418,7010.0,3.258,4.0,164,85,253,208.0,105.0,9.0,1140.0,483642,1,3.6610000133514404
2026-07-10T13:00:59+00:00,37.53000338561833,126.910629440099,7013.0,3.247,4.0,164,86,259,210.0,105.0,9.1,1130.0,483901,1,3.6500000953674316
2026-07-10T13:01:00+00:00,37.52998469397426,126.91063161939383,7016.0,3.239,4.0,164,87,258,211.0,104.0,9.1,1120.0,484159,1,3.638000011444092
2026-07-10T13:01:01+00:00,37.529966002330184,126.91063396632671,7019.0,3.231,4.0,164,87,257,212.0,104.0,9.1,1110.0,484416,1,3.627000093460083
2026-07-10T13:01:02+00:00,37.52990758046508,126.91064754500985,7022.5,3.225,4.0,164,89,256,212.0,103.0,9.1,1090.0,484672,1,3.621999979019165
2026-07-10T13:01:03+00:00,37.52988796681166,126.9106534961611,7026.0,3.222,4.0,164,90,255,213.0,102.0,9.1,1070.0,484927,1,3.615999937057495
2026-07-10T13:01:04+00:00,37.529868353158236,126.91065953113139,7029.5,3.2,4.0,164,90,255,213.0,101.0,9.0,1060.0,485182,1,3.5940001010894775
2026-07-10T13:01:05+00:00,37.52984890714288,126.91066556610167,7033.0,3.181,4.0,164,90,255,214.0,100.0,9.0,1050.0,485437,1,3.572000026702881
2026-07-10T13:01:06+00:00,37.52979048527777,126.91068802960217,7036.5,3.175,4.0,164,91,253,214.0,99.0,9.0,1040.0,485690,1,3.562999963760376
2026-07-10T13:01:07+00:00,37.52977095544338,126.91069641150534,7040.0,3.169,4.0,164,91,251,214.0,98.0,9.1,1040.0,485941,1,3.558000087738037
2026-07-10T13:01:08+00:00,37.52975142560899,126.91070479340851,7043.5,3.172,4.0,164,91,251,214.0,97.0,9.0,1040.0,486192,1,3.49399995803833
2026-07-10T13:01:09+00:00,37.529731979593635,126.91071325913072,7047.0,3.178,4.0,164,91,251,215.0,97.0,9.0,1040.0,486443,1,3.430000066757202
2026-07-10T13:01:10+00:00,37.52967280335724,126.91073580645025,7050.0,3.186,4.0,164,91,245,215.0,96.0,9.0,1050.0,486688,1,3.436000108718872
2026-07-10T13:01:11+00:00,37.52965268678963,126.91074133850634,7053.0,3.194,4.0,164,90,240,216.0,95.0,9.0,1060.0,486928,1,3.440999984741211
2026-07-10T13:01:12+00:00,37.52963257022202,126.91074687056243,7056.5,3.203,4.0,164,89,240,215.0,94.0,8.9,1070.0,487168,1,3.4519999027252197
2026-07-10T13:01:13+00:00,37.52961253747344,126.91075240261853,7060.0,3.214,4.0,164,89,241,215.0,94.0,8.9,1080.0,487409,1,3.4630000591278076
2026-07-10T13:01:14+00:00,37.52955344505608,126.91076430492103,7063.5,3.219,4.0,164,88,241,215.0,94.0,8.8,1090.0,487650,1,3.4719998836517334
2026-07-10T13:01:15+00:00,37.52953383140266,126.91076749004424,7067.0,3.228,4.0,164,87,242,215.0,94.0,8.8,1110.0,487892,1,3.4830000400543213
2026-07-10T13:01:16+00:00,37.5295143853873,126.91077075898647,7070.0,3.231,4.0,164,87,243,214.0,94.0,8.7,1110.0,488135,1,3.3580000400543213
2026-07-10T13:01:17+00:00,37.52949485555291,126.91077394410968,7073.0,3.236,4.0,164,86,244,214.0,94.0,8.7,1120.0,488379,1,3.2360000610351562
2026-07-10T13:01:18+00:00,37.52943366765976,126.91078316420317,7076.5,3.239,4.0,164,87,233,213.0,93.0,8.6,1110.0,488612,1,3.23799991607666
2026-07-10T13:01:19+00:00,37.529412377625704,126.9107864331454,7080.0,3.242,4.0,164,88,223,213.0,93.0,8.5,1110.0,488835,1,3.240999937057495
2026-07-10T13:01:20+00:00,37.52939117141068,126.91078970208764,7084.0,3.247,4.0,164,88,223,212.0,93.0,8.4,1100.0,489058,1,3.246999979019165
2026-07-10T13:01:21+00:00,37.529369965195656,126.91079305484891,7088.0,3.256,4.0,164,88,223,212.0,93.0,8.4,1100.0,489281,1,3.255000114440918
2026-07-10T13:01:22+00:00,37.529306933283806,126.91080286167562,7091.5,3.267,4.0,164,88,224,212.0,93.0,8.4,1100.0,489505,1,3.2660000324249268
2026-07-10T13:01:23+00:00,37.52928648144007,126.91080579534173,7095.0,3.281,4.0,165,89,225,212.0,93.0,8.4,1110.0,489730,1,3.2799999713897705
2026-07-10T13:01:24+00:00,37.52926602959633,126.91080881282687,7098.0,3.289,4.0,165,88,225,212.0,93.0,8.3,1110.0,489955,1,3.2880001068115234
2026-07-10T13:01:25+00:00,37.52924566157162,126.91081191413105,7101.0,3.3,4.0,165,88,226,213.0,93.0,8.3,1120.0,490181,1,3.299999952316284
2026-07-10T13:01:26+00:00,37.52918388694525,126.91082255914807,7104.5,3.306,4.0,165,88,226,213.0,92.0,8.3,1120.0,490407,1,3.305000066757202
2026-07-10T13:01:27+00:00,37.52916335128248,126.91082616336644,7108.0,3.314,4.0,166,88,227,214.0,92.0,8.3,1130.0,490634,1,3.312999963760376
2026-07-10T13:01:28+00:00,37.52914298325777,126.91082985140383,7111.5,3.319,4.0,166,88,227,214.0,91.0,8.2,1130.0,490861,1,3.319000005722046
2026-07-10T13:01:29+00:00,37.52912253141403,126.91083353944123,7115.0,3.325,4.0,166,88,228,214.0,91.0,8.2,1130.0,491089,1,3.325000047683716
2026-07-10T13:01:30+00:00,37.5290619302541,126.91084636375308,7118.5,3.328,4.0,166,88,228,214.0,91.0,8.1,1120.0,491317,1,3.3269999027252197
2026-07-10T13:01:31+00:00,37.52904164604843,126.9108506385237,7122.0,3.333,4.0,166,89,229,214.0,91.0,8.1,1120.0,491546,1,3.3329999446868896
2026-07-10T13:01:32+00:00,37.52902136184275,126.91085499711335,7125.5,3.336,4.0,166,88,229,214.0,90.0,8.0,1120.0,491775,1,3.3359999656677246
2026-07-10T13:01:33+00:00,37.529001077637076,126.91085943952203,7129.0,3.339,4.0,166,88,229,214.0,90.0,8.0,1130.0,492004,1,3.3380000591278076
2026-07-10T13:01:34+00:00,37.52894022502005,126.91087134182453,7132.5,3.342,4.0,166,88,229,214.0,89.0,7.9,1130.0,492233,1,3.3410000801086426
2026-07-10T13:01:35+00:00,37.52892077900469,126.9108746945858,7136.0,3.344,4.0,166,88,230,214.0,89.0,7.9,1130.0,492463,1,3.3440001010894775
2026-07-10T13:01:36+00:00,37.5289012491703,126.91087821498513,7139.0,3.347,4.0,165,88,230,213.0,88.0,7.8,1130.0,492693,1,3.3469998836517334
2026-07-10T13:01:37+00:00,37.528881803154945,126.91088173538446,7142.0,3.35,4.0,166,88,230,213.0,88.0,7.8,1140.0,492923,1,3.3499999046325684
2026-07-10T13:01:38+00:00,37.528825644403696,126.91089204512537,7145.0,3.35,4.0,166,88,230,213.0,87.0,7.7,1140.0,493153,1,3.3499999046325684
2026-07-10T13:01:39+00:00,37.52880737185478,126.91089682281017,7148.0,3.35,4.0,166,88,231,214.0,87.0,7.7,1140.0,493384,1,3.3499999046325684
2026-07-10T13:01:40+00:00,37.52878909930587,126.91090160049498,7151.5,3.353,4.0,166,88,231,214.0,86.0,7.6,1130.0,493615,1,3.3519999980926514
2026-07-10T13:01:41+00:00,37.528770826756954,126.91090646199882,7155.0,3.358,4.0,166,89,231,214.0,86.0,7.5,1130.0,493846,1,3.3580000400543213
2026-07-10T13:01:42+00:00,37.528714248910546,126.91092557273805,7158.0,3.358,4.0,166,89,231,214.0,85.0,7.5,1130.0,494077,1,3.3580000400543213
2026-07-10T13:01:43+00:00,37.52869455143809,126.9109315238893,7161.0,3.358,4.0,166,89,231,214.0,85.0,7.5,1130.0,494308,1,3.3580000400543213
2026-07-10T13:01:44+00:00,37.52867485396564,126.91093755885959,7164.5,3.356,4.0,166,89,231,213.0,85.0,7.5,1130.0,494539,1,3.3550000190734863
2026-07-10T13:01:45+00:00,37.52865515649319,126.91094351001084,7168.0,3.356,4.0,166,89,231,213.0,85.0,7.5,1130.0,494770,1,3.3550000190734863
2026-07-10T13:01:46+00:00,37.52859514206648,126.91095985472202,7171.5,3.356,3.0,166,89,231,212.0,85.0,7.5,1130.0,495001,1,3.3550000190734863
2026-07-10T13:01:47+00:00,37.528574857860804,126.91096563823521,7175.0,3.356,3.0,166,89,231,212.0,86.0,7.5,1130.0,495232,1,3.3550000190734863
2026-07-10T13:01:48+00:00,37.52855465747416,126.91097150556743,7178.5,3.356,3.0,166,88,231,212.0,86.0,7.5,1130.0,495463,1,3.3550000190734863
2026-07-10T13:01:49+00:00,37.52853445708752,126.91097745671868,7182.0,3.358,3.0,166,88,231,212.0,86.0,7.6,1140.0,495694,1,3.3580000400543213
2026-07-10T13:01:50+00:00,37.52847318537533,126.91099673509598,7185.5,3.358,3.0,166,87,231,212.0,86.0,7.6,1140.0,495925,1,3.3580000400543213
2026-07-10T13:01:51+00:00,37.52845290116966,126.91100369207561,7189.0,3.361,3.0,166,87,231,212.0,87.0,7.6,1150.0,496156,1,3.3610000610351562
2026-07-10T13:01:52+00:00,37.52843253314495,126.9110108166933,7192.5,3.364,3.0,166,87,231,212.0,87.0,7.6,1150.0,496387,1,3.36299991607666
2026-07-10T13:01:53+00:00,37.528412248939276,126.911017941311,7196.0,3.367,3.0,166,87,231,212.0,88.0,7.7,1160.0,496618,1,3.365999937057495
2026-07-10T13:01:54+00:00,37.52835290506482,126.91103713586926,7199.5,3.369,3.0,166,87,231,212.0,89.0,7.7,1160.0,496849,1,3.36899995803833
2026-07-10T13:01:55+00:00,37.528333039954305,126.91104191355407,7203.0,3.372,3.0,166,87,232,212.0,90.0,7.8,1160.0,497081,1,3.371999979019165
2026-07-10T13:01:56+00:00,37.52831325866282,126.91104669123888,7206.5,3.372,3.0,166,87,232,212.0,90.0,7.8,1160.0,497313,1,3.371999979019165
2026-07-10T13:01:57+00:00,37.528293477371335,126.91105163656175,7210.0,3.375,3.0,166,87,232,212.0,91.0,7.9,1160.0,497545,1,3.374000072479248
2026-07-10T13:01:58+00:00,37.52823396585882,126.91106622107327,7213.0,3.378,3.0,166,87,232,211.0,92.0,7.9,1160.0,497777,1,3.377000093460083
2026-07-10T13:01:59+00:00,37.5282141007483,126.91107166931033,7216.0,3.381,3.0,166,87,233,211.0,93.0,8.0,1160.0,498010,1,3.380000114440918
2026-07-10T13:02:00+00:00,37.52819415181875,126.91107703372836,7219.5,3.381,3.0,166,87,233,211.0,93.0,8.0,1160.0,498243,1,3.380000114440918
2026-07-10T13:02:01+00:00,37.528174286708236,126.91108239814639,7223.0,3.383,3.0,166,87,233,211.0,94.0,8.1,1160.0,498476,1,3.382999897003174
2026-07-10T13:02:02+00:00,37.528114691376686,126.91109949722886,7226.5,3.383,3.0,165,87,233,210.0,95.0,8.2,1160.0,498709,1,3.382999897003174
2026-07-10T13:02:03+00:00,37.52809423953295,126.91110511310399,7230.0,3.383,3.0,165,87,233,210.0,96.0,8.3,1160.0,498942,1,3.382999897003174
2026-07-10T13:02:04+00:00,37.52807395532727,126.91111081279814,7233.5,3.383,3.0,165,87,233,210.0,96.0,8.3,1160.0,499175,1,3.382999897003174
2026-07-10T13:02:05+00:00,37.5280536711216,126.9111165124923,7237.0,3.386,3.0,165,87,233,211.0,97.0,8.3,1170.0,499408,1,3.385999917984009
2026-07-10T13:02:06+00:00,37.52799206413329,126.91113654524088,7240.5,3.386,3.0,165,87,233,211.0,97.0,8.3,1170.0,499641,1,3.385999917984009
2026-07-10T13:02:07+00:00,37.527971947565675,126.91114484332502,7244.0,3.389,3.0,165,87,234,212.0,98.0,8.4,1170.0,499875,1,3.388000011444092
2026-07-10T13:02:08+00:00,37.52795183099806,126.91115314140916,7247.5,3.392,3.0,165,87,234,211.0,98.0,8.4,1170.0,500109,1,3.3910000324249268
2026-07-10T13:02:09+00:00,37.527931882068515,126.9111614394933,7251.0,3.394,3.0,166,87,234,211.0,99.0,8.5,1170.0,500343,1,3.3940000534057617
2026-07-10T13:02:10+00:00,37.52787404693663,126.91118566319346,7254.5,3.394,3.0,165,87,234,211.0,99.0,8.5,1170.0,500577,1,3.3940000534057617
2026-07-10T13:02:11+00:00,37.52785485237837,126.91119303926826,7258.0,3.397,3.0,166,87,234,211.0,99.0,8.5,1170.0,500811,1,3.3970000743865967
2026-07-10T13:02:12+00:00,37.52783574163914,126.91120041534305,7261.0,3.397,3.0,166,87,234,211.0,99.0,8.5,1170.0,501045,1,3.3970000743865967
2026-07-10T13:02:13+00:00,37.527816630899906,126.9112079590559,7264.0,3.4,3.0,166,87,234,211.0,99.0,8.5,1170.0,501279,1,3.3989999294281006
2026-07-10T13:02:14+00:00,37.52775829285383,126.91122681833804,7267.5,3.4,3.0,166,86,234,211.0,99.0,8.5,1170.0,501513,1,3.3989999294281006
2026-07-10T13:02:15+00:00,37.52773826010525,126.91123369149864,7271.0,3.403,3.0,166,86,234,211.0,99.0,8.5,1180.0,501747,1,3.4019999504089355
2026-07-10T13:02:16+00:00,37.52771822735667,126.91124064847827,7274.5,3.403,3.0,166,86,234,211.0,99.0,8.4,1180.0,501981,1,3.4019999504089355
2026-07-10T13:02:17+00:00,37.527698278427124,126.91124752163887,7278.0,3.403,3.0,166,86,234,212.0,99.0,8.4,1180.0,502215,1,3.4019999504089355
2026-07-10T13:02:18+00:00,37.527636755257845,126.91127224825323,7282.0,3.4,3.0,166,86,234,212.0,98.0,8.4,1180.0,502449,1,3.3989999294281006
2026-07-10T13:02:19+00:00,37.52761613577604,126.91128054633737,7286.0,3.4,3.0,166,86,234,213.0,98.0,8.4,1190.0,502683,1,3.3989999294281006
2026-07-10T13:02:20+00:00,37.52759560011327,126.9112888444215,7289.5,3.403,3.0,166,86,234,213.0,98.0,8.3,1180.0,502917,1,3.4019999504089355
2026-07-10T13:02:21+00:00,37.5275750644505,126.91129722632468,7293.0,3.408,3.0,167,86,234,214.0,98.0,8.3,1180.0,503151,1,3.4079999923706055
2026-07-10T13:02:22+00:00,37.527515133842826,126.91132086329162,7296.5,3.411,3.0,167,86,234,214.0,98.0,8.3,1180.0,503385,1,3.4110000133514404
2026-07-10T13:02:23+00:00,37.52749619074166,126.91132865846157,7300.0,3.417,3.0,167,86,235,214.0,98.0,8.3,1180.0,503620,1,3.4159998893737793
2026-07-10T13:02:24+00:00,37.52747716382146,126.91133645363152,7303.0,3.422,3.0,166,86,235,214.0,98.0,8.3,1180.0,503855,1,3.421999931335449
2026-07-10T13:02:25+00:00,37.52745813690126,126.91134424880147,7306.0,3.428,3.0,167,87,236,214.0,98.0,8.3,1180.0,504091,1,3.427000045776367
2026-07-10T13:02:26+00:00,37.52739954739809,126.91137165762484,7309.5,3.428,3.0,167,87,236,214.0,98.0,8.3,1180.0,504327,1,3.427000045776367
2026-07-10T13:02:27+00:00,37.52737892791629,126.91137911751866,7313.0,3.428,3.0,167,87,236,214.0,98.0,8.3,1180.0,504563,1,3.427000045776367
2026-07-10T13:02:28+00:00,37.52735839225352,126.91138674505055,7317.0,3.428,3.0,167,87,236,213.0,98.0,8.3,1180.0,504799,1,3.427000045776367
2026-07-10T13:02:29+00:00,37.52733785659075,126.91139437258244,7321.0,3.428,3.0,166,87,236,213.0,98.0,8.3,1180.0,505035,1,3.427000045776367
2026-07-10T13:02:30+00:00,37.52727725543082,126.91141365095973,7324.0,3.428,3.0,166,87,236,213.0,98.0,8.3,1180.0,505271,1,3.427000045776367
2026-07-10T13:02:31+00:00,37.527257055044174,126.91141993738711,7327.0,3.431,3.0,166,87,236,213.0,99.0,8.3,1180.0,505507,1,3.430000066757202
2026-07-10T13:02:32+00:00,37.52723685465753,126.91142622381449,7330.5,3.431,3.0,166,87,236,213.0,98.0,8.3,1180.0,505743,1,3.430000066757202
2026-07-10T13:02:33+00:00,37.52721673808992,126.9114325940609,7334.0,3.433,3.0,166,87,236,213.0,98.0,8.3,1180.0,505979,1,3.433000087738037
2026-07-10T13:02:34+00:00,37.527155969291925,126.91144877113402,7337.5,3.433,3.0,166,87,236,212.0,97.0,8.2,1170.0,506215,1,3.433000087738037
2026-07-10T13:02:35+00:00,37.52713618800044,126.91145354881883,7341.0,3.433,3.0,166,88,236,212.0,97.0,8.2,1170.0,506451,1,3.433000087738037
2026-07-10T13:02:36+00:00,37.527116406708956,126.91145841032267,7344.5,3.433,3.0,166,88,236,212.0,96.0,8.2,1170.0,506687,1,3.433000087738037
2026-07-10T13:02:37+00:00,37.52709662541747,126.91146335564554,7348.0,3.433,3.0,166,88,236,212.0,96.0,8.2,1170.0,506923,1,3.433000087738037
2026-07-10T13:02:38+00:00,37.52703694626689,126.91148263402283,7351.5,3.431,3.0,166,88,236,211.0,95.0,8.1,1170.0,507159,1,3.430000066757202
2026-07-10T13:02:39+00:00,37.52701750025153,126.9114912673831,7355.0,3.431,3.0,166,88,236,211.0,95.0,8.1,1170.0,507395,1,3.430000066757202
2026-07-10T13:02:40+00:00,37.526998054236174,126.91149981692433,7358.5,3.428,3.0,166,88,236,210.0,94.0,8.1,1160.0,507631,1,3.427000045776367
2026-07-10T13:02:41+00:00,37.52697869203985,126.9115084502846,7362.0,3.428,3.0,166,88,236,210.0,94.0,8.1,1160.0,507867,1,3.427000045776367
2026-07-10T13:02:42+00:00,37.526920856907964,126.91153929568827,7365.5,3.428,3.0,166,88,236,210.0,94.0,8.0,1160.0,508103,1,3.427000045776367
2026-07-10T13:02:43+00:00,37.52690074034035,126.91155061125755,7369.0,3.428,3.0,166,88,236,210.0,94.0,8.0,1160.0,508339,1,3.427000045776367
2026-07-10T13:02:44+00:00,37.52688070759177,126.91156201064587,7372.5,3.428,3.0,166,88,236,210.0,93.0,8.0,1160.0,508575,1,3.427000045776367
2026-07-10T13:02:45+00:00,37.52686059102416,126.91157341003418,7376.0,3.431,3.0,165,88,236,210.0,93.0,8.0,1160.0,508811,1,3.430000066757202
2026-07-10T13:02:46+00:00,37.526800157502294,126.91160987131298,7380.0,3.431,2.0,165,88,236,209.0,92.0,7.9,1160.0,509047,1,3.430000066757202
2026-07-10T13:02:47+00:00,37.52678046002984,126.91162194125354,7384.0,3.433,2.0,165,88,236,209.0,92.0,7.9,1160.0,509283,1,3.433000087738037
2026-07-10T13:02:48+00:00,37.52676084637642,126.91163401119411,7387.5,3.436,2.0,166,88,236,209.0,91.0,7.9,1160.0,509519,1,3.436000108718872
2026-07-10T13:02:49+00:00,37.526741232723,126.91164616495371,7391.0,3.439,2.0,166,88,236,210.0,91.0,7.9,1170.0,509755,1,3.437999963760376
2026-07-10T13:02:50+00:00,37.526683900505304,126.91168187186122,7394.5,3.442,2.0,166,88,236,210.0,91.0,7.8,1170.0,509991,1,3.440999984741211
2026-07-10T13:02:51+00:00,37.52666613087058,126.91169402562082,7398.0,3.444,2.0,165,88,237,210.0,91.0,7.8,1170.0,510228,1,3.444000005722046
2026-07-10T13:02:52+00:00,37.52664852887392,126.91170634701848,7401.0,3.444,2.0,165,88,237,210.0,90.0,7.7,1170.0,510465,1,3.444000005722046
2026-07-10T13:02:53+00:00,37.52663092687726,126.91171866841614,7404.0,3.444,2.0,165,88,237,210.0,90.0,7.7,1170.0,510702,1,3.444000005722046
2026-07-10T13:02:54+00:00,37.52658256329596,126.9117573928088,7407.5,3.444,2.0,165,88,237,209.0,90.0,7.7,1170.0,510939,1,3.444000005722046
2026-07-10T13:02:55+00:00,37.52656688913703,126.91177130676806,7411.0,3.447,2.0,166,88,237,209.0,91.0,7.7,1180.0,511176,1,3.447000026702881
2026-07-10T13:02:56+00:00,37.52655113115907,126.91178522072732,7414.0,3.444,2.0,166,87,237,208.0,91.0,7.7,1180.0,511413,1,3.444000005722046
2026-07-10T13:02:57+00:00,37.52653554081917,126.91179921850562,7417.0,3.442,2.0,166,87,238,208.0,92.0,7.8,1180.0,511651,1,3.440999984741211
2026-07-10T13:02:58+00:00,37.52648826688528,126.91184154711664,7420.5,3.436,2.0,165,87,237,208.0,92.0,7.8,1180.0,511888,1,3.436000108718872
2026-07-10T13:02:59+00:00,37.526472844183445,126.91185504198074,7424.0,3.433,2.0,166,87,237,208.0,93.0,7.9,1180.0,512125,1,3.433000087738037
2026-07-10T13:03:00+00:00,37.52645750530064,126.91186862066388,7427.0,3.428,2.0,165,87,236,207.0,94.0,7.9,1170.0,512361,1,3.427000045776367
2026-07-10T13:03:01+00:00,37.526442082598805,126.91188219934702,7430.0,3.422,3.0,165,87,236,207.0,95.0,8.0,1170.0,512597,1,3.421999931335449
2026-07-10T13:03:02+00:00,37.52639690414071,126.91191891208291,7433.0,3.406,3.0,165,87,236,207.0,95.0,8.1,1170.0,512833,1,3.4049999713897705
2026-07-10T13:03:03+00:00,37.526381900534034,126.91193031147122,7436.0,3.389,3.0,165,86,236,207.0,96.0,8.2,1180.0,513069,1,3.388000011444092
2026-07-10T13:03:04+00:00,37.52636689692736,126.91194171085954,7438.5,3.381,3.0,165,86,235,207.0,96.0,8.2,1170.0,513304,1,3.380000114440918
2026-07-10T13:03:05+00:00,37.52635197713971,126.91195319406688,7441.0,3.372,3.0,165,86,234,207.0,97.0,8.2,1170.0,513538,1,3.371999979019165
2026-07-10T13:03:06+00:00,37.526304703205824,126.91198730841279,7444.5,3.364,3.0,165,86,233,207.0,97.0,8.2,1170.0,513771,1,3.36299991607666
2026-07-10T13:03:07+00:00,37.526287687942386,126.91199837252498,7448.0,3.356,3.0,165,85,232,208.0,98.0,8.3,1170.0,514003,1,3.3550000190734863
2026-07-10T13:03:08+00:00,37.52627067267895,126.91200935281813,7451.0,3.35,3.0,165,85,231,208.0,98.0,8.3,1170.0,514234,1,3.3499999046325684
2026-07-10T13:03:09+00:00,37.52625365741551,126.91202041693032,7454.0,3.347,3.0,165,85,231,208.0,99.0,8.4,1170.0,514465,1,3.3469998836517334
2026-07-10T13:03:10+00:00,37.526199677959085,126.9120523519814,7457.5,3.347,2.0,165,85,231,208.0,99.0,8.5,1170.0,514696,1,3.3469998836517334
2026-07-10T13:03:11+00:00,37.5261817406863,126.91206375136971,7461.0,3.35,2.0,165,86,231,208.0,100.0,8.6,1170.0,514927,1,3.3499999046325684
2026-07-10T13:03:12+00:00,37.526163971051574,126.91207523457706,7464.5,3.35,2.0,165,86,231,208.0,101.0,8.6,1160.0,515158,1,3.3499999046325684
2026-07-10T13:03:13+00:00,37.52614620141685,126.9120867177844,7468.0,3.35,2.0,166,86,231,209.0,102.0,8.7,1160.0,515389,1,3.3499999046325684
2026-07-10T13:03:14+00:00,37.52609297633171,126.9121213350445,7470.5,3.35,2.0,166,87,231,209.0,102.0,8.7,1150.0,515620,1,3.3499999046325684
2026-07-10T13:03:15+00:00,37.52607244066894,126.91213306970894,7473.0,3.353,2.0,166,87,231,209.0,102.0,8.7,1150.0,515851,1,3.3519999980926514
2026-07-10T13:03:16+00:00,37.526052072644234,126.91214472055435,7478.0,3.353,2.0,166,87,231,209.0,101.0,8.7,1150.0,516082,1,3.3519999980926514
2026-07-10T13:03:17+00:00,37.52603170461953,126.91215645521879,7483.0,3.353,2.0,166,87,231,210.0,101.0,8.7,1150.0,516313,1,3.3519999980926514
2026-07-10T13:03:18+00:00,37.525969091802835,126.91218604333699,7486.5,3.353,2.0,166,87,231,210.0,101.0,8.7,1140.0,516544,1,3.3519999980926514
2026-07-10T13:03:19+00:00,37.52594813704491,126.91219383850694,7490.0,3.353,2.0,166,88,231,211.0,101.0,8.7,1140.0,516775,1,3.3519999980926514
2026-07-10T13:03:20+00:00,37.52592726610601,126.91220163367689,7493.5,3.356,2.0,166,88,231,211.0,100.0,8.7,1140.0,517006,1,3.3550000190734863
2026-07-10T13:03:21+00:00,37.52590639516711,126.91220951266587,7497.0,3.358,2.0,166,88,231,212.0,100.0,8.7,1140.0,517237,1,3.3580000400543213
2026-07-10T13:03:22+00:00,37.525843447074294,126.91222853958607,7500.5,3.358,2.0,166,88,231,212.0,99.0,8.6,1140.0,517468,1,3.3580000400543213
2026-07-10T13:03:23+00:00,37.52582333050668,126.91223566420376,7504.0,3.361,2.0,166,88,231,213.0,98.0,8.6,1140.0,517699,1,3.3610000610351562
2026-07-10T13:03:24+00:00,37.525803381577134,126.91224287264049,7507.5,3.361,2.0,166,88,231,212.0,97.0,8.5,1140.0,517930,1,3.3610000610351562
2026-07-10T13:03:25+00:00,37.525783348828554,126.91224999725819,7511.0,3.364,2.0,166,88,231,212.0,97.0,8.5,1140.0,518161,1,3.36299991607666
2026-07-10T13:03:26+00:00,37.52572434023023,126.91227899864316,7514.5,3.372,2.0,166,88,231,212.0,96.0,8.4,1140.0,518392,1,3.371999979019165
2026-07-10T13:03:27+00:00,37.52570455893874,126.91229039803147,7518.0,3.383,2.0,166,88,231,212.0,96.0,8.4,1150.0,518623,1,3.382999897003174
2026-07-10T13:03:28+00:00,37.52568477764726,126.91230179741979,7521.5,3.4,2.0,166,88,232,211.0,96.0,8.4,1160.0,518855,1,3.3989999294281006
2026-07-10T13:03:29+00:00,37.525665080174804,126.91231336444616,7525.0,3.419,2.0,166,88,233,211.0,96.0,8.4,1170.0,519088,1,3.4189999103546143
2026-07-10T13:03:30+00:00,37.525604981929064,126.91235074773431,7529.0,3.442,2.0,166,88,234,210.0,95.0,8.3,1170.0,519322,1,3.440999984741211
2026-07-10T13:03:31+00:00,37.52558486536145,126.91236390732229,7533.0,3.464,2.0,166,88,236,210.0,95.0,8.2,1180.0,519558,1,3.4630000591278076
2026-07-10T13:03:32+00:00,37.52556474879384,126.9123771507293,7536.5,3.483,2.0,166,88,237,209.0,94.0,8.1,1180.0,519795,1,3.4830000400543213
2026-07-10T13:03:33+00:00,37.52554463222623,126.91239031031728,7540.0,3.506,2.0,166,89,238,209.0,94.0,8.1,1190.0,520033,1,3.505000114440918
2026-07-10T13:03:34+00:00,37.525485372170806,126.91243071109056,7544.0,3.531,2.0,165,89,240,208.0,94.0,8.0,1190.0,520273,1,3.5299999713897705
2026-07-10T13:03:35+00:00,37.525466261431575,126.9124447926879,7548.0,3.556,2.0,165,89,242,208.0,94.0,8.0,1200.0,520515,1,3.555000066757202
2026-07-10T13:03:36+00:00,37.525447150692344,126.91245904192328,7551.5,3.567,2.0,165,89,243,207.0,93.0,7.9,1200.0,520758,1,3.565999984741211
2026-07-10T13:03:37+00:00,37.525428207591176,126.91247320733964,7555.0,3.578,2.0,165,89,245,207.0,93.0,7.9,1210.0,521003,1,3.5769999027252197
2026-07-10T13:03:38+00:00,37.525371545925736,126.91251645796001,7559.0,3.583,2.0,165,88,246,206.0,93.0,7.8,1210.0,521249,1,3.5829999446868896
2026-07-10T13:03:39+00:00,37.5253526866436,126.91253079101443,7563.0,3.589,2.0,165,88,247,205.0,93.0,7.8,1220.0,521496,1,3.5880000591278076
2026-07-10T13:03:40+00:00,37.52533374354243,126.91254520788789,7566.5,3.592,2.0,164,88,247,204.0,93.0,7.7,1210.0,521743,1,3.5910000801086426
2026-07-10T13:03:41+00:00,37.5253148842603,126.91255962476134,7570.0,3.597,2.0,164,89,247,204.0,93.0,7.7,1210.0,521990,1,3.5969998836517334
2026-07-10T13:03:42+00:00,37.52525897696614,126.91259935498238,7573.5,3.6,2.0,164,89,247,204.0,93.0,7.7,1210.0,522237,1,3.5999999046325684
2026-07-10T13:03:43+00:00,37.52524078823626,126.91261092200875,7577.0,3.606,2.0,164,89,248,204.0,93.0,7.7,1220.0,522485,1,3.6050000190734863
2026-07-10T13:03:44+00:00,37.52522268332541,126.91262257285416,7580.0,3.619,2.0,164,89,248,203.0,93.0,7.6,1210.0,522733,1,3.61899995803833
2026-07-10T13:03:45+00:00,37.52520457841456,126.91263413988054,7583.0,3.633,2.0,164,90,249,203.0,93.0,7.6,1210.0,522982,1,3.632999897003174
2026-07-10T13:03:46+00:00,37.525148671120405,126.91266951151192,7587.0,3.644,2.0,164,90,249,202.0,92.0,7.6,1210.0,523231,1,3.6440000534057617
2026-07-10T13:03:47+00:00,37.525129141286016,126.91268174909055,7591.0,3.656,2.0,164,90,250,202.0,92.0,7.6,1210.0,523481,1,3.6549999713897705
2026-07-10T13:03:48+00:00,37.52510969527066,126.91269407048821,7594.5,3.65,2.0,164,90,251,201.0,91.0,7.5,1210.0,523732,1,3.6500000953674316
2026-07-10T13:03:49+00:00,37.5250902492553,126.91270630806684,7598.0,3.644,2.0,164,90,252,201.0,90.0,7.4,1210.0,523984,1,3.6440000534057617
2026-07-10T13:03:50+00:00,37.52503266558051,126.9127413444221,7601.5,3.639,2.0,164,89,251,201.0,89.0,7.3,1210.0,524235,1,3.638000011444092
2026-07-10T13:03:51+00:00,37.52501397393644,126.91275274381042,7605.0,3.633,2.0,164,89,251,201.0,89.0,7.3,1220.0,524486,1,3.632999897003174
2026-07-10T13:03:52+00:00,37.5249953661114,126.91276414319873,7608.5,3.628,2.0,164,89,250,201.0,89.0,7.3,1220.0,524736,1,3.627000093460083
2026-07-10T13:03:53+00:00,37.52497675828636,126.91277562640607,7612.0,3.625,2.0,164,89,250,201.0,89.0,7.3,1220.0,524986,1,3.625
2026-07-10T13:03:54+00:00,37.52492277882993,126.91281049512327,7615.5,3.619,2.0,164,88,250,201.0,88.0,7.2,1220.0,525236,1,3.61899995803833
2026-07-10T13:03:55+00:00,37.52490475773811,126.91282164305449,7619.0,3.614,2.0,164,88,250,202.0,88.0,7.2,1220.0,525486,1,3.61299991607666
2026-07-10T13:03:56+00:00,37.524886736646295,126.91283270716667,7622.0,3.603,2.0,164,88,249,202.0,87.0,7.2,1220.0,525735,1,3.6019999980926514
2026-07-10T13:03:57+00:00,37.52486879937351,126.91284393891692,7625.0,3.594,2.0,164,88,249,202.0,87.0,7.2,1220.0,525984,1,3.5940001010894775
2026-07-10T13:03:58+00:00,37.5248156581074,126.91287595778704,7628.5,3.589,2.0,164,88,248,202.0,86.0,7.1,1210.0,526232,1,3.5880000591278076
2026-07-10T13:03:59+00:00,37.524797804653645,126.91288693808019,7632.0,3.583,2.0,164,89,247,203.0,86.0,7.1,1210.0,526479,1,3.5829999446868896
2026-07-10T13:04:00+00:00,37.52477995119989,126.91289791837335,7635.0,3.578,2.0,164,88,247,203.0,85.0,7.0,1210.0,526726,1,3.5769999027252197
2026-07-10T13:04:01+00:00,37.524762181565166,126.9129088986665,7638.0,3.575,2.0,164,88,247,203.0,85.0,7.0,1210.0,526973,1,3.5739998817443848
2026-07-10T13:04:02+00:00,37.52470627427101,126.91294443793595,7642.0,3.569,2.0,164,88,247,203.0,85.0,7.0,1210.0,527220,1,3.569000005722046
2026-07-10T13:04:03+00:00,37.52468649297953,126.91295759752393,7646.0,3.564,2.0,164,88,247,204.0,85.0,7.0,1210.0,527467,1,3.562999963760376
2026-07-10T13:04:04+00:00,37.52466662786901,126.91297084093094,7650.0,3.561,2.0,164,88,246,204.0,85.0,7.0,1210.0,527713,1,3.561000108718872
2026-07-10T13:04:05+00:00,37.524646846577525,126.91298400051892,7654.0,3.561,2.0,164,88,245,204.0,85.0,7.0,1210.0,527958,1,3.561000108718872
2026-07-10T13:04:06+00:00,37.52458699978888,126.91302549093962,7657.5,3.558,2.0,164,88,245,204.0,85.0,7.0,1200.0,528203,1,3.558000087738037
2026-07-10T13:04:07+00:00,37.52456738613546,126.91304032690823,7661.0,3.556,2.0,164,88,245,205.0,85.0,7.0,1200.0,528448,1,3.555000066757202
2026-07-10T13:04:08+00:00,37.52454785630107,126.91305524669588,7665.0,3.564,2.0,163,89,245,205.0,85.0,7.0,1190.0,528693,1,3.562999963760376
2026-07-10T13:04:09+00:00,37.52452832646668,126.91307016648352,7669.0,3.575,2.0,163,90,245,205.0,86.0,7.1,1190.0,528938,1,3.5739998817443848
2026-07-10T13:04:10+00:00,37.52447267062962,126.91311853006482,7672.5,3.583,2.0,163,90,246,205.0,86.0,7.1,1190.0,529184,1,3.5829999446868896
2026-07-10T13:04:11+00:00,37.52445448189974,126.91313479095697,7676.0,3.594,2.0,164,90,247,205.0,86.0,7.2,1200.0,529431,1,3.5940001010894775
2026-07-10T13:04:12+00:00,37.524436293169856,126.91315113566816,7679.5,3.611,2.0,163,90,247,204.0,86.0,7.2,1200.0,529678,1,3.6110000610351562
2026-07-10T13:04:13+00:00,37.524418104439974,126.91316739656031,7683.0,3.631,2.0,163,91,247,204.0,87.0,7.2,1200.0,529925,1,3.630000114440918
2026-07-10T13:04:14+00:00,37.52436270006001,126.91321106627584,7687.0,3.642,2.0,164,91,248,203.0,87.0,7.2,1200.0,530173,1,3.6410000324249268
2026-07-10T13:04:15+00:00,37.52434409223497,126.91322439350188,7691.0,3.656,2.0,164,91,250,203.0,87.0,7.2,1200.0,530423,1,3.6549999713897705
2026-07-10T13:04:16+00:00,37.52432548440993,126.91323780454695,7694.5,3.658,2.0,164,91,251,202.0,87.0,7.2,1200.0,530674,1,3.6579999923706055
2026-07-10T13:04:17+00:00,37.52430696040392,126.91325129941106,7698.0,3.664,2.0,164,91,252,201.0,88.0,7.3,1210.0,530926,1,3.6630001068115234
2026-07-10T13:04:18+00:00,37.52425323240459,126.9132905267179,7701.0,3.658,2.0,164,90,252,200.0,88.0,7.3,1210.0,531178,1,3.6579999923706055
2026-07-10T13:04:19+00:00,37.5242355465889,126.91330343484879,7704.0,3.656,2.0,164,90,252,200.0,88.0,7.3,1210.0,531430,1,3.6549999713897705
2026-07-10T13:04:20+00:00,37.52421794459224,126.9133164267987,7707.5,3.644,2.0,164,89,252,199.0,88.0,7.3,1210.0,531682,1,3.6440000534057617
2026-07-10T13:04:21+00:00,37.52420034259558,126.91332941874862,7711.0,3.636,2.0,164,89,252,199.0,89.0,7.4,1220.0,531934,1,3.635999917984009
2026-07-10T13:04:22+00:00,37.52414929680526,126.91336831077933,7714.5,3.622,2.0,164,88,251,199.0,89.0,7.4,1220.0,532185,1,3.621999979019165
2026-07-10T13:04:23+00:00,37.5241319462657,126.91338155418634,7718.0,3.611,2.0,164,88,251,199.0,90.0,7.4,1230.0,532436,1,3.6110000610351562
2026-07-10T13:04:24+00:00,37.524114679545164,126.91339471377432,7721.5,3.592,2.0,164,87,250,199.0,90.0,7.4,1230.0,532686,1,3.5910000801086426
2026-07-10T13:04:25+00:00,37.52409749664366,126.91340795718133,7725.0,3.575,2.0,163,87,249,200.0,91.0,7.4,1230.0,532935,1,3.5739998817443848
2026-07-10T13:04:26+00:00,37.52404460683465,126.91344760358334,7728.5,3.564,2.0,163,87,248,200.0,91.0,7.4,1220.0,533183,1,3.562999963760376
2026-07-10T13:04:27+00:00,37.52402616664767,126.91346093080938,7732.0,3.556,2.0,163,87,247,200.0,91.0,7.4,1220.0,533430,1,3.555000066757202
2026-07-10T13:04:28+00:00,37.524007726460695,126.91347425803542,7735.5,3.55,2.0,163,87,246,200.0,91.0,7.4,1210.0,533676,1,3.5490000247955322
2026-07-10T13:04:29+00:00,37.52398945391178,126.9134876690805,7739.0,3.544,2.0,163,88,245,201.0,92.0,7.5,1210.0,533921,1,3.5439999103546143
2026-07-10T13:04:30+00:00,37.52393237315118,126.91352815367281,7742.5,3.542,2.0,163,88,244,201.0,92.0,7.5,1210.0,534165,1,3.5409998893737793
2026-07-10T13:04:31+00:00,37.52391317859292,126.91354072652757,7746.0,3.542,2.0,163,88,244,201.0,92.0,7.5,1210.0,534409,1,3.5409998893737793
2026-07-10T13:04:32+00:00,37.52389406785369,126.91355329938233,7749.5,3.536,2.0,163,88,244,202.0,92.0,7.5,1200.0,534653,1,3.5360000133514404
2026-07-10T13:04:33+00:00,37.52387495711446,126.91356603987515,7753.0,3.533,2.0,163,88,244,203.0,92.0,7.6,1200.0,534897,1,3.5329999923706055
2026-07-10T13:04:34+00:00,37.52381804399192,126.9136029202491,7756.5,3.539,2.0,163,88,243,203.0,92.0,7.6,1200.0,535140,1,3.5380001068115234
2026-07-10T13:04:35+00:00,37.52379943616688,126.91361465491354,7760.0,3.544,2.0,163,88,243,204.0,92.0,7.6,1200.0,535383,1,3.5439999103546143
2026-07-10T13:04:36+00:00,37.523780995979905,126.91362638957798,7763.5,3.547,2.0,163,88,243,204.0,92.0,7.6,1200.0,535626,1,3.546999931335449
2026-07-10T13:04:37+00:00,37.523762471973896,126.91363820806146,7767.0,3.55,2.0,163,88,244,205.0,93.0,7.7,1200.0,535870,1,3.5490000247955322
2026-07-10T13:04:38+00:00,37.52370874397457,126.91367282532156,7770.5,3.55,2.0,163,88,244,205.0,93.0,7.7,1200.0,536114,1,3.5490000247955322
2026-07-10T13:04:39+00:00,37.523691393435,126.91368422470987,7774.0,3.55,2.0,163,88,245,206.0,94.0,7.8,1200.0,536359,1,3.5490000247955322
2026-07-10T13:04:40+00:00,37.523674042895436,126.91369562409818,7777.0,3.547,2.0,163,88,245,206.0,94.0,7.8,1200.0,536604,1,3.546999931335449
2026-07-10T13:04:41+00:00,37.5236567761749,126.91370710730553,7780.0,3.544,2.0,164,88,245,206.0,94.0,7.8,1200.0,536849,1,3.5439999103546143
2026-07-10T13:04:42+00:00,37.52360430546105,126.91374180838466,7783.5,3.528,2.0,164,88,244,206.0,94.0,7.8,1200.0,537093,1,3.5269999504089355
2026-07-10T13:04:43+00:00,37.523586535826325,126.91375396214426,7787.0,3.514,2.0,164,88,244,206.0,95.0,7.9,1200.0,537337,1,3.513000011444092
2026-07-10T13:04:44+00:00,37.52356885001063,126.91376603208482,7790.5,3.506,2.0,164,88,243,206.0,95.0,7.9,1190.0,537580,1,3.505000114440918
2026-07-10T13:04:45+00:00,37.52355116419494,126.91377826966345,7794.0,3.5,2.0,164,88,242,206.0,96.0,8.0,1190.0,537822,1,3.5
2026-07-10T13:04:46+00:00,37.523496598005295,126.91381230019033,7797.5,3.494,2.0,164,88,241,205.0,96.0,8.0,1190.0,538063,1,3.49399995803833
2026-07-10T13:04:47+00:00,37.52347815781832,126.91382143646479,7801.0,3.492,2.0,164,88,241,205.0,97.0,8.1,1190.0,538304,1,3.490999937057495
2026-07-10T13:04:48+00:00,37.5234598852694,126.91383057273924,7804.0,3.486,2.0,163,88,240,205.0,97.0,8.1,1190.0,538544,1,3.4860000610351562
2026-07-10T13:04:49+00:00,37.52344152890146,126.9138397090137,7807.0,3.483,2.0,163,88,240,205.0,98.0,8.2,1190.0,538784,1,3.4830000400543213
2026-07-10T13:04:50+00:00,37.52338830381632,126.91386485472322,7810.0,3.472,2.0,164,87,240,205.0,98.0,8.2,1190.0,539024,1,3.4719998836517334
2026-07-10T13:04:51+00:00,37.52337137237191,126.91387415863574,7813.0,3.464,2.0,163,87,240,205.0,98.0,8.2,1190.0,539264,1,3.4630000591278076
2026-07-10T13:04:52+00:00,37.523354440927505,126.91388354636729,7816.0,3.456,2.0,164,87,239,205.0,98.0,8.2,1180.0,539503,1,3.4549999237060547
2026-07-10T13:04:53+00:00,37.52333759330213,126.91389293409884,7819.0,3.45,2.0,164,87,238,205.0,99.0,8.3,1180.0,539741,1,3.450000047683716
2026-07-10T13:04:54+00:00,37.52328805625439,126.9139261264354,7822.5,3.444,2.0,164,87,238,205.0,99.0,8.3,1180.0,539979,1,3.444000005722046
2026-07-10T13:04:55+00:00,37.523270873352885,126.91393836401403,7826.0,3.439,2.0,164,87,238,205.0,100.0,8.4,1180.0,540217,1,3.437999963760376
2026-07-10T13:04:56+00:00,37.523253774270415,126.91395051777363,7829.5,3.433,2.0,164,87,237,205.0,100.0,8.4,1180.0,540454,1,3.433000087738037
2026-07-10T13:04:57+00:00,37.523236675187945,126.91396283917129,7833.0,3.428,2.0,164,87,237,206.0,100.0,8.4,1180.0,540691,1,3.427000045776367
2026-07-10T13:04:58+00:00,37.52318479120731,126.91400022245944,7836.0,3.425,2.0,164,87,236,206.0,100.0,8.4,1170.0,540927,1,3.4240000247955322
2026-07-10T13:04:59+00:00,37.523167692124844,126.91401212476194,7839.0,3.422,2.0,163,88,236,206.0,100.0,8.5,1170.0,541163,1,3.421999931335449
2026-07-10T13:05:00+00:00,37.523150676861405,126.91402402706444,7842.5,3.419,2.0,163,88,236,206.0,100.0,8.5,1170.0,541399,1,3.4189999103546143
2026-07-10T13:05:01+00:00,37.52313366159797,126.91403592936695,7846.0,3.419,2.0,163,88,236,206.0,100.0,8.5,1170.0,541635,1,3.4189999103546143
2026-07-10T13:05:02+00:00,37.523084208369255,126.91406819969416,7849.0,3.417,2.0,163,88,236,206.0,100.0,8.5,1160.0,541871,1,3.4159998893737793
2026-07-10T13:05:03+00:00,37.52306777983904,126.91407909616828,7852.0,3.417,2.0,163,88,236,207.0,100.0,8.5,1160.0,542107,1,3.4159998893737793
2026-07-10T13:05:04+00:00,37.52305135130882,126.9140899926424,7855.0,3.411,2.0,163,88,236,206.0,99.0,8.5,1160.0,542343,1,3.4110000133514404
2026-07-10T13:05:05+00:00,37.52303500659764,126.91410097293556,7858.0,3.408,2.0,163,88,236,206.0,99.0,8.5,1160.0,542579,1,3.4079999923706055
2026-07-10T13:05:06+00:00,37.522985972464085,126.9141351711005,7861.0,3.403,2.0,163,88,235,206.0,98.0,8.4,1160.0,542814,1,3.4019999504089355
2026-07-10T13:05:07+00:00,37.522968454286456,126.91414657048881,7864.0,3.4,2.0,163,88,235,207.0,98.0,8.4,1160.0,543049,1,3.3989999294281006
2026-07-10T13:05:08+00:00,37.52295093610883,126.91415805369616,7867.5,3.394,2.0,163,88,234,207.0,98.0,8.4,1160.0,543283,1,3.3940000534057617
2026-07-10T13:05:09+00:00,37.52293358556926,126.9141695369035,7871.0,3.389,2.0,163,88,234,207.0,98.0,8.4,1160.0,543517,1,3.388000011444092
2026-07-10T13:05:10+00:00,37.52287742681801,126.91420624963939,7874.5,3.378,2.0,163,88,234,207.0,97.0,8.3,1150.0,543751,1,3.377000093460083
2026-07-10T13:05:11+00:00,37.522857980802655,126.91421865485609,7878.0,3.369,2.0,163,88,234,208.0,97.0,8.3,1140.0,543985,1,3.36899995803833
2026-07-10T13:05:12+00:00,37.5228385347873,126.91423106007278,7882.0,3.35,2.0,163,88,233,208.0,96.0,8.3,1130.0,544218,1,3.3499999046325684
2026-07-10T13:05:13+00:00,37.52281917259097,126.91424346528947,7886.0,3.333,2.0,163,89,232,208.0,96.0,8.3,1120.0,544450,1,3.3329999446868896
2026-07-10T13:05:14+00:00,37.52275957725942,126.91428336314857,7889.5,3.339,2.0,163,89,230,208.0,95.0,8.3,1120.0,544680,1,3.3380000591278076
2026-07-10T13:05:15+00:00,37.52274004742503,126.91429685801268,7893.0,3.344,2.0,163,89,229,208.0,95.0,8.3,1130.0,544909,1,3.3440001010894775
2026-07-10T13:05:16+00:00,37.522720685228705,126.91431043669581,7896.5,3.353,2.0,163,89,229,208.0,94.0,8.2,1130.0,545138,1,3.3519999980926514
2026-07-10T13:05:17+00:00,37.52270123921335,126.91432401537895,7900.0,3.361,2.0,164,89,230,208.0,94.0,8.2,1130.0,545368,1,3.3610000610351562
2026-07-10T13:05:18+00:00,37.52264357171953,126.91436743363738,7904.0,3.369,2.0,164,89,230,208.0,93.0,8.2,1130.0,545598,1,3.36899995803833
2026-07-10T13:05:19+00:00,37.52262404188514,126.91438243724406,7908.0,3.381,2.0,164,89,231,209.0,93.0,8.2,1140.0,545829,1,3.380000114440918
2026-07-10T13:05:20+00:00,37.52260467968881,126.91439744085073,7912.0,3.394,2.0,164,89,232,209.0,92.0,8.1,1140.0,546061,1,3.3940000534057617
2026-07-10T13:05:21+00:00,37.52258523367345,126.91441252827644,7916.0,3.411,2.0,163,89,233,209.0,92.0,8.1,1140.0,546294,1,3.4110000133514404
2026-07-10T13:05:22+00:00,37.522523291409016,126.91445963457227,7920.0,3.428,2.0,163,89,234,208.0,91.0,8.0,1140.0,546528,1,3.427000045776367
2026-07-10T13:05:23+00:00,37.522502252832055,126.91447514109313,7924.0,3.447,2.0,163,90,235,208.0,91.0,8.0,1150.0,546763,1,3.447000026702881
2026-07-10T13:05:24+00:00,37.522481298074126,126.914490647614,7928.0,3.458,2.0,164,90,236,208.0,90.0,7.9,1150.0,546999,1,3.4579999446868896
2026-07-10T13:05:25+00:00,37.5224603433162,126.91450615413487,7932.0,3.469,2.0,164,90,238,208.0,90.0,7.9,1160.0,547237,1,3.4690001010894775
2026-07-10T13:05:26+00:00,37.522400580346584,126.91455258987844,7936.0,3.478,2.0,163,89,238,208.0,90.0,7.8,1160.0,547475,1,3.4769999980926514
2026-07-10T13:05:27+00:00,37.52238214015961,126.91456801258028,7940.0,3.486,2.0,163,89,239,208.0,90.0,7.8,1170.0,547714,1,3.4860000610351562
2026-07-10T13:05:28+00:00,37.52236386761069,126.91458351910114,7943.5,3.492,2.0,163,89,239,208.0,89.0,7.7,1170.0,547953,1,3.490999937057495
2026-07-10T13:05:29+00:00,37.52234559506178,126.91459902562201,7947.0,3.5,2.0,162,89,240,208.0,89.0,7.7,1170.0,548193,1,3.5
2026-07-10T13:05:30+00:00,37.52229295670986,126.91464269533753,7950.5,3.503,2.0,162,89,240,208.0,89.0,7.6,1170.0,548433,1,3.505000114440918
2026-07-10T13:05:31+00:00,37.5222756061703,126.91465585492551,7954.0,3.508,2.0,162,89,241,208.0,89.0,7.6,1180.0,548674,1,3.510999917984009
2026-07-10T13:05:32+00:00,37.52225825563073,126.91466893069446,7957.0,3.514,2.0,162,89,241,207.0,88.0,7.5,1180.0,548915,1,3.5799999237060547
2026-07-10T13:05:33+00:00,37.5222409889102,126.91468209028244,7960.0,3.519,3.0,162,89,242,207.0,88.0,7.5,1190.0,549157,1,3.6519999504089355
2026-07-10T13:05:34+00:00,37.52218793146312,126.91471913829446,7963.5,3.522,3.0,161,88,248,207.0,88.0,7.5,1190.0,549405,1,3.6579999923706055
2026-07-10T13:05:35+00:00,37.522169994190335,126.91473154351115,7967.0,3.528,3.0,161,88,254,207.0,88.0,7.5,1200.0,549659,1,3.6630001068115234
2026-07-10T13:05:36+00:00,37.52215197309852,126.91474403254688,7970.5,3.522,3.0,161,88,254,207.0,88.0,7.4,1200.0,549913,1,3.6579999923706055
2026-07-10T13:05:37+00:00,37.52213403582573,126.9147565215826,7974.0,3.517,3.0,160,88,255,207.0,88.0,7.4,1200.0,550168,1,3.6519999504089355
2026-07-10T13:05:38+00:00,37.522079050540924,126.91479541361332,7977.5,3.506,3.0,160,87,254,207.0,88.0,7.4,1200.0,550422,1,3.572000026702881
2026-07-10T13:05:39+00:00,37.52206044271588,126.91480790264904,7981.0,3.494,3.0,160,87,254,207.0,88.0,7.4,1200.0,550676,1,3.49399995803833
2026-07-10T13:05:40+00:00,37.52204183489084,126.91482039168477,7984.5,3.489,3.0,160,88,253,207.0,88.0,7.4,1190.0,550929,1,3.48799991607666
2026-07-10T13:05:41+00:00,37.522023394703865,126.91483304835856,7988.0,3.486,3.0,160,88,252,207.0,89.0,7.4,1180.0,551181,1,3.4860000610351562
2026-07-10T13:05:42+00:00,37.52196857705712,126.91486925818026,7991.5,3.483,3.0,160,89,246,206.0,89.0,7.4,1170.0,551427,1,3.4830000400543213
2026-07-10T13:05:43+00:00,37.52195089124143,126.91488082520664,7995.0,3.483,3.0,160,89,240,206.0,90.0,7.5,1170.0,551667,1,3.4830000400543213
2026-07-10T13:05:44+00:00,37.52193320542574,126.91489255987108,7998.0,3.483,3.0,160,89,240,206.0,90.0,7.5,1160.0,551907,1,3.4830000400543213
2026-07-10T13:05:45+00:00,37.52191560342908,126.91490421071649,8001.0,3.483,3.0,160,90,240,206.0,90.0,7.6,1160.0,552147,1,3.4830000400543213
2026-07-10T13:05:46+00:00,37.52186573110521,126.9149396661669,8004.5,3.481,2.0,160,89,240,206.0,90.0,7.6,1160.0,552387,1,3.4800000190734863
2026-07-10T13:05:47+00:00,37.52185030840337,126.91495056264102,8008.0,3.481,2.0,160,89,240,206.0,91.0,7.7,1160.0,552627,1,3.4800000190734863
2026-07-10T13:05:48+00:00,37.521834801882505,126.91496154293418,8010.5,3.475,2.0,160,88,240,206.0,91.0,7.7,1160.0,552867,1,3.4749999046325684
2026-07-10T13:05:49+00:00,37.52181937918067,126.91497252322733,8013.0,3.472,2.0,160,88,240,206.0,91.0,7.8,1170.0,553107,1,3.4719998836517334
2026-07-10T13:05:50+00:00,37.52177394926548,126.91500395536423,8016.0,3.464,2.0,160,87,239,206.0,91.0,7.8,1170.0,553346,1,3.4630000591278076
2026-07-10T13:05:51+00:00,37.52175877802074,126.91501476801932,8019.0,3.458,2.0,160,87,239,206.0,92.0,7.8,1180.0,553585,1,3.4579999446868896
2026-07-10T13:05:52+00:00,37.521743606776,126.91502549685538,8022.0,3.439,2.0,160,87,238,206.0,92.0,7.8,1180.0,553823,1,3.437999963760376
2026-07-10T13:05:53+00:00,37.52172843553126,126.91503630951047,8025.0,3.422,2.0,160,87,238,206.0,93.0,7.9,1180.0,554061,1,3.421999931335449
2026-07-10T13:05:54+00:00,37.5216814968735,126.91506966948509,8028.0,3.403,2.0,160,87,237,206.0,93.0,7.9,1170.0,554298,1,3.4019999504089355
2026-07-10T13:05:55+00:00,37.521665235981345,126.91508090123534,8031.0,3.386,2.0,160,87,236,206.0,94.0,8.0,1160.0,554534,1,3.385999917984009
2026-07-10T13:05:56+00:00,37.521649058908224,126.91509221680462,8034.0,3.367,2.0,160,87,235,206.0,94.0,8.0,1160.0,554769,1,3.365999937057495
2026-07-10T13:05:57+00:00,37.5216328818351,126.91510361619294,8037.0,3.35,2.0,160,86,234,207.0,95.0,8.1,1160.0,555003,1,3.3499999046325684
2026-07-10T13:05:58+00:00,37.52158493734896,126.91513689234853,8040.5,3.339,2.0,160,86,232,207.0,95.0,8.1,1150.0,555235,1,3.3380000591278076
2026-07-10T13:05:59+00:00,37.521569430828094,126.91514695063233,8044.0,3.328,2.0,160,86,231,207.0,96.0,8.2,1150.0,555466,1,3.3269999027252197
2026-07-10T13:06:00+00:00,37.52155400812626,126.91515692509711,8046.5,3.311,2.0,160,86,230,208.0,96.0,8.2,1150.0,555696,1,3.311000108718872
2026-07-10T13:06:01+00:00,37.52153850160539,126.91516706719995,8049.0,3.297,2.0,160,86,229,209.0,97.0,8.3,1150.0,555925,1,3.296999931335449
2026-07-10T13:06:02+00:00,37.52149189822376,126.9151968229562,8052.0,3.283,2.0,160,85,228,209.0,97.0,8.4,1150.0,556153,1,3.2829999923706055
2026-07-10T13:06:03+00:00,37.5214758887887,126.91520755179226,8055.0,3.269,2.0,160,85,227,210.0,98.0,8.5,1150.0,556380,1,3.2690000534057617
2026-07-10T13:06:04+00:00,37.52145987935364,126.91521819680929,8058.0,3.258,2.0,160,85,226,211.0,99.0,8.5,1140.0,556606,1,3.257999897003174
2026-07-10T13:06:05+00:00,37.521443869918585,126.91522892564535,8061.0,3.25,2.0,160,85,225,213.0,100.0,8.6,1140.0,556831,1,3.249000072479248
2026-07-10T13:06:06+00:00,37.521395003423095,126.91526295617223,8064.0,3.242,2.0,160,85,224,214.0,100.0,8.7,1130.0,557055,1,3.240999937057495
2026-07-10T13:06:07+00:00,37.521378407254815,126.91527435556054,8067.0,3.233,2.0,160,85,224,215.0,101.0,8.8,1130.0,557279,1,3.2330000400543213
2026-07-10T13:06:08+00:00,37.521361727267504,126.91528583876789,8070.5,3.217,2.0,160,85,223,216.0,101.0,8.8,1120.0,557502,1,3.2160000801086426
2026-07-10T13:06:09+00:00,37.52134529873729,126.91529732197523,8074.0,3.2,2.0,159,86,222,217.0,102.0,8.9,1120.0,557724,1,3.200000047683716
2026-07-10T13:06:10+00:00,37.52129592932761,126.91533386707306,8077.0,3.183,2.0,159,86,221,217.0,102.0,9.0,1110.0,557945,1,3.183000087738037
2026-07-10T13:06:11+00:00,37.521279165521264,126.915346942842,8080.0,3.167,2.0,159,86,220,218.0,103.0,9.1,1110.0,558165,1,3.1659998893737793
2026-07-10T13:06:12+00:00,37.52126240171492,126.91536001861095,8083.5,3.169,2.0,159,86,219,218.0,103.0,9.1,1100.0,558384,1,3.1689999103546143
2026-07-10T13:06:13+00:00,37.521245554089546,126.91537326201797,8087.0,3.175,2.0,159,87,218,219.0,103.0,9.2,1100.0,558602,1,3.174999952316284
2026-07-10T13:06:14+00:00,37.52119459211826,126.91541743464768,8090.5,3.181,2.0,159,87,218,219.0,103.0,9.2,1100.0,558820,1,3.180000066757202
2026-07-10T13:06:15+00:00,37.52117766067386,126.91543411463499,8094.0,3.189,2.0,159,87,219,219.0,103.0,9.2,1100.0,559039,1,3.187999963760376
2026-07-10T13:06:16+00:00,37.52116072922945,126.9154507946223,8097.5,3.194,2.0,159,87,219,219.0,102.0,9.2,1100.0,559258,1,3.194000005722046
2026-07-10T13:06:17+00:00,37.52114396542311,126.91546764224768,8101.0,3.2,2.0,159,87,220,220.0,102.0,9.2,1100.0,559478,1,3.200000047683716
2026-07-10T13:06:18+00:00,37.52109560184181,126.9155184365809,8104.5,3.214,2.0,159,87,220,220.0,102.0,9.2,1100.0,559698,1,3.2130000591278076
2026-07-10T13:06:19+00:00,37.52107908949256,126.9155340269208,8108.0,3.228,2.0,159,87,220,220.0,102.0,9.2,1110.0,559918,1,3.2269999980926514
2026-07-10T13:06:20+00:00,37.52106257714331,126.9155496172607,8111.5,3.233,2.0,159,87,221,220.0,101.0,9.1,1110.0,560139,1,3.2330000400543213
2026-07-10T13:06:21+00:00,37.521046064794064,126.9155652076006,8115.0,3.242,2.0,159,87,222,220.0,101.0,9.1,1120.0,560361,1,3.240999937057495
2026-07-10T13:06:22+00:00,37.52099317498505,126.91560703329742,8118.5,3.244,2.0,159,87,222,220.0,100.0,9.0,1110.0,560583,1,3.24399995803833
2026-07-10T13:06:23+00:00,37.5209750700742,126.9156204443425,8122.0,3.25,2.0,159,87,223,220.0,100.0,9.0,1110.0,560806,1,3.249000072479248
2026-07-10T13:06:24+00:00,37.52095704898238,126.9156339392066,8125.5,3.256,2.0,159,87,223,219.0,99.0,8.9,1110.0,561029,1,3.255000114440918
2026-07-10T13:06:25+00:00,37.52093902789056,126.9156474340707,8129.0,3.261,3.0,159,87,224,219.0,99.0,8.9,1120.0,561253,1,3.260999917984009
2026-07-10T13:06:26+00:00,37.520886305719614,126.9156859908253,8132.5,3.272,2.0,160,87,224,218.0,98.0,8.8,1120.0,561477,1,3.2720000743865967
2026-07-10T13:06:27+00:00,37.52086996100843,126.91569755785167,8136.0,3.283,2.0,160,88,225,218.0,97.0,8.7,1120.0,561702,1,3.2829999923706055
2026-07-10T13:06:28+00:00,37.52085370011628,126.91570904105902,8138.5,3.289,2.0,159,88,225,217.0,96.0,8.6,1120.0,561927,1,3.2880001068115234
2026-07-10T13:06:29+00:00,37.52083735540509,126.9157206080854,8141.0,3.294,2.0,159,88,226,217.0,96.0,8.6,1120.0,562153,1,3.2939999103546143
2026-07-10T13:06:30+00:00,37.52079050056636,126.9157496932894,8144.0,3.292,2.0,159,88,226,217.0,95.0,8.5,1120.0,562379,1,3.2909998893737793
2026-07-10T13:06:31+00:00,37.520774491131306,126.91575891338289,8147.0,3.289,2.0,159,88,227,217.0,95.0,8.4,1120.0,562606,1,3.2880001068115234
2026-07-10T13:06:32+00:00,37.52075848169625,126.91576813347638,8150.0,3.294,2.0,158,88,227,216.0,94.0,8.3,1120.0,562833,1,3.2939999103546143
2026-07-10T13:06:33+00:00,37.52074255608022,126.91577735356987,8153.0,3.303,2.0,158,88,227,216.0,93.0,8.3,1120.0,563060,1,3.302000045776367
2026-07-10T13:06:34+00:00,37.52069259993732,126.9158062711358,8156.0,3.308,2.0,158,88,227,215.0,92.0,8.2,1120.0,563287,1,3.308000087738037
2026-07-10T13:06:35+00:00,37.52067516557872,126.91581632941961,8159.0,3.314,2.0,158,88,227,215.0,92.0,8.2,1120.0,563514,1,3.312999963760376
2026-07-10T13:06:36+00:00,37.520657731220126,126.91582655534148,8162.5,3.314,2.0,158,88,227,215.0,92.0,8.2,1120.0,563741,1,3.312999963760376
2026-07-10T13:06:37+00:00,37.52064046449959,126.91583669744432,8166.0,3.314,2.0,158,88,228,215.0,92.0,8.2,1130.0,563969,1,3.312999963760376
2026-07-10T13:06:38+00:00,37.52058673650026,126.9158654473722,8169.0,3.314,2.0,158,88,228,214.0,91.0,8.1,1130.0,564197,1,3.312999963760376
2026-07-10T13:06:39+00:00,37.52057206816971,126.91587659530342,8172.0,3.314,2.0,158,88,228,214.0,91.0,8.1,1130.0,564425,1,3.312999963760376
2026-07-10T13:06:40+00:00,37.52055739983916,126.91588782705367,8175.0,3.314,2.0,158,88,228,214.0,90.0,8.0,1130.0,564653,1,3.312999963760376
2026-07-10T13:06:41+00:00,37.52054264768958,126.91589914262295,8178.0,3.314,2.0,158,88,228,214.0,90.0,8.0,1130.0,564881,1,3.312999963760376
2026-07-10T13:06:42+00:00,37.52051373012364,126.91593585535884,8179.5,3.314,2.0,159,88,228,214.0,90.0,8.0,1130.0,565109,1,3.312999963760376
2026-07-10T13:06:43+00:00,37.520502749830484,126.91595060750842,8181.0,3.317,2.0,159,88,228,214.0,90.0,8.0,1130.0,565337,1,3.315999984741211
2026-07-10T13:06:44+00:00,37.52049176953733,126.91596552729607,8184.0,3.314,2.0,159,88,228,213.0,90.0,8.0,1130.0,565565,1,3.312999963760376
2026-07-10T13:06:45+00:00,37.52048087306321,126.91598044708371,8187.0,3.314,2.0,159,88,229,213.0,90.0,8.0,1130.0,565794,1,3.312999963760376
2026-07-10T13:06:46+00:00,37.52043259330094,126.91603920422494,8192.0,3.311,2.0,159,88,228,213.0,90.0,8.0,1130.0,566022,1,3.311000108718872
2026-07-10T13:06:47+00:00,37.52041323110461,126.9160607457161,8197.0,3.311,2.0,159,88,228,213.0,90.0,8.0,1130.0,566250,1,3.311000108718872
2026-07-10T13:06:48+00:00,37.52039395272732,126.91608220338821,8201.5,3.308,2.0,159,88,228,213.0,90.0,8.0,1130.0,566478,1,3.308000087738037
2026-07-10T13:06:49+00:00,37.52037467435002,126.91610374487936,8206.0,3.308,3.0,160,88,228,213.0,90.0,8.0,1130.0,566706,1,3.308000087738037
2026-07-10T13:06:50+00:00,37.520315581932664,126.91616317257285,8209.5,3.308,3.0,160,88,228,213.0,90.0,8.0,1130.0,566934,1,3.308000087738037
2026-07-10T13:06:51+00:00,37.52029647119343,126.91618010401726,8213.0,3.308,3.0,160,88,228,213.0,90.0,8.0,1130.0,567162,1,3.308000087738037
2026-07-10T13:06:52+00:00,37.5202773604542,126.91619720309973,8217.0,3.306,3.0,161,88,228,213.0,90.0,8.0,1130.0,567390,1,3.305000066757202
2026-07-10T13:06:53+00:00,37.520258333534,126.9162143021822,8221.0,3.306,3.0,161,88,228,213.0,91.0,8.0,1130.0,567618,1,3.305000066757202
2026-07-10T13:06:54+00:00,37.5202015042305,126.91625906154513,8224.5,3.306,3.0,161,88,228,213.0,91.0,8.0,1130.0,567846,1,3.305000066757202
2026-07-10T13:06:55+00:00,37.5201824773103,126.91627289168537,8228.0,3.306,3.0,161,88,228,214.0,91.0,8.0,1130.0,568074,1,3.305000066757202
2026-07-10T13:06:56+00:00,37.52016353420913,126.91628680564463,8231.5,3.308,3.0,161,88,228,214.0,91.0,8.0,1130.0,568302,1,3.308000087738037
2026-07-10T13:06:57+00:00,37.520144674926996,126.91630080342293,8235.0,3.314,3.0,161,88,228,214.0,91.0,8.1,1130.0,568530,1,3.312999963760376
2026-07-10T13:06:58+00:00,37.52008960582316,126.9163419585675,8239.0,3.319,3.0,161,88,228,214.0,91.0,8.1,1130.0,568758,1,3.319000005722046
2026-07-10T13:06:59+00:00,37.520071836188436,126.91635511815548,8243.0,3.325,3.0,161,88,228,214.0,92.0,8.1,1130.0,568986,1,3.325000047683716
2026-07-10T13:07:00+00:00,37.520054150372744,126.91636844538152,8246.0,3.347,3.0,161,88,228,214.0,92.0,8.1,1140.0,569214,1,3.3469998836517334
2026-07-10T13:07:01+00:00,37.52003646455705,126.91638177260756,8249.0,3.369,3.0,161,88,229,214.0,92.0,8.1,1150.0,569443,1,3.36899995803833
2026-07-10T13:07:02+00:00,37.519986759871244,126.91642016172409,8252.5,3.381,3.0,161,88,230,213.0,92.0,8.1,1150.0,569673,1,3.380000114440918
2026-07-10T13:07:03+00:00,37.51997083425522,126.91643281839788,8256.0,3.394,3.0,161,88,232,213.0,92.0,8.1,1160.0,569905,1,3.3940000534057617
2026-07-10T13:07:04+00:00,37.519955076277256,126.9164455588907,8259.0,3.408,3.0,161,87,233,213.0,92.0,8.0,1160.0,570138,1,3.4079999923706055
2026-07-10T13:07:05+00:00,37.51993923448026,126.91645821556449,8262.0,3.425,3.0,161,87,234,213.0,92.0,8.0,1170.0,570372,1,3.4240000247955322
2026-07-10T13:07:06+00:00,37.51989162527025,126.9164971075952,8265.0,3.419,3.0,161,87,235,213.0,92.0,7.9,1170.0,570607,1,3.4189999103546143
2026-07-10T13:07:07+00:00,37.51987603493035,126.91651043482125,8268.0,3.417,3.0,161,87,236,213.0,92.0,7.9,1170.0,570843,1,3.4159998893737793
2026-07-10T13:07:08+00:00,37.51986044459045,126.91652376204729,8271.0,3.403,3.0,161,87,236,213.0,92.0,7.9,1160.0,571079,1,3.4019999504089355
2026-07-10T13:07:09+00:00,37.51984493806958,126.91653717309237,8274.0,3.389,3.0,161,87,236,213.0,92.0,7.9,1160.0,571315,1,3.388000011444092
2026-07-10T13:07:10+00:00,37.519799675792456,126.91657723858953,8277.5,3.381,3.0,161,87,235,213.0,92.0,7.9,1160.0,571550,1,3.380000114440918
2026-07-10T13:07:11+00:00,37.51978534273803,126.9165903981775,8281.0,3.375,3.0,161,87,234,213.0,92.0,7.9,1160.0,571784,1,3.374000072479248
2026-07-10T13:07:12+00:00,37.51977109350264,126.91660364158452,8283.5,3.367,3.0,161,87,233,213.0,92.0,7.9,1150.0,572017,1,3.365999937057495
2026-07-10T13:07:13+00:00,37.51975676044822,126.91661696881056,8286.0,3.361,3.0,162,88,233,213.0,92.0,7.9,1150.0,572250,1,3.3610000610351562
2026-07-10T13:07:14+00:00,37.51971778459847,126.91665762104094,8289.0,3.353,3.0,162,88,232,212.0,92.0,7.9,1140.0,572482,1,3.3519999980926514
2026-07-10T13:07:15+00:00,37.519705882295966,126.9166715350002,8292.0,3.347,3.0,162,88,231,212.0,92.0,7.9,1140.0,572713,1,3.3469998836517334
2026-07-10T13:07:16+00:00,37.519694063812494,126.91668544895947,8294.5,3.339,3.0,162,87,231,212.0,92.0,7.9,1140.0,572944,1,3.3989999294281006
2026-07-10T13:07:17+00:00,37.51968224532902,126.91669936291873,8297.0,3.333,3.0,162,87,231,213.0,92.0,8.0,1140.0,573175,1,3.4549999237060547
2026-07-10T13:07:18+00:00,37.51964804716408,126.91674219444394,8299.5,3.322,3.0,162,87,235,213.0,92.0,8.0,1140.0,573410,1,3.444000005722046
2026-07-10T13:07:19+00:00,37.51963664777577,126.91675837151706,8302.0,3.311,3.0,163,87,240,213.0,93.0,8.1,1140.0,573650,1,3.436000108718872
2026-07-10T13:07:20+00:00,37.51962533220649,126.91677446477115,8305.5,3.3,3.0,163,87,239,213.0,93.0,8.2,1130.0,573889,1,3.4240000247955322
2026-07-10T13:07:21+00:00,37.51961410045624,126.91679055802524,8309.0,3.289,3.0,163,87,239,213.0,94.0,8.3,1130.0,574128,1,3.4130001068115234
2026-07-10T13:07:22+00:00,37.51957956701517,126.91684160381556,8312.0,3.281,3.0,163,87,238,213.0,94.0,8.3,1120.0,574366,1,3.4019999504089355
2026-07-10T13:07:23+00:00,37.519567077979445,126.91685786470771,8315.0,3.272,3.0,163,88,237,214.0,94.0,8.3,1120.0,574603,1,3.3940000534057617
2026-07-10T13:07:24+00:00,37.51955467276275,126.91687404178083,8318.0,3.264,3.0,163,88,236,214.0,94.0,8.3,1110.0,574839,1,3.388000011444092
2026-07-10T13:07:25+00:00,37.51954226754606,126.91689030267298,8321.0,3.256,3.0,163,88,236,215.0,94.0,8.4,1110.0,575075,1,3.382999897003174
2026-07-10T13:07:26+00:00,37.51950270496309,126.91693640314043,8323.5,3.247,3.0,163,88,235,215.0,94.0,8.4,1110.0,575310,1,3.371999979019165
2026-07-10T13:07:27+00:00,37.519488874822855,126.91695149056613,8326.0,3.242,3.0,163,88,235,215.0,95.0,8.4,1110.0,575545,1,3.3610000610351562
2026-07-10T13:07:28+00:00,37.519475128501654,126.91696666181087,8329.5,3.236,3.0,163,88,234,215.0,95.0,8.4,1100.0,575779,1,3.2939999103546143
2026-07-10T13:07:29+00:00,37.519461465999484,126.91698174923658,8333.0,3.231,3.0,163,88,234,215.0,95.0,8.5,1100.0,576013,1,3.2300000190734863
2026-07-10T13:07:30+00:00,37.519420478492975,126.91702952608466,8336.0,3.225,3.0,163,88,228,215.0,95.0,8.5,1100.0,576241,1,3.2239999771118164
2026-07-10T13:07:31+00:00,37.519407235085964,126.91704545170069,8339.0,3.219,3.0,163,88,222,216.0,95.0,8.6,1100.0,576463,1,3.2190001010894775
2026-07-10T13:07:32+00:00,37.51939415931702,126.91706129349768,8342.0,3.214,3.0,163,88,222,216.0,95.0,8.6,1090.0,576685,1,3.2130000591278076
2026-07-10T13:07:33+00:00,37.51938108354807,126.91707730293274,8345.0,3.208,3.0,163,88,222,216.0,95.0,8.6,1090.0,576907,1,3.2079999446868896
2026-07-10T13:07:34+00:00,37.519341772422194,126.91712625324726,8348.0,3.203,3.0,163,87,221,216.0,95.0,8.6,1090.0,577128,1,3.2019999027252197
2026-07-10T13:07:35+00:00,37.51932819373906,126.91714226268232,8351.0,3.2,3.0,163,87,221,217.0,95.0,8.7,1100.0,577349,1,3.200000047683716
2026-07-10T13:07:36+00:00,37.51931469887495,126.91715835593641,8354.0,3.194,3.0,163,87,220,217.0,95.0,8.7,1100.0,577569,1,3.194000005722046
2026-07-10T13:07:37+00:00,37.519301204010844,126.9171744491905,8357.0,3.192,3.0,163,86,220,217.0,96.0,8.7,1100.0,577789,1,3.190999984741211
2026-07-10T13:07:38+00:00,37.519260132685304,126.91722163930535,8360.5,3.186,3.0,164,86,220,217.0,96.0,8.7,1100.0,578009,1,3.186000108718872
2026-07-10T13:07:39+00:00,37.51924730837345,126.91723857074976,8364.0,3.183,3.0,164,86,220,217.0,96.0,8.7,1100.0,578229,1,3.183000087738037
2026-07-10T13:07:40+00:00,37.51923440024257,126.91725550219417,8366.5,3.169,3.0,164,86,219,217.0,95.0,8.6,1100.0,578448,1,3.1689999103546143
2026-07-10T13:07:41+00:00,37.51922149211168,126.9172725174576,8369.0,3.158,3.0,164,86,219,218.0,95.0,8.6,1100.0,578667,1,3.1579999923706055
2026-07-10T13:07:42+00:00,37.5191824324429,126.9173330347985,8373.0,3.156,3.0,164,86,218,218.0,95.0,8.6,1100.0,578885,1,3.1549999713897705
2026-07-10T13:07:43+00:00,37.519168769940734,126.91735667176545,8377.0,3.153,3.0,164,86,218,218.0,95.0,8.6,1100.0,579103,1,3.1519999504089355
2026-07-10T13:07:44+00:00,37.519155107438564,126.91738030873239,8381.0,3.147,3.0,165,86,217,218.0,95.0,8.6,1090.0,579320,1,3.1470000743865967
2026-07-10T13:07:45+00:00,37.51914136111736,126.91740402951837,8385.0,3.144,3.0,165,87,217,218.0,95.0,8.7,1090.0,579537,1,3.1440000534057617
2026-07-10T13:07:46+00:00,37.519098948687315,126.91747770644724,8389.0,3.144,3.0,165,87,216,218.0,95.0,8.7,1090.0,579753,1,3.1440000534057617
2026-07-10T13:07:47+00:00,37.519085202366114,126.91750184632838,8393.0,3.147,3.0,164,87,216,219.0,96.0,8.7,1090.0,579969,1,3.1470000743865967
2026-07-10T13:07:48+00:00,37.51907145604491,126.91752590239048,8397.0,3.158,3.0,164,87,216,219.0,96.0,8.7,1090.0,580185,1,3.1579999923706055
2026-07-10T13:07:49+00:00,37.51905779354274,126.91755004227161,8401.0,3.169,3.0,164,87,217,219.0,96.0,8.8,1090.0,580402,1,3.1689999103546143
2026-07-10T13:07:50+00:00,37.51901898533106,126.9176184386015,8404.5,3.186,2.0,164,87,217,219.0,96.0,8.8,1090.0,580619,1,3.186000108718872
2026-07-10T13:07:51+00:00,37.51900699920952,126.91764056682587,8408.0,3.206,2.0,164,88,218,219.0,96.0,8.8,1090.0,580837,1,3.2049999237060547
2026-07-10T13:07:52+00:00,37.518994929268956,126.91766269505024,8411.5,3.214,2.0,163,88,219,219.0,96.0,8.8,1090.0,581056,1,3.2130000591278076
2026-07-10T13:07:53+00:00,37.51898302696645,126.91768490709364,8415.0,3.222,2.0,163,88,221,219.0,96.0,8.8,1100.0,581277,1,3.2219998836517334
2026-07-10T13:07:54+00:00,37.518946481868625,126.91774844191968,8418.5,3.236,2.0,163,88,221,218.0,96.0,8.8,1100.0,581498,1,3.2360000610351562
2026-07-10T13:07:55+00:00,37.5189339928329,126.91776931285858,8422.0,3.25,2.0,163,88,222,218.0,96.0,8.8,1100.0,581720,1,3.249000072479248
2026-07-10T13:07:56+00:00,37.51892150379717,126.91779026761651,8425.5,3.261,2.0,164,88,223,218.0,96.0,8.7,1100.0,581943,1,3.260999917984009
2026-07-10T13:07:57+00:00,37.518908930942416,126.91781113855541,8429.0,3.272,3.0,164,88,224,218.0,96.0,8.7,1110.0,582167,1,3.2720000743865967
2026-07-10T13:07:58+00:00,37.51887297257781,126.91787450574338,8432.5,3.275,3.0,164,88,224,217.0,95.0,8.6,1110.0,582391,1,3.2739999294281006
2026-07-10T13:07:59+00:00,37.518861489370465,126.91789571195841,8436.0,3.281,3.0,164,88,225,217.0,95.0,8.6,1110.0,582616,1,3.2799999713897705
2026-07-10T13:08:00+00:00,37.51885008998215,126.91791700199246,8439.0,3.283,3.0,164,88,225,216.0,95.0,8.6,1110.0,582841,1,3.2829999923706055
2026-07-10T13:08:01+00:00,37.51883869059384,126.91793829202652,8442.0,3.286,3.0,164,88,226,216.0,95.0,8.6,1120.0,583067,1,3.2860000133514404
2026-07-10T13:08:02+00:00,37.518804324790835,126.91800090484321,8445.5,3.286,3.0,164,87,226,216.0,95.0,8.6,1130.0,583293,1,3.2860000133514404
2026-07-10T13:08:03+00:00,37.51879367977381,126.91802001558244,8449.0,3.289,3.0,164,86,227,216.0,95.0,8.6,1140.0,583520,1,3.2880001068115234
2026-07-10T13:08:04+00:00,37.51878295093775,126.9180392101407,8452.0,3.292,3.0,164,86,227,216.0,95.0,8.5,1140.0,583747,1,3.2909998893737793
2026-07-10T13:08:05+00:00,37.51877238973975,126.91805840469897,8455.0,3.294,3.0,164,86,227,217.0,96.0,8.5,1150.0,583974,1,3.2939999103546143
2026-07-10T13:08:06+00:00,37.5187405385077,126.91811389289796,8458.0,3.294,3.0,164,86,227,217.0,96.0,8.5,1150.0,584201,1,3.2939999103546143
2026-07-10T13:08:07+00:00,37.51872939057648,126.91813317127526,8461.0,3.294,3.0,164,86,227,217.0,97.0,8.5,1150.0,584428,1,3.2939999103546143
2026-07-10T13:08:08+00:00,37.51871815882623,126.91815244965255,8464.5,3.289,3.0,164,86,227,217.0,97.0,8.5,1140.0,584655,1,3.2880001068115234
2026-07-10T13:08:09+00:00,37.518707094714046,126.91817172802985,8468.0,3.286,3.0,164,87,227,217.0,97.0,8.5,1140.0,584882,1,3.2860000133514404
2026-07-10T13:08:10+00:00,37.51867272891104,126.91823375411332,8471.0,3.281,3.0,164,87,227,217.0,97.0,8.5,1130.0,585109,1,3.2799999713897705
2026-07-10T13:08:11+00:00,37.518661161884665,126.91825630143285,8474.0,3.278,3.0,164,88,227,217.0,97.0,8.5,1120.0,585336,1,3.2769999504089355
2026-07-10T13:08:12+00:00,37.51864959485829,126.91827893257141,8478.0,3.275,3.0,164,88,226,216.0,97.0,8.5,1110.0,585562,1,3.2739999294281006
2026-07-10T13:08:13+00:00,37.51863802783191,126.918301647529,8482.0,3.275,3.0,164,88,226,216.0,98.0,8.6,1110.0,585788,1,3.2739999294281006
2026-07-10T13:08:14+00:00,37.51860466785729,126.91837054677308,8485.5,3.281,2.0,164,88,226,216.0,98.0,8.6,1110.0,586014,1,3.2799999713897705
2026-07-10T13:08:15+00:00,37.5185936037451,126.9183920044452,8489.0,3.289,2.0,164,89,226,216.0,98.0,8.7,1110.0,586240,1,3.2880001068115234
2026-07-10T13:08:16+00:00,37.518582455813885,126.91841354593635,8492.0,3.294,2.0,164,89,226,216.0,98.0,8.7,1110.0,586466,1,3.2939999103546143
2026-07-10T13:08:17+00:00,37.51857147552073,126.91843500360847,8495.0,3.303,2.0,164,89,227,216.0,98.0,8.7,1110.0,586693,1,3.302000045776367
2026-07-10T13:08:18+00:00,37.518540881574154,126.91849686205387,8498.5,3.306,2.0,164,89,227,215.0,98.0,8.7,1110.0,586920,1,3.305000066757202
2026-07-10T13:08:19+00:00,37.518531158566475,126.91851790063083,8502.0,3.308,2.0,164,89,227,215.0,98.0,8.8,1120.0,587147,1,3.308000087738037
2026-07-10T13:08:20+00:00,37.518521435558796,126.91853902302682,8505.0,3.311,2.0,164,88,227,215.0,98.0,8.8,1120.0,587374,1,3.311000108718872
2026-07-10T13:08:21+00:00,37.51851188018918,126.91856022924185,8508.0,3.314,2.0,164,88,228,215.0,98.0,8.8,1120.0,587602,1,3.312999963760376
2026-07-10T13:08:22+00:00,37.5184833817184,126.91862845793366,8511.5,3.311,2.0,164,88,228,214.0,98.0,8.7,1120.0,587830,1,3.311000108718872
2026-07-10T13:08:23+00:00,37.51847374252975,126.91865226253867,8515.0,3.308,2.0,164,88,228,214.0,98.0,8.7,1120.0,588058,1,3.308000087738037
2026-07-10T13:08:24+00:00,37.518464187160134,126.91867606714368,8519.0,3.308,2.0,164,88,228,213.0,97.0,8.6,1120.0,588286,1,3.308000087738037
2026-07-10T13:08:25+00:00,37.51845463179052,126.91869995556772,8523.0,3.308,2.0,164,88,228,213.0,97.0,8.6,1120.0,588514,1,3.308000087738037
2026-07-10T13:08:26+00:00,37.51842479221523,126.91877296194434,8526.5,3.311,2.0,164,88,228,212.0,96.0,8.5,1120.0,588742,1,3.311000108718872
2026-07-10T13:08:27+00:00,37.51841456629336,126.91879634745419,8530.0,3.314,2.0,164,89,228,212.0,95.0,8.5,1120.0,588970,1,3.312999963760376
2026-07-10T13:08:28+00:00,37.51840434037149,126.91881973296404,8533.5,3.325,2.0,164,89,228,212.0,94.0,8.4,1120.0,589198,1,3.325000047683716
2026-07-10T13:08:29+00:00,37.51839419826865,126.91884311847389,8537.0,3.339,2.0,164,89,228,212.0,94.0,8.4,1120.0,589426,1,3.3380000591278076
2026-07-10T13:08:30+00:00,37.51836444251239,126.9189115986228,8540.0,3.344,2.0,164,89,229,211.0,93.0,8.3,1120.0,589655,1,3.3440001010894775
2026-07-10T13:08:31+00:00,37.51835463568568,126.91893515177071,8543.0,3.353,2.0,164,89,230,211.0,93.0,8.3,1130.0,589885,1,3.3519999980926514
2026-07-10T13:08:32+00:00,37.518344996497035,126.91895870491862,8547.0,3.358,2.0,164,89,230,211.0,92.0,8.2,1130.0,590115,1,3.3580000400543213
2026-07-10T13:08:33+00:00,37.518335273489356,126.91898234188557,8551.0,3.364,2.0,165,89,231,211.0,92.0,8.2,1130.0,590346,1,3.36299991607666
2026-07-10T13:08:34+00:00,37.518306439742446,126.91904931329191,8554.0,3.367,2.0,165,88,231,211.0,92.0,8.1,1130.0,590577,1,3.365999937057495
2026-07-10T13:08:35+00:00,37.51829696819186,126.91907001659274,8557.0,3.372,2.0,165,88,231,211.0,92.0,8.1,1140.0,590808,1,3.371999979019165
2026-07-10T13:08:36+00:00,37.51828758046031,126.91909071989357,8560.0,3.375,2.0,165,88,231,211.0,92.0,8.1,1140.0,591039,1,3.374000072479248
2026-07-10T13:08:37+00:00,37.51827819272876,126.91911142319441,8563.0,3.378,3.0,165,88,232,211.0,92.0,8.1,1150.0,591271,1,3.377000093460083
2026-07-10T13:08:38+00:00,37.51824986189604,126.91917303018272,8566.5,3.381,3.0,164,87,232,211.0,91.0,8.0,1150.0,591503,1,3.380000114440918
2026-07-10T13:08:39+00:00,37.51824122853577,126.91919415257871,8570.0,3.383,3.0,164,87,233,212.0,91.0,8.0,1160.0,591736,1,3.382999897003174
2026-07-10T13:08:40+00:00,37.51823276281357,126.91921535879374,8573.0,3.375,3.0,164,87,233,212.0,91.0,7.9,1160.0,591969,1,3.374000072479248
2026-07-10T13:08:41+00:00,37.518224297091365,126.91923656500876,8576.0,3.369,3.0,165,87,233,212.0,91.0,7.9,1160.0,592202,1,3.36899995803833
2026-07-10T13:08:42+00:00,37.518199905753136,126.91930135712028,8579.0,3.364,3.0,164,87,232,212.0,91.0,7.9,1150.0,592434,1,3.36299991607666
2026-07-10T13:08:43+00:00,37.518191607668996,126.91932382062078,8582.0,3.358,3.0,164,88,232,212.0,91.0,7.9,1140.0,592666,1,3.3580000400543213
2026-07-10T13:08:44+00:00,37.51818339340389,126.91934645175934,8585.5,3.353,3.0,164,88,231,212.0,90.0,7.8,1140.0,592897,1,3.4159998893737793
2026-07-10T13:08:45+00:00,37.51817517913878,126.91936899907887,8589.0,3.35,3.0,164,88,231,213.0,90.0,7.8,1140.0,593128,1,3.4749999046325684
2026-07-10T13:08:46+00:00,37.518150955438614,126.91944024525583,8592.5,3.347,3.0,164,88,236,213.0,90.0,7.8,1140.0,593364,1,3.4690001010894775
2026-07-10T13:08:47+00:00,37.51814257353544,126.91946379840374,8596.0,3.344,3.0,164,88,242,213.0,90.0,7.9,1140.0,593606,1,3.4660000801086426
2026-07-10T13:08:48+00:00,37.5181342754513,126.91948743537068,8599.5,3.342,3.0,164,87,241,213.0,90.0,7.9,1140.0,593847,1,3.4019999504089355
2026-07-10T13:08:49+00:00,37.51812597736716,126.91951115615666,8603.0,3.339,3.0,164,87,241,214.0,91.0,7.9,1150.0,594088,1,3.3380000591278076
2026-07-10T13:08:50+00:00,37.51809764653444,126.91957904957235,8606.5,3.339,3.0,164,87,235,214.0,91.0,7.9,1140.0,594323,1,3.3380000591278076
2026-07-10T13:08:51+00:00,37.518088007345796,126.9196008425206,8610.0,3.342,3.0,164,88,230,214.0,91.0,8.0,1140.0,594553,1,3.3410000801086426
2026-07-10T13:08:52+00:00,37.51807828433812,126.91962263546884,8613.0,3.344,3.0,164,88,230,214.0,91.0,8.0,1140.0,594783,1,3.3440001010894775
2026-07-10T13:08:53+00:00,37.51806864514947,126.91964442841709,8616.0,3.347,3.0,164,88,230,215.0,92.0,8.0,1140.0,595013,1,3.3469998836517334
2026-07-10T13:08:54+00:00,37.51804073341191,126.91970779560506,8619.0,3.347,3.0,165,88,230,215.0,92.0,8.0,1140.0,595243,1,3.3469998836517334
2026-07-10T13:08:55+00:00,37.51803193241358,126.91972975619137,8622.0,3.35,3.0,165,88,231,215.0,92.0,8.1,1140.0,595474,1,3.3499999046325684
2026-07-10T13:08:56+00:00,37.51802313141525,126.91975163295865,8625.5,3.35,3.0,165,88,231,215.0,91.0,8.0,1140.0,595705,1,3.3499999046325684
2026-07-10T13:08:57+00:00,37.51801433041692,126.91977350972593,8629.0,3.353,3.0,165,88,231,215.0,91.0,8.0,1140.0,595936,1,3.3519999980926514
2026-07-10T13:08:58+00:00,37.51799195073545,126.9198440015316,8632.5,3.353,2.0,165,88,231,215.0,91.0,8.0,1140.0,596167,1,3.3519999980926514
2026-07-10T13:08:59+00:00,37.517986334860325,126.91986780613661,8636.0,3.353,2.0,165,88,231,215.0,91.0,8.0,1140.0,596398,1,3.3519999980926514
2026-07-10T13:09:00+00:00,37.51798088662326,126.91989161074162,8639.0,3.353,2.0,165,88,231,215.0,91.0,8.0,1140.0,596629,1,3.3519999980926514
2026-07-10T13:09:01+00:00,37.51797535456717,126.91991549916565,8642.0,3.356,2.0,165,89,231,215.0,91.0,8.0,1140.0,596860,1,3.3550000190734863
2026-07-10T13:09:02+00:00,37.51796035096049,126.91998775117099,8645.5,3.356,2.0,165,88,231,214.0,91.0,8.0,1130.0,597091,1,3.3550000190734863
2026-07-10T13:09:03+00:00,37.517954567447305,126.92001113668084,8649.0,3.356,2.0,165,88,231,214.0,91.0,8.0,1130.0,597322,1,3.3550000190734863
2026-07-10T13:09:04+00:00,37.51794886775315,126.92003452219069,8652.0,3.356,2.0,165,88,231,213.0,91.0,8.0,1130.0,597553,1,3.3550000190734863
2026-07-10T13:09:05+00:00,37.51794316805899,126.92005790770054,8655.0,3.356,2.0,164,88,231,213.0,92.0,8.1,1140.0,597784,1,3.3550000190734863
2026-07-10T13:09:06+00:00,37.517921291291714,126.9201241247356,8658.5,3.353,2.0,164,88,231,212.0,92.0,8.1,1140.0,598015,1,3.3519999980926514
2026-07-10T13:09:07+00:00,37.517912993207574,126.92014575004578,8662.0,3.353,2.0,164,88,231,212.0,92.0,8.1,1140.0,598246,1,3.3519999980926514
2026-07-10T13:09:08+00:00,37.517904695123434,126.92016745917499,8665.0,3.35,2.0,164,88,231,211.0,92.0,8.1,1140.0,598477,1,3.3499999046325684
2026-07-10T13:09:09+00:00,37.517896397039294,126.9201891683042,8668.0,3.347,2.0,164,88,231,211.0,93.0,8.2,1140.0,598708,1,3.3469998836517334
2026-07-10T13:09:10+00:00,37.51787083223462,126.9202549662441,8671.0,3.342,2.0,164,88,231,210.0,93.0,8.2,1140.0,598939,1,3.3410000801086426
2026-07-10T13:09:11+00:00,37.51786245033145,126.92027851939201,8674.0,3.336,2.0,164,88,231,210.0,94.0,8.2,1140.0,599170,1,3.3359999656677246
2026-07-10T13:09:12+00:00,37.51785406842828,126.92030215635896,8678.0,3.333,2.0,164,88,230,210.0,94.0,8.2,1140.0,599400,1,3.3329999446868896
2026-07-10T13:09:13+00:00,37.51784577034414,126.9203257933259,8682.0,3.333,2.0,164,88,230,210.0,94.0,8.3,1140.0,599630,1,3.3329999446868896
2026-07-10T13:09:14+00:00,37.51781886443496,126.92039804533124,8685.5,3.333,2.0,164,88,229,210.0,94.0,8.3,1130.0,599859,1,3.3329999446868896
2026-07-10T13:09:15+00:00,37.51780914142728,126.92042101174593,8689.0,3.336,2.0,164,88,229,210.0,94.0,8.3,1130.0,600088,1,3.3359999656677246
2026-07-10T13:09:16+00:00,37.51779958605766,126.92044406197965,8692.0,3.339,2.0,164,88,229,210.0,94.0,8.2,1130.0,600317,1,3.3380000591278076
2026-07-10T13:09:17+00:00,37.517789946869016,126.92046702839434,8695.0,3.342,2.0,164,88,230,210.0,94.0,8.2,1130.0,600547,1,3.3410000801086426
2026-07-10T13:09:18+00:00,37.51776220276952,126.92053601145744,8698.5,3.347,2.0,164,88,230,210.0,93.0,8.2,1130.0,600777,1,3.3469998836517334
2026-07-10T13:09:19+00:00,37.51775365322828,126.92055906169116,8702.0,3.353,2.0,163,89,230,210.0,93.0,8.2,1130.0,601007,1,3.3519999980926514
2026-07-10T13:09:20+00:00,37.51774518750608,126.92058202810585,8705.5,3.356,2.0,163,89,230,210.0,92.0,8.2,1130.0,601237,1,3.3550000190734863
2026-07-10T13:09:21+00:00,37.51773680560291,126.92060499452055,8709.0,3.358,2.0,163,89,231,210.0,92.0,8.2,1130.0,601468,1,3.3580000400543213
2026-07-10T13:09:22+00:00,37.51771057024598,126.92067322321236,8712.5,3.358,2.0,163,89,231,210.0,92.0,8.1,1130.0,601699,1,3.3580000400543213
2026-07-10T13:09:23+00:00,37.5177008472383,126.92069577053189,8716.0,3.358,2.0,163,89,231,210.0,92.0,8.1,1130.0,601930,1,3.3580000400543213
2026-07-10T13:09:24+00:00,37.51769129186869,126.92071831785142,8719.5,3.358,2.0,163,89,231,210.0,91.0,8.0,1130.0,602161,1,3.3580000400543213
2026-07-10T13:09:25+00:00,37.51768165268004,126.92074094898999,8723.0,3.358,2.0,163,89,231,210.0,91.0,8.0,1130.0,602392,1,3.3580000400543213
2026-07-10T13:09:26+00:00,37.51765365712345,126.92080951295793,8726.0,3.358,2.0,163,89,231,210.0,90.0,7.9,1130.0,602623,1,3.3580000400543213
2026-07-10T13:09:27+00:00,37.51764510758221,126.92083130590618,8729.0,3.358,2.0,163,89,231,210.0,90.0,7.9,1130.0,602854,1,3.3580000400543213
2026-07-10T13:09:28+00:00,37.517636474221945,126.92085326649249,8732.5,3.358,2.0,163,88,231,210.0,89.0,7.9,1130.0,603085,1,3.3580000400543213
2026-07-10T13:09:29+00:00,37.51762792468071,126.92087514325976,8736.0,3.358,2.0,163,88,231,211.0,89.0,7.9,1130.0,603316,1,3.3580000400543213
2026-07-10T13:09:30+00:00,37.517604203894734,126.92093624733388,8738.5,3.356,2.0,163,88,231,211.0,89.0,7.8,1130.0,603547,1,3.3550000190734863
2026-07-10T13:09:31+00:00,37.51759674400091,126.92095602862537,8741.0,3.353,2.0,163,88,231,211.0,89.0,7.8,1140.0,603778,1,3.3519999980926514
2026-07-10T13:09:32+00:00,37.51758936792612,126.92097589373589,8744.0,3.347,2.0,164,88,231,212.0,88.0,7.7,1130.0,604009,1,3.3469998836517334
2026-07-10T13:09:33+00:00,37.51758199185133,126.92099584266543,8747.0,3.342,2.0,164,88,231,213.0,88.0,7.7,1130.0,604240,1,3.3410000801086426
2026-07-10T13:09:34+00:00,37.51755936071277,126.92105669528246,8750.0,3.331,2.0,164,88,230,214.0,87.0,7.7,1130.0,604470,1,3.3299999237060547
2026-07-10T13:09:35+00:00,37.51755156554282,126.92107832059264,8753.0,3.319,2.0,164,88,230,216.0,87.0,7.7,1130.0,604700,1,3.319000005722046
2026-07-10T13:09:36+00:00,37.51754377037287,126.92110002972186,8756.5,3.308,2.0,164,88,229,217.0,86.0,7.6,1120.0,604929,1,3.308000087738037
2026-07-10T13:09:37+00:00,37.51753597520292,126.92112173885107,8760.0,3.3,2.0,164,88,229,218.0,86.0,7.6,1120.0,605158,1,3.299999952316284
2026-07-10T13:09:38+00:00,37.517512924969196,126.92118695005774,8763.0,3.294,2.0,164,88,228,220.0,85.0,7.6,1110.0,605386,1,3.2939999103546143
2026-07-10T13:09:39+00:00,37.517505465075374,126.92120715044439,8766.0,3.289,2.0,163,89,227,222.0,85.0,7.6,1110.0,605613,1,3.2880001068115234
2026-07-10T13:09:40+00:00,37.51749800518155,126.92122735083103,8769.0,3.283,2.0,163,88,227,223.0,85.0,7.6,1110.0,605840,1,3.2829999923706055
2026-07-10T13:09:41+00:00,37.5174904614687,126.9212476350367,8772.0,3.278,2.0,163,88,227,225.0,86.0,7.6,1110.0,606067,1,3.2769999504089355
2026-07-10T13:09:42+00:00,37.51746917143464,126.92130513489246,8774.5,3.272,2.0,163,89,226,227.0,85.0,7.6,1100.0,606293,1,3.2720000743865967
2026-07-10T13:09:43+00:00,37.517462046816945,126.92132382653654,8777.0,3.267,2.0,162,89,226,229.0,85.0,7.7,1100.0,606519,1,3.2660000324249268
2026-07-10T13:09:44+00:00,37.51745508983731,126.92134251818061,8780.0,3.258,2.0,162,88,225,230.0,85.0,7.7,1100.0,606744,1,3.257999897003174
2026-07-10T13:09:45+00:00,37.51744804903865,126.92136129364371,8783.0,3.253,2.0,162,87,225,232.0,86.0,7.7,1100.0,606969,1,3.252000093460083
2026-07-10T13:09:46+00:00,37.51742860302329,126.92141720093787,8785.5,3.233,2.0,162,87,224,234.0,86.0,7.7,1100.0,607193,1,3.2330000400543213
2026-07-10T13:09:47+00:00,37.51742256805301,126.92143555730581,8788.0,3.214,2.0,162,87,224,236.0,86.0,7.7,1100.0,607417,1,3.2130000591278076
2026-07-10T13:09:48+00:00,37.51741670072079,126.92145391367376,8790.5,3.197,2.0,162,87,222,238.0,85.0,7.7,1090.0,607639,1,3.197000026702881
2026-07-10T13:09:49+00:00,37.517410749569535,126.92147235386074,8793.0,3.183,2.0,161,87,221,241.0,85.0,7.7,1090.0,607860,1,3.183000087738037
2026-07-10T13:09:50+00:00,37.51739440485835,126.92152574658394,8795.5,3.164,2.0,161,87,220,243.0,84.0,7.7,1080.0,608080,1,3.1630001068115234
2026-07-10T13:09:51+00:00,37.51738895662129,126.92154183983803,8798.0,3.147,2.0,161,87,219,245.0,84.0,7.7,1080.0,608299,1,3.1470000743865967
2026-07-10T13:09:52+00:00,37.51738367602229,126.92155793309212,8800.5,3.108,2.0,161,86,218,247.0,84.0,7.7,1070.0,608517,1,3.1080000400543213
2026-07-10T13:09:53+00:00,37.51737839542329,126.92157411016524,8803.0,3.072,2.0,160,86,217,249.0,84.0,7.7,1070.0,608734,1,3.072000026702881
2026-07-10T13:09:54+00:00,37.51736263744533,126.92161593586206,8804.5,3.039,2.0,160,86,214,251.0,84.0,7.7,1060.0,608948,1,3.0380001068115234
2026-07-10T13:09:55+00:00,37.51735777594149,126.92162800580263,8806.0,3.006,2.0,159,86,211,253.0,85.0,7.8,1050.0,609159,1,3.005000114440918
2026-07-10T13:09:56+00:00,37.51735299825668,126.92164015956223,8808.0,2.908,2.0,160,85,209,255.0,85.0,7.9,1020.0,609368,1,2.9079999923706055
2026-07-10T13:09:57+00:00,37.517348136752844,126.92165231332183,8810.0,2.814,2.0,160,85,207,258.0,85.0,8.0,990.0,609575,1,2.812999963760376
2026-07-10T13:09:58+00:00,37.51733589917421,126.92168332636356,8811.0,2.683,1.0,160,84,200,260.0,85.0,8.2,950.0,609775,1,2.683000087738037
2026-07-10T13:09:59+00:00,37.51733229495585,126.92169221118093,8812.0,2.553,1.0,160,84,194,263.0,86.0,8.4,910.0,609969,1,2.552000045776367
2026-07-10T13:10:00+00:00,37.517328690737486,126.92170126363635,8813.5,2.425,1.0,160,83,185,266.0,86.0,8.6,870.0,610154,1,2.4240000247955322
2026-07-10T13:10:01+00:00,37.517325170338154,126.92171023227274,8815.0,2.3,1.0,160,82,176,269.0,87.0,8.8,840.0,610330,1,2.2990000247955322
2026-07-10T13:10:02+00:00,37.51731368713081,126.92173562943935,8816.5,2.222,1.0,159,80,167,273.0,87.0,9.1,830.0,610497,1,2.2219998836517334
2026-07-10T13:10:03+00:00,37.51730949617922,126.92174409516156,8818.0,2.144,1.0,159,77,158,277.0,88.0,9.5,830.0,610655,1,2.1440000534057617
2026-07-10T13:10:04+00:00,37.51730530522764,126.92175264470279,8819.0,2.003,1.0,158,75,152,282.0,89.0,9.8,800.0,610807,1,2.002000093460083
2026-07-10T13:10:05+00:00,37.51730103045702,126.92176119424403,8820.0,1.864,1.0,157,72,147,288.0,90.0,10.2,770.0,610954,1,1.8630000352859497
2026-07-10T13:10:06+00:00,37.517288541421294,126.9217883516103,8821.5,1.736,1.0,156,69,137,296.0,89.0,10.5,740.0,611091,1,1.7359999418258667
2026-07-10T13:10:07+00:00,37.51728443428874,126.92179933190346,8823.0,1.611,1.0,155,65,128,304.0,89.0,10.8,710.0,611219,1,1.6109999418258667
2026-07-10T13:10:08+00:00,37.51728049479425,126.92181031219661,8825.0,1.508,1.0,155,63,119,313.0,87.0,10.9,680.0,611338,1,1.5080000162124634
2026-07-10T13:10:09+00:00,37.51727647148073,126.92182129248977,8827.0,1.408,1.0,154,62,111,323.0,85.0,11.0,660.0,611449,1,1.4079999923706055
2026-07-10T13:10:10+00:00,37.51726088114083,126.9218663033098,8829.5,1.411,1.0,154,61,104,332.0,82.0,10.9,670.0,611553,1,1.4110000133514404
2026-07-10T13:10:11+00:00,37.51725358888507,126.92188583314419,8832.0,1.417,1.0,154,61,97,342.0,80.0,10.8,690.0,611650,1,1.4160000085830688
2026-07-10T13:10:12+00:00,37.51724629662931,126.92190544679761,8835.0,1.456,1.0,154,61,97,351.0,77.0,10.6,710.0,611747,1,1.4550000429153442
2026-07-10T13:10:13+00:00,37.51723908819258,126.92192506045103,8838.0,1.497,1.0,154,61,98,360.0,75.0,10.5,740.0,611845,1,1.496999979019165
2026-07-10T13:10:14+00:00,37.51721419394016,126.92199463024735,8841.5,1.569,1.0,153,75,100,364.0,74.0,10.3,760.0,611945,1,1.569000005722046
2026-07-10T13:10:15+00:00,37.517205560579896,126.92201952449977,8845.0,1.644,1.0,153,90,103,368.0,73.0,10.2,780.0,612048,1,1.6440000534057617
2026-07-10T13:10:16+00:00,37.51719709485769,126.9220444187522,8848.5,2.386,1.0,153,90,108,366.0,72.0,9.9,910.0,612156,1,2.385999917984009
2026-07-10T13:10:17+00:00,37.51718854531646,126.92206931300461,8852.0,3.131,1.0,153,90,113,364.0,72.0,9.6,1040.0,612269,1,3.130000114440918
2026-07-10T13:10:18+00:00,37.51716272905469,126.92214466631413,8856.0,3.247,1.0,154,90,164,359.0,72.0,9.0,1080.0,612433,1,3.246999979019165
2026-07-10T13:10:19+00:00,37.51715392805636,126.92216922529042,8860.0,3.367,1.0,154,90,216,354.0,72.0,8.5,1120.0,612649,1,3.365999937057495
2026-07-10T13:10:20+00:00,37.51714529469609,126.92219386808574,8863.5,3.442,1.0,155,90,224,348.0,71.0,8.1,1140.0,612873,1,3.440999984741211
2026-07-10T13:10:21+00:00,37.517136577516794,126.92221842706203,8867.0,3.519,1.0,155,90,232,343.0,71.0,7.7,1170.0,613105,1,3.5190000534057617
2026-07-10T13:10:22+00:00,37.517111264169216,126.92229302600026,8870.5,3.55,1.0,156,90,237,336.0,71.0,7.3,1180.0,613342,1,3.5490000247955322
2026-07-10T13:10:23+00:00,37.517102463170886,126.92231800407171,8874.0,3.581,1.0,156,90,242,329.0,71.0,6.9,1190.0,613584,1,3.5799999237060547
2026-07-10T13:10:24+00:00,37.517093662172556,126.92234314978123,8877.5,3.594,1.0,156,90,244,320.0,70.0,6.6,1190.0,613828,1,3.5940001010894775
2026-07-10T13:10:25+00:00,37.51708494499326,126.92236821167171,8881.0,3.608,2.0,157,90,247,312.0,69.0,6.3,1200.0,614075,1,3.6080000400543213
2026-07-10T13:10:26+00:00,37.51705829054117,126.9224427267909,8884.5,3.614,2.0,156,90,248,301.0,69.0,6.1,1200.0,614323,1,3.61299991607666
2026-07-10T13:10:27+00:00,37.517049573361874,126.92246695049107,8888.0,3.619,2.0,156,90,249,290.0,70.0,6.0,1200.0,614572,1,3.61899995803833
2026-07-10T13:10:28+00:00,37.517040856182575,126.92249125801027,8891.5,3.614,2.0,157,90,249,277.0,71.0,6.1,1200.0,614821,1,3.61299991607666
2026-07-10T13:10:29+00:00,37.51703230664134,126.92251556552947,8895.0,3.611,2.0,157,90,249,265.0,73.0,6.2,1200.0,615070,1,3.6110000610351562
2026-07-10T13:10:30+00:00,37.51700699329376,126.92258639261127,8898.5,3.603,2.0,157,90,249,252.0,75.0,6.3,1200.0,615319,1,3.6019999980926514
2026-07-10T13:10:31+00:00,37.51699802465737,126.9226089399308,8902.0,3.597,2.0,157,90,249,240.0,78.0,6.5,1200.0,615568,1,3.5969998836517334
2026-07-10T13:10:32+00:00,37.51698913984001,126.9226314034313,8905.5,3.589,2.0,157,89,248,227.0,80.0,6.7,1190.0,615816,1,3.5880000591278076
2026-07-10T13:10:33+00:00,37.516980255022645,126.92265403456986,8909.0,3.581,2.0,157,89,248,215.0,83.0,6.9,1190.0,616064,1,3.5799999237060547
2026-07-10T13:10:34+00:00,37.51695200800896,126.92271773703396,8912.0,3.564,2.0,157,89,247,206.0,84.0,7.0,1190.0,616311,1,3.562999963760376
2026-07-10T13:10:35+00:00,37.51694278791547,126.92273835651577,8915.0,3.547,2.0,157,89,247,198.0,85.0,7.1,1190.0,616558,1,3.546999931335449
2026-07-10T13:10:36+00:00,37.51693356782198,126.92275889217854,8918.0,3.536,2.0,157,89,246,196.0,85.0,7.1,1180.0,616804,1,3.5360000133514404
2026-07-10T13:10:37+00:00,37.51692443154752,126.92277951166034,8921.0,3.525,2.0,157,90,245,194.0,86.0,7.2,1180.0,617049,1,3.5239999294281006
2026-07-10T13:10:38+00:00,37.51689693890512,126.92284162156284,8924.0,3.517,2.0,157,89,244,194.0,86.0,7.2,1180.0,617293,1,3.5160000324249268
2026-07-10T13:10:39+00:00,37.51688805408776,126.92286349833012,8927.0,3.508,2.0,157,89,243,194.0,86.0,7.2,1180.0,617536,1,3.507999897003174
2026-07-10T13:10:40+00:00,37.516879169270396,126.92288545891643,8930.5,3.5,2.0,157,89,242,194.0,85.0,7.2,1170.0,617778,1,3.5
2026-07-10T13:10:41+00:00,37.516870368272066,126.92290741950274,8934.0,3.492,2.0,158,89,242,195.0,85.0,7.2,1170.0,618020,1,3.490999937057495
2026-07-10T13:10:42+00:00,37.51684480346739,126.92297640256584,8937.5,3.486,2.0,158,89,241,196.0,85.0,7.2,1170.0,618261,1,3.4860000610351562
2026-07-10T13:10:43+00:00,37.516836170107126,126.92299987189472,8941.0,3.481,2.0,158,89,240,197.0,85.0,7.3,1170.0,618501,1,3.4800000190734863
2026-07-10T13:10:44+00:00,37.51682770438492,126.92302325740457,8944.5,3.475,2.0,158,89,240,197.0,85.0,7.3,1160.0,618741,1,3.4749999046325684
2026-07-10T13:10:45+00:00,37.51681915484369,126.92304672673345,8948.0,3.472,2.0,158,89,240,198.0,86.0,7.4,1160.0,618981,1,3.4719998836517334
2026-07-10T13:10:46+00:00,37.51679375767708,126.92311487160623,8951.0,3.464,1.0,158,89,239,198.0,86.0,7.4,1160.0,619220,1,3.4630000591278076
2026-07-10T13:10:47+00:00,37.51678554341197,126.92313624545932,8954.0,3.456,1.0,158,89,239,199.0,87.0,7.5,1160.0,619459,1,3.4549999237060547
2026-07-10T13:10:48+00:00,37.516777496784925,126.9231576193124,8957.0,3.442,1.0,158,89,238,200.0,87.0,7.5,1160.0,619697,1,3.440999984741211
2026-07-10T13:10:49+00:00,37.51676936633885,126.92317916080356,8960.0,3.431,1.0,158,89,238,201.0,88.0,7.6,1160.0,619935,1,3.430000066757202
2026-07-10T13:10:50+00:00,37.51674455590546,126.92324135452509,8963.0,3.422,1.0,158,89,237,203.0,88.0,7.6,1150.0,620172,1,3.421999931335449
2026-07-10T13:10:51+00:00,37.51673659309745,126.92326189018786,8966.0,3.417,1.0,159,89,236,205.0,88.0,7.6,1150.0,620408,1,3.4159998893737793
2026-07-10T13:10:52+00:00,37.516728546470404,126.9232825934887,8969.5,3.4,1.0,158,88,236,207.0,88.0,7.6,1150.0,620644,1,3.3989999294281006
2026-07-10T13:10:53+00:00,37.51672058366239,126.92330329678953,8973.0,3.386,1.0,158,88,236,210.0,88.0,7.6,1150.0,620880,1,3.385999917984009
2026-07-10T13:10:54+00:00,37.51669820398092,126.92336599342525,8976.0,3.378,1.0,158,88,235,212.0,87.0,7.6,1140.0,621115,1,3.377000093460083
2026-07-10T13:10:55+00:00,37.516690995544195,126.92338703200221,8979.0,3.369,1.0,158,88,234,214.0,87.0,7.6,1140.0,621349,1,3.36899995803833
2026-07-10T13:10:56+00:00,37.51668378710747,126.9234081543982,8982.0,3.361,1.0,158,89,233,215.0,86.0,7.5,1130.0,621582,1,3.3610000610351562
2026-07-10T13:10:57+00:00,37.51667657867074,126.92342919297516,8985.0,3.353,1.0,158,89,232,217.0,86.0,7.5,1130.0,621814,1,3.3519999980926514
2026-07-10T13:10:58+00:00,37.51665445044637,126.92349079996347,8988.0,3.344,1.0,158,89,231,219.0,86.0,7.5,1120.0,622045,1,3.3440001010894775
2026-07-10T13:10:59+00:00,37.51664690673351,126.92351049743593,8991.0,3.336,1.0,158,89,231,222.0,86.0,7.5,1120.0,622276,1,3.3359999656677246
2026-07-10T13:11:00+00:00,37.51663936302066,126.92353019490838,8993.5,3.317,1.0,157,89,230,224.0,85.0,7.5,1110.0,622506,1,3.315999984741211
2026-07-10T13:11:01+00:00,37.516631903126836,126.9235500600189,8996.0,3.3,1.0,158,90,230,227.0,85.0,7.5,1110.0,622736,1,3.299999952316284
2026-07-10T13:11:02+00:00,37.516609942540526,126.92360420711339,8998.5,3.272,1.0,158,90,228,229.0,85.0,7.5,1090.0,622964,1,3.2720000743865967
2026-07-10T13:11:03+00:00,37.51660323701799,126.92362097091973,9001.0,3.244,1.0,158,90,227,232.0,85.0,7.6,1080.0,623191,1,3.24399995803833
2026-07-10T13:11:04+00:00,37.51659653149545,126.92363765090704,9003.5,3.219,1.0,157,90,225,234.0,84.0,7.5,1070.0,623416,1,3.2190001010894775
2026-07-10T13:11:05+00:00,37.51658999361098,126.92365433089435,9006.0,3.194,1.0,157,90,223,237.0,83.0,7.5,1070.0,623639,1,3.194000005722046
2026-07-10T13:11:06+00:00,37.51657105050981,126.92370294593275,9008.5,3.181,1.0,156,90,221,240.0,82.0,7.5,1060.0,623860,1,3.180000066757202
2026-07-10T13:11:07+00:00,37.51656484790146,126.92371870391071,9011.0,3.167,1.0,156,90,220,243.0,81.0,7.5,1050.0,624080,1,3.1659998893737793
2026-07-10T13:11:08+00:00,37.51655864529312,126.92373462952673,9013.5,3.153,1.0,156,90,219,245.0,80.0,7.4,1040.0,624299,1,3.1519999504089355
2026-07-10T13:11:09+00:00,37.5165525265038,126.92375055514276,9016.0,3.139,1.0,155,90,218,247.0,80.0,7.4,1040.0,624517,1,3.138000011444092
2026-07-10T13:11:10+00:00,37.51653450541198,126.92379623651505,9018.0,3.111,1.0,155,90,217,248.0,79.0,7.4,1030.0,624734,1,3.1110000610351562
2026-07-10T13:11:11+00:00,37.516528302803636,126.92381124012172,9020.0,3.086,1.0,156,90,216,250.0,79.0,7.5,1020.0,624950,1,3.0859999656677246
2026-07-10T13:11:12+00:00,37.51652210019529,126.9238262437284,9022.5,3.028,1.0,156,90,214,251.0,78.0,7.5,1000.0,625164,1,3.0269999504089355
2026-07-10T13:11:13+00:00,37.51651598140597,126.92384124733508,9025.0,2.969,1.0,155,90,213,252.0,78.0,7.5,990.0,625377,1,2.9690001010894775
2026-07-10T13:11:14+00:00,37.51649762503803,126.92388843744993,9027.0,2.9,1.0,156,89,209,253.0,78.0,7.6,970.0,625586,1,2.8989999294281006
2026-07-10T13:11:15+00:00,37.516491673886776,126.9239055365324,9029.0,2.831,1.0,156,89,205,254.0,78.0,7.7,950.0,625791,1,2.8299999237060547
2026-07-10T13:11:16+00:00,37.51648563891649,126.9239227194339,9032.0,2.8,1.0,156,88,200,255.0,78.0,7.7,940.0,625991,1,2.7990000247955322
2026-07-10T13:11:17+00:00,37.51647977158427,126.9239399023354,9035.0,2.769,2.0,156,88,195,257.0,78.0,7.8,940.0,626186,1,2.7690000534057617
2026-07-10T13:11:18+00:00,37.51645973883569,126.92399371415377,9037.5,2.753,2.0,157,87,193,258.0,78.0,7.9,940.0,626379,1,2.752000093460083
2026-07-10T13:11:19+00:00,37.516452027484775,126.92401366308331,9040.0,2.739,2.0,156,86,191,259.0,79.0,8.1,940.0,626570,1,2.73799991607666
2026-07-10T13:11:20+00:00,37.51644439995289,126.92403352819383,9043.0,2.728,2.0,156,86,190,260.0,79.0,8.2,940.0,626760,1,2.7269999980926514
2026-07-10T13:11:21+00:00,37.51643668860197,126.92405339330435,9046.0,2.717,2.0,156,86,189,261.0,79.0,8.3,950.0,626949,1,2.7160000801086426
2026-07-10T13:11:22+00:00,37.51641212962568,126.92412086762488,9049.5,2.756,2.0,156,86,188,261.0,79.0,8.3,960.0,627137,1,2.755000114440918
2026-07-10T13:11:23+00:00,37.51640374772251,126.92414450459182,9053.0,2.794,2.0,156,86,187,262.0,80.0,8.4,970.0,627324,1,2.7939999103546143
2026-07-10T13:11:24+00:00,37.516395365819335,126.9241682253778,9056.5,2.853,2.0,156,87,189,261.0,81.0,8.4,980.0,627513,1,2.8519999980926514
2026-07-10T13:11:25+00:00,37.516387067735195,126.92419194616377,9060.0,2.914,2.0,156,87,192,260.0,82.0,8.5,1000.0,627705,1,2.9130001068115234
2026-07-10T13:11:26+00:00,37.51636242493987,126.92426084540784,9063.0,2.983,2.0,156,88,196,258.0,82.0,8.5,1010.0,627901,1,2.9830000400543213
2026-07-10T13:11:27+00:00,37.51635446213186,126.92428288981318,9066.0,3.053,2.0,156,89,200,256.0,83.0,8.5,1030.0,628101,1,3.052000045776367
2026-07-10T13:11:28+00:00,37.51634658314288,126.92430501803756,9069.5,3.094,2.0,156,89,205,253.0,83.0,8.5,1040.0,628306,1,3.0940001010894775
2026-07-10T13:11:29+00:00,37.516338704153895,126.92432714626193,9073.0,3.136,2.0,157,89,210,250.0,84.0,8.5,1050.0,628516,1,3.135999917984009
2026-07-10T13:11:30+00:00,37.516315234825015,126.92439554259181,9076.0,3.15,2.0,157,89,213,247.0,84.0,8.4,1060.0,628729,1,3.1500000953674316
2026-07-10T13:11:31+00:00,37.51630777493119,126.92441842518747,9079.0,3.164,2.0,157,88,216,245.0,85.0,8.4,1070.0,628945,1,3.1630001068115234
2026-07-10T13:11:32+00:00,37.51630023121834,126.92444130778313,9082.5,3.172,2.0,156,88,217,242.0,86.0,8.4,1070.0,629162,1,3.171999931335449
2026-07-10T13:11:33+00:00,37.51629285514355,126.92446419037879,9086.0,3.183,2.0,155,88,218,240.0,87.0,8.4,1080.0,629380,1,3.183000087738037
2026-07-10T13:11:34+00:00,37.516271732747555,126.92453250288963,9089.0,3.186,2.0,155,88,218,238.0,88.0,8.4,1080.0,629598,1,3.186000108718872
2026-07-10T13:11:35+00:00,37.51626519486308,126.92455505020916,9092.0,3.192,2.0,154,87,219,236.0,89.0,8.4,1090.0,629817,1,3.190999984741211
2026-07-10T13:11:36+00:00,37.516258573159575,126.92457751370966,9095.5,3.203,2.0,154,87,219,233.0,90.0,8.4,1100.0,630036,1,3.2019999027252197
2026-07-10T13:11:37+00:00,37.5162520352751,126.92460014484823,9099.0,3.217,2.0,155,87,220,231.0,92.0,8.5,1110.0,630256,1,3.2160000801086426
2026-07-10T13:11:38+00:00,37.51623384654522,126.92466803826392,9102.0,3.222,2.0,155,87,221,228.0,93.0,8.5,1110.0,630477,1,3.2219998836517334
2026-07-10T13:11:39+00:00,37.51622789539397,126.92469050176442,9105.0,3.231,2.0,155,87,222,225.0,94.0,8.6,1110.0,630699,1,3.2300000190734863
2026-07-10T13:11:40+00:00,37.516221860423684,126.92471313290298,9108.0,3.228,2.0,155,87,222,222.0,94.0,8.6,1110.0,630921,1,3.2269999980926514
2026-07-10T13:11:41+00:00,37.5162158254534,126.92473576404154,9111.0,3.228,2.0,156,87,222,219.0,95.0,8.6,1110.0,631143,1,3.2269999980926514
2026-07-10T13:11:42+00:00,37.51619738526642,126.92480424419045,9114.5,3.225,2.0,156,87,222,216.0,95.0,8.6,1100.0,631365,1,3.2239999771118164
2026-07-10T13:11:43+00:00,37.51619076356292,126.92482779733837,9118.0,3.222,2.0,156,88,222,213.0,96.0,8.7,1100.0,631587,1,3.2219998836517334
2026-07-10T13:11:44+00:00,37.51618414185941,126.92485151812434,9121.0,3.219,2.0,155,88,222,212.0,96.0,8.7,1100.0,631809,1,3.2190001010894775
2026-07-10T13:11:45+00:00,37.51617760397494,126.92487523891032,9124.0,3.219,2.0,155,88,222,211.0,96.0,8.7,1100.0,632031,1,3.2190001010894775
2026-07-10T13:11:46+00:00,37.51615673303604,126.92494765855372,9127.5,3.222,2.0,155,88,222,210.0,96.0,8.7,1090.0,632253,1,3.2219998836517334
2026-07-10T13:11:47+00:00,37.516150027513504,126.92497246898711,9131.0,3.225,2.0,155,89,222,210.0,97.0,8.8,1090.0,632475,1,3.2239999771118164
2026-07-10T13:11:48+00:00,37.51614348962903,126.92499719560146,9134.5,3.233,2.0,155,89,222,210.0,97.0,8.8,1090.0,632697,1,3.2330000400543213
2026-07-10T13:11:49+00:00,37.516136867925525,126.92502200603485,9138.0,3.242,2.0,155,89,222,210.0,98.0,8.9,1090.0,632919,1,3.240999937057495
2026-07-10T13:11:50+00:00,37.51611666753888,126.92509786225855,9141.5,3.247,2.0,155,89,222,210.0,98.0,8.9,1090.0,633141,1,3.246999979019165
2026-07-10T13:11:51+00:00,37.516109962016344,126.92512359470129,9145.0,3.256,2.0,156,89,223,210.0,99.0,9.0,1100.0,633364,1,3.255000114440918
2026-07-10T13:11:52+00:00,37.51610334031284,126.92514941096306,9149.0,3.264,2.0,155,89,224,209.0,99.0,9.0,1100.0,633588,1,3.263000011444092
2026-07-10T13:11:53+00:00,37.516096802428365,126.92517531104386,9153.0,3.272,2.0,156,89,225,209.0,99.0,9.0,1100.0,633813,1,3.2720000743865967
2026-07-10T13:11:54+00:00,37.51607609912753,126.92525343038142,9156.5,3.281,2.0,156,89,225,208.0,98.0,9.0,1100.0,634038,1,3.2799999713897705
2026-07-10T13:11:55+00:00,37.51606905832887,126.92527916282415,9160.0,3.292,2.0,156,89,225,208.0,98.0,9.0,1110.0,634263,1,3.2909998893737793
2026-07-10T13:11:56+00:00,37.516062101349235,126.92530481144786,9163.5,3.306,2.0,156,89,226,207.0,98.0,8.9,1110.0,634489,1,3.305000066757202
2026-07-10T13:11:57+00:00,37.51605506055057,126.9253305438906,9167.0,3.322,2.0,156,89,227,207.0,98.0,8.9,1110.0,634716,1,3.322000026702881
2026-07-10T13:11:58+00:00,37.516038632020354,126.92540514282882,9170.5,3.339,2.0,156,89,228,206.0,97.0,8.8,1110.0,634944,1,3.3380000591278076
2026-07-10T13:11:59+00:00,37.51603435724974,126.92542894743383,9174.0,3.356,2.0,156,90,229,206.0,97.0,8.7,1120.0,635173,1,3.3550000190734863
2026-07-10T13:12:00+00:00,37.51603008247912,126.92545283585787,9177.0,3.361,2.0,156,90,230,205.0,96.0,8.6,1120.0,635403,1,3.3610000610351562
2026-07-10T13:12:01+00:00,37.51602589152753,126.9254767242819,9180.0,3.369,2.0,156,90,231,205.0,96.0,8.6,1120.0,635634,1,3.36899995803833
2026-07-10T13:12:02+00:00,37.51601348631084,126.92554486915469,9183.0,3.375,2.0,157,90,231,205.0,95.0,8.5,1120.0,635865,1,3.374000072479248
2026-07-10T13:12:03+00:00,37.516008624807,126.92556733265519,9186.0,3.381,2.0,157,90,232,205.0,94.0,8.4,1130.0,636097,1,3.380000114440918
2026-07-10T13:12:04+00:00,37.51600384712219,126.92558979615569,9189.0,3.381,2.0,157,90,232,205.0,93.0,8.3,1120.0,636329,1,3.380000114440918
2026-07-10T13:12:05+00:00,37.515999153256416,126.92561234347522,9192.0,3.381,2.0,156,90,233,205.0,93.0,8.3,1120.0,636562,1,3.380000114440918
2026-07-10T13:12:06+00:00,37.51598255708814,126.92568090744317,9195.5,3.375,2.0,156,90,233,205.0,92.0,8.2,1120.0,636795,1,3.374000072479248
2026-07-10T13:12:07+00:00,37.515976605936885,126.92570370621979,9199.0,3.372,2.0,156,90,233,205.0,92.0,8.2,1120.0,637028,1,3.371999979019165
2026-07-10T13:12:08+00:00,37.5159705709666,126.92572667263448,9202.0,3.367,2.0,156,90,232,204.0,92.0,8.2,1110.0,637260,1,3.365999937057495
2026-07-10T13:12:09+00:00,37.51596453599632,126.92574955523014,9205.0,3.361,2.0,156,90,232,204.0,92.0,8.2,1110.0,637492,1,3.3610000610351562
2026-07-10T13:12:10+00:00,37.515946263447404,126.92581954412162,9208.5,3.358,2.0,156,90,231,204.0,92.0,8.2,1110.0,637723,1,3.3580000400543213
2026-07-10T13:12:11+00:00,37.51594064757228,126.92584435455501,9212.0,3.356,2.0,156,90,231,204.0,92.0,8.2,1110.0,637954,1,3.3550000190734863
2026-07-10T13:12:12+00:00,37.515935031697154,126.9258691649884,9215.5,3.344,2.0,158,90,231,204.0,92.0,8.2,1110.0,638185,1,3.3440001010894775
2026-07-10T13:12:13+00:00,37.51592949964106,126.92589405924082,9219.0,3.336,2.0,158,90,231,204.0,92.0,8.2,1110.0,638416,1,3.3359999656677246
2026-07-10T13:12:14+00:00,37.51591323874891,126.92596991546452,9222.5,3.333,2.0,159,90,230,204.0,91.0,8.2,1110.0,638646,1,3.3329999446868896
2026-07-10T13:12:15+00:00,37.5159084610641,126.9259952288121,9226.0,3.333,2.0,159,90,230,204.0,91.0,8.2,1110.0,638876,1,3.3329999446868896
2026-07-10T13:12:16+00:00,37.515903767198324,126.92602062597871,9229.0,3.333,2.0,159,90,229,204.0,91.0,8.2,1110.0,639105,1,3.3329999446868896
2026-07-10T13:12:17+00:00,37.51589907333255,126.92604602314532,9232.0,3.336,2.0,159,90,229,205.0,91.0,8.2,1110.0,639334,1,3.3359999656677246
2026-07-10T13:12:18+00:00,37.51588884741068,126.9261215440929,9235.5,3.336,2.0,159,89,229,205.0,91.0,8.2,1110.0,639563,1,3.3359999656677246
2026-07-10T13:12:19+00:00,37.5158859975636,126.92614635452628,9239.0,3.339,2.0,160,89,230,206.0,91.0,8.2,1120.0,639793,1,3.3380000591278076
2026-07-10T13:12:20+00:00,37.51588306389749,126.9261712487787,9242.5,3.339,2.0,160,89,230,206.0,91.0,8.1,1120.0,640023,1,3.3380000591278076
2026-07-10T13:12:21+00:00,37.51588013023138,126.92619614303112,9246.0,3.342,2.0,160,89,230,206.0,91.0,8.1,1120.0,640253,1,3.3410000801086426
2026-07-10T13:12:22+00:00,37.51587074249983,126.92627099342644,9249.5,3.342,2.0,160,89,230,206.0,91.0,8.1,1110.0,640483,1,3.3410000801086426
2026-07-10T13:12:23+00:00,37.5158669706434,126.92629555240273,9253.0,3.342,2.0,160,90,230,207.0,91.0,8.1,1110.0,640713,1,3.3410000801086426
2026-07-10T13:12:24+00:00,37.515863198786974,126.92632011137903,9256.0,3.342,2.0,161,89,230,207.0,91.0,8.1,1110.0,640943,1,3.3410000801086426
2026-07-10T13:12:25+00:00,37.51585942693055,126.92634475417435,9259.0,3.344,2.0,161,89,230,207.0,91.0,8.1,1120.0,641173,1,3.3440001010894775
2026-07-10T13:12:26+00:00,37.51584534533322,126.9264162518084,9262.5,3.342,2.0,161,89,230,207.0,90.0,8.0,1120.0,641403,1,3.3410000801086426
2026-07-10T13:12:27+00:00,37.515840232372284,126.92643972113729,9266.0,3.339,2.0,161,89,230,208.0,90.0,8.0,1120.0,641633,1,3.3380000591278076
2026-07-10T13:12:28+00:00,37.51583520323038,126.92646319046617,9269.0,3.336,2.0,162,89,230,208.0,89.0,7.9,1120.0,641863,1,3.3359999656677246
2026-07-10T13:12:29+00:00,37.515830090269446,126.92648682743311,9272.0,3.336,2.0,162,89,230,208.0,89.0,7.9,1120.0,642093,1,3.3359999656677246
2026-07-10T13:12:30+00:00,37.51581609249115,126.92655924707651,9275.5,3.333,2.0,162,89,230,208.0,88.0,7.8,1120.0,642323,1,3.3329999446868896
2026-07-10T13:12:31+00:00,37.51581257209182,126.92658372223377,9279.0,3.331,2.0,161,89,230,209.0,88.0,7.8,1120.0,642553,1,3.3299999237060547
2026-07-10T13:12:32+00:00,37.51580913551152,126.9266083650291,9282.0,3.328,2.0,162,89,229,209.0,87.0,7.8,1120.0,642782,1,3.3269999027252197
2026-07-10T13:12:33+00:00,37.51580578275025,126.92663292400539,9285.0,3.328,2.0,161,89,229,209.0,87.0,7.8,1120.0,643011,1,3.3269999027252197
2026-07-10T13:12:34+00:00,37.51579622738063,126.9267069362104,9288.5,3.322,2.0,161,89,229,209.0,87.0,7.8,1120.0,643240,1,3.322000026702881
2026-07-10T13:12:35+00:00,37.515792371705174,126.92673166282475,9292.0,3.317,2.0,160,89,229,209.0,87.0,7.8,1120.0,643469,1,3.315999984741211
2026-07-10T13:12:36+00:00,37.51578859984875,126.92675647325814,9295.5,3.314,2.0,160,89,229,209.0,87.0,7.8,1120.0,643698,1,3.312999963760376
2026-07-10T13:12:37+00:00,37.51578474417329,126.9267811998725,9299.0,3.311,2.0,160,89,229,209.0,87.0,7.8,1120.0,643927,1,3.311000108718872
2026-07-10T13:12:38+00:00,37.515769992023706,126.92685563117266,9302.5,3.311,2.0,160,89,228,209.0,87.0,7.8,1120.0,644155,1,3.311000108718872
2026-07-10T13:12:39+00:00,37.51576487906277,126.92687985487282,9306.0,3.314,2.0,160,89,228,209.0,87.0,7.8,1120.0,644383,1,3.312999963760376
2026-07-10T13:12:40+00:00,37.51575976610184,126.92690399475396,9309.0,3.317,2.0,160,89,228,209.0,87.0,7.8,1110.0,644611,1,3.315999984741211
2026-07-10T13:12:41+00:00,37.5157546531409,126.92692821845412,9312.0,3.322,2.0,160,89,228,210.0,87.0,7.8,1110.0,644839,1,3.322000026702881
2026-07-10T13:12:42+00:00,37.515741158276796,126.92700239829719,9315.5,3.322,2.0,160,89,228,210.0,87.0,7.8,1110.0,645067,1,3.322000026702881
2026-07-10T13:12:43+00:00,37.51573705114424,126.9270280469209,9319.0,3.325,2.0,161,89,229,210.0,87.0,7.8,1110.0,645296,1,3.325000047683716
2026-07-10T13:12:44+00:00,37.51573302783072,126.92705361172557,9322.5,3.325,2.0,161,89,229,210.0,87.0,7.8,1110.0,645525,1,3.325000047683716
2026-07-10T13:12:45+00:00,37.51572908833623,126.92707926034927,9326.0,3.328,2.0,161,89,229,210.0,88.0,7.9,1120.0,645754,1,3.3269999027252197
2026-07-10T13:12:46+00:00,37.51571877859533,126.92715830169618,9329.5,3.328,2.0,161,89,229,210.0,88.0,7.9,1120.0,645983,1,3.3269999027252197
2026-07-10T13:12:47+00:00,37.51571584492922,126.92718445323408,9333.0,3.331,2.0,162,89,229,210.0,89.0,7.9,1120.0,646212,1,3.3299999237060547
2026-07-10T13:12:48+00:00,37.51571299508214,126.92721052095294,9336.5,3.331,2.0,163,89,229,210.0,89.0,7.9,1120.0,646441,1,3.3299999237060547
2026-07-10T13:12:49+00:00,37.51571006141603,126.92723667249084,9340.0,3.331,2.0,163,89,229,210.0,89.0,8.0,1120.0,646670,1,3.3299999237060547
2026-07-10T13:12:50+00:00,37.51570327207446,126.92731361836195,9343.5,3.331,2.0,163,89,229,210.0,89.0,7.9,1120.0,646899,1,3.3299999237060547
2026-07-10T13:12:51+00:00,37.51570142805576,126.92733935080469,9347.0,3.333,2.0,163,89,229,210.0,89.0,7.9,1120.0,647128,1,3.3329999446868896
2026-07-10T13:12:52+00:00,37.51569975167513,126.92736499942839,9350.0,3.333,2.0,163,89,229,210.0,88.0,7.8,1120.0,647357,1,3.3329999446868896
2026-07-10T13:12:53+00:00,37.515698075294495,126.92739073187113,9353.0,3.336,2.0,163,89,229,211.0,88.0,7.8,1120.0,647586,1,3.3359999656677246
2026-07-10T13:12:54+00:00,37.51569489017129,126.92746792919934,9356.5,3.336,2.0,163,89,229,211.0,87.0,7.8,1120.0,647815,1,3.3359999656677246
2026-07-10T13:12:55+00:00,37.51569639891386,126.92749315872788,9360.0,3.339,2.0,163,90,230,211.0,87.0,7.8,1120.0,648045,1,3.3380000591278076
2026-07-10T13:12:56+00:00,37.51569790765643,126.92751847207546,9363.5,3.344,2.0,163,89,230,211.0,86.0,7.7,1120.0,648275,1,3.3440001010894775
2026-07-10T13:12:57+00:00,37.515699500218034,126.92754370160401,9367.0,3.35,2.0,162,89,230,211.0,86.0,7.7,1120.0,648505,1,3.3499999046325684
2026-07-10T13:12:58+00:00,37.51570989377797,126.92761385813355,9370.0,3.35,2.0,163,89,230,211.0,85.0,7.6,1120.0,648735,1,3.3499999046325684
2026-07-10T13:12:59+00:00,37.51571240834892,126.92763657309115,9373.0,3.35,2.0,162,90,231,211.0,85.0,7.6,1120.0,648966,1,3.3499999046325684
2026-07-10T13:13:00+00:00,37.5157150067389,126.92765920422971,9376.0,3.35,2.0,162,89,231,211.0,84.0,7.5,1120.0,649197,1,3.3499999046325684
2026-07-10T13:13:01+00:00,37.515717605128884,126.92768200300634,9379.0,3.35,2.0,162,89,231,211.0,84.0,7.5,1120.0,649428,1,3.3499999046325684
2026-07-10T13:13:02+00:00,37.51572129316628,126.92774696275592,9382.0,3.35,2.0,162,89,231,210.0,83.0,7.4,1120.0,649659,1,3.3499999046325684
2026-07-10T13:13:03+00:00,37.515722550451756,126.92776716314256,9385.0,3.35,2.0,162,89,231,210.0,83.0,7.4,1130.0,649890,1,3.3499999046325684
2026-07-10T13:13:04+00:00,37.515723975375295,126.9277873635292,9387.5,3.35,2.0,162,89,231,210.0,83.0,7.4,1120.0,650121,1,3.3499999046325684
2026-07-10T13:13:05+00:00,37.515725400298834,126.92780764773488,9390.0,3.35,2.0,162,90,231,210.0,83.0,7.4,1120.0,650352,1,3.3499999046325684
2026-07-10T13:13:06+00:00,37.51572389155626,126.9278616271913,9392.0,3.35,2.0,162,89,231,209.0,83.0,7.4,1120.0,650583,1,3.3499999046325684
2026-07-10T13:13:07+00:00,37.51572179608047,126.92787461914122,9394.0,3.35,2.0,162,89,231,209.0,83.0,7.4,1130.0,650814,1,3.3499999046325684
2026-07-10T13:13:08+00:00,37.51571970060468,126.92788761109114,9395.5,3.347,2.0,162,90,231,209.0,83.0,7.4,1110.0,651045,1,3.3469998836517334
2026-07-10T13:13:09+00:00,37.515717605128884,126.92790077067912,9397.0,3.347,2.0,162,91,231,209.0,84.0,7.5,1100.0,651276,1,3.3469998836517334
2026-07-10T13:13:10+00:00,,,9397.5,3.339,2.0,162,91,231,208.0,84.0,7.5,1090.0,651507,1,3.3380000591278076
2026-07-10T13:13:11+00:00,,,9398.0,3.331,2.0,162,92,231,207.0,84.0,7.6,1090.0,651738,1,3.3299999237060547
2026-07-10T13:13:12+00:00,,,9398.0,3.322,2.0,162,91,230,206.0,84.0,7.6,1090.0,651968,1,3.322000026702881
2026-07-10T13:13:13+00:00,,,9398.0,3.314,2.0,162,91,229,206.0,85.0,7.6,1090.0,652197,1,3.312999963760376
2026-07-10T13:13:14+00:00,,,9398.0,3.311,2.0,162,89,228,206.0,85.0,7.6,1100.0,652425,1,3.311000108718872
2026-07-10T13:13:15+00:00,,,9398.0,3.311,2.0,162,87,228,206.0,86.0,7.7,1120.0,652653,1,3.311000108718872
2026-07-10T13:13:16+00:00,,,9398.0,3.311,2.0,162,86,228,206.0,87.0,7.8,1140.0,652881,1,3.311000108718872
2026-07-10T13:13:17+00:00,37.51571794040501,126.92793035879731,9398.0,3.311,2.0,162,84,228,206.0,88.0,7.9,1160.0,653109,1,3.311000108718872
2026-07-10T13:13:18+00:00,37.51572196371853,126.92795139737427,9398.0,3.311,2.0,162,83,228,206.0,89.0,7.9,1180.0,653337,1,3.311000108718872
2026-07-10T13:13:19+00:00,37.51572330482304,126.9279567617923,9398.0,3.311,2.0,162,82,228,207.0,90.0,8.0,1200.0,653565,1,3.311000108718872
2026-07-10T13:13:20+00:00,37.51572456210852,126.9279620423913,9400.5,2.889,2.0,163,81,228,208.0,91.0,8.1,1050.0,653793,1,2.936000108718872
2026-07-10T13:13:21+00:00,37.515725903213024,126.9279673229903,9403.0,2.469,2.0,163,81,228,209.0,93.0,8.3,910.0,654021,1,2.562999963760376
2026-07-10T13:13:22+00:00,37.515729339793324,126.92798316478729,9403.5,2.108,2.0,163,81,203,212.0,93.0,8.7,770.0,654224,1,2.187999963760376
2026-07-10T13:13:23+00:00,37.51573042944074,126.92798936739564,9404.0,1.747,2.0,163,81,178,216.0,94.0,9.1,640.0,654402,1,1.815999984741211
2026-07-10T13:13:24+00:00,37.51573160290718,126.92799557000399,9405.0,1.719,2.0,163,82,152,219.0,94.0,9.6,630.0,654554,1,1.937999963760376
2026-07-10T13:13:25+00:00,37.51573269255459,126.92800177261233,9406.0,1.692,3.0,163,82,126,223.0,95.0,10.1,620.0,654680,1,2.062999963760376
2026-07-10T13:13:26+00:00,37.51573646441102,126.92802431993186,9407.0,1.675,3.0,163,82,136,227.0,95.0,10.8,610.0,654816,1,2.0439999103546143
2026-07-10T13:13:27+00:00,37.51573855988681,126.928032618016,9408.0,1.658,4.0,163,82,147,231.0,95.0,11.5,600.0,654963,1,2.0269999504089355
2026-07-10T13:13:28+00:00,37.51574073918164,126.92804091610014,9409.5,1.642,4.0,163,81,145,235.0,95.0,12.4,600.0,655108,1,2.255000114440918
2026-07-10T13:13:29+00:00,37.515743002295494,126.92804929800332,9411.0,1.628,5.0,161,81,144,239.0,95.0,13.4,600.0,655252,1,2.4860000610351562
2026-07-10T13:13:30+00:00,37.51575406640768,126.92807327024639,9412.0,1.606,5.0,161,80,160,244.0,95.0,14.5,600.0,655412,1,2.447000026702881
2026-07-10T13:13:31+00:00,37.51575884409249,126.92807796411216,9413.0,1.583,5.0,161,79,177,250.0,96.0,15.6,600.0,655589,1,2.4079999923706055
2026-07-10T13:13:32+00:00,37.51576370559633,126.92808265797794,9414.0,1.564,5.0,161,78,174,255.0,96.0,15.8,590.0,655763,1,2.752000093460083
2026-07-10T13:13:33+00:00,37.51576856710017,126.92808743566275,9415.0,1.544,6.0,161,78,172,261.0,97.0,16.1,590.0,655935,1,3.0989999771118164
2026-07-10T13:13:34+00:00,37.5157823972404,126.92808986641467,9416.0,1.511,6.0,160,78,190,266.0,97.0,16.2,580.0,656125,1,3.0380001068115234
2026-07-10T13:13:35+00:00,37.51578248105943,126.92808760330081,9417.0,1.478,7.0,160,78,209,271.0,98.0,16.4,570.0,656334,1,2.9800000190734863
2026-07-10T13:13:36+00:00,37.515782564878464,126.92808542400599,9417.0,1.442,7.0,160,79,205,276.0,98.0,16.6,550.0,656539,1,3.3359999656677246
2026-07-10T13:13:37+00:00,37.515782648697495,126.92808332853019,9417.0,1.406,8.0,160,80,201,281.0,98.0,16.8,530.0,656740,1,3.694000005722046
2026-07-10T13:13:38+00:00,37.515765968710184,126.92807042039931,9418.5,1.369,8.0,160,81,218,285.0,97.0,17.0,510.0,656958,1,3.6019999980926514
2026-07-10T13:13:39+00:00,37.51575599424541,126.92806396633387,9420.0,1.336,8.0,160,82,235,289.0,97.0,17.2,500.0,657193,1,3.510999917984009
2026-07-10T13:13:40+00:00,37.51574610359967,126.92805742844939,9422.5,1.297,8.0,161,82,229,292.0,96.0,17.6,480.0,657422,1,3.86299991607666
2026-07-10T13:13:41+00:00,37.51573612913489,126.92805105820298,9425.0,1.261,9.0,161,82,224,296.0,96.0,18.0,460.0,657646,1,4.218999862670898
2026-07-10T13:13:42+00:00,37.51569832675159,126.92802641540766,9427.5,1.4,9.0,161,82,240,296.0,96.0,18.2,510.0,657886,1,4.685999870300293
2026-07-10T13:13:43+00:00,37.51568424515426,126.92801635712385,9430.0,1.542,9.0,161,82,256,297.0,96.0,18.4,560.0,658142,1,5.15500020980835
2026-07-10T13:13:44+00:00,37.51567016355693,126.92800621502101,9432.5,1.644,9.0,160,82,284,297.0,96.0,18.2,590.0,658426,1,4.86899995803833
2026-07-10T13:13:45+00:00,37.515656081959605,126.92799615673721,9435.0,1.75,10.0,160,83,313,298.0,96.0,18.1,630.0,658739,1,4.583000183105469
2026-07-10T13:13:46+00:00,37.51560855656862,126.9279617909342,9438.0,1.867,10.0,160,83,302,297.0,96.0,17.6,670.0,659041,1,4.882999897003174
2026-07-10T13:13:47+00:00,37.515591541305184,126.92795005626976,9441.0,1.983,10.0,160,84,292,297.0,97.0,17.2,710.0,659333,1,5.185999870300293
2026-07-10T13:13:48+00:00,37.51557469367981,126.9279382377863,9444.5,2.106,10.0,159,84,311,296.0,97.0,16.5,740.0,659644,1,4.718999862670898
2026-07-10T13:13:49+00:00,37.5155577622354,126.92792641930282,9448.0,2.228,11.0,159,85,331,295.0,97.0,15.8,780.0,659975,1,4.251999855041504
2026-07-10T13:13:50+00:00,37.51550579443574,126.92789180204272,9451.0,2.333,11.0,158,86,310,292.0,97.0,14.9,810.0,660285,1,4.452000141143799
2026-07-10T13:13:51+00:00,37.515488527715206,126.92788015119731,9454.0,2.439,11.0,157,87,290,289.0,97.0,14.1,840.0,660575,1,4.6519999504089355
2026-07-10T13:13:52+00:00,37.515471428632736,126.92786841653287,9457.5,2.506,11.0,158,87,303,285.0,97.0,13.5,860.0,660878,1,4.198999881744385
2026-07-10T13:13:53+00:00,37.515454329550266,126.9278568495065,9461.0,2.572,11.0,158,87,317,282.0,97.0,12.9,880.0,661195,1,3.746999979019165
2026-07-10T13:13:54+00:00,37.515403032302856,126.92782189697027,9464.0,2.614,11.0,157,87,292,278.0,97.0,12.4,890.0,661487,1,3.811000108718872
2026-07-10T13:13:55+00:00,37.51538618467748,126.92781100049615,9467.0,2.658,11.0,157,88,267,275.0,97.0,11.9,910.0,661754,1,3.877000093460083
2026-07-10T13:13:56+00:00,37.515369253233075,126.92780027166009,9470.0,2.697,11.0,157,88,272,271.0,96.0,11.5,920.0,662026,1,3.686000108718872
2026-07-10T13:13:57+00:00,37.51535248942673,126.927789459005,9473.0,2.736,11.0,158,88,277,267.0,96.0,11.2,930.0,662303,1,3.49399995803833
2026-07-10T13:13:58+00:00,37.51530203036964,126.9277580268681,9476.5,2.756,11.0,158,88,263,263.0,95.0,10.9,930.0,662566,1,3.5190000534057617
2026-07-10T13:13:59+00:00,37.515285182744265,126.92774813622236,9480.0,2.778,11.0,158,89,249,259.0,95.0,10.7,940.0,662815,1,3.5439999103546143
2026-07-10T13:14:00+00:00,37.51526825129986,126.92773824557662,9483.0,2.8,11.0,158,89,250,255.0,94.0,10.5,940.0,663065,1,3.427000045776367
2026-07-10T13:14:01+00:00,37.515251487493515,126.92772835493088,9486.0,2.825,11.0,158,89,252,252.0,94.0,10.3,950.0,663317,1,3.311000108718872
2026-07-10T13:14:02+00:00,37.51520027406514,126.9276998564601,9489.0,2.839,11.0,158,88,243,248.0,94.0,10.1,960.0,663560,1,3.322000026702881
2026-07-10T13:14:03+00:00,37.5151830073446,126.92769004963338,9492.0,2.853,11.0,158,88,234,245.0,94.0,10.0,970.0,663794,1,3.3359999656677246
2026-07-10T13:14:04+00:00,37.51516565680504,126.92768024280667,9495.5,2.864,11.0,158,88,235,242.0,94.0,9.9,970.0,664029,1,3.2190001010894775
2026-07-10T13:14:05+00:00,37.515148390084505,126.927670519799,9499.0,2.878,11.0,158,88,236,239.0,94.0,9.9,980.0,664265,1,3.1050000190734863
2026-07-10T13:14:06+00:00,37.51509826630354,126.92764051258564,9502.0,2.889,11.0,159,88,226,236.0,94.0,9.8,980.0,664491,1,3.115999937057495
2026-07-10T13:14:07+00:00,37.51508259214461,126.9276306219399,9505.0,2.903,11.0,159,89,217,234.0,94.0,9.7,980.0,664708,1,3.127000093460083
2026-07-10T13:14:08+00:00,37.515066834166646,126.92762081511319,9507.5,2.911,11.0,159,89,218,232.0,93.0,9.6,980.0,664926,1,3.0769999027252197
2026-07-10T13:14:09+00:00,37.515051160007715,126.92761100828648,9510.0,2.922,11.0,159,89,219,230.0,93.0,9.6,980.0,665145,1,3.0299999713897705
2026-07-10T13:14:10+00:00,37.51500606536865,126.92758033052087,9513.0,2.925,11.0,160,88,215,229.0,93.0,9.5,980.0,665360,1,2.9800000190734863
2026-07-10T13:14:11+00:00,37.5149913970381,126.92756909877062,9516.0,2.931,11.0,160,88,211,228.0,93.0,9.5,990.0,665571,1,2.930000066757202
2026-07-10T13:14:12+00:00,37.51497664488852,126.92755803465843,9519.0,2.964,11.0,160,87,211,227.0,93.0,9.4,1010.0,665782,1,2.9630000591278076
2026-07-10T13:14:13+00:00,37.51496197655797,126.92754697054625,9522.0,2.997,11.0,160,87,211,227.0,93.0,9.4,1030.0,665993,1,2.996999979019165
2026-07-10T13:14:14+00:00,37.51491797156632,126.92751151509583,9525.0,3.039,11.0,160,87,209,226.0,93.0,9.3,1040.0,666202,1,3.0380001068115234
2026-07-10T13:14:15+00:00,37.514902632683516,126.92750036716461,9528.0,3.081,11.0,160,87,207,226.0,94.0,9.3,1060.0,666409,1,3.0799999237060547
2026-07-10T13:14:16+00:00,37.51488737761974,126.9274892192334,9531.0,3.067,11.0,160,86,209,226.0,94.0,9.3,1060.0,666618,1,3.065999984741211
2026-07-10T13:14:17+00:00,37.514872206375,126.92747815512121,9534.0,3.053,11.0,160,86,212,226.0,95.0,9.3,1060.0,666830,1,3.052000045776367
2026-07-10T13:14:18+00:00,37.51482526771724,126.92744345404208,9537.0,3.047,11.0,160,86,211,226.0,95.0,9.2,1050.0,667041,1,3.046999931335449
2026-07-10T13:14:19+00:00,37.514811186119914,126.92742886953056,9540.0,3.042,11.0,160,86,210,227.0,96.0,9.2,1050.0,667251,1,3.0409998893737793
2026-07-10T13:14:20+00:00,37.514797104522586,126.92741420120001,9543.0,3.039,11.0,160,86,209,227.0,96.0,9.2,1050.0,667460,1,3.0380001068115234
2026-07-10T13:14:21+00:00,37.51478310674429,126.92739961668849,9546.0,3.036,11.0,161,86,209,227.0,96.0,9.2,1050.0,667669,1,3.0360000133514404
2026-07-10T13:14:22+00:00,37.514748238027096,126.92734664306045,9549.0,3.039,11.0,161,86,209,227.0,96.0,9.1,1050.0,667878,1,3.0380001068115234
2026-07-10T13:14:23+00:00,37.514737425372005,126.92732862196863,9552.0,3.044,11.0,161,87,209,227.0,96.0,9.1,1050.0,668087,1,3.0439999103546143
2026-07-10T13:14:24+00:00,37.51472678035498,126.92731060087681,9555.0,3.047,11.0,161,87,209,227.0,96.0,9.1,1050.0,668296,1,3.046999931335449
2026-07-10T13:14:25+00:00,37.51471605151892,126.92729266360402,9558.0,3.053,11.0,161,87,209,227.0,96.0,9.1,1050.0,668505,1,3.052000045776367
2026-07-10T13:14:26+00:00,37.51468093134463,126.92724421620369,9560.5,3.053,11.0,160,86,209,227.0,96.0,9.1,1050.0,668714,1,3.052000045776367
2026-07-10T13:14:27+00:00,37.51466735266149,126.92723030224442,9563.0,3.056,11.0,160,86,210,228.0,96.0,9.1,1060.0,668924,1,3.055000066757202
2026-07-10T13:14:28+00:00,37.514653857797384,126.92721647210419,9566.0,3.05,11.0,161,86,210,228.0,96.0,9.1,1050.0,669134,1,3.0490000247955322
2026-07-10T13:14:29+00:00,37.51464036293328,126.92720264196396,9569.0,3.047,11.0,161,87,211,228.0,96.0,9.1,1050.0,669345,1,3.046999931335449
2026-07-10T13:14:30+00:00,37.51459484919906,126.92716911435127,9572.0,3.042,11.0,161,87,210,228.0,96.0,9.1,1050.0,669555,1,3.0409998893737793
2026-07-10T13:14:31+00:00,37.51457875594497,126.92716039717197,9575.0,3.039,11.0,161,87,210,228.0,96.0,9.2,1050.0,669765,1,3.0380001068115234
2026-07-10T13:14:32+00:00,37.51456266269088,126.92715184763074,9578.0,3.036,11.0,161,87,209,227.0,96.0,9.2,1050.0,669974,1,3.0360000133514404
2026-07-10T13:14:33+00:00,37.51454665325582,126.92714321427047,9581.0,3.033,11.0,161,87,209,227.0,96.0,9.2,1050.0,670183,1,3.0329999923706055
2026-07-10T13:14:34+00:00,37.5144974514842,126.92711806856096,9584.0,3.028,11.0,161,87,209,226.0,96.0,9.2,1040.0,670392,1,3.0269999504089355
2026-07-10T13:14:35+00:00,37.514482447877526,126.92710717208683,9587.0,3.025,11.0,161,87,209,226.0,97.0,9.2,1040.0,670601,1,3.0250000953674316
2026-07-10T13:14:36+00:00,37.51446744427085,126.92709619179368,9590.0,3.022,11.0,161,87,209,225.0,97.0,9.2,1040.0,670810,1,3.0220000743865967
2026-07-10T13:14:37+00:00,37.514452608302236,126.92708529531956,9593.0,3.019,11.0,162,87,209,225.0,97.0,9.2,1040.0,671019,1,3.0190000534057617
2026-07-10T13:14:38+00:00,37.514414973556995,126.92704330198467,9595.5,3.017,11.0,162,87,208,224.0,97.0,9.2,1030.0,671227,1,3.0160000324249268
2026-07-10T13:14:39+00:00,37.51440357416868,126.92702662199736,9598.0,3.017,11.0,161,87,208,224.0,97.0,9.3,1030.0,671435,1,3.0160000324249268
2026-07-10T13:14:40+00:00,37.5143922585994,126.92700994201005,9601.0,3.014,11.0,162,87,208,223.0,97.0,9.3,1030.0,671643,1,3.013000011444092
2026-07-10T13:14:41+00:00,37.51438094303012,126.92699334584177,9604.0,3.011,11.0,162,88,208,222.0,98.0,9.4,1030.0,671851,1,3.010999917984009
2026-07-10T13:14:42+00:00,37.514344649389386,126.92694213241339,9607.0,3.008,11.0,162,87,207,222.0,98.0,9.4,1030.0,672058,1,3.007999897003174
2026-07-10T13:14:43+00:00,37.514330903068185,126.92692670971155,9610.0,3.006,11.0,162,87,207,222.0,98.0,9.5,1030.0,672265,1,3.005000114440918
2026-07-10T13:14:44+00:00,37.51431707292795,126.92691145464778,9613.5,3.006,11.0,162,87,207,221.0,98.0,9.5,1030.0,672472,1,3.005000114440918
2026-07-10T13:14:45+00:00,37.51430332660675,126.92689611576498,9617.0,3.006,11.0,162,87,207,221.0,99.0,9.6,1030.0,672679,1,3.005000114440918
2026-07-10T13:14:46+00:00,37.51425722613931,126.92685814574361,9620.0,3.003,11.0,162,87,207,221.0,98.0,9.5,1030.0,672886,1,3.002000093460083
2026-07-10T13:14:47+00:00,37.514240965247154,126.92684699781239,9623.0,3.0,11.0,162,87,207,221.0,98.0,9.5,1030.0,673093,1,3.0
2026-07-10T13:14:48+00:00,37.51422478817403,126.9268359337002,9626.0,3.0,11.0,162,87,207,221.0,97.0,9.4,1030.0,673300,1,3.0
2026-07-10T13:14:49+00:00,37.51420852728188,126.92682495340705,9629.0,3.0,11.0,162,87,207,221.0,97.0,9.4,1030.0,673507,1,3.0
2026-07-10T13:14:50+00:00,37.5141575653106,126.92679519765079,9632.0,3.0,11.0,162,87,207,221.0,96.0,9.3,1030.0,673714,1,3.0
2026-07-10T13:14:51+00:00,37.514140130952,126.92678564228117,9635.0,3.003,11.0,162,87,207,221.0,96.0,9.3,1030.0,673921,1,3.002000093460083
2026-07-10T13:14:52+00:00,37.514122780412436,126.92677617073059,9638.5,3.003,11.0,162,87,207,221.0,95.0,9.2,1030.0,674128,1,3.002000093460083
2026-07-10T13:14:53+00:00,37.51410534605384,126.92676661536098,9642.0,3.006,11.0,162,86,207,222.0,95.0,9.2,1040.0,674335,1,3.005000114440918
2026-07-10T13:14:54+00:00,37.514054803177714,126.9267373625189,9644.5,3.008,10.0,162,86,207,222.0,94.0,9.2,1040.0,674542,1,3.007999897003174
2026-07-10T13:14:55+00:00,37.514038207009435,126.9267275556922,9647.0,3.011,10.0,162,86,207,223.0,94.0,9.2,1040.0,674749,1,3.010999917984009
2026-07-10T13:14:56+00:00,37.51402169466019,126.92671774886549,9650.0,3.014,10.0,162,86,207,223.0,94.0,9.1,1040.0,674956,1,3.013000011444092
2026-07-10T13:14:57+00:00,37.51400518231094,126.9267080258578,9653.0,3.017,10.0,162,87,207,224.0,94.0,9.1,1040.0,675163,1,3.0160000324249268
2026-07-10T13:14:58+00:00,37.51395556144416,126.92668086849153,9656.0,3.017,10.0,162,86,207,224.0,94.0,9.0,1050.0,675370,1,3.0160000324249268
2026-07-10T13:14:59+00:00,37.51393770799041,126.92667466588318,9659.0,3.019,10.0,162,85,208,225.0,94.0,9.0,1060.0,675578,1,3.0190000534057617
2026-07-10T13:15:00+00:00,37.51391977071762,126.92666854709387,9662.5,3.019,10.0,162,85,208,225.0,94.0,9.0,1060.0,675786,1,3.0190000534057617
2026-07-10T13:15:01+00:00,37.513901833444834,126.92666242830455,9666.0,3.019,10.0,162,85,208,226.0,94.0,9.0,1070.0,675994,1,3.0190000534057617
2026-07-10T13:15:02+00:00,37.51384927891195,126.92664943635464,9669.0,3.019,9.0,162,85,208,227.0,94.0,8.9,1060.0,676202,1,3.0190000534057617
2026-07-10T13:15:03+00:00,37.51383360475302,126.92664382047951,9672.0,3.022,9.0,162,85,208,228.0,94.0,8.9,1060.0,676410,1,3.0190000534057617
2026-07-10T13:15:04+00:00,37.51381793059409,126.92663820460439,9674.5,3.014,9.0,162,85,208,228.0,94.0,8.9,1060.0,676618,1,2.9609999656677246
2026-07-10T13:15:05+00:00,37.51380234025419,126.92663275636733,9677.0,3.006,9.0,161,85,208,229.0,95.0,9.0,1060.0,676826,1,2.9049999713897705
2026-07-10T13:15:06+00:00,37.51375934109092,126.92660450935364,9679.5,2.997,9.0,161,86,203,229.0,95.0,9.0,1040.0,677029,1,2.8940000534057617
2026-07-10T13:15:07+00:00,37.513746935874224,126.9265893381089,9682.0,2.992,9.0,161,87,198,229.0,96.0,9.1,1030.0,677227,1,2.885999917984009
2026-07-10T13:15:08+00:00,37.51373469829559,126.92657416686416,9685.5,2.986,9.0,161,87,197,229.0,96.0,9.2,1020.0,677424,1,2.880000114440918
2026-07-10T13:15:09+00:00,37.51372237689793,126.92655899561942,9689.0,2.983,9.0,161,88,197,229.0,97.0,9.3,1020.0,677621,1,2.877000093460083
2026-07-10T13:15:10+00:00,37.51370309852064,126.92648833617568,9692.5,2.981,9.0,161,87,196,229.0,97.0,9.4,1020.0,677817,1,2.877000093460083
2026-07-10T13:15:11+00:00,37.51370117068291,126.92645363509655,9696.0,2.978,9.0,161,87,196,229.0,98.0,9.5,1020.0,678013,1,2.877000093460083
2026-07-10T13:15:12+00:00,37.51369932666421,126.92641901783645,9699.0,2.978,9.0,161,87,196,229.0,98.0,9.5,1020.0,678209,1,2.877000093460083
2026-07-10T13:15:13+00:00,37.51369748264551,126.92638440057635,9702.0,2.978,9.0,160,87,196,229.0,98.0,9.5,1020.0,678405,1,2.877000093460083
2026-07-10T13:15:14+00:00,37.513695638626814,126.92634986713529,9703.5,2.958,9.0,160,86,196,229.0,98.0,9.5,1020.0,678601,1,2.8580000400543213
2026-07-10T13:15:15+00:00,,,9705.0,2.939,9.0,160,86,196,230.0,98.0,9.6,1030.0,678797,1,2.8380000591278076
2026-07-10T13:15:16+00:00,,,9705.0,2.856,9.0,160,86,195,230.0,98.0,9.6,1000.0,678992,1,2.805000066757202
2026-07-10T13:15:17+00:00,,,9705.0,2.775,9.0,160,86,194,231.0,98.0,9.7,970.0,679186,1,2.7739999294281006
2026-07-10T13:15:18+00:00,,,9705.0,2.547,9.0,160,86,192,232.0,97.0,9.8,880.0,679378,1,2.546999931335449
2026-07-10T13:15:19+00:00,,,9705.0,2.319,9.0,160,87,191,234.0,97.0,9.9,800.0,679569,1,2.319000005722046
2026-07-10T13:15:20+00:00,,,9705.0,2.225,9.0,160,88,175,236.0,96.0,10.1,750.0,679744,1,2.2249999046325684
2026-07-10T13:15:21+00:00,,,9705.0,2.131,10.0,160,90,160,238.0,95.0,10.3,710.0,679904,1,2.130000114440918
2026-07-10T13:15:22+00:00,,,9705.0,2.117,10.0,160,91,153,239.0,94.0,10.6,690.0,680057,1,2.115999937057495
2026-07-10T13:15:23+00:00,,,9705.0,2.103,10.0,160,92,147,240.0,93.0,10.9,680.0,680204,1,2.1019999980926514
2026-07-10T13:15:24+00:00,,,9705.0,2.1,10.0,160,89,146,240.0,92.0,11.3,700.0,680350,1,2.0989999771118164
2026-07-10T13:15:25+00:00,,,9705.0,2.1,10.0,160,87,145,241.0,92.0,11.7,720.0,680495,1,2.0989999771118164
2026-07-10T13:15:26+00:00,,,9705.0,2.097,9.0,160,87,145,242.0,92.0,12.1,720.0,680640,1,2.0969998836517334
2026-07-10T13:15:27+00:00,,,9705.0,2.097,9.0,160,87,145,244.0,93.0,12.6,720.0,680785,1,2.0969998836517334
2026-07-10T13:15:28+00:00,,,9705.0,2.097,9.0,160,88,145,249.0,92.0,12.8,710.0,680930,1,2.0969998836517334
2026-07-10T13:15:29+00:00,,,9705.0,2.097,9.0,160,89,145,255.0,92.0,13.0,710.0,681075,1,2.0969998836517334
2026-07-10T13:15:30+00:00,,,9705.0,2.097,9.0,160,88,145,260.0,91.0,12.9,710.0,681220,1,2.0969998836517334
2026-07-10T13:15:31+00:00,,,9705.0,2.097,9.0,160,87,145,266.0,91.0,12.9,720.0,681365,1,2.0969998836517334
2026-07-10T13:15:32+00:00,,,9724.5,2.361,9.0,160,85,145,272.0,90.0,12.5,830.0,681510,1,2.3610000610351562
2026-07-10T13:15:33+00:00,37.51373779959977,126.92630460485816,9744.0,2.628,9.0,160,84,145,279.0,90.0,12.2,940.0,681655,1,2.627000093460083
2026-07-10T13:15:34+00:00,37.51368046738207,126.92628029733896,9746.5,2.628,8.0,158,84,163,285.0,90.0,11.7,940.0,681818,1,2.627000093460083
2026-07-10T13:15:35+00:00,37.513659093528986,126.92627702839673,9749.0,2.628,8.0,158,84,181,291.0,90.0,11.3,940.0,681999,1,2.630000114440918
2026-07-10T13:15:36+00:00,37.51363763585687,126.92627375945449,9751.5,2.719,8.0,158,86,181,293.0,90.0,10.9,950.0,682180,1,2.627000093460083
2026-07-10T13:15:37+00:00,37.51361626200378,126.92627040669322,9754.0,2.811,8.0,158,88,181,296.0,90.0,10.6,960.0,682361,1,2.624000072479248
2026-07-10T13:15:38+00:00,37.513551050797105,126.92626152187586,9757.0,2.811,7.0,158,87,179,294.0,90.0,10.4,960.0,682540,1,2.624000072479248
2026-07-10T13:15:39+00:00,37.513529006391764,126.92626093514264,9760.0,2.811,7.0,158,87,177,293.0,91.0,10.3,970.0,682717,1,2.624000072479248
2026-07-10T13:15:40+00:00,37.51350687816739,126.92626034840941,9763.0,2.825,7.0,158,87,177,290.0,92.0,10.1,970.0,682894,1,2.562999963760376
2026-07-10T13:15:41+00:00,37.51348483376205,126.92625984549522,9766.0,2.839,7.0,157,87,177,288.0,93.0,9.9,970.0,683071,1,2.502000093460083
2026-07-10T13:15:42+00:00,37.51341920346022,126.92625565454364,9768.5,2.817,6.0,157,87,170,287.0,94.0,9.9,970.0,683241,1,2.4800000190734863
2026-07-10T13:15:43+00:00,37.51339782960713,126.9262510444969,9771.0,2.794,6.0,157,86,164,286.0,95.0,9.9,970.0,683405,1,2.4579999446868896
2026-07-10T13:15:44+00:00,37.51337653957307,126.92624643445015,9774.0,2.767,6.0,157,86,162,286.0,95.0,9.9,960.0,683567,1,2.4049999713897705
2026-07-10T13:15:45+00:00,37.51335533335805,126.92624190822244,9777.0,2.742,6.0,157,85,161,286.0,96.0,9.9,960.0,683728,1,2.3550000190734863
2026-07-10T13:15:46+00:00,37.513294061645865,126.92622053436935,9779.5,2.733,5.0,156,85,156,285.0,96.0,9.9,960.0,683884,1,2.3499999046325684
2026-07-10T13:15:47+00:00,37.51327285543084,126.92621659487486,9782.0,2.725,5.0,156,85,151,285.0,96.0,9.9,960.0,684035,1,2.3469998836517334
2026-07-10T13:15:48+00:00,37.51325173303485,126.92621282301843,9785.0,2.733,5.0,154,85,151,280.0,96.0,10.0,960.0,684186,1,2.3239998817443848
2026-07-10T13:15:49+00:00,37.51323069445789,126.926209051162,9788.0,2.744,5.0,154,86,151,275.0,97.0,10.1,960.0,684337,1,2.305000066757202
2026-07-10T13:15:50+00:00,37.513168500736356,126.92618776112795,9790.5,2.761,5.0,153,86,148,269.0,98.0,10.1,960.0,684485,1,2.322000026702881
2026-07-10T13:15:51+00:00,37.51315014436841,126.92617242224514,9793.0,2.781,5.0,153,86,145,264.0,99.0,10.2,960.0,684630,1,2.3380000591278076
2026-07-10T13:15:52+00:00,37.51313195563853,126.92615716718137,9796.0,2.786,5.0,152,86,146,257.0,100.0,10.3,960.0,684776,1,2.322000026702881
2026-07-10T13:15:53+00:00,37.513113766908646,126.9261419121176,9799.0,2.794,5.0,152,86,147,251.0,101.0,10.4,970.0,684923,1,2.305000066757202
2026-07-10T13:15:54+00:00,37.51305668614805,126.92609975114465,9801.5,2.806,4.0,152,86,144,244.0,101.0,10.5,970.0,685067,1,2.315999984741211
2026-07-10T13:15:55+00:00,37.513040006160736,126.9260813947767,9804.0,2.817,4.0,151,87,142,238.0,102.0,10.6,970.0,685209,1,2.3269999027252197
2026-07-10T13:15:56+00:00,37.513023326173425,126.92606312222779,9807.0,2.817,4.0,151,87,143,235.0,102.0,10.6,970.0,685352,1,2.3499999046325684
2026-07-10T13:15:57+00:00,37.513006730005145,126.9260449334979,9810.0,2.819,4.0,151,87,144,232.0,103.0,10.7,970.0,685496,1,2.371999979019165
2026-07-10T13:15:58+00:00,37.512950990349054,126.92599983885884,9813.0,2.819,3.0,150,87,146,232.0,103.0,10.6,970.0,685642,1,2.371999979019165
2026-07-10T13:15:59+00:00,37.512930538505316,126.92599061876535,9816.0,2.819,3.0,150,87,149,233.0,103.0,10.6,970.0,685791,1,2.371999979019165
2026-07-10T13:16:00+00:00,37.51291017048061,126.92598139867187,9818.5,2.819,3.0,150,87,149,233.0,103.0,10.6,970.0,685940,1,2.3970000743865967
2026-07-10T13:16:01+00:00,37.5128898024559,126.92597226239741,9821.0,2.819,3.0,150,87,149,233.0,103.0,10.6,970.0,686089,1,2.4240000247955322
2026-07-10T13:16:02+00:00,37.51282827928662,126.92594460211694,9824.0,2.806,3.0,150,86,152,233.0,103.0,10.6,970.0,686241,1,2.4110000133514404
2026-07-10T13:16:03+00:00,37.512809252366424,126.92593110725284,9827.0,2.792,3.0,150,86,156,233.0,104.0,10.7,970.0,686397,1,2.3970000743865967
2026-07-10T13:16:04+00:00,37.512790225446224,126.92591761238873,9830.0,2.789,3.0,150,86,155,232.0,104.0,10.7,970.0,686552,1,2.427000045776367
2026-07-10T13:16:05+00:00,37.51277128234506,126.92590420134366,9833.0,2.789,3.0,150,86,154,232.0,104.0,10.7,970.0,686706,1,2.4579999446868896
2026-07-10T13:16:06+00:00,37.512714033946395,126.92586530931294,9835.5,2.778,3.0,150,86,157,231.0,104.0,10.7,970.0,686863,1,2.4489998817443848
2026-07-10T13:16:07+00:00,37.512693582102656,126.92585759796202,9838.0,2.767,3.0,150,86,161,230.0,104.0,10.7,970.0,687024,1,2.440999984741211
2026-07-10T13:16:08+00:00,37.512673046439886,126.92584997043014,9841.0,2.75,3.0,150,85,160,229.0,104.0,10.7,960.0,687184,1,2.4609999656677246
2026-07-10T13:16:09+00:00,37.51265259459615,126.92584234289825,9844.0,2.736,3.0,150,85,160,229.0,105.0,10.8,960.0,687344,1,2.4830000400543213
2026-07-10T13:16:10+00:00,37.512589897960424,126.92583102732897,9846.5,2.717,3.0,150,85,162,229.0,105.0,10.9,950.0,687506,1,2.4630000591278076
2026-07-10T13:16:11+00:00,37.51256978139281,126.92583756521344,9849.0,2.697,3.0,150,85,165,230.0,106.0,11.0,950.0,687671,1,2.447000026702881
2026-07-10T13:16:12+00:00,37.5125496648252,126.92584410309792,9851.5,2.681,3.0,149,84,164,230.0,106.0,11.0,950.0,687835,1,2.507999897003174
2026-07-10T13:16:13+00:00,37.51252954825759,126.92585072480142,9854.0,2.664,4.0,149,84,163,231.0,106.0,11.0,950.0,687998,1,2.569000005722046
2026-07-10T13:16:14+00:00,37.512468276545405,126.92586354911327,9857.0,2.653,4.0,149,84,169,231.0,106.0,11.0,940.0,688167,1,2.6050000190734863
2026-07-10T13:16:15+00:00,37.51245905645192,126.92584452219307,9860.0,2.642,4.0,149,84,175,232.0,106.0,11.1,940.0,688342,1,2.6410000324249268
2026-07-10T13:16:16+00:00,37.51244983635843,126.92582566291094,9862.5,2.647,4.0,149,84,174,233.0,105.0,11.1,940.0,688516,1,2.6470000743865967
2026-07-10T13:16:17+00:00,37.512440783903,126.92580671980977,9865.0,2.656,4.0,149,84,174,234.0,105.0,11.1,940.0,688690,1,2.6549999713897705
2026-07-10T13:16:18+00:00,37.512400299310684,126.92574821412563,9867.5,2.642,4.0,149,84,178,235.0,105.0,11.1,940.0,688868,1,2.6410000324249268
2026-07-10T13:16:19+00:00,37.51238487660885,126.92573052830994,9870.0,2.631,4.0,148,84,183,236.0,105.0,11.1,940.0,689051,1,2.630000114440918
2026-07-10T13:16:20+00:00,37.512369537726045,126.92571284249425,9873.0,2.653,4.0,148,84,182,237.0,105.0,11.1,940.0,689233,1,2.819000005722046
2026-07-10T13:16:21+00:00,37.51235428266227,126.92569515667856,9876.0,2.675,5.0,148,85,181,238.0,105.0,11.1,940.0,689414,1,3.007999897003174
2026-07-10T13:16:22+00:00,37.51230726018548,126.92564142867923,9878.5,2.694,5.0,148,85,196,238.0,104.0,11.0,940.0,689610,1,3.0299999713897705
2026-07-10T13:16:23+00:00,37.51229058019817,126.92562432959676,9881.0,2.717,5.0,148,85,212,238.0,103.0,11.0,950.0,689822,1,3.055000066757202
2026-07-10T13:16:24+00:00,37.51227390021086,126.92560731433332,9883.5,2.733,5.0,148,85,213,238.0,103.0,10.9,950.0,690035,1,3.135999917984009
2026-07-10T13:16:25+00:00,37.512257136404514,126.92559029906988,9886.0,2.75,5.0,147,86,215,238.0,103.0,10.8,960.0,690250,1,3.2190001010894775
2026-07-10T13:16:26+00:00,,,9889.0,2.706,5.0,148,85,221,238.0,102.0,10.7,950.0,690471,1,3.1659998893737793
2026-07-10T13:16:27+00:00,,,9892.0,2.661,5.0,149,84,228,239.0,102.0,10.7,950.0,690699,1,3.11299991607666
2026-07-10T13:16:28+00:00,,,9893.5,2.619,5.0,150,83,224,239.0,101.0,10.6,940.0,690923,1,3.130000114440918
2026-07-10T13:16:29+00:00,,,9895.0,2.578,6.0,151,83,220,240.0,101.0,10.6,930.0,691143,1,3.1500000953674316
2026-07-10T13:16:30+00:00,,,9895.0,2.572,6.0,152,83,222,240.0,100.0,10.5,930.0,691365,1,3.1440000534057617
2026-07-10T13:16:31+00:00,,,9895.0,2.567,6.0,153,83,224,241.0,100.0,10.5,930.0,691589,1,3.138000011444092
2026-07-10T13:16:32+00:00,37.51219293102622,126.92549902014434,9899.0,2.189,6.0,153,82,223,242.0,99.0,10.6,790.0,691812,1,2.7219998836517334
2026-07-10T13:16:33+00:00,37.51215923577547,126.92547873593867,9903.0,1.814,7.0,154,82,223,244.0,99.0,10.8,660.0,692035,1,2.308000087738037
2026-07-10T13:16:34+00:00,37.51214683055878,126.92547119222581,9905.5,1.806,7.0,155,82,193,246.0,99.0,11.2,660.0,692228,1,2.2990000247955322
2026-07-10T13:16:35+00:00,37.512134592980146,126.92546381615102,9908.0,1.797,7.0,156,82,164,249.0,99.0,11.6,660.0,692392,1,2.2939999103546143
2026-07-10T13:16:36+00:00,37.512122271582484,126.92545644007623,9910.5,1.906,7.0,157,82,163,250.0,99.0,11.9,690.0,692555,1,2.686000108718872
2026-07-10T13:16:37+00:00,37.51208069734275,126.92543280310929,9913.0,2.017,8.0,157,82,163,252.0,99.0,12.3,730.0,692718,1,3.0799999237060547
2026-07-10T13:16:38+00:00,37.51206653192639,126.92542442120612,9915.5,2.181,8.0,158,83,191,253.0,99.0,12.5,780.0,692909,1,3.325000047683716
2026-07-10T13:16:39+00:00,37.512052450329065,126.92541612312198,9918.0,2.344,8.0,158,84,220,254.0,99.0,12.7,830.0,693129,1,3.569000005722046
2026-07-10T13:16:40+00:00,37.51203845255077,126.92540782503784,9920.5,2.433,8.0,159,85,237,254.0,99.0,12.8,850.0,693366,1,3.627000093460083
2026-07-10T13:16:41+00:00,37.51200023107231,126.92538443952799,9923.0,2.525,9.0,159,86,255,255.0,99.0,12.9,880.0,693621,1,3.687999963760376
2026-07-10T13:16:42+00:00,37.51198765821755,126.92537689581513,9925.0,2.522,9.0,159,86,259,255.0,99.0,12.7,870.0,693880,1,3.680000066757202
2026-07-10T13:16:43+00:00,37.511975169181824,126.92536951974034,9927.0,2.519,9.0,159,87,263,256.0,99.0,12.6,870.0,694143,1,3.671999931335449
2026-07-10T13:16:44+00:00,37.5119626801461,126.92536214366555,9929.5,2.514,9.0,160,87,262,256.0,98.0,12.2,860.0,694405,1,3.5829999446868896
2026-07-10T13:16:45+00:00,37.51192353665829,126.9253392610699,9932.0,2.508,9.0,160,88,262,257.0,98.0,11.9,860.0,694667,1,3.496999979019165
2026-07-10T13:16:46+00:00,37.51191012561321,126.9253321364522,9934.5,2.503,9.0,160,87,256,257.0,97.0,11.6,860.0,694923,1,3.48799991607666
2026-07-10T13:16:47+00:00,37.51189679838717,126.9253250118345,9937.0,2.497,9.0,160,87,250,258.0,97.0,11.4,860.0,695173,1,3.4830000400543213
2026-07-10T13:16:48+00:00,37.511883387342095,126.92531805485487,9939.5,2.494,9.0,160,87,249,257.0,97.0,11.3,850.0,695422,1,3.4749999046325684
2026-07-10T13:16:49+00:00,37.51184156164527,126.92530271597207,9942.0,2.494,10.0,160,88,249,257.0,97.0,11.2,850.0,695671,1,3.4690001010894775
2026-07-10T13:16:50+00:00,37.51182647421956,126.92529818974435,9944.5,2.481,10.0,160,86,248,257.0,96.0,11.1,860.0,695919,1,3.4549999237060547
2026-07-10T13:16:51+00:00,37.51181138679385,126.9252938311547,9947.0,2.469,10.0,160,85,248,257.0,96.0,11.1,870.0,696167,1,3.440999984741211
2026-07-10T13:16:52+00:00,37.51179629936814,126.92528947256505,9949.5,2.464,10.0,160,85,247,256.0,95.0,11.0,870.0,696414,1,3.3580000400543213
2026-07-10T13:16:53+00:00,37.51175154000521,126.92527262493968,9952.0,2.458,10.0,160,85,246,256.0,95.0,11.0,870.0,696660,1,3.2769999504089355
2026-07-10T13:16:54+00:00,37.51173754222691,126.92526575177908,9954.5,2.467,10.0,161,85,240,254.0,94.0,10.9,870.0,696900,1,3.2909998893737793
2026-07-10T13:16:55+00:00,37.511723628267646,126.92525879479945,9957.0,2.478,10.0,161,85,234,252.0,94.0,10.9,870.0,697134,1,3.305000066757202
2026-07-10T13:16:56+00:00,37.51170979812741,126.92525192163885,9959.5,2.497,10.0,161,86,235,250.0,93.0,10.8,870.0,697369,1,3.190999984741211
2026-07-10T13:16:57+00:00,37.511668894439936,126.92523364908993,9962.0,2.517,10.0,161,87,236,249.0,93.0,10.7,870.0,697605,1,3.0769999027252197
2026-07-10T13:16:58+00:00,37.5116550642997,126.92523004487157,9964.5,2.519,10.0,161,87,227,247.0,92.0,10.6,860.0,697832,1,3.0769999027252197
2026-07-10T13:16:59+00:00,37.51164123415947,126.92522652447224,9967.0,2.522,10.0,161,88,219,246.0,91.0,10.6,860.0,698051,1,3.0769999027252197
2026-07-10T13:17:00+00:00,37.51162748783827,126.9252230040729,9969.0,2.519,10.0,161,88,219,245.0,90.0,10.5,860.0,698270,1,2.9519999027252197
2026-07-10T13:17:01+00:00,37.511585326865315,126.92521579563618,9971.0,2.519,10.0,161,88,219,245.0,90.0,10.4,860.0,698489,1,2.8299999237060547
2026-07-10T13:17:02+00:00,37.511571161448956,126.92521411925554,9973.5,2.519,10.0,161,88,209,244.0,89.0,10.4,860.0,698698,1,2.8299999237060547
2026-07-10T13:17:03+00:00,37.51155707985163,126.92521244287491,9976.0,2.519,10.0,162,88,199,244.0,89.0,10.4,860.0,698897,1,2.8299999237060547
2026-07-10T13:17:04+00:00,37.5115429982543,126.92521076649427,9978.5,2.519,10.0,162,88,199,244.0,89.0,10.4,860.0,699096,1,2.7739999294281006
2026-07-10T13:17:05+00:00,37.511506201699376,126.92519559524953,9981.0,2.519,10.0,162,88,199,244.0,90.0,10.4,860.0,699295,1,2.7190001010894775
2026-07-10T13:17:06+00:00,37.511492958292365,126.92519006319344,9983.0,2.517,10.0,162,87,194,244.0,90.0,10.4,860.0,699489,1,2.7130000591278076
2026-07-10T13:17:07+00:00,37.51147988252342,126.92518453113735,9985.0,2.514,10.0,162,87,190,244.0,90.0,10.4,860.0,699679,1,2.7079999446868896
2026-07-10T13:17:08+00:00,37.51146680675447,126.92517899908125,9988.0,2.511,10.0,162,87,190,244.0,90.0,10.4,860.0,699869,1,2.7079999446868896
2026-07-10T13:17:09+00:00,37.51141659915447,126.92516550421715,9991.0,2.511,11.0,162,88,190,244.0,90.0,10.4,860.0,700059,1,2.7079999446868896
2026-07-10T13:17:10+00:00,37.51139849424362,126.92516324110329,9994.5,2.508,11.0,162,88,190,243.0,90.0,10.4,850.0,700249,1,2.7079999446868896
2026-07-10T13:17:11+00:00,37.51138038933277,126.92516106180847,9998.0,2.506,11.0,162,89,190,243.0,90.0,10.5,840.0,700439,1,2.7079999446868896
2026-07-10T13:17:12+00:00,37.51136228442192,126.92515879869461,10000.5,2.508,11.0,162,88,190,242.0,90.0,10.5,840.0,700629,1,2.7079999446868896
2026-07-10T13:17:13+00:00,37.51130998134613,126.92516072653234,10003.0,2.511,11.0,162,88,190,241.0,90.0,10.6,850.0,700819,1,2.7079999446868896
2026-07-10T13:17:14+00:00,37.51129145734012,126.92516081035137,10006.0,2.522,11.0,162,88,190,240.0,90.0,10.6,850.0,701009,1,2.7160000801086426
2026-07-10T13:17:15+00:00,37.51127293333411,126.92516106180847,10009.0,2.533,11.0,162,88,190,239.0,91.0,10.6,860.0,701199,1,2.7269999980926514
2026-07-10T13:17:16+00:00,37.511254493147135,126.92516122944653,10012.5,2.544,11.0,161,87,190,239.0,91.0,10.6,870.0,701389,1,2.74399995803833
2026-07-10T13:17:17+00:00,37.511193389073014,126.92515393719077,10016.0,2.558,11.0,161,87,191,239.0,91.0,10.7,880.0,701580,1,2.760999917984009
2026-07-10T13:17:18+00:00,37.51117260195315,126.9251489918679,10019.5,2.572,11.0,161,88,192,238.0,91.0,10.7,880.0,701772,1,2.7769999504089355
2026-07-10T13:17:19+00:00,37.511151898652315,126.92514413036406,10023.0,2.589,11.0,161,88,193,238.0,92.0,10.7,880.0,701965,1,2.7939999103546143
2026-07-10T13:17:20+00:00,37.51113119535148,126.92513926886022,10026.5,2.619,11.0,161,88,194,237.0,93.0,10.7,890.0,702159,1,2.825000047683716
2026-07-10T13:17:21+00:00,37.51107403077185,126.92511219531298,10030.0,2.653,11.0,161,88,196,237.0,94.0,10.8,900.0,702355,1,2.8580000400543213
2026-07-10T13:17:22+00:00,37.51105668023229,126.92509861662984,10033.0,2.694,11.0,161,88,198,237.0,94.0,10.7,920.0,702553,1,2.9049999713897705
2026-07-10T13:17:23+00:00,37.51103924587369,126.92508512176573,10036.0,2.736,11.0,161,87,200,237.0,95.0,10.7,940.0,702753,1,2.9549999237060547
2026-07-10T13:17:24+00:00,37.511021979153156,126.92507162690163,10039.5,2.775,11.0,161,87,203,236.0,95.0,10.6,950.0,702956,1,2.937999963760376
2026-07-10T13:17:25+00:00,37.51096900552511,126.92502200603485,10043.0,2.817,11.0,161,87,207,236.0,96.0,10.6,970.0,703163,1,2.9240000247955322
2026-07-10T13:17:26+00:00,37.51094989478588,126.92500691860914,10047.0,2.844,11.0,161,86,205,235.0,96.0,10.5,970.0,703368,1,2.9489998817443848
2026-07-10T13:17:27+00:00,37.51093078404665,126.92499191500247,10051.0,2.872,11.0,161,86,203,235.0,97.0,10.4,980.0,703571,1,2.9769999980926514
2026-07-10T13:17:28+00:00,37.51091167330742,126.92497691139579,10055.0,2.892,11.0,161,86,205,234.0,97.0,10.3,990.0,703776,1,2.996999979019165
2026-07-10T13:17:29+00:00,37.51085299998522,126.92493349313736,10059.0,2.911,11.0,161,87,207,233.0,98.0,10.2,1000.0,703983,1,3.0190000534057617
2026-07-10T13:17:30+00:00,37.510834224522114,126.92492041736841,10062.5,2.925,11.0,161,87,208,232.0,98.0,10.1,1000.0,704191,1,3.0329999923706055
2026-07-10T13:17:31+00:00,37.51081553287804,126.92490734159946,10066.0,2.939,11.0,161,87,210,232.0,98.0,10.0,1010.0,704401,1,3.0490000247955322
2026-07-10T13:17:32+00:00,37.51079684123397,126.92489426583052,10069.0,2.953,11.0,161,87,211,232.0,98.0,9.9,1010.0,704612,1,3.065999984741211
2026-07-10T13:17:33+00:00,37.5107435323298,126.92486710846424,10072.0,2.969,12.0,161,87,212,232.0,98.0,9.9,1020.0,704824,1,3.0829999446868896
2026-07-10T13:17:34+00:00,37.51072718761861,126.9248606543988,10075.0,2.986,12.0,161,87,213,231.0,98.0,9.8,1020.0,705037,1,3.0969998836517334
2026-07-10T13:17:35+00:00,37.51071084290743,126.92485411651433,10078.0,3.003,12.0,161,88,214,230.0,98.0,9.7,1030.0,705251,1,3.11299991607666
2026-07-10T13:17:36+00:00,37.510694582015276,126.92484774626791,10080.5,3.008,12.0,161,87,215,229.0,98.0,9.7,1030.0,705466,1,3.121999979019165
2026-07-10T13:17:37+00:00,37.51064730808139,126.92483240738511,10083.0,3.017,12.0,162,87,216,228.0,99.0,9.7,1030.0,705682,1,3.132999897003174
2026-07-10T13:17:38+00:00,37.51063188537955,126.92482804879546,10086.0,3.039,12.0,162,87,217,227.0,99.0,9.6,1040.0,705899,1,3.1519999504089355
2026-07-10T13:17:39+00:00,37.51061646267772,126.92482360638678,10089.0,3.064,12.0,161,87,218,227.0,99.0,9.6,1050.0,706117,1,3.174999952316284
2026-07-10T13:17:40+00:00,37.51060103997588,126.92481924779713,10091.5,3.081,12.0,161,87,219,226.0,99.0,9.6,1060.0,706336,1,3.257999897003174
2026-07-10T13:17:41+00:00,37.51055602915585,126.9248088542372,10094.0,3.1,12.0,161,87,221,225.0,99.0,9.6,1070.0,706557,1,3.3440001010894775
2026-07-10T13:17:42+00:00,37.51054077409208,126.92480692639947,10096.5,3.086,12.0,161,87,227,224.0,99.0,9.5,1060.0,706784,1,3.3329999446868896
2026-07-10T13:17:43+00:00,37.51052560284734,126.92480499856174,10099.0,3.075,12.0,161,87,234,224.0,100.0,9.5,1060.0,707018,1,3.322000026702881
2026-07-10T13:17:44+00:00,37.510510347783566,126.92480315454304,10101.5,3.058,12.0,161,87,233,223.0,99.0,9.5,1050.0,707251,1,3.299999952316284
2026-07-10T13:17:45+00:00,37.51046407967806,126.92479175515473,10104.0,3.042,12.0,162,87,233,223.0,99.0,9.5,1050.0,707484,1,3.2799999713897705
2026-07-10T13:17:46+00:00,37.51044748350978,126.92478546872735,10107.0,3.028,12.0,162,87,231,222.0,99.0,9.4,1040.0,707715,1,3.263000011444092
2026-07-10T13:17:47+00:00,37.51043097116053,126.92477909848094,10110.0,3.014,12.0,162,87,230,222.0,99.0,9.4,1040.0,707945,1,3.246999979019165
2026-07-10T13:17:48+00:00,37.51041445881128,126.9247728958726,10113.5,3.003,12.0,162,87,228,222.0,99.0,9.4,1030.0,708173,1,3.2360000610351562
2026-07-10T13:17:49+00:00,37.51036156900227,126.92475051619112,10117.0,2.994,12.0,161,87,227,222.0,100.0,9.5,1030.0,708400,1,3.2239999771118164
2026-07-10T13:17:50+00:00,37.51034430228174,126.92474406212568,10120.0,2.992,12.0,161,87,226,221.0,100.0,9.5,1020.0,708626,1,3.2239999771118164
2026-07-10T13:17:51+00:00,37.51032695174217,126.92473760806024,10123.0,2.989,12.0,161,87,226,221.0,100.0,9.6,1020.0,708852,1,3.2239999771118164
2026-07-10T13:17:52+00:00,37.51030976884067,126.92473123781383,10125.5,2.978,12.0,161,87,226,221.0,100.0,9.6,1020.0,709078,1,3.2130000591278076
2026-07-10T13:17:53+00:00,37.510260147973895,126.92471606656909,10128.0,2.969,13.0,161,87,226,221.0,100.0,9.6,1020.0,709304,1,3.2019999027252197
2026-07-10T13:17:54+00:00,37.510243551805615,126.92471221089363,10130.5,2.964,13.0,161,87,225,221.0,99.0,9.6,1010.0,709529,1,3.197000026702881
2026-07-10T13:17:55+00:00,37.510226955637336,126.9247084390372,10133.0,2.958,13.0,161,87,224,222.0,99.0,9.7,1010.0,709753,1,3.190999984741211
2026-07-10T13:17:56+00:00,37.51021044328809,126.92470475099981,10136.0,2.956,13.0,161,87,224,222.0,99.0,9.6,1010.0,709977,1,3.186000108718872
2026-07-10T13:17:57+00:00,37.51016057096422,126.92469905130565,10139.0,2.953,13.0,161,87,224,223.0,99.0,9.6,1020.0,710201,1,3.183000087738037
2026-07-10T13:17:58+00:00,37.510143807157874,126.92469636909664,10142.0,2.95,13.0,161,87,223,223.0,98.0,9.6,1020.0,710424,1,3.183000087738037
2026-07-10T13:17:59+00:00,37.51012704335153,126.92469377070665,10145.0,2.947,13.0,161,87,223,224.0,98.0,9.6,1020.0,710647,1,3.183000087738037
2026-07-10T13:18:00+00:00,37.51011036336422,126.92469117231667,10148.0,2.944,13.0,161,87,223,224.0,98.0,9.6,1010.0,710870,1,3.177000045776367
2026-07-10T13:18:01+00:00,37.510059736669064,126.92467449232936,10151.0,2.942,13.0,161,87,223,225.0,98.0,9.6,1010.0,711093,1,3.171999931335449
2026-07-10T13:18:02+00:00,37.51004339195788,126.92466619424522,10154.0,2.939,13.0,161,87,222,225.0,97.0,9.6,1010.0,711315,1,3.171999931335449
2026-07-10T13:18:03+00:00,37.51002696342766,126.92465806379914,10157.0,2.939,13.0,161,87,222,225.0,97.0,9.6,1010.0,711537,1,3.171999931335449
2026-07-10T13:18:04+00:00,37.51001053489745,126.92464984953403,10159.5,2.936,13.0,161,87,222,225.0,97.0,9.5,1010.0,711759,1,3.1659998893737793
2026-07-10T13:18:05+00:00,37.50996510498226,126.92461841739714,10162.0,2.933,13.0,161,87,222,226.0,97.0,9.5,1010.0,711981,1,3.1610000133514404
2026-07-10T13:18:06+00:00,37.509948844090104,126.92460743710399,10165.0,2.931,13.0,162,87,221,226.0,96.0,9.5,1000.0,712202,1,3.1610000133514404
2026-07-10T13:18:07+00:00,37.50993266701698,126.92459654062986,10168.0,2.928,13.0,162,87,221,227.0,96.0,9.5,1000.0,712423,1,3.1610000133514404
2026-07-10T13:18:08+00:00,37.50991648994386,126.92458564415574,10171.5,2.928,13.0,162,87,221,227.0,96.0,9.5,1000.0,712644,1,3.1610000133514404
2026-07-10T13:18:09+00:00,37.50986812636256,126.92455999553204,10175.0,2.928,13.0,162,87,221,227.0,96.0,9.5,1010.0,712865,1,3.1610000133514404
2026-07-10T13:18:10+00:00,37.5098523683846,126.9245532900095,10177.5,2.931,13.0,162,87,221,227.0,96.0,9.5,1010.0,713086,1,3.1610000133514404
2026-07-10T13:18:11+00:00,37.50983669422567,126.924546668306,10180.0,2.933,13.0,162,87,221,227.0,96.0,9.5,1010.0,713307,1,3.1610000133514404
2026-07-10T13:18:12+00:00,37.509820936247706,126.92454004660249,10182.5,2.933,13.0,162,87,221,227.0,96.0,9.5,1010.0,713528,1,3.1659998893737793
2026-07-10T13:18:13+00:00,37.5097730755806,126.92452152259648,10185.0,2.936,13.0,162,87,221,227.0,96.0,9.6,1010.0,713749,1,3.171999931335449
2026-07-10T13:18:14+00:00,37.50975714996457,126.92451573908329,10188.0,2.933,13.0,162,87,221,227.0,96.0,9.5,1010.0,713970,1,3.1659998893737793
2026-07-10T13:18:15+00:00,37.50974130816758,126.9245099555701,10191.0,2.933,13.0,162,87,222,227.0,96.0,9.5,1010.0,714192,1,3.1610000133514404
2026-07-10T13:18:16+00:00,37.50972538255155,126.92450425587595,10193.5,2.931,13.0,162,87,221,227.0,96.0,9.5,1000.0,714413,1,3.0989999771118164
2026-07-10T13:18:17+00:00,37.50967785716057,126.92448397167027,10196.0,2.931,14.0,162,87,221,227.0,96.0,9.5,1000.0,714634,1,3.0409998893737793
2026-07-10T13:18:18+00:00,37.50966243445873,126.92447575740516,10199.0,2.931,14.0,162,87,216,227.0,96.0,9.5,1000.0,714850,1,3.0409998893737793
2026-07-10T13:18:19+00:00,37.50964709557593,126.92446762695909,10202.0,2.931,14.0,163,87,211,227.0,96.0,9.5,1010.0,715061,1,3.0409998893737793
2026-07-10T13:18:20+00:00,37.509631756693125,126.92445949651301,10204.5,2.928,14.0,163,87,211,227.0,96.0,9.5,1010.0,715272,1,3.0409998893737793
2026-07-10T13:18:21+00:00,37.50959009863436,126.92443560808897,10207.0,2.925,14.0,163,87,211,227.0,96.0,9.5,1010.0,715483,1,3.0409998893737793
2026-07-10T13:18:22+00:00,37.50957576557994,126.92442789673805,10209.5,2.922,14.0,163,87,211,227.0,96.0,9.5,1000.0,715694,1,3.0360000133514404
2026-07-10T13:18:23+00:00,37.50956160016358,126.9244203530252,10212.0,2.919,14.0,163,88,211,227.0,96.0,9.5,1000.0,715905,1,3.0299999713897705
2026-07-10T13:18:24+00:00,37.50954735092819,126.92441272549331,10215.0,2.914,14.0,164,88,211,227.0,96.0,9.5,990.0,716116,1,3.0250000953674316
2026-07-10T13:18:25+00:00,37.50949873588979,126.9243942014873,10218.0,2.908,14.0,163,88,211,227.0,96.0,9.5,990.0,716327,1,3.0190000534057617
2026-07-10T13:18:26+00:00,37.50948314554989,126.92438472993672,10221.0,2.903,14.0,163,87,210,227.0,96.0,9.5,990.0,716537,1,3.013000011444092
2026-07-10T13:18:27+00:00,37.509467555209994,126.92437525838614,10224.0,2.897,14.0,163,87,210,227.0,96.0,9.6,990.0,716747,1,3.007999897003174
2026-07-10T13:18:28+00:00,37.50945204868913,126.92436587065458,10227.0,2.892,14.0,163,87,209,227.0,95.0,9.5,990.0,716956,1,3.061000108718872
2026-07-10T13:18:29+00:00,37.50940578058362,126.92432756535709,10230.0,2.889,14.0,163,87,209,227.0,95.0,9.5,1000.0,717165,1,3.115999937057495
2026-07-10T13:18:30+00:00,37.509389435872436,126.92431532777846,10233.0,2.889,14.0,163,86,213,227.0,94.0,9.5,1000.0,717378,1,3.115999937057495
2026-07-10T13:18:31+00:00,37.50937317498028,126.92430309019983,10236.0,2.889,14.0,163,86,218,228.0,94.0,9.5,1000.0,717596,1,3.115999937057495
2026-07-10T13:18:32+00:00,37.50935699790716,126.92429093644023,10239.0,2.894,14.0,163,86,218,228.0,94.0,9.5,1000.0,717814,1,3.121999979019165
2026-07-10T13:18:33+00:00,37.509307377040386,126.92426227033138,10242.0,2.903,15.0,163,86,218,228.0,94.0,9.5,1010.0,718032,1,3.127000093460083
2026-07-10T13:18:34+00:00,37.509291199967265,126.92425472661853,10245.0,2.917,15.0,163,86,218,228.0,94.0,9.4,1010.0,718250,1,3.1440000534057617
2026-07-10T13:18:35+00:00,37.50927493907511,126.9242472667247,10248.0,2.931,15.0,163,87,219,228.0,94.0,9.4,1010.0,718469,1,3.1610000133514404
2026-07-10T13:18:36+00:00,37.50925876200199,126.92423980683088,10251.0,2.936,15.0,163,86,220,228.0,94.0,9.4,1010.0,718689,1,3.1659998893737793
2026-07-10T13:18:37+00:00,37.509209644049406,126.92422237247229,10254.0,2.944,15.0,163,86,221,229.0,95.0,9.4,1020.0,718910,1,3.171999931335449
2026-07-10T13:18:38+00:00,37.50919405370951,126.92421893589199,10256.5,2.944,15.0,163,86,221,229.0,95.0,9.4,1020.0,719131,1,3.177000045776367
2026-07-10T13:18:39+00:00,37.50917854718864,126.92421549931169,10259.0,2.947,15.0,163,86,222,229.0,95.0,9.4,1020.0,719353,1,3.183000087738037
2026-07-10T13:18:40+00:00,37.50916304066777,126.92421214655042,10261.5,2.944,15.0,164,86,222,228.0,95.0,9.4,1020.0,719575,1,3.177000045776367
2026-07-10T13:18:41+00:00,37.50911585055292,126.9242044351995,10264.0,2.942,15.0,164,86,223,228.0,96.0,9.4,1030.0,719798,1,3.171999931335449
2026-07-10T13:18:42+00:00,37.50909933820367,126.92420083098114,10267.0,2.928,15.0,164,85,222,228.0,96.0,9.4,1020.0,720020,1,3.1549999713897705
2026-07-10T13:18:43+00:00,37.50908282585442,126.92419722676277,10270.0,2.914,15.0,164,85,222,228.0,96.0,9.5,1020.0,720242,1,3.138000011444092
2026-07-10T13:18:44+00:00,37.509066481143236,126.92419370636344,10273.0,2.9,15.0,164,85,221,228.0,96.0,9.5,1010.0,720463,1,3.127000093460083
2026-07-10T13:18:45+00:00,37.509019458666444,126.92417895421386,10276.0,2.889,15.0,164,86,220,229.0,97.0,9.5,1010.0,720683,1,3.115999937057495
2026-07-10T13:18:46+00:00,37.50900512561202,126.92417182959616,10278.0,2.881,15.0,164,86,219,229.0,97.0,9.5,1000.0,720902,1,3.1110000610351562
2026-07-10T13:18:47+00:00,37.50899087637663,126.92416470497847,10280.0,2.875,15.0,164,86,218,229.0,97.0,9.6,1000.0,721120,1,3.1050000190734863
2026-07-10T13:18:48+00:00,37.508976543322206,126.9241576641798,10283.0,2.867,15.0,164,86,217,229.0,97.0,9.6,1000.0,721337,1,3.0940001010894775
2026-07-10T13:18:49+00:00,37.508932538330555,126.924137044698,10286.0,2.858,15.0,164,86,217,230.0,98.0,9.7,1000.0,721554,1,3.0859999656677246
2026-07-10T13:18:50+00:00,37.50891577452421,126.92413352429867,10288.5,2.85,15.0,164,86,216,230.0,98.0,9.7,990.0,721770,1,3.0739998817443848
2026-07-10T13:18:51+00:00,37.50889892689884,126.92413000389934,10291.0,2.844,15.0,164,86,216,230.0,99.0,9.8,990.0,721986,1,3.062999963760376
2026-07-10T13:18:52+00:00,37.508882163092494,126.92412665113807,10294.5,2.842,15.0,164,86,215,230.0,99.0,9.8,980.0,722201,1,3.062999963760376
2026-07-10T13:18:53+00:00,37.50882784835994,126.92412178963423,10298.0,2.839,16.0,165,86,214,230.0,99.0,9.9,980.0,722415,1,3.062999963760376
2026-07-10T13:18:54+00:00,37.50880957581103,126.92411919124424,10301.0,2.831,16.0,165,86,214,230.0,99.0,9.9,980.0,722629,1,3.058000087738037
2026-07-10T13:18:55+00:00,37.508791387081146,126.92411659285426,10304.0,2.825,16.0,164,86,214,231.0,100.0,10.0,980.0,722843,1,3.052000045776367
2026-07-10T13:18:56+00:00,37.508773198351264,126.92411399446428,10307.0,2.825,16.0,164,86,214,231.0,100.0,10.1,980.0,723057,1,3.052000045776367
2026-07-10T13:18:57+00:00,37.508721482008696,126.9240989908576,10310.0,2.828,16.0,164,87,214,231.0,101.0,10.2,980.0,723271,1,3.052000045776367
2026-07-10T13:18:58+00:00,37.508704382926226,126.9240918662399,10312.5,2.833,16.0,164,87,214,230.0,101.0,10.2,980.0,723485,1,3.058000087738037
2026-07-10T13:18:59+00:00,37.508687283843756,126.92408474162221,10315.0,2.842,16.0,164,87,214,230.0,101.0,10.3,980.0,723699,1,3.062999963760376
2026-07-10T13:19:00+00:00,37.508670184761286,126.92407761700451,10318.5,2.856,16.0,163,87,214,230.0,100.0,10.2,980.0,723913,1,3.0799999237060547
2026-07-10T13:19:01+00:00,37.50862056389451,126.9240469392389,10322.0,2.872,16.0,163,87,214,230.0,100.0,10.2,990.0,724127,1,3.0969998836517334
2026-07-10T13:19:02+00:00,37.50860430300236,126.92403646185994,10325.0,2.881,16.0,163,87,215,230.0,99.0,10.1,990.0,724342,1,3.1050000190734863
2026-07-10T13:19:03+00:00,37.50858795829117,126.92402590066195,10328.0,2.892,16.0,163,88,217,230.0,99.0,10.1,990.0,724559,1,3.115999937057495
2026-07-10T13:19:04+00:00,37.50857169739902,126.92401550710201,10331.0,2.894,16.0,162,88,217,230.0,99.0,10.1,990.0,724776,1,3.121999979019165
2026-07-10T13:19:05+00:00,37.5085227470845,126.92399111576378,10334.0,2.9,16.0,162,88,218,230.0,99.0,10.1,990.0,724994,1,3.127000093460083
2026-07-10T13:19:06+00:00,37.50850573182106,126.92398474551737,10336.5,2.9,16.0,162,87,218,230.0,99.0,10.0,990.0,725212,1,3.127000093460083
2026-07-10T13:19:07+00:00,37.508488884195685,126.92397845909,10339.0,2.9,16.0,162,87,219,230.0,99.0,10.0,990.0,725431,1,3.127000093460083
2026-07-10T13:19:08+00:00,37.50847195275128,126.92397217266262,10342.5,2.9,16.0,162,87,219,229.0,98.0,9.9,990.0,725650,1,3.127000093460083
2026-07-10T13:19:09+00:00,37.50842023640871,126.9239539001137,10346.0,2.9,17.0,162,87,219,229.0,98.0,9.9,990.0,725869,1,3.127000093460083
2026-07-10T13:19:10+00:00,37.508403891697526,126.9239470269531,10348.5,2.9,17.0,162,87,219,228.0,98.0,9.9,990.0,726088,1,3.127000093460083
2026-07-10T13:19:11+00:00,37.50838746316731,126.92394023761153,10351.0,2.9,17.0,162,88,219,228.0,98.0,9.9,990.0,726307,1,3.127000093460083
2026-07-10T13:19:12+00:00,37.50837120227516,126.92393344826996,10354.0,2.9,17.0,162,87,219,228.0,97.0,9.8,990.0,726526,1,3.127000093460083
2026-07-10T13:19:13+00:00,37.50832510180771,126.9239110685885,10357.0,2.9,17.0,162,87,219,228.0,97.0,9.8,990.0,726745,1,3.127000093460083
2026-07-10T13:19:14+00:00,37.50831009820104,126.92390344105661,10359.5,2.9,17.0,161,87,219,228.0,97.0,9.8,990.0,726964,1,3.127000093460083
2026-07-10T13:19:15+00:00,37.50829509459436,126.92389589734375,10362.0,2.9,17.0,161,87,219,228.0,97.0,9.8,1000.0,727183,1,3.127000093460083
2026-07-10T13:19:16+00:00,37.508280174806714,126.92388843744993,10364.5,2.9,17.0,161,86,219,228.0,97.0,9.7,1000.0,727402,1,3.127000093460083
2026-07-10T13:19:17+00:00,37.508236002177,126.92387075163424,10367.0,2.9,17.0,161,86,219,228.0,97.0,9.7,1010.0,727621,1,3.127000093460083
2026-07-10T13:19:18+00:00,37.50822150148451,126.92386672832072,10369.5,2.9,17.0,161,86,219,228.0,96.0,9.6,1010.0,727840,1,3.127000093460083
2026-07-10T13:19:19+00:00,37.50820700079203,126.92386287264526,10372.0,2.9,17.0,161,86,219,228.0,96.0,9.6,1010.0,728059,1,3.127000093460083
2026-07-10T13:19:20+00:00,37.50819258391857,126.92385893315077,10374.5,2.9,17.0,161,86,219,228.0,96.0,9.6,1010.0,728278,1,3.127000093460083
2026-07-10T13:19:21+00:00,37.50815033912659,126.92384853959084,10377.0,2.9,17.0,161,86,219,229.0,97.0,9.6,1010.0,728497,1,3.127000093460083
2026-07-10T13:19:22+00:00,37.50813575461507,126.92384275607765,10379.5,2.897,17.0,161,86,219,229.0,97.0,9.6,1010.0,728716,1,3.127000093460083
2026-07-10T13:19:23+00:00,37.50812117010355,126.92383697256446,10382.0,2.897,17.0,161,86,219,230.0,97.0,9.7,1010.0,728935,1,3.127000093460083
2026-07-10T13:19:24+00:00,37.50810666941106,126.9238312728703,10385.0,2.886,17.0,161,85,219,230.0,97.0,9.7,1010.0,729154,1,3.115999937057495
2026-07-10T13:19:25+00:00,37.508060401305556,126.9238088093698,10388.0,2.875,18.0,161,85,219,231.0,98.0,9.7,1010.0,729373,1,3.1050000190734863
2026-07-10T13:19:26+00:00,37.50804556533694,126.92380076274276,10390.5,2.861,18.0,161,85,218,231.0,98.0,9.7,1000.0,729591,1,3.0880000591278076
2026-07-10T13:19:27+00:00,37.50803089700639,126.92379263229668,10393.0,2.847,18.0,161,85,217,232.0,99.0,9.8,1000.0,729808,1,3.0739998817443848
2026-07-10T13:19:28+00:00,37.50801614485681,126.9237845018506,10395.5,2.839,18.0,161,85,216,232.0,99.0,9.8,1000.0,730024,1,3.062999963760376
2026-07-10T13:19:29+00:00,37.5079719722271,126.92377016879618,10398.0,2.833,18.0,161,85,215,233.0,100.0,9.9,1000.0,730239,1,3.052000045776367
2026-07-10T13:19:30+00:00,37.50795663334429,126.92376815713942,10400.5,2.831,18.0,161,85,214,233.0,100.0,9.9,1000.0,730453,1,3.052000045776367
2026-07-10T13:19:31+00:00,37.50794137828052,126.92376614548266,10403.0,2.831,18.0,161,85,214,234.0,101.0,10.0,1000.0,730667,1,3.052000045776367
2026-07-10T13:19:32+00:00,37.50792603939772,126.92376421764493,10406.0,2.828,18.0,161,85,214,234.0,101.0,10.1,990.0,730881,1,3.052000045776367
2026-07-10T13:19:33+00:00,37.50787826254964,126.92375642247498,10409.0,2.828,18.0,161,85,214,234.0,102.0,10.2,990.0,731095,1,3.052000045776367
2026-07-10T13:19:34+00:00,37.507861498743296,126.9237517286092,10411.5,2.828,18.0,161,85,214,234.0,102.0,10.2,990.0,731309,1,3.052000045776367
2026-07-10T13:19:35+00:00,37.50784465111792,126.92374711856246,10414.0,2.828,18.0,160,86,214,234.0,103.0,10.3,990.0,731523,1,3.052000045776367
2026-07-10T13:19:36+00:00,37.50782797113061,126.92374250851572,10417.5,2.825,18.0,160,86,214,234.0,103.0,10.4,990.0,731737,1,3.052000045776367
2026-07-10T13:19:37+00:00,37.50777709297836,126.92372716963291,10421.0,2.825,18.0,160,86,214,234.0,104.0,10.5,990.0,731951,1,3.052000045776367
2026-07-10T13:19:38+00:00,37.507761754095554,126.92372281104326,10423.5,2.822,18.0,160,86,214,234.0,104.0,10.5,980.0,732165,1,3.046999931335449
2026-07-10T13:19:39+00:00,37.507746582850814,126.92371853627264,10426.0,2.822,18.0,160,86,214,234.0,105.0,10.6,980.0,732379,1,3.0409998893737793
2026-07-10T13:19:40+00:00,37.50773132778704,126.92371426150203,10428.0,2.819,18.0,160,86,213,233.0,105.0,10.6,980.0,732592,1,3.0409998893737793
2026-07-10T13:19:41+00:00,37.50769008882344,126.923703616485,10430.0,2.819,19.0,160,86,213,233.0,105.0,10.6,980.0,732805,1,3.0409998893737793
2026-07-10T13:19:42+00:00,37.50767684541643,126.92369665950537,10432.0,2.817,19.0,160,86,213,233.0,105.0,10.6,980.0,733018,1,3.0409998893737793
2026-07-10T13:19:43+00:00,37.50766368582845,126.9236896187067,10434.0,2.817,19.0,160,86,213,233.0,105.0,10.7,980.0,733231,1,3.0409998893737793
2026-07-10T13:19:44+00:00,37.507650442421436,126.9236827455461,10437.0,2.814,19.0,159,86,213,232.0,105.0,10.7,980.0,733444,1,3.0360000133514404
2026-07-10T13:19:45+00:00,37.50760668888688,126.92365391179919,10440.0,2.814,19.0,159,86,213,232.0,105.0,10.7,980.0,733657,1,3.0299999713897705
2026-07-10T13:19:46+00:00,37.50759084708989,126.92364485934377,10443.0,2.814,19.0,159,86,212,231.0,105.0,10.7,980.0,733869,1,3.0299999713897705
2026-07-10T13:19:47+00:00,37.507575089111924,126.92363572306931,10446.0,2.814,19.0,160,86,212,231.0,105.0,10.7,980.0,734081,1,3.0299999713897705
2026-07-10T13:19:48+00:00,37.50755933113396,126.92362667061388,10449.0,2.811,19.0,160,86,212,231.0,104.0,10.7,970.0,734293,1,3.0299999713897705
2026-07-10T13:19:49+00:00,37.507511135190725,126.92360672168434,10452.0,2.808,19.0,159,87,212,231.0,104.0,10.7,970.0,734505,1,3.0299999713897705
2026-07-10T13:19:50+00:00,37.50749428756535,126.9236013572663,10454.5,2.806,19.0,159,87,212,231.0,104.0,10.6,970.0,734717,1,3.0299999713897705
2026-07-10T13:19:51+00:00,37.507477439939976,126.92359590902925,10457.0,2.806,19.0,159,87,212,231.0,104.0,10.6,970.0,734929,1,3.0299999713897705
2026-07-10T13:19:52+00:00,37.50746067613363,126.92359054461122,10460.0,2.8,19.0,159,87,212,231.0,103.0,10.5,960.0,735141,1,3.0250000953674316
2026-07-10T13:19:53+00:00,37.507407953962684,126.92357822321355,10463.0,2.797,20.0,159,87,212,231.0,102.0,10.5,960.0,735353,1,3.0190000534057617
2026-07-10T13:19:54+00:00,37.50739077106118,126.92357311025262,10466.5,2.803,20.0,159,87,211,231.0,101.0,10.4,960.0,735564,1,3.0250000953674316
2026-07-10T13:19:55+00:00,37.50737358815968,126.92356799729168,10470.0,2.811,20.0,159,87,211,231.0,101.0,10.4,970.0,735775,1,3.0299999713897705
2026-07-10T13:19:56+00:00,37.50735640525818,126.92356296814978,10472.5,2.814,20.0,159,87,211,231.0,100.0,10.3,970.0,735986,1,3.0969998836517334
2026-07-10T13:19:57+00:00,37.5073070358485,126.923545030877,10475.0,2.819,20.0,159,87,212,231.0,99.0,10.3,970.0,736198,1,3.1659998893737793
2026-07-10T13:19:58+00:00,37.50729094259441,126.92353966645896,10478.0,2.822,20.0,159,87,217,231.0,99.0,10.2,970.0,736415,1,3.171999931335449
2026-07-10T13:19:59+00:00,37.50727484934032,126.9235342182219,10481.0,2.828,20.0,159,87,223,231.0,99.0,10.2,980.0,736638,1,3.177000045776367
2026-07-10T13:20:00+00:00,37.50725875608623,126.92352885380387,10483.5,2.833,20.0,159,87,223,231.0,98.0,10.1,980.0,736861,1,3.183000087738037
2026-07-10T13:20:01+00:00,37.507211146876216,126.92351510748267,10486.0,2.842,20.0,159,87,224,231.0,98.0,10.1,980.0,737085,1,3.187999963760376
2026-07-10T13:20:02+00:00,37.50719480216503,126.92350940778852,10489.0,2.847,20.0,159,87,224,231.0,98.0,10.0,980.0,737309,1,3.194000005722046
2026-07-10T13:20:03+00:00,37.507178373634815,126.92350379191339,10492.0,2.853,20.0,159,87,225,231.0,98.0,10.0,980.0,737534,1,3.200000047683716
2026-07-10T13:20:04+00:00,37.5071619451046,126.9234982598573,10495.0,2.853,20.0,160,87,225,230.0,98.0,10.0,980.0,737759,1,3.2049999237060547
2026-07-10T13:20:05+00:00,37.507112408056855,126.9234742037952,10498.0,2.856,21.0,160,87,225,230.0,98.0,10.0,980.0,737984,1,3.2109999656677246
2026-07-10T13:20:06+00:00,37.50709656625986,126.92346422933042,10501.0,2.856,21.0,160,87,225,230.0,98.0,10.0,980.0,738209,1,3.2109999656677246
2026-07-10T13:20:07+00:00,37.50708072446287,126.92345425486565,10504.0,2.856,21.0,160,87,226,230.0,98.0,10.0,980.0,738435,1,3.2109999656677246
2026-07-10T13:20:08+00:00,37.507064966484904,126.92344419658184,10506.5,2.856,21.0,160,87,226,229.0,98.0,10.0,980.0,738661,1,3.2109999656677246
2026-07-10T13:20:09+00:00,37.507016602903605,126.9234171230346,10509.0,2.858,21.0,160,87,226,229.0,98.0,10.0,990.0,738887,1,3.2109999656677246
2026-07-10T13:20:10+00:00,37.506999503821135,126.92341075278819,10512.0,2.861,21.0,160,87,226,229.0,98.0,9.9,990.0,739113,1,3.2109999656677246
2026-07-10T13:20:11+00:00,37.506982488557696,126.92340429872274,10515.0,2.864,21.0,160,87,226,229.0,98.0,9.9,990.0,739339,1,3.2109999656677246
2026-07-10T13:20:12+00:00,37.50696547329426,126.92339801229537,10518.5,2.864,21.0,160,87,226,229.0,98.0,9.9,990.0,739565,1,3.2160000801086426
2026-07-10T13:20:13+00:00,37.50691375695169,126.92337261512876,10522.0,2.867,22.0,160,87,226,229.0,98.0,9.9,990.0,739791,1,3.2219998836517334
2026-07-10T13:20:14+00:00,37.506896406412125,126.92336197011173,10525.0,2.869,22.0,160,87,226,228.0,98.0,9.9,990.0,740017,1,3.2269999980926514
2026-07-10T13:20:15+00:00,37.50687897205353,126.92335124127567,10528.0,2.875,22.0,160,88,227,228.0,98.0,10.0,990.0,740244,1,3.2330000400543213
2026-07-10T13:20:16+00:00,37.50686153769493,126.92334051243961,10531.5,2.886,22.0,160,87,227,228.0,98.0,10.0,990.0,740471,1,3.24399995803833
2026-07-10T13:20:17+00:00,37.50680630095303,126.92330815829337,10535.0,2.897,22.0,160,87,228,228.0,99.0,10.0,990.0,740699,1,3.255000114440918
2026-07-10T13:20:18+00:00,37.50678802840412,126.92329642362893,10538.5,2.903,22.0,160,87,228,227.0,99.0,10.0,990.0,740927,1,3.260999917984009
2026-07-10T13:20:19+00:00,37.506769839674234,126.92328477278352,10542.0,2.911,22.0,161,87,229,227.0,99.0,10.0,1000.0,741156,1,3.2660000324249268
2026-07-10T13:20:20+00:00,37.506751734763384,126.92327312193811,10545.0,2.919,22.0,161,87,229,227.0,99.0,10.0,1000.0,741385,1,3.3469998836517334
2026-07-10T13:20:21+00:00,37.50670186243951,126.9232392590493,10548.0,2.928,22.0,161,87,230,227.0,100.0,10.1,1000.0,741615,1,3.430000066757202
2026-07-10T13:20:22+00:00,37.50668618828058,126.92323070950806,10551.0,2.933,22.0,161,87,236,226.0,100.0,10.0,1000.0,741851,1,3.436000108718872
2026-07-10T13:20:23+00:00,37.50667043030262,126.92322224378586,10554.0,2.942,22.0,161,87,243,226.0,100.0,10.0,1010.0,742094,1,3.440999984741211
2026-07-10T13:20:24+00:00,37.50665483996272,126.92321386188269,10556.5,2.944,22.0,161,87,243,226.0,100.0,10.0,1010.0,742337,1,3.377000093460083
2026-07-10T13:20:25+00:00,37.506611086428165,126.92319190129638,10559.0,2.95,23.0,161,87,243,226.0,100.0,10.0,1010.0,742580,1,3.312999963760376
2026-07-10T13:20:26+00:00,37.50659725628793,126.9231840223074,10561.5,2.95,23.0,161,87,238,226.0,100.0,9.9,1010.0,742818,1,3.312999963760376
2026-07-10T13:20:27+00:00,37.5065834261477,126.92317622713745,10564.0,2.953,23.0,161,87,233,226.0,100.0,9.9,1020.0,743051,1,3.312999963760376
2026-07-10T13:20:28+00:00,37.5065696798265,126.9231684319675,10566.5,2.958,23.0,161,86,233,225.0,100.0,9.9,1020.0,743284,1,3.319000005722046
2026-07-10T13:20:29+00:00,37.50652885995805,126.92314144223928,10569.0,2.964,23.0,161,86,233,225.0,100.0,9.9,1030.0,743517,1,3.325000047683716
2026-07-10T13:20:30+00:00,37.506514275446534,126.92313465289772,10571.5,2.953,23.0,161,85,233,225.0,100.0,9.8,1030.0,743750,1,3.311000108718872
2026-07-10T13:20:31+00:00,37.506499690935016,126.92312786355615,10574.0,2.944,23.0,161,85,234,225.0,100.0,9.8,1030.0,743984,1,3.299999952316284
2026-07-10T13:20:32+00:00,37.5064851064235,126.92312115803361,10577.0,2.928,23.0,161,85,233,225.0,100.0,9.8,1020.0,744217,1,3.2829999923706055
2026-07-10T13:20:33+00:00,37.50643732957542,126.92310531623662,10580.0,2.914,23.0,161,85,232,225.0,100.0,9.8,1020.0,744449,1,3.2660000324249268
2026-07-10T13:20:34+00:00,37.50642064958811,126.92309726960957,10583.0,2.908,23.0,161,85,231,225.0,100.0,9.8,1020.0,744680,1,3.260999917984009
2026-07-10T13:20:35+00:00,37.5064039696008,126.9230891391635,10586.0,2.903,23.0,161,85,230,226.0,100.0,9.8,1020.0,744910,1,3.255000114440918
2026-07-10T13:20:36+00:00,37.506387289613485,126.92308100871742,10589.0,2.9,23.0,161,85,229,226.0,100.0,9.8,1020.0,745139,1,3.255000114440918
2026-07-10T13:20:37+00:00,37.5063365790993,126.92305343225598,10592.0,2.897,24.0,161,85,229,226.0,101.0,9.8,1020.0,745368,1,3.255000114440918
2026-07-10T13:20:38+00:00,37.50631964765489,126.92304505035281,10595.0,2.9,24.0,161,85,229,226.0,101.0,9.8,1010.0,745597,1,3.260999917984009
2026-07-10T13:20:39+00:00,37.506302800029516,126.92303666844964,10598.0,2.906,24.0,161,85,229,226.0,101.0,9.9,1010.0,745826,1,3.2660000324249268
2026-07-10T13:20:40+00:00,37.50628586858511,126.9230283703655,10601.0,2.911,24.0,161,85,229,226.0,101.0,9.9,1010.0,746055,1,3.2720000743865967
2026-07-10T13:20:41+00:00,37.506238175556064,126.92300842143595,10604.0,2.917,24.0,161,86,230,227.0,101.0,9.9,1020.0,746285,1,3.2769999504089355
2026-07-10T13:20:42+00:00,37.50622367486358,126.92300372757018,10606.5,2.919,24.0,161,86,230,227.0,101.0,9.9,1020.0,746515,1,3.2769999504089355
2026-07-10T13:20:43+00:00,37.50620917417109,126.9229990337044,10609.0,2.922,24.0,161,86,231,227.0,101.0,9.9,1020.0,746746,1,3.2769999504089355
2026-07-10T13:20:44+00:00,37.506194757297635,126.92299442365766,10611.0,2.917,24.0,161,86,231,227.0,101.0,9.9,1010.0,746977,1,3.2720000743865967
2026-07-10T13:20:45+00:00,37.5061499979347,126.9229800067842,10613.0,2.914,24.0,161,86,231,228.0,101.0,9.9,1010.0,747208,1,3.2660000324249268
2026-07-10T13:20:46+00:00,37.506133653223515,126.92297514528036,10616.0,2.906,24.0,161,86,230,228.0,100.0,9.8,1010.0,747438,1,3.260999917984009
2026-07-10T13:20:47+00:00,37.50611739233136,126.92297019995749,10619.0,2.9,24.0,162,86,230,229.0,100.0,9.8,1010.0,747668,1,3.255000114440918
2026-07-10T13:20:48+00:00,37.50610113143921,126.92296542227268,10622.0,2.894,24.0,161,86,229,229.0,100.0,9.8,1000.0,747897,1,3.249000072479248
2026-07-10T13:20:49+00:00,37.50604807399213,126.92295209504664,10625.0,2.889,25.0,161,87,229,230.0,100.0,9.8,1000.0,748126,1,3.24399995803833
2026-07-10T13:20:50+00:00,37.50602795742452,126.92294890992343,10628.5,2.886,25.0,162,87,229,230.0,99.0,9.8,990.0,748355,1,3.24399995803833
2026-07-10T13:20:51+00:00,37.50600792467594,126.92294580861926,10632.0,2.886,25.0,162,87,229,231.0,99.0,9.9,990.0,748584,1,3.24399995803833
2026-07-10T13:20:52+00:00,37.50598797574639,126.92294270731509,10635.5,2.881,25.0,161,87,229,231.0,99.0,9.9,990.0,748813,1,3.305000066757202
2026-07-10T13:20:53+00:00,37.505924524739385,126.92292083054781,10639.0,2.875,25.0,161,87,229,231.0,99.0,9.9,990.0,749042,1,3.36899995803833
2026-07-10T13:20:54+00:00,37.505904072895646,126.92290725186467,10643.0,2.883,25.0,161,87,233,231.0,98.0,9.9,990.0,749275,1,3.374000072479248
2026-07-10T13:20:55+00:00,37.50588370487094,126.92289367318153,10647.0,2.894,25.0,161,87,238,232.0,98.0,9.9,990.0,749513,1,3.382999897003174
2026-07-10T13:20:56+00:00,37.5058632530272,126.9228800944984,10651.0,2.919,25.0,162,87,238,232.0,98.0,9.8,1000.0,749751,1,3.3469998836517334
2026-07-10T13:20:57+00:00,37.505807261914015,126.92283642478287,10655.0,2.947,26.0,161,87,239,232.0,98.0,9.8,1010.0,749990,1,3.312999963760376
2026-07-10T13:20:58+00:00,37.505789743736386,126.92282376810908,10658.0,2.986,26.0,162,87,236,232.0,97.0,9.7,1020.0,750226,1,3.3580000400543213
2026-07-10T13:20:59+00:00,37.50577239319682,126.9228111114353,10661.0,3.028,26.0,162,87,233,232.0,97.0,9.7,1040.0,750459,1,3.4019999504089355
2026-07-10T13:21:00+00:00,37.505754958838224,126.92279853858054,10664.0,3.058,26.0,161,87,236,231.0,97.0,9.6,1050.0,750695,1,3.436000108718872
2026-07-10T13:21:01+00:00,37.505704667419195,126.92276895046234,10667.0,3.092,26.0,162,87,240,231.0,97.0,9.5,1060.0,750935,1,3.4690001010894775
2026-07-10T13:21:02+00:00,37.505687987431884,126.9227606523782,10670.0,3.103,26.0,162,87,242,230.0,96.0,9.4,1060.0,751177,1,3.4800000190734863
2026-07-10T13:21:03+00:00,37.50567130744457,126.92275235429406,10673.0,3.114,26.0,162,87,244,230.0,96.0,9.3,1070.0,751421,1,3.490999937057495
2026-07-10T13:21:04+00:00,37.50565462745726,126.92274405620992,10676.0,3.144,26.0,162,87,245,229.0,96.0,9.2,1080.0,751666,1,3.4609999656677246
2026-07-10T13:21:05+00:00,37.50560123473406,126.92272569984198,10679.0,3.175,26.0,162,87,246,228.0,97.0,9.2,1090.0,751912,1,3.430000066757202
2026-07-10T13:21:06+00:00,37.50558287836611,126.92272092215717,10682.5,3.186,26.0,162,87,243,227.0,97.0,9.1,1090.0,752155,1,3.440999984741211
2026-07-10T13:21:07+00:00,37.505564438179135,126.92271614447236,10686.0,3.2,26.0,162,88,240,226.0,97.0,9.1,1090.0,752395,1,3.4519999027252197
2026-07-10T13:21:08+00:00,37.50554616563022,126.92271136678755,10689.0,3.2,26.0,162,88,241,225.0,97.0,9.0,1090.0,752636,1,3.385999917984009
2026-07-10T13:21:09+00:00,37.505490090698004,126.922696698457,10692.0,3.2,26.0,162,88,242,224.0,97.0,9.0,1090.0,752878,1,3.319000005722046
2026-07-10T13:21:10+00:00,37.50547089613974,126.92269116640091,10695.5,3.194,26.0,162,87,236,223.0,97.0,9.0,1090.0,753114,1,3.255000114440918
2026-07-10T13:21:11+00:00,37.50545178540051,126.92268555052578,10699.0,3.192,26.0,162,87,231,222.0,98.0,9.0,1090.0,753345,1,3.190999984741211
2026-07-10T13:21:12+00:00,37.50543267466128,126.92267993465066,10702.0,3.192,26.0,162,87,230,221.0,98.0,9.0,1090.0,753575,1,3.190999984741211
2026-07-10T13:21:13+00:00,37.50537542626262,126.92266141064465,10705.0,3.194,26.0,162,88,230,220.0,99.0,9.0,1090.0,753805,1,3.194000005722046
2026-07-10T13:21:14+00:00,37.50535698607564,126.92265453748405,10708.5,3.2,25.0,162,88,225,219.0,99.0,9.0,1090.0,754030,1,3.200000047683716
2026-07-10T13:21:15+00:00,37.50533846206963,126.92264766432345,10712.0,3.208,25.0,162,88,220,218.0,99.0,9.1,1090.0,754250,1,3.2079999446868896
2026-07-10T13:21:16+00:00,37.505320105701685,126.92264079116285,10715.0,3.211,25.0,162,88,220,217.0,99.0,9.0,1090.0,754470,1,3.2109999656677246
2026-07-10T13:21:17+00:00,37.50526428222656,126.92262159660459,10718.0,3.214,25.0,162,87,221,216.0,99.0,9.0,1100.0,754691,1,3.2130000591278076
2026-07-10T13:21:18+00:00,37.505246344953775,126.92261723801494,10721.0,3.214,25.0,162,87,221,216.0,98.0,9.0,1100.0,754912,1,3.2130000591278076
2026-07-10T13:21:19+00:00,37.50522849150002,126.92261279560626,10724.0,3.214,25.0,162,87,221,216.0,98.0,9.0,1100.0,755133,1,3.2130000591278076
2026-07-10T13:21:20+00:00,37.50521055422723,126.92260852083564,10727.0,3.208,25.0,162,86,221,215.0,98.0,8.9,1100.0,755354,1,3.2079999446868896
2026-07-10T13:21:21+00:00,37.50516252592206,126.92259913310409,10730.0,3.206,25.0,162,86,221,215.0,98.0,8.9,1110.0,755575,1,3.2049999237060547
2026-07-10T13:21:22+00:00,37.50514869578183,126.92259209230542,10732.5,3.181,25.0,162,86,221,215.0,98.0,8.9,1100.0,755796,1,3.183000087738037
2026-07-10T13:21:23+00:00,37.505134865641594,126.92258513532579,10735.0,3.156,25.0,162,86,221,216.0,98.0,8.9,1100.0,756017,1,3.1610000133514404
2026-07-10T13:21:24+00:00,37.50512103550136,126.92257826216519,10737.5,3.131,25.0,162,86,219,216.0,98.0,8.9,1090.0,756236,1,3.0799999237060547
2026-07-10T13:21:25+00:00,37.505075857043266,126.92255722358823,10740.0,3.108,25.0,162,86,218,216.0,98.0,8.9,1080.0,756454,1,3.002000093460083
2026-07-10T13:21:26+00:00,37.505058255046606,126.9225500151515,10743.0,3.089,24.0,162,86,211,216.0,98.0,8.9,1070.0,756665,1,2.9830000400543213
2026-07-10T13:21:27+00:00,37.505040653049946,126.9225428905338,10746.0,3.069,24.0,162,86,205,216.0,98.0,9.0,1060.0,756870,1,2.9630000591278076
2026-07-10T13:21:28+00:00,37.50502313487232,126.92253584973514,10749.5,3.064,24.0,162,86,203,216.0,98.0,9.0,1060.0,757073,1,2.9579999446868896
2026-07-10T13:21:29+00:00,37.5049686525017,126.9225151464343,10753.0,3.061,24.0,162,86,202,217.0,99.0,9.1,1060.0,757275,1,2.9549999237060547
2026-07-10T13:21:30+00:00,37.50495046377182,126.92250919528306,10756.0,3.044,24.0,162,85,201,217.0,99.0,9.1,1060.0,757476,1,2.937999963760376
2026-07-10T13:21:31+00:00,37.50493227504194,126.92250332795084,10759.0,3.031,24.0,162,85,201,217.0,99.0,9.2,1060.0,757677,1,2.9240000247955322
2026-07-10T13:21:32+00:00,37.50491417013109,126.92249746061862,10762.0,3.031,24.0,162,85,200,217.0,99.0,9.2,1060.0,757877,1,2.877000093460083
2026-07-10T13:21:33+00:00,37.50485775992274,126.92248497158289,10765.0,3.033,24.0,162,85,199,218.0,100.0,9.3,1070.0,758076,1,2.8299999237060547
2026-07-10T13:21:34+00:00,37.50483864918351,126.92248329520226,10768.5,3.036,23.0,162,85,195,218.0,100.0,9.4,1070.0,758271,1,2.8329999446868896
2026-07-10T13:21:35+00:00,37.50481953844428,126.92248170264065,10772.0,3.042,23.0,162,85,191,219.0,101.0,9.5,1070.0,758462,1,2.8380000591278076
2026-07-10T13:21:36+00:00,37.50480059534311,126.92248011007905,10775.0,3.047,23.0,163,85,191,219.0,101.0,9.5,1070.0,758653,1,2.8440001010894775
2026-07-10T13:21:37+00:00,37.50474477186799,126.92247684113681,10778.0,3.053,23.0,162,85,191,219.0,102.0,9.6,1070.0,758844,1,2.8499999046325684
2026-07-10T13:21:38+00:00,37.50472809188068,126.92247332073748,10781.0,3.056,23.0,162,85,191,219.0,102.0,9.6,1070.0,759035,1,2.8519999980926514
2026-07-10T13:21:39+00:00,37.5047114957124,126.92246980033815,10784.0,3.058,23.0,162,85,192,219.0,103.0,9.7,1070.0,759227,1,2.8580000400543213
2026-07-10T13:21:40+00:00,37.50469489954412,126.92246636375785,10786.0,3.061,23.0,162,85,192,219.0,103.0,9.7,1070.0,759419,1,2.8580000400543213
2026-07-10T13:21:41+00:00,37.50464905053377,126.9224445708096,10788.0,3.064,23.0,162,86,193,220.0,104.0,9.7,1070.0,759612,1,2.8580000400543213
2026-07-10T13:21:42+00:00,37.50463387928903,126.92243191413581,10791.5,3.058,23.0,162,86,193,220.0,104.0,9.7,1060.0,759805,1,2.8519999980926514
2026-07-10T13:21:43+00:00,37.50461870804429,126.92241934128106,10795.0,3.053,23.0,162,86,193,220.0,104.0,9.7,1060.0,759998,1,2.8499999046325684
2026-07-10T13:21:44+00:00,37.50460353679955,126.92240685224533,10798.5,3.047,23.0,162,86,192,220.0,104.0,9.7,1060.0,760190,1,2.8440001010894775
2026-07-10T13:21:45+00:00,37.50455467030406,126.92236066795886,10802.0,3.042,23.0,162,86,192,221.0,104.0,9.8,1060.0,760382,1,2.8380000591278076
2026-07-10T13:21:46+00:00,37.50453648157418,126.92234675399959,10805.5,3.042,22.0,162,86,191,221.0,104.0,9.7,1060.0,760573,1,2.8380000591278076
2026-07-10T13:21:47+00:00,37.504518292844296,126.92233284004033,10809.0,3.042,22.0,163,86,191,222.0,104.0,9.7,1060.0,760764,1,2.8380000591278076
2026-07-10T13:21:48+00:00,37.504500187933445,126.92231892608106,10812.5,3.047,22.0,163,86,191,222.0,104.0,9.7,1060.0,760955,1,2.8469998836517334
2026-07-10T13:21:49+00:00,37.50444587320089,126.92228791303933,10816.0,3.056,22.0,163,86,191,222.0,104.0,9.8,1070.0,761146,1,2.8580000400543213
2026-07-10T13:21:50+00:00,37.50442869029939,126.92227735184133,10819.0,3.064,22.0,163,86,192,222.0,104.0,9.8,1070.0,761338,1,2.8610000610351562
2026-07-10T13:21:51+00:00,37.50441150739789,126.9222667068243,10822.0,3.072,22.0,163,86,193,222.0,104.0,9.8,1070.0,761531,1,2.865999937057495
2026-07-10T13:21:52+00:00,37.50439424067736,126.92225622944534,10825.0,3.075,22.0,163,86,193,222.0,103.0,9.7,1070.0,761724,1,2.871999979019165
2026-07-10T13:21:53+00:00,37.504343278706074,126.92221473902464,10828.0,3.081,22.0,163,86,193,222.0,103.0,9.7,1070.0,761917,1,2.877000093460083
2026-07-10T13:21:54+00:00,37.50433078967035,126.92219571210444,10831.5,3.083,22.0,163,86,193,222.0,102.0,9.6,1070.0,762110,1,2.880000114440918
2026-07-10T13:21:55+00:00,37.504318384453654,126.92217676900327,10835.0,3.086,22.0,163,86,194,222.0,102.0,9.6,1080.0,762304,1,2.885999917984009
2026-07-10T13:21:56+00:00,37.50430597923696,126.9221578259021,10838.5,3.089,22.0,164,86,194,222.0,101.0,9.5,1080.0,762498,1,2.885999917984009
2026-07-10T13:21:57+00:00,,,10842.0,3.094,22.0,164,86,194,222.0,101.0,9.4,1080.0,762692,1,2.885999917984009
2026-07-10T13:21:58+00:00,,,10845.0,3.1,,164,86,194,222.0,100.0,9.3,1080.0,762886,1,2.8940000534057617
2026-07-10T13:21:59+00:00,,,10848.0,3.106,,164,86,194,223.0,100.0,9.3,1080.0,763080,1,2.9049999713897705
2026-07-10T13:22:00+00:00,,,10850.79,,,164,,,,,,,,1,nan
