timestamp,position_lat,position_long,distance,speed,altitude,heart_rate,cadence,power,stance_time,vertical_oscillation,vertical_ratio,step_length,accumulated_power,activity_type,dev_effort_pace
2026-07-02T10:46:45+00:00,,,0.0,,,,,,,,,,,1,
2026-07-02T10:46:46+00:00,,,0.0,,,,,,,,,,,1,
2026-07-02T10:46:47+00:00,,,0.0,,,,,,,,,,,1,
2026-07-02T10:46:48+00:00,,,0.0,,,131,,,,,,,,1,
2026-07-02T10:46:49+00:00,,,3.0,3.106,,131,,,0.0,0.0,0.0,1040.0,,1,3.1050000190734863
2026-07-02T10:46:50+00:00,,,6.0,3.147,,132,,,0.0,0.0,0.0,1040.0,,1,3.1470000743865967
2026-07-02T10:46:51+00:00,,,9.0,3.181,,132,92,214,0.0,0.0,0.0,1050.0,214,1,3.180000066757202
2026-07-02T10:46:52+00:00,,,12.0,3.214,22.0,133,93,217,0.0,0.0,0.0,1060.0,431,1,3.2130000591278076
2026-07-02T10:46:53+00:00,,,15.5,3.317,22.0,133,94,219,0.0,0.0,0.0,1070.0,650,1,3.315999984741211
2026-07-02T10:46:54+00:00,,,19.0,3.422,22.0,134,94,221,0.0,0.0,0.0,1090.0,871,1,3.4189999103546143
2026-07-02T10:46:55+00:00,,,22.0,3.497,22.0,134,95,228,0.0,0.0,0.0,1100.0,1099,1,3.565999984741211
2026-07-02T10:46:56+00:00,,,25.0,3.575,22.0,134,96,236,0.0,0.0,0.0,1110.0,1335,1,3.7130000591278076
2026-07-02T10:46:57+00:00,,,29.0,3.583,22.0,134,96,247,0.0,0.0,0.0,1110.0,1582,1,3.7190001010894775
2026-07-02T10:46:58+00:00,,,33.0,3.592,22.0,135,96,258,0.0,0.0,0.0,1120.0,1840,1,3.7239999771118164
2026-07-02T10:46:59+00:00,,,36.5,3.578,22.0,136,95,258,93.0,35.0,3.2,1120.0,2098,1,3.7079999446868896
2026-07-02T10:47:00+00:00,,,40.0,3.564,22.0,136,95,259,187.0,71.0,6.5,1120.0,2357,1,3.694000005722046
2026-07-02T10:47:01+00:00,,,43.5,3.542,22.0,138,94,258,187.0,71.0,6.5,1110.0,2615,1,3.74399995803833
2026-07-02T10:47:02+00:00,,,47.0,3.519,22.0,138,94,257,188.0,72.0,6.5,1110.0,2872,1,3.796999931335449
2026-07-02T10:47:03+00:00,,,50.5,3.5,22.0,139,94,261,188.0,72.0,6.5,1110.0,3133,1,3.7750000953674316
2026-07-02T10:47:04+00:00,,,54.0,3.483,22.0,139,94,266,189.0,72.0,6.5,1110.0,3399,1,3.752000093460083
2026-07-02T10:47:05+00:00,,,57.5,3.464,22.0,140,94,264,189.0,72.0,6.5,1100.0,3663,1,3.7360000610351562
2026-07-02T10:47:06+00:00,,,61.0,3.447,22.0,140,94,263,190.0,73.0,6.5,1100.0,3926,1,3.7219998836517334
2026-07-02T10:47:07+00:00,,,64.5,3.444,22.0,141,93,262,190.0,73.0,6.5,1100.0,4188,1,3.7160000801086426
2026-07-02T10:47:08+00:00,,,68.0,3.444,22.0,142,93,261,191.0,73.0,6.6,1100.0,4449,1,3.7109999656677246
2026-07-02T10:47:09+00:00,,,71.5,3.439,22.0,142,93,260,191.0,73.0,6.6,1100.0,4709,1,3.7049999237060547
2026-07-02T10:47:10+00:00,,,75.0,3.433,22.0,143,94,260,192.0,74.0,6.7,1100.0,4969,1,3.6989998817443848
2026-07-02T10:47:11+00:00,,,78.0,3.425,22.0,144,93,259,192.0,74.0,6.7,1100.0,5228,1,3.625
2026-07-02T10:47:12+00:00,,,81.0,3.419,22.0,144,93,259,192.0,74.0,6.7,1100.0,5487,1,3.5490000247955322
2026-07-02T10:47:13+00:00,,,84.5,3.414,22.0,147,93,253,192.0,74.0,6.7,1090.0,5740,1,3.4769999980926514
2026-07-02T10:47:14+00:00,,,88.0,3.408,22.0,149,93,247,193.0,74.0,6.7,1090.0,5987,1,3.4079999923706055
2026-07-02T10:47:15+00:00,,,91.5,3.397,22.0,150,93,246,193.0,74.0,6.7,1090.0,6233,1,3.3970000743865967
2026-07-02T10:47:16+00:00,,,95.0,3.386,22.0,151,93,246,194.0,74.0,6.8,1090.0,6479,1,3.385999917984009
2026-07-02T10:47:17+00:00,,,98.5,3.381,22.0,151,93,240,194.0,74.0,6.8,1090.0,6719,1,3.380000114440918
2026-07-02T10:47:18+00:00,,,102.0,3.375,22.0,151,93,234,195.0,75.0,6.9,1090.0,6953,1,3.374000072479248
2026-07-02T10:47:19+00:00,,,105.5,3.372,22.0,152,93,233,195.0,75.0,6.9,1090.0,7186,1,3.371999979019165
2026-07-02T10:47:20+00:00,,,109.0,3.372,22.0,152,93,233,196.0,76.0,7.0,1090.0,7419,1,3.371999979019165
2026-07-02T10:47:21+00:00,,,112.0,3.397,22.0,153,93,232,196.0,76.0,7.0,1090.0,7651,1,3.3970000743865967
2026-07-02T10:47:22+00:00,,,115.0,3.425,22.0,153,94,232,196.0,77.0,7.0,1090.0,7883,1,3.4240000247955322
2026-07-02T10:47:23+00:00,,,118.5,3.431,22.0,154,94,234,196.0,77.0,7.0,1090.0,8117,1,3.430000066757202
2026-07-02T10:47:24+00:00,,,122.0,3.439,22.0,154,94,236,196.0,77.0,7.1,1100.0,8353,1,3.437999963760376
2026-07-02T10:47:25+00:00,,,125.5,3.467,22.0,154,94,236,196.0,77.0,7.0,1100.0,8589,1,3.4660000801086426
2026-07-02T10:47:26+00:00,,,129.0,3.494,22.0,155,94,237,196.0,77.0,7.0,1100.0,8826,1,3.49399995803833
2026-07-02T10:47:27+00:00,,,132.5,3.475,22.0,155,94,238,196.0,77.0,7.0,1100.0,9064,1,3.4749999046325684
2026-07-02T10:47:28+00:00,,,136.0,3.458,22.0,155,94,240,196.0,77.0,7.0,1100.0,9304,1,3.4579999446868896
2026-07-02T10:47:29+00:00,,,139.5,3.45,22.0,155,94,239,196.0,77.0,7.0,1100.0,9543,1,3.450000047683716
2026-07-02T10:47:30+00:00,,,143.0,3.444,22.0,155,94,238,196.0,77.0,7.0,1100.0,9781,1,3.444000005722046
2026-07-02T10:47:31+00:00,,,146.5,3.442,22.0,156,93,237,196.0,77.0,7.0,1100.0,10018,1,3.440999984741211
2026-07-02T10:47:32+00:00,,,150.0,3.442,22.0,156,93,237,196.0,77.0,7.0,1100.0,10255,1,3.440999984741211
2026-07-02T10:47:33+00:00,,,153.5,3.447,22.0,156,94,237,196.0,77.0,7.0,1100.0,10492,1,3.447000026702881
2026-07-02T10:47:34+00:00,,,157.0,3.456,22.0,156,94,237,196.0,77.0,7.0,1100.0,10729,1,3.4549999237060547
2026-07-02T10:47:35+00:00,,,160.5,3.453,22.0,157,94,237,195.0,77.0,7.0,1100.0,10966,1,3.4519999027252197
2026-07-02T10:47:36+00:00,,,164.0,3.453,22.0,157,93,238,195.0,78.0,7.1,1100.0,11204,1,3.4519999027252197
2026-07-02T10:47:37+00:00,,,167.5,3.433,22.0,157,93,238,195.0,78.0,7.1,1100.0,11442,1,3.433000087738037
2026-07-02T10:47:38+00:00,,,171.0,3.414,22.0,157,93,238,195.0,78.0,7.1,1100.0,11680,1,3.4130001068115234
2026-07-02T10:47:39+00:00,,,174.0,3.411,22.0,157,93,236,195.0,78.0,7.1,1090.0,11916,1,3.4110000133514404
2026-07-02T10:47:40+00:00,,,177.0,3.408,22.0,157,93,235,195.0,78.0,7.1,1090.0,12151,1,3.4079999923706055
2026-07-02T10:47:41+00:00,,,180.5,3.403,22.0,158,93,235,195.0,78.0,7.1,1090.0,12386,1,3.4019999504089355
2026-07-02T10:47:42+00:00,,,184.0,3.4,22.0,158,93,235,196.0,78.0,7.1,1090.0,12621,1,3.3989999294281006
2026-07-02T10:47:43+00:00,,,187.5,3.403,22.0,158,93,234,196.0,78.0,7.1,1090.0,12855,1,3.4019999504089355
2026-07-02T10:47:44+00:00,,,191.0,3.406,22.0,158,94,234,196.0,78.0,7.1,1090.0,13089,1,3.4049999713897705
2026-07-02T10:47:45+00:00,,,194.5,3.419,22.0,159,94,234,196.0,78.0,7.1,1090.0,13323,1,3.4189999103546143
2026-07-02T10:47:46+00:00,,,198.0,3.436,22.0,159,94,235,197.0,78.0,7.1,1100.0,13558,1,3.436000108718872
2026-07-02T10:47:47+00:00,,,201.5,3.45,22.0,159,94,236,197.0,78.0,7.1,1100.0,13794,1,3.450000047683716
2026-07-02T10:47:48+00:00,,,205.0,3.464,22.0,160,94,237,197.0,78.0,7.1,1100.0,14031,1,3.4630000591278076
2026-07-02T10:47:49+00:00,,,209.5,3.469,22.0,160,94,237,197.0,78.0,7.1,1100.0,14268,1,3.4690001010894775
2026-07-02T10:47:50+00:00,,,214.0,3.475,22.0,160,94,238,197.0,78.0,7.1,1100.0,14506,1,3.4749999046325684
2026-07-02T10:47:51+00:00,,,217.5,3.461,22.0,160,94,239,197.0,78.0,7.1,1100.0,14745,1,3.4609999656677246
2026-07-02T10:47:52+00:00,,,221.0,3.447,22.0,161,94,240,197.0,78.0,7.1,1100.0,14985,1,3.447000026702881
2026-07-02T10:47:53+00:00,,,224.5,3.431,22.0,161,93,239,197.0,78.0,7.1,1100.0,15224,1,3.430000066757202
2026-07-02T10:47:54+00:00,,,228.0,3.414,22.0,161,93,238,197.0,78.0,7.1,1100.0,15462,1,3.4130001068115234
2026-07-02T10:47:55+00:00,,,231.5,3.4,22.0,161,93,236,197.0,78.0,7.1,1090.0,15698,1,3.3989999294281006
2026-07-02T10:47:56+00:00,,,235.0,3.386,22.0,162,93,235,197.0,78.0,7.1,1090.0,15933,1,3.385999917984009
2026-07-02T10:47:57+00:00,,,238.5,3.381,22.0,162,93,234,197.0,78.0,7.1,1090.0,16167,1,3.380000114440918
2026-07-02T10:47:58+00:00,,,242.0,3.375,22.0,162,93,234,197.0,78.0,7.1,1090.0,16401,1,3.374000072479248
2026-07-02T10:47:59+00:00,,,245.0,3.372,22.0,162,93,233,197.0,77.0,7.1,1090.0,16634,1,3.371999979019165
2026-07-02T10:48:00+00:00,,,248.0,3.372,22.0,163,93,233,198.0,77.0,7.1,1090.0,16867,1,3.371999979019165
2026-07-02T10:48:01+00:00,,,251.5,3.372,22.0,163,93,232,198.0,77.0,7.1,1090.0,17099,1,3.371999979019165
2026-07-02T10:48:02+00:00,,,255.0,3.372,22.0,163,93,232,198.0,77.0,7.1,1090.0,17331,1,3.371999979019165
2026-07-02T10:48:03+00:00,,,258.5,3.361,22.0,163,92,232,198.0,77.0,7.1,1090.0,17563,1,3.3610000610351562
2026-07-02T10:48:04+00:00,,,262.0,3.35,22.0,163,92,232,198.0,77.0,7.1,1090.0,17795,1,3.3499999046325684
2026-07-02T10:48:05+00:00,,,265.5,3.344,22.0,164,92,231,198.0,77.0,7.1,1080.0,18026,1,3.3440001010894775
2026-07-02T10:48:06+00:00,,,269.0,3.339,22.0,164,92,231,198.0,77.0,7.1,1080.0,18257,1,3.3380000591278076
2026-07-02T10:48:07+00:00,,,272.0,3.333,22.0,164,92,230,198.0,77.0,7.1,1080.0,18487,1,3.3329999446868896
2026-07-02T10:48:08+00:00,,,275.0,3.331,22.0,164,92,230,199.0,77.0,7.1,1080.0,18717,1,3.3299999237060547
2026-07-02T10:48:09+00:00,,,278.5,3.333,22.0,164,92,229,199.0,77.0,7.1,1080.0,18946,1,3.3329999446868896
2026-07-02T10:48:10+00:00,,,282.0,3.336,22.0,164,92,229,200.0,78.0,7.2,1080.0,19175,1,3.3359999656677246
2026-07-02T10:48:11+00:00,,,285.5,3.35,22.0,164,92,229,200.0,78.0,7.2,1080.0,19404,1,3.3499999046325684
2026-07-02T10:48:12+00:00,,,289.0,3.367,22.0,164,93,230,201.0,78.0,7.2,1090.0,19634,1,3.365999937057495
2026-07-02T10:48:13+00:00,,,292.0,3.383,22.0,164,93,231,201.0,78.0,7.2,1090.0,19865,1,3.382999897003174
2026-07-02T10:48:14+00:00,,,295.0,3.4,22.0,164,93,232,201.0,78.0,7.2,1090.0,20097,1,3.3989999294281006
2026-07-02T10:48:15+00:00,,,298.5,3.403,22.0,164,93,233,201.0,77.0,7.1,1090.0,20330,1,3.4019999504089355
2026-07-02T10:48:16+00:00,,,302.0,3.406,22.0,164,93,234,201.0,77.0,7.1,1090.0,20564,1,3.4049999713897705
2026-07-02T10:48:17+00:00,,,305.5,3.392,22.0,164,93,234,201.0,77.0,7.1,1090.0,20798,1,3.3910000324249268
2026-07-02T10:48:18+00:00,,,309.0,3.378,22.0,165,93,235,201.0,77.0,7.1,1090.0,21033,1,3.377000093460083
2026-07-02T10:48:19+00:00,,,312.5,3.375,22.0,165,93,234,201.0,77.0,7.1,1090.0,21267,1,3.374000072479248
2026-07-02T10:48:20+00:00,,,316.0,3.372,22.0,165,93,233,201.0,77.0,7.1,1090.0,21500,1,3.371999979019165
2026-07-02T10:48:21+00:00,,,319.5,3.372,23.0,165,93,232,201.0,77.0,7.0,1090.0,21732,1,3.371999979019165
2026-07-02T10:48:22+00:00,,,323.0,3.372,23.0,165,93,232,201.0,77.0,7.0,1090.0,21964,1,3.371999979019165
2026-07-02T10:48:23+00:00,,,326.0,3.372,23.0,166,93,232,201.0,77.0,7.0,1090.0,22196,1,3.371999979019165
2026-07-02T10:48:24+00:00,,,329.0,3.372,23.0,166,93,232,201.0,77.0,7.0,1090.0,22428,1,3.371999979019165
2026-07-02T10:48:25+00:00,,,332.5,3.372,23.0,166,93,232,201.0,76.0,7.0,1090.0,22660,1,3.433000087738037
2026-07-02T10:48:26+00:00,,,336.0,3.372,23.0,166,93,232,201.0,76.0,7.0,1090.0,22892,1,3.496999979019165
2026-07-02T10:48:27+00:00,,,339.5,3.367,23.0,166,93,237,201.0,76.0,6.9,1090.0,23129,1,3.490999937057495
2026-07-02T10:48:28+00:00,,,343.0,3.364,23.0,166,93,243,201.0,76.0,6.9,1090.0,23372,1,3.4860000610351562
2026-07-02T10:48:29+00:00,,,346.0,3.367,23.0,167,93,242,201.0,75.0,6.9,1090.0,23614,1,3.490999937057495
2026-07-02T10:48:30+00:00,,,349.0,3.372,23.0,167,93,242,201.0,75.0,6.9,1090.0,23856,1,3.496999979019165
2026-07-02T10:48:31+00:00,,,352.5,3.372,24.0,167,93,242,201.0,75.0,6.8,1090.0,24098,1,3.565999984741211
2026-07-02T10:48:32+00:00,,,356.0,3.372,24.0,167,93,243,201.0,75.0,6.8,1090.0,24341,1,3.635999917984009
2026-07-02T10:48:33+00:00,,,359.5,3.372,24.0,167,93,248,201.0,74.0,6.8,1090.0,24589,1,3.635999917984009
2026-07-02T10:48:34+00:00,,,363.0,3.372,24.0,167,93,254,202.0,74.0,6.8,1090.0,24843,1,3.635999917984009
2026-07-02T10:48:35+00:00,,,366.5,3.356,24.0,167,92,254,202.0,74.0,6.8,1080.0,25097,1,3.61899995803833
2026-07-02T10:48:36+00:00,,,370.0,3.342,24.0,167,92,254,202.0,75.0,6.8,1080.0,25351,1,3.6019999980926514
2026-07-02T10:48:37+00:00,,,373.0,3.339,24.0,167,92,253,202.0,75.0,6.8,1080.0,25604,1,3.6019999980926514
2026-07-02T10:48:38+00:00,,,376.0,3.339,24.0,168,92,252,203.0,75.0,6.9,1080.0,25856,1,3.6019999980926514
2026-07-02T10:48:39+00:00,,,379.5,3.336,24.0,168,92,252,203.0,75.0,6.9,1080.0,26108,1,3.6019999980926514
2026-07-02T10:48:40+00:00,,,383.0,3.336,24.0,168,92,252,203.0,75.0,6.9,1080.0,26360,1,3.6019999980926514
2026-07-02T10:48:41+00:00,,,386.5,3.347,24.0,168,92,252,203.0,75.0,6.9,1080.0,26612,1,3.686000108718872
2026-07-02T10:48:42+00:00,,,390.0,3.358,24.0,168,93,252,203.0,75.0,6.9,1080.0,26864,1,3.7720000743865967
2026-07-02T10:48:43+00:00,,,393.0,3.35,24.0,168,92,259,203.0,75.0,6.9,1080.0,27123,1,3.760999917984009
2026-07-02T10:48:44+00:00,,,396.0,3.342,24.0,168,92,266,204.0,75.0,6.9,1080.0,27389,1,3.75
2026-07-02T10:48:45+00:00,,,399.5,3.339,24.0,168,92,265,204.0,75.0,6.9,1080.0,27654,1,3.6740000247955322
2026-07-02T10:48:46+00:00,,,403.0,3.339,25.0,168,92,264,205.0,75.0,7.0,1080.0,27918,1,3.6019999980926514
2026-07-02T10:48:47+00:00,,,406.5,3.336,25.0,168,92,258,205.0,75.0,7.0,1080.0,28176,1,3.6019999980926514
2026-07-02T10:48:48+00:00,,,410.0,3.336,25.0,168,92,252,205.0,76.0,7.0,1080.0,28428,1,3.6019999980926514
2026-07-02T10:48:49+00:00,,,413.0,3.35,25.0,168,92,252,205.0,76.0,7.0,1080.0,28680,1,3.61899995803833
2026-07-02T10:48:50+00:00,,,416.0,3.367,25.0,168,93,252,205.0,76.0,7.0,1090.0,28932,1,3.635999917984009
2026-07-02T10:48:51+00:00,,,419.5,3.369,25.0,168,93,253,205.0,76.0,7.0,1090.0,29185,1,3.635999917984009
2026-07-02T10:48:52+00:00,,,423.0,3.372,25.0,168,93,254,206.0,76.0,7.0,1090.0,29439,1,3.635999917984009
2026-07-02T10:48:53+00:00,,,426.5,3.383,25.0,168,93,254,206.0,75.0,6.9,1090.0,29693,1,3.6440000534057617
2026-07-02T10:48:54+00:00,,,430.0,3.394,25.0,168,93,254,206.0,75.0,6.9,1090.0,29947,1,3.6549999713897705
2026-07-02T10:48:55+00:00,,,433.5,3.4,25.0,168,93,255,205.0,75.0,6.9,1090.0,30202,1,3.740999937057495
2026-07-02T10:48:56+00:00,,,437.0,3.406,26.0,168,93,256,205.0,75.0,6.9,1090.0,30458,1,3.8269999027252197
2026-07-02T10:48:57+00:00,,,440.5,3.394,26.0,168,93,263,205.0,75.0,6.9,1090.0,30721,1,3.815999984741211
2026-07-02T10:48:58+00:00,,,444.0,3.386,26.0,168,93,270,205.0,75.0,6.9,1090.0,30991,1,3.805000066757202
2026-07-02T10:48:59+00:00,,,447.0,3.381,26.0,168,93,269,205.0,75.0,6.9,1090.0,31260,1,3.799999952316284
2026-07-02T10:49:00+00:00,,,450.0,3.375,26.0,168,93,268,205.0,75.0,6.9,1090.0,31528,1,3.7939999103546143
2026-07-02T10:49:01+00:00,,,453.5,3.358,26.0,168,92,267,205.0,75.0,6.9,1080.0,31795,1,3.697000026702881
2026-07-02T10:49:02+00:00,,,457.0,3.342,26.0,168,92,267,205.0,75.0,6.9,1080.0,32062,1,3.6019999980926514
2026-07-02T10:49:03+00:00,,,460.5,3.325,26.0,168,92,259,205.0,74.0,6.8,1080.0,32321,1,3.5859999656677246
2026-07-02T10:49:04+00:00,,,464.0,3.308,26.0,168,92,252,205.0,74.0,6.8,1080.0,32573,1,3.569000005722046
2026-07-02T10:49:05+00:00,,,467.0,3.294,26.0,168,91,251,205.0,74.0,6.8,1080.0,32824,1,3.625
2026-07-02T10:49:06+00:00,,,470.0,3.283,26.0,169,91,250,205.0,74.0,6.8,1080.0,33074,1,3.683000087738037
2026-07-02T10:49:07+00:00,,,473.5,3.267,26.0,169,91,254,205.0,74.0,6.8,1070.0,33328,1,3.6659998893737793
2026-07-02T10:49:08+00:00,,,477.0,3.25,26.0,169,91,259,205.0,74.0,6.8,1070.0,33587,1,3.6500000953674316
2026-07-02T10:49:09+00:00,,,478.5,3.244,26.0,169,91,258,205.0,74.0,6.8,1070.0,33845,1,3.6440000534057617
2026-07-02T10:49:10+00:00,,,480.0,3.239,26.0,169,91,257,206.0,74.0,6.9,1070.0,34102,1,3.638000011444092
2026-07-02T10:49:11+00:00,,,483.5,3.236,27.0,169,91,256,207.0,74.0,6.9,1070.0,34358,1,3.561000108718872
2026-07-02T10:49:12+00:00,,,487.0,3.233,27.0,169,91,256,208.0,75.0,6.9,1070.0,34614,1,3.4830000400543213
2026-07-02T10:49:13+00:00,,,490.0,3.233,27.0,169,91,250,208.0,75.0,6.9,1070.0,34864,1,3.4830000400543213
2026-07-02T10:49:14+00:00,,,493.0,3.233,27.0,169,91,244,209.0,75.0,7.0,1070.0,35108,1,3.4830000400543213
2026-07-02T10:49:15+00:00,,,496.5,3.244,27.0,169,91,244,209.0,75.0,7.0,1070.0,35352,1,3.5
2026-07-02T10:49:16+00:00,,,500.0,3.256,27.0,169,91,244,210.0,75.0,7.0,1070.0,35596,1,3.5160000324249268
2026-07-02T10:49:17+00:00,,,503.0,3.261,27.0,169,91,245,210.0,74.0,6.9,1070.0,35841,1,3.5220000743865967
2026-07-02T10:49:18+00:00,,,506.0,3.267,27.0,169,91,246,211.0,74.0,6.9,1070.0,36087,1,3.5269999504089355
2026-07-02T10:49:19+00:00,,,509.5,3.267,27.0,169,91,246,211.0,74.0,6.9,1070.0,36333,1,3.5269999504089355
2026-07-02T10:49:20+00:00,,,513.0,3.267,27.0,169,91,247,212.0,74.0,6.9,1070.0,36580,1,3.5269999504089355
2026-07-02T10:49:21+00:00,,,516.0,3.267,28.0,169,91,247,212.0,74.0,6.9,1070.0,36827,1,3.5999999046325684
2026-07-02T10:49:22+00:00,,,519.0,3.269,28.0,169,91,247,212.0,74.0,6.9,1070.0,37074,1,3.671999931335449
2026-07-02T10:49:23+00:00,,,522.5,3.278,28.0,169,91,253,212.0,74.0,6.9,1070.0,37327,1,3.683000087738037
2026-07-02T10:49:24+00:00,,,526.0,3.289,28.0,169,92,259,212.0,74.0,6.9,1070.0,37586,1,3.694000005722046
2026-07-02T10:49:25+00:00,,,529.0,3.306,28.0,169,92,259,212.0,74.0,6.9,1070.0,37845,1,3.7880001068115234
2026-07-02T10:49:26+00:00,,,532.0,3.322,29.0,169,92,260,212.0,74.0,6.9,1080.0,38105,1,3.885999917984009
2026-07-02T10:49:27+00:00,,,535.5,3.328,29.0,169,92,267,211.0,74.0,6.8,1080.0,38372,1,3.8970000743865967
2026-07-02T10:49:28+00:00,,,539.0,3.336,29.0,169,92,275,211.0,74.0,6.8,1080.0,38647,1,3.9079999923706055
2026-07-02T10:49:29+00:00,,,542.5,3.336,29.0,169,92,276,210.0,74.0,6.8,1080.0,38923,1,3.9079999923706055
2026-07-02T10:49:30+00:00,,,546.0,3.336,29.0,169,92,277,210.0,74.0,6.9,1080.0,39200,1,3.9079999923706055
2026-07-02T10:49:31+00:00,,,549.0,3.314,29.0,169,92,277,210.0,74.0,6.9,1080.0,39477,1,3.877000093460083
2026-07-02T10:49:32+00:00,,,552.0,3.294,29.0,169,91,277,210.0,74.0,6.9,1080.0,39754,1,3.8489999771118164
2026-07-02T10:49:33+00:00,,,555.5,3.283,29.0,169,91,274,210.0,74.0,6.9,1070.0,40028,1,3.8380000591278076
2026-07-02T10:49:34+00:00,,,559.0,3.272,29.0,169,92,272,210.0,75.0,6.9,1070.0,40300,1,3.8269999027252197
2026-07-02T10:49:35+00:00,,,562.0,3.275,29.0,169,92,271,210.0,75.0,6.9,1070.0,40571,1,3.755000114440918
2026-07-02T10:49:36+00:00,,,565.0,3.278,29.0,169,92,271,210.0,75.0,7.0,1070.0,40842,1,3.683000087738037
2026-07-02T10:49:37+00:00,,,568.5,3.289,29.0,169,92,265,210.0,75.0,7.0,1070.0,41107,1,3.694000005722046
2026-07-02T10:49:38+00:00,,,572.0,3.3,29.0,170,92,259,210.0,75.0,7.0,1080.0,41366,1,3.7049999237060547
2026-07-02T10:49:39+00:00,,,575.5,3.289,29.0,170,91,260,210.0,75.0,7.0,1080.0,41626,1,3.694000005722046
2026-07-02T10:49:40+00:00,,,579.0,3.281,29.0,170,91,261,210.0,75.0,7.0,1080.0,41887,1,3.683000087738037
2026-07-02T10:49:41+00:00,,,582.0,3.275,30.0,170,91,260,210.0,75.0,7.0,1070.0,42147,1,3.677000045776367
2026-07-02T10:49:42+00:00,,,585.0,3.269,30.0,170,91,259,210.0,75.0,7.0,1070.0,42406,1,3.671999931335449
2026-07-02T10:49:43+00:00,,,588.5,3.253,30.0,170,91,259,210.0,75.0,7.0,1070.0,42665,1,3.6549999713897705
2026-07-02T10:49:44+00:00,,,592.0,3.239,30.0,170,91,259,211.0,76.0,7.0,1070.0,42924,1,3.638000011444092
2026-07-02T10:49:45+00:00,,,595.0,3.258,30.0,170,91,257,211.0,76.0,7.0,1070.0,43181,1,3.6610000133514404
2026-07-02T10:49:46+00:00,,,598.0,3.278,31.0,170,92,256,211.0,76.0,7.1,1070.0,43437,1,3.683000087738037
2026-07-02T10:49:47+00:00,,,601.5,3.308,31.0,170,92,257,211.0,75.0,7.0,1070.0,43694,1,3.7160000801086426
2026-07-02T10:49:48+00:00,,,605.0,3.342,31.0,170,93,259,211.0,75.0,7.0,1080.0,43953,1,3.75
2026-07-02T10:49:49+00:00,,,608.0,3.353,31.0,170,92,261,211.0,75.0,7.0,1080.0,44214,1,3.7660000324249268
2026-07-02T10:49:50+00:00,,,611.0,3.367,31.0,171,92,264,211.0,75.0,7.0,1090.0,44478,1,3.7829999923706055
2026-07-02T10:49:51+00:00,,,614.5,3.317,31.0,171,91,265,211.0,74.0,6.9,1080.0,44743,1,3.7269999980926514
2026-07-02T10:49:52+00:00,,,618.0,3.269,31.0,171,91,266,212.0,74.0,6.9,1080.0,45009,1,3.671999931335449
2026-07-02T10:49:53+00:00,,,621.5,3.253,31.0,171,91,262,212.0,74.0,6.9,1070.0,45271,1,3.6549999713897705
2026-07-02T10:49:54+00:00,,,625.0,3.239,31.0,171,91,259,212.0,74.0,6.9,1070.0,45530,1,3.638000011444092
2026-07-02T10:49:55+00:00,,,628.0,3.236,31.0,171,91,257,212.0,74.0,6.9,1070.0,45787,1,3.632999897003174
2026-07-02T10:49:56+00:00,,,631.0,3.233,32.0,171,91,256,212.0,74.0,6.9,1070.0,46043,1,3.627000093460083
2026-07-02T10:49:57+00:00,,,634.5,3.233,32.0,171,91,255,212.0,75.0,6.9,1070.0,46298,1,3.627000093460083
2026-07-02T10:49:58+00:00,,,638.0,3.233,32.0,170,91,255,212.0,76.0,7.0,1070.0,46553,1,3.627000093460083
2026-07-02T10:49:59+00:00,,,641.0,3.233,32.0,170,91,255,212.0,76.0,7.1,1070.0,46808,1,3.627000093460083
2026-07-02T10:50:00+00:00,,,644.0,3.233,32.0,170,91,255,212.0,77.0,7.2,1070.0,47063,1,3.627000093460083
2026-07-02T10:50:01+00:00,,,647.0,3.233,32.0,170,91,255,211.0,78.0,7.3,1070.0,47318,1,3.627000093460083
2026-07-02T10:50:02+00:00,,,650.0,3.233,32.0,170,91,255,211.0,79.0,7.4,1070.0,47573,1,3.627000093460083
2026-07-02T10:50:03+00:00,,,655.0,3.233,32.0,170,91,255,212.0,80.0,7.5,1070.0,47828,1,3.627000093460083
2026-07-02T10:50:04+00:00,,,660.0,3.233,32.0,170,91,255,214.0,81.0,7.6,1070.0,48083,1,3.627000093460083
2026-07-02T10:50:05+00:00,,,663.5,3.219,32.0,170,90,255,215.0,82.0,7.7,1060.0,48338,1,3.5439999103546143
2026-07-02T10:50:06+00:00,,,667.0,3.206,32.0,169,90,255,217.0,83.0,7.8,1060.0,48593,1,3.4630000591278076
2026-07-02T10:50:07+00:00,,,669.0,3.183,31.0,169,89,248,218.0,84.0,7.9,1060.0,48841,1,3.436000108718872
2026-07-02T10:50:08+00:00,,,671.0,3.161,31.0,169,88,242,220.0,86.0,8.0,1060.0,49083,1,3.4079999923706055
2026-07-02T10:50:09+00:00,,,674.0,3.119,31.0,170,87,240,220.0,87.0,8.1,1050.0,49323,1,3.240999937057495
2026-07-02T10:50:10+00:00,,,677.0,3.078,31.0,170,86,239,221.0,89.0,8.3,1040.0,49562,1,3.0769999027252197
2026-07-02T10:50:11+00:00,,,680.0,3.006,31.0,169,86,236,222.0,90.0,8.4,1030.0,49798,1,3.005000114440918
2026-07-02T10:50:12+00:00,,,683.0,2.933,31.0,169,86,233,223.0,91.0,8.6,1020.0,50031,1,2.933000087738037
2026-07-02T10:50:13+00:00,,,686.0,2.889,31.0,169,84,217,224.0,92.0,8.8,1010.0,50248,1,2.888000011444092
2026-07-02T10:50:14+00:00,,,689.0,2.847,31.0,169,83,202,225.0,94.0,9.0,1010.0,50450,1,2.8469998836517334
2026-07-02T10:50:15+00:00,,,691.5,2.8,31.0,169,83,199,226.0,96.0,9.2,1000.0,50649,1,2.7990000247955322
2026-07-02T10:50:16+00:00,,,694.0,2.756,31.0,169,82,196,227.0,98.0,9.5,990.0,50845,1,2.755000114440918
2026-07-02T10:50:17+00:00,,,697.0,2.722,31.0,169,82,193,229.0,99.0,9.7,980.0,51038,1,2.7219998836517334
2026-07-02T10:50:18+00:00,,,700.0,2.689,31.0,169,82,190,231.0,100.0,9.9,980.0,51228,1,2.687999963760376
2026-07-02T10:50:19+00:00,,,702.5,2.661,31.0,169,82,187,233.0,101.0,10.0,970.0,51415,1,2.6610000133514404
2026-07-02T10:50:20+00:00,,,705.0,2.636,31.0,169,82,185,235.0,102.0,10.2,970.0,51600,1,2.635999917984009
2026-07-02T10:50:21+00:00,,,707.5,2.65,31.0,169,82,183,236.0,102.0,10.3,970.0,51783,1,2.6470000743865967
2026-07-02T10:50:22+00:00,,,710.0,2.664,30.0,168,82,182,238.0,103.0,10.5,970.0,51965,1,2.6610000133514404
2026-07-02T10:50:23+00:00,,,713.0,2.681,30.0,168,82,182,238.0,104.0,10.6,970.0,52147,1,2.680000066757202
2026-07-02T10:50:24+00:00,,,716.0,2.697,30.0,168,83,183,238.0,105.0,10.7,970.0,52330,1,2.700000047683716
2026-07-02T10:50:25+00:00,,,718.5,2.722,30.0,168,83,184,237.0,105.0,10.8,970.0,52514,1,2.677000045776367
2026-07-02T10:50:26+00:00,,,721.0,2.747,30.0,167,84,186,237.0,106.0,10.9,980.0,52700,1,2.6549999713897705
2026-07-02T10:50:27+00:00,,,724.0,2.767,30.0,167,84,183,237.0,106.0,10.9,980.0,52883,1,2.674999952316284
2026-07-02T10:50:28+00:00,,,727.0,2.789,30.0,167,84,181,237.0,107.0,11.0,990.0,53064,1,2.694000005722046
2026-07-02T10:50:29+00:00,,,729.5,2.772,30.0,167,84,182,238.0,107.0,11.0,990.0,53246,1,2.677000045776367
2026-07-02T10:50:30+00:00,,,732.0,2.756,30.0,167,84,184,239.0,107.0,11.0,990.0,53430,1,2.6630001068115234
2026-07-02T10:50:31+00:00,,,735.0,2.761,30.0,166,84,183,239.0,107.0,10.9,990.0,53613,1,2.624000072479248
2026-07-02T10:50:32+00:00,,,738.0,2.769,29.0,166,84,182,240.0,107.0,10.9,990.0,53795,1,2.5880000591278076
2026-07-02T10:50:33+00:00,,,740.5,2.781,29.0,166,84,178,240.0,107.0,10.8,990.0,53973,1,2.5969998836517334
2026-07-02T10:50:34+00:00,,,743.0,2.792,29.0,165,84,174,240.0,107.0,10.8,990.0,54147,1,2.6050000190734863
2026-07-02T10:50:35+00:00,,,746.0,2.797,29.0,164,85,175,240.0,106.0,10.7,990.0,54322,1,2.569000005722046
2026-07-02T10:50:36+00:00,,,749.0,2.803,29.0,163,85,176,240.0,106.0,10.7,1000.0,54498,1,2.5360000133514404
2026-07-02T10:50:37+00:00,,,752.0,2.831,28.0,163,85,172,239.0,105.0,10.6,1000.0,54670,1,2.562999963760376
2026-07-02T10:50:38+00:00,,,755.0,2.858,28.0,162,86,169,239.0,104.0,10.5,1000.0,54839,1,2.5910000801086426
2026-07-02T10:50:39+00:00,,,757.5,2.875,28.0,162,85,170,238.0,103.0,10.4,1000.0,55009,1,2.6050000190734863
2026-07-02T10:50:40+00:00,,,760.0,2.894,28.0,161,85,172,237.0,103.0,10.4,1010.0,55181,1,2.61899995803833
2026-07-02T10:50:41+00:00,,,763.0,2.892,28.0,161,85,173,236.0,103.0,10.3,1010.0,55354,1,2.61899995803833
2026-07-02T10:50:42+00:00,,,766.0,2.892,28.0,160,85,174,235.0,103.0,10.3,1010.0,55528,1,2.61899995803833
2026-07-02T10:50:43+00:00,,,769.0,2.892,28.0,157,85,174,234.0,102.0,10.2,1010.0,55702,1,2.61899995803833
2026-07-02T10:50:44+00:00,,,772.0,2.892,28.0,155,86,174,234.0,102.0,10.2,1010.0,55876,1,2.61899995803833
2026-07-02T10:50:45+00:00,,,775.0,2.886,28.0,155,85,174,233.0,101.0,10.1,1010.0,56050,1,2.5769999027252197
2026-07-02T10:50:46+00:00,,,778.0,2.881,28.0,155,85,174,233.0,101.0,10.0,1010.0,56224,1,2.5380001068115234
2026-07-02T10:50:47+00:00,,,780.5,2.864,27.0,155,85,170,233.0,101.0,10.0,1010.0,56394,1,2.5250000953674316
2026-07-02T10:50:48+00:00,,,783.0,2.85,27.0,155,85,166,233.0,101.0,10.0,1010.0,56560,1,2.510999917984009
2026-07-02T10:50:49+00:00,,,786.0,2.844,27.0,155,85,165,232.0,101.0,10.0,1000.0,56725,1,2.505000114440918
2026-07-02T10:50:50+00:00,,,789.0,2.839,27.0,155,85,164,232.0,101.0,10.0,1000.0,56889,1,2.502000093460083
2026-07-02T10:50:51+00:00,,,792.0,2.85,27.0,155,85,164,231.0,101.0,10.0,1000.0,57053,1,2.546999931335449
2026-07-02T10:50:52+00:00,,,795.0,2.864,27.0,154,85,164,231.0,101.0,10.1,1010.0,57217,1,2.5910000801086426
2026-07-02T10:50:53+00:00,,,798.0,2.867,27.0,154,85,168,230.0,101.0,10.1,1010.0,57385,1,2.5940001010894775
2026-07-02T10:50:54+00:00,,,801.0,2.869,27.0,154,86,172,230.0,101.0,10.1,1010.0,57557,1,2.5989999771118164
2026-07-02T10:50:55+00:00,,,803.5,2.903,27.0,154,86,172,229.0,101.0,10.1,1010.0,57729,1,2.630000114440918
2026-07-02T10:50:56+00:00,,,806.0,2.936,27.0,154,87,173,229.0,101.0,10.1,1010.0,57902,1,2.6630001068115234
2026-07-02T10:50:57+00:00,,,809.0,2.947,26.0,154,87,175,228.0,101.0,10.1,1010.0,58077,1,2.671999931335449
2026-07-02T10:50:58+00:00,,,812.0,2.961,26.0,153,87,177,228.0,101.0,10.1,1020.0,58254,1,2.683000087738037
2026-07-02T10:50:59+00:00,,,815.0,2.986,26.0,152,87,177,227.0,101.0,10.0,1020.0,58431,1,2.7049999237060547
2026-07-02T10:51:00+00:00,,,818.0,3.014,26.0,152,88,178,226.0,101.0,10.0,1030.0,58609,1,2.7269999980926514
2026-07-02T10:51:01+00:00,,,821.0,3.031,26.0,151,88,179,226.0,100.0,9.9,1030.0,58788,1,2.74399995803833
2026-07-02T10:51:02+00:00,,,824.0,3.05,25.0,150,88,181,226.0,100.0,9.9,1030.0,58969,1,2.763000011444092
2026-07-02T10:51:03+00:00,,,827.0,3.044,25.0,149,88,182,226.0,100.0,9.8,1030.0,59151,1,2.757999897003174
2026-07-02T10:51:04+00:00,,,830.0,3.042,25.0,148,88,184,226.0,100.0,9.7,1040.0,59335,1,2.755000114440918
2026-07-02T10:51:05+00:00,,,833.0,3.042,25.0,146,88,183,225.0,100.0,9.7,1040.0,59518,1,2.755000114440918
2026-07-02T10:51:06+00:00,,,836.0,3.042,25.0,145,87,183,225.0,100.0,9.7,1040.0,59701,1,2.755000114440918
2026-07-02T10:51:07+00:00,,,839.0,3.022,25.0,143,87,183,225.0,99.0,9.6,1030.0,59884,1,2.740999937057495
2026-07-02T10:51:08+00:00,,,842.0,3.006,25.0,142,87,183,225.0,99.0,9.6,1030.0,60067,1,2.7269999980926514
2026-07-02T10:51:09+00:00,,,845.0,3.003,25.0,140,87,182,225.0,98.0,9.5,1030.0,60249,1,2.7219998836517334
2026-07-02T10:51:10+00:00,,,848.0,3.0,25.0,140,87,181,225.0,98.0,9.5,1030.0,60430,1,2.7190001010894775
2026-07-02T10:51:11+00:00,,,851.0,3.0,25.0,140,87,181,224.0,98.0,9.4,1030.0,60611,1,2.760999917984009
2026-07-02T10:51:12+00:00,,,854.0,3.0,25.0,141,87,181,224.0,98.0,9.4,1030.0,60792,1,2.802000045776367
2026-07-02T10:51:13+00:00,,,857.0,3.0,25.0,141,87,185,224.0,97.0,9.4,1030.0,60977,1,2.802000045776367
2026-07-02T10:51:14+00:00,,,860.0,3.0,25.0,141,87,189,224.0,97.0,9.4,1030.0,61166,1,2.802000045776367
2026-07-02T10:51:15+00:00,,,863.0,3.008,25.0,142,87,189,224.0,97.0,9.4,1030.0,61355,1,2.8580000400543213
2026-07-02T10:51:16+00:00,,,866.0,3.019,25.0,142,88,189,224.0,97.0,9.4,1030.0,61544,1,2.9159998893737793
2026-07-02T10:51:17+00:00,,,869.0,3.025,25.0,142,88,194,224.0,97.0,9.4,1030.0,61738,1,2.9189999103546143
2026-07-02T10:51:18+00:00,,,872.0,3.031,25.0,142,88,199,224.0,97.0,9.4,1030.0,61937,1,2.9240000247955322
2026-07-02T10:51:19+00:00,,,875.5,3.031,25.0,142,88,199,224.0,96.0,9.3,1030.0,62136,1,2.9240000247955322
2026-07-02T10:51:20+00:00,,,879.0,3.031,25.0,142,88,199,224.0,96.0,9.3,1030.0,62335,1,2.9240000247955322
2026-07-02T10:51:21+00:00,,,882.0,3.044,25.0,142,88,199,223.0,96.0,9.3,1030.0,62534,1,2.990999937057495
2026-07-02T10:51:22+00:00,,,885.0,3.061,25.0,142,88,199,223.0,96.0,9.3,1040.0,62733,1,3.061000108718872
2026-07-02T10:51:23+00:00,,,888.0,3.047,25.0,142,88,205,223.0,95.0,9.2,1040.0,62938,1,3.046999931335449
2026-07-02T10:51:24+00:00,,,891.0,3.036,25.0,142,88,211,223.0,95.0,9.2,1040.0,63149,1,3.0360000133514404
2026-07-02T10:51:25+00:00,,,894.0,3.044,25.0,142,88,210,223.0,95.0,9.1,1030.0,63359,1,3.0439999103546143
2026-07-02T10:51:26+00:00,,,897.0,3.053,25.0,142,88,209,223.0,95.0,9.1,1030.0,63568,1,3.052000045776367
2026-07-02T10:51:27+00:00,,,900.0,3.047,25.0,143,88,209,223.0,94.0,9.1,1030.0,63777,1,3.046999931335449
2026-07-02T10:51:28+00:00,,,903.0,3.042,25.0,143,88,210,223.0,94.0,9.1,1040.0,63987,1,3.0409998893737793
2026-07-02T10:51:29+00:00,,,906.0,3.036,25.0,144,88,209,222.0,94.0,9.1,1030.0,64196,1,3.0360000133514404
2026-07-02T10:51:30+00:00,,,909.0,3.033,25.0,144,88,209,222.0,94.0,9.1,1030.0,64405,1,3.0329999923706055
2026-07-02T10:51:31+00:00,,,912.0,3.033,25.0,145,87,209,221.0,94.0,9.1,1030.0,64614,1,3.0329999923706055
2026-07-02T10:51:32+00:00,,,915.0,3.033,25.0,145,87,209,221.0,94.0,9.1,1030.0,64823,1,3.0329999923706055
2026-07-02T10:51:33+00:00,,,918.0,3.017,25.0,146,87,209,221.0,94.0,9.1,1030.0,65032,1,3.0160000324249268
2026-07-02T10:51:34+00:00,,,921.0,3.003,25.0,146,87,209,222.0,94.0,9.1,1030.0,65241,1,3.002000093460083
2026-07-02T10:51:35+00:00,,,924.0,2.978,25.0,146,86,208,222.0,94.0,9.1,1020.0,65449,1,2.9769999980926514
2026-07-02T10:51:36+00:00,,,927.0,2.953,25.0,146,86,207,222.0,94.0,9.1,1020.0,65656,1,2.9519999027252197
2026-07-02T10:51:37+00:00,,,930.0,2.944,25.0,146,86,205,222.0,94.0,9.1,1020.0,65861,1,2.944000005722046
2026-07-02T10:51:38+00:00,,,933.0,2.936,25.0,146,86,203,223.0,94.0,9.2,1020.0,66064,1,2.936000108718872
2026-07-02T10:51:39+00:00,,,936.0,2.933,25.0,145,86,203,223.0,94.0,9.2,1020.0,66267,1,2.933000087738037
2026-07-02T10:51:40+00:00,,,939.0,2.933,25.0,146,86,203,224.0,95.0,9.3,1020.0,66470,1,2.933000087738037
2026-07-02T10:51:41+00:00,,,942.0,2.933,25.0,146,87,202,224.0,95.0,9.3,1020.0,66672,1,2.933000087738037
2026-07-02T10:51:42+00:00,,,945.0,2.933,25.0,146,87,202,225.0,96.0,9.3,1020.0,66874,1,2.933000087738037
2026-07-02T10:51:43+00:00,,,948.0,2.972,25.0,146,87,202,225.0,96.0,9.3,1020.0,67076,1,2.9719998836517334
2026-07-02T10:51:44+00:00,,,951.0,3.011,25.0,146,88,202,225.0,96.0,9.4,1030.0,67278,1,3.010999917984009
2026-07-02T10:51:45+00:00,,,954.0,3.019,25.0,146,87,204,225.0,96.0,9.4,1030.0,67482,1,3.0190000534057617
2026-07-02T10:51:46+00:00,,,957.0,3.028,25.0,146,87,207,225.0,97.0,9.5,1030.0,67689,1,3.0269999504089355
2026-07-02T10:51:47+00:00,,,960.0,3.006,25.0,146,86,208,225.0,97.0,9.5,1030.0,67897,1,3.005000114440918
2026-07-02T10:51:48+00:00,,,963.0,2.983,25.0,146,86,209,226.0,98.0,9.6,1030.0,68106,1,2.9830000400543213
2026-07-02T10:51:49+00:00,,,966.0,2.947,25.0,146,86,207,226.0,98.0,9.6,1020.0,68313,1,2.947000026702881
2026-07-02T10:51:50+00:00,,,969.0,2.914,25.0,146,86,205,227.0,98.0,9.6,1020.0,68518,1,2.9130001068115234
2026-07-02T10:51:51+00:00,,,971.5,2.908,25.0,146,86,202,228.0,98.0,9.6,1010.0,68720,1,2.9079999923706055
2026-07-02T10:51:52+00:00,,,974.0,2.903,25.0,146,86,200,229.0,99.0,9.7,1010.0,68920,1,2.9019999504089355
2026-07-02T10:51:53+00:00,,,977.0,2.911,25.0,146,86,200,229.0,99.0,9.7,1010.0,69120,1,2.9110000133514404
2026-07-02T10:51:54+00:00,,,980.0,2.922,25.0,146,87,200,230.0,99.0,9.7,1010.0,69320,1,2.921999931335449
2026-07-02T10:51:55+00:00,,,983.0,2.964,25.0,146,87,200,230.0,99.0,9.7,1020.0,69520,1,2.9630000591278076
2026-07-02T10:51:56+00:00,,,986.0,3.008,25.0,146,88,201,230.0,99.0,9.7,1030.0,69721,1,3.007999897003174
2026-07-02T10:51:57+00:00,,,989.0,3.028,25.0,147,88,204,229.0,98.0,9.6,1030.0,69925,1,3.0269999504089355
2026-07-02T10:51:58+00:00,,,992.0,3.05,25.0,147,89,207,229.0,98.0,9.6,1030.0,70132,1,3.0490000247955322
2026-07-02T10:51:59+00:00,,,995.0,3.061,25.0,146,88,208,228.0,98.0,9.5,1030.0,70340,1,3.061000108718872
2026-07-02T10:52:00+00:00,,,998.0,3.072,25.0,147,88,210,227.0,98.0,9.5,1040.0,70550,1,3.072000026702881
2026-07-02T10:52:01+00:00,,,1001.0,3.058,25.0,147,88,210,226.0,98.0,9.5,1040.0,70760,1,3.058000087738037
2026-07-02T10:52:02+00:00,,,1004.0,3.044,25.0,147,88,211,226.0,98.0,9.5,1040.0,70971,1,3.0439999103546143
2026-07-02T10:52:03+00:00,,,1007.0,3.039,25.0,147,88,210,226.0,98.0,9.4,1030.0,71181,1,3.0380001068115234
2026-07-02T10:52:04+00:00,,,1010.0,3.033,25.0,147,88,209,226.0,98.0,9.4,1030.0,71390,1,3.0329999923706055
2026-07-02T10:52:05+00:00,,,1013.5,3.042,25.0,147,88,209,225.0,97.0,9.4,1030.0,71599,1,3.0409998893737793
2026-07-02T10:52:06+00:00,,,1017.0,3.053,25.0,147,88,209,225.0,97.0,9.4,1030.0,71808,1,3.052000045776367
2026-07-02T10:52:07+00:00,,,1020.0,3.067,25.0,147,88,209,224.0,97.0,9.3,1030.0,72017,1,3.065999984741211
2026-07-02T10:52:08+00:00,,,1023.0,3.083,25.0,147,88,210,224.0,97.0,9.3,1040.0,72227,1,3.0829999446868896
2026-07-02T10:52:09+00:00,,,1026.0,3.075,25.0,146,88,211,223.0,96.0,9.2,1040.0,72438,1,3.0739998817443848
2026-07-02T10:52:10+00:00,,,1029.0,3.067,25.0,146,88,212,223.0,96.0,9.2,1040.0,72650,1,3.065999984741211
2026-07-02T10:52:11+00:00,,,1032.0,3.067,25.0,146,88,211,222.0,95.0,9.2,1040.0,72861,1,3.065999984741211
2026-07-02T10:52:12+00:00,,,1035.0,3.067,25.0,146,88,211,221.0,95.0,9.2,1040.0,73072,1,3.065999984741211
2026-07-02T10:52:13+00:00,,,1038.0,3.05,25.0,147,88,211,220.0,95.0,9.2,1040.0,73283,1,3.0490000247955322
2026-07-02T10:52:14+00:00,,,1041.0,3.036,25.0,147,88,211,220.0,95.0,9.2,1040.0,73494,1,3.0360000133514404
2026-07-02T10:52:15+00:00,,,1044.0,3.033,25.0,147,88,210,219.0,95.0,9.1,1030.0,73704,1,3.0329999923706055
2026-07-02T10:52:16+00:00,,,1047.0,3.033,25.0,148,88,209,219.0,95.0,9.1,1030.0,73913,1,3.0329999923706055
2026-07-02T10:52:17+00:00,,,1050.0,3.047,24.0,148,88,209,219.0,95.0,9.1,1030.0,74122,1,3.046999931335449
2026-07-02T10:52:18+00:00,,,1053.0,3.061,24.0,148,88,209,219.0,95.0,9.1,1040.0,74331,1,3.061000108718872
2026-07-02T10:52:19+00:00,,,1056.0,3.083,24.0,149,89,210,219.0,94.0,9.1,1040.0,74541,1,3.0829999446868896
2026-07-02T10:52:20+00:00,,,1059.0,3.106,24.0,149,89,211,219.0,94.0,9.1,1040.0,74752,1,3.1050000190734863
2026-07-02T10:52:21+00:00,,,1062.5,3.128,24.0,149,89,212,218.0,94.0,9.0,1040.0,74964,1,3.127000093460083
2026-07-02T10:52:22+00:00,,,1066.0,3.15,24.0,149,90,214,218.0,94.0,9.0,1050.0,75178,1,3.1500000953674316
2026-07-02T10:52:23+00:00,,,1069.0,3.156,24.0,149,90,215,217.0,93.0,9.0,1050.0,75393,1,3.1549999713897705
2026-07-02T10:52:24+00:00,,,1072.0,3.164,24.0,149,90,217,217.0,93.0,9.0,1050.0,75610,1,3.1610000133514404
2026-07-02T10:52:25+00:00,,,1075.0,3.153,24.0,149,89,217,217.0,92.0,8.9,1050.0,75827,1,3.0940001010894775
2026-07-02T10:52:26+00:00,,,1078.0,3.144,24.0,149,89,218,217.0,92.0,8.8,1050.0,76045,1,3.0299999713897705
2026-07-02T10:52:27+00:00,,,1081.0,3.139,23.0,149,89,212,217.0,92.0,8.7,1050.0,76257,1,3.0250000953674316
2026-07-02T10:52:28+00:00,,,1084.0,3.133,23.0,149,89,207,217.0,92.0,8.7,1050.0,76464,1,3.0220000743865967
2026-07-02T10:52:29+00:00,,,1087.5,3.133,23.0,149,89,206,217.0,91.0,8.6,1050.0,76670,1,3.0220000743865967
2026-07-02T10:52:30+00:00,,,1091.0,3.133,23.0,149,90,206,217.0,91.0,8.6,1050.0,76876,1,3.0220000743865967
2026-07-02T10:52:31+00:00,,,1094.0,3.147,23.0,149,89,206,216.0,90.0,8.5,1050.0,77082,1,2.9860000610351562
2026-07-02T10:52:32+00:00,,,1097.0,3.161,23.0,149,89,206,216.0,90.0,8.5,1050.0,77288,1,2.9519999027252197
2026-07-02T10:52:33+00:00,,,1100.0,3.147,23.0,149,89,202,216.0,89.0,8.4,1050.0,77490,1,2.940999984741211
2026-07-02T10:52:34+00:00,,,1103.0,3.136,23.0,149,89,199,216.0,89.0,8.4,1050.0,77689,1,2.933000087738037
2026-07-02T10:52:35+00:00,,,1106.5,3.122,23.0,149,89,198,216.0,88.0,8.4,1050.0,77887,1,2.9189999103546143
2026-07-02T10:52:36+00:00,,,1110.0,3.111,23.0,149,89,198,216.0,88.0,8.4,1050.0,78085,1,2.9049999713897705
2026-07-02T10:52:37+00:00,,,1113.0,3.106,22.0,149,89,197,215.0,88.0,8.4,1050.0,78282,1,2.8989999294281006
2026-07-02T10:52:38+00:00,,,1116.0,3.1,22.0,149,89,196,215.0,88.0,8.4,1050.0,78478,1,2.8970000743865967
2026-07-02T10:52:39+00:00,,,1119.0,3.108,22.0,149,89,195,215.0,88.0,8.3,1050.0,78673,1,2.9049999713897705
2026-07-02T10:52:40+00:00,,,1122.0,3.119,22.0,149,89,195,216.0,88.0,8.3,1050.0,78868,1,2.9130001068115234
2026-07-02T10:52:41+00:00,,,1125.0,3.125,22.0,149,89,195,216.0,87.0,8.3,1050.0,79063,1,2.9189999103546143
2026-07-02T10:52:42+00:00,,,1128.0,3.131,22.0,149,89,196,216.0,87.0,8.3,1050.0,79259,1,2.9240000247955322
2026-07-02T10:52:43+00:00,,,1131.5,3.142,22.0,149,89,196,216.0,87.0,8.3,1050.0,79455,1,2.933000087738037
2026-07-02T10:52:44+00:00,,,1135.0,3.153,22.0,149,90,197,216.0,87.0,8.3,1050.0,79652,1,2.940999984741211
2026-07-02T10:52:45+00:00,,,1138.0,3.147,22.0,149,89,197,216.0,87.0,8.3,1050.0,79849,1,2.9860000610351562
2026-07-02T10:52:46+00:00,,,1141.0,3.144,22.0,149,89,198,216.0,88.0,8.4,1050.0,80047,1,3.0299999713897705
2026-07-02T10:52:47+00:00,,,1144.0,3.139,22.0,149,89,202,215.0,88.0,8.4,1050.0,80249,1,3.0250000953674316
2026-07-02T10:52:48+00:00,,,1147.0,3.133,22.0,149,90,207,215.0,88.0,8.4,1050.0,80456,1,3.0220000743865967
2026-07-02T10:52:49+00:00,,,1150.0,3.147,22.0,150,90,206,215.0,88.0,8.4,1050.0,80662,1,3.0360000133514404
2026-07-02T10:52:50+00:00,,,1153.0,3.161,22.0,150,90,206,215.0,89.0,8.4,1050.0,80868,1,3.0490000247955322
2026-07-02T10:52:51+00:00,,,1156.5,3.178,22.0,150,90,207,214.0,89.0,8.4,1050.0,81075,1,3.062999963760376
2026-07-02T10:52:52+00:00,,,1160.0,3.194,22.0,150,90,208,214.0,89.0,8.5,1060.0,81283,1,3.0799999237060547
2026-07-02T10:52:53+00:00,,,1163.0,3.197,22.0,150,90,209,213.0,89.0,8.5,1060.0,81492,1,3.0829999446868896
2026-07-02T10:52:54+00:00,,,1166.0,3.2,22.0,150,91,210,213.0,89.0,8.5,1060.0,81702,1,3.0880000591278076
2026-07-02T10:52:55+00:00,,,1169.5,3.214,22.0,151,90,210,212.0,89.0,8.5,1060.0,81912,1,3.1579999923706055
2026-07-02T10:52:56+00:00,,,1173.0,3.228,22.0,151,90,211,212.0,89.0,8.5,1060.0,82123,1,3.2269999980926514
2026-07-02T10:52:57+00:00,,,1176.0,3.214,22.0,151,90,216,211.0,89.0,8.5,1060.0,82339,1,3.2130000591278076
2026-07-02T10:52:58+00:00,,,1179.0,3.203,22.0,151,90,222,211.0,90.0,8.5,1060.0,82561,1,3.2019999027252197
2026-07-02T10:52:59+00:00,,,1182.0,3.186,22.0,151,89,221,211.0,90.0,8.5,1060.0,82782,1,3.186000108718872
2026-07-02T10:53:00+00:00,,,1185.0,3.172,22.0,151,89,220,211.0,90.0,8.5,1060.0,83002,1,3.171999931335449
2026-07-02T10:53:01+00:00,,,1188.5,3.156,22.0,151,89,219,210.0,90.0,8.5,1050.0,83221,1,3.1549999713897705
2026-07-02T10:53:02+00:00,,,1192.0,3.139,22.0,151,89,218,210.0,90.0,8.5,1050.0,83439,1,3.138000011444092
2026-07-02T10:53:03+00:00,,,1195.0,3.136,22.0,151,89,217,210.0,90.0,8.5,1050.0,83656,1,3.135999917984009
2026-07-02T10:53:04+00:00,,,1198.0,3.133,22.0,151,89,216,210.0,91.0,8.6,1050.0,83872,1,3.132999897003174
2026-07-02T10:53:05+00:00,,,1201.0,3.117,22.0,151,89,216,210.0,91.0,8.6,1050.0,84088,1,3.115999937057495
2026-07-02T10:53:06+00:00,,,1204.0,3.103,22.0,151,89,216,210.0,92.0,8.7,1050.0,84304,1,3.1019999980926514
2026-07-02T10:53:07+00:00,,,1207.0,3.089,21.0,151,88,215,210.0,92.0,8.7,1040.0,84519,1,3.0880000591278076
2026-07-02T10:53:08+00:00,,,1210.0,3.078,21.0,151,88,214,210.0,92.0,8.8,1040.0,84733,1,3.0769999027252197
2026-07-02T10:53:09+00:00,,,1213.5,3.072,21.0,151,88,213,210.0,92.0,8.8,1040.0,84946,1,3.072000026702881
2026-07-02T10:53:10+00:00,,,1217.0,3.067,21.0,151,88,212,211.0,93.0,8.9,1040.0,85158,1,3.065999984741211
2026-07-02T10:53:11+00:00,,,1220.0,3.097,21.0,151,89,211,211.0,93.0,8.9,1040.0,85369,1,3.0969998836517334
2026-07-02T10:53:12+00:00,,,1223.0,3.128,21.0,151,91,211,211.0,94.0,9.0,1040.0,85580,1,3.127000093460083
2026-07-02T10:53:13+00:00,,,1226.0,3.214,21.0,151,92,213,211.0,93.0,8.9,1050.0,85793,1,3.2130000591278076
2026-07-02T10:53:14+00:00,,,1229.0,3.303,21.0,152,93,216,211.0,93.0,8.9,1070.0,86009,1,3.302000045776367
2026-07-02T10:53:15+00:00,,,1232.5,3.392,21.0,152,95,221,210.0,92.0,8.7,1080.0,86230,1,3.3910000324249268
2026-07-02T10:53:16+00:00,,,1236.0,3.481,21.0,152,97,227,210.0,91.0,8.6,1090.0,86457,1,3.4800000190734863
2026-07-02T10:53:17+00:00,,,1239.5,3.569,21.0,153,97,233,209.0,89.0,8.4,1110.0,86690,1,3.569000005722046
2026-07-02T10:53:18+00:00,,,1243.0,3.661,21.0,154,97,240,208.0,88.0,8.2,1130.0,86930,1,3.6610000133514404
2026-07-02T10:53:19+00:00,,,1246.5,3.658,21.0,155,96,246,206.0,86.0,8.0,1130.0,87176,1,3.6579999923706055
2026-07-02T10:53:20+00:00,,,1250.0,3.658,21.0,156,96,252,205.0,85.0,7.9,1130.0,87428,1,3.6579999923706055
2026-07-02T10:53:21+00:00,,,1253.5,3.625,21.0,157,96,252,204.0,84.0,7.7,1120.0,87680,1,3.625
2026-07-02T10:53:22+00:00,,,1257.0,3.594,21.0,157,96,252,203.0,83.0,7.5,1120.0,87932,1,3.5940001010894775
2026-07-02T10:53:23+00:00,,,1261.0,3.606,21.0,157,96,249,202.0,81.0,7.3,1120.0,88181,1,3.6050000190734863
2026-07-02T10:53:24+00:00,,,1265.0,3.617,21.0,157,96,247,201.0,80.0,7.1,1120.0,88428,1,3.615999937057495
2026-07-02T10:53:25+00:00,,,1268.5,3.617,21.0,158,96,248,199.0,78.0,6.9,1120.0,88676,1,3.615999937057495
2026-07-02T10:53:26+00:00,,,1272.0,3.619,21.0,158,96,249,198.0,76.0,6.8,1130.0,88925,1,3.61899995803833
2026-07-02T10:53:27+00:00,,,1275.5,3.603,21.0,158,96,249,197.0,75.0,6.6,1120.0,89174,1,3.6019999980926514
2026-07-02T10:53:28+00:00,,,1279.0,3.589,21.0,158,96,249,196.0,74.0,6.5,1120.0,89423,1,3.5880000591278076
2026-07-02T10:53:29+00:00,,,1282.5,3.575,21.0,157,95,248,194.0,72.0,6.4,1120.0,89671,1,3.5739998817443848
2026-07-02T10:53:30+00:00,,,1286.0,3.564,21.0,158,95,247,193.0,70.0,6.3,1120.0,89918,1,3.562999963760376
2026-07-02T10:53:31+00:00,,,1289.5,3.542,21.0,158,95,246,192.0,69.0,6.2,1110.0,90164,1,3.5409998893737793
2026-07-02T10:53:32+00:00,,,1293.0,3.519,21.0,158,95,245,191.0,68.0,6.1,1110.0,90409,1,3.5190000534057617
2026-07-02T10:53:33+00:00,,,1296.5,3.528,21.0,158,95,243,190.0,67.0,6.0,1110.0,90652,1,3.5269999504089355
2026-07-02T10:53:34+00:00,,,1300.0,3.536,21.0,158,96,242,190.0,67.0,6.0,1110.0,90894,1,3.5360000133514404
2026-07-02T10:53:35+00:00,,,1303.5,3.544,21.0,158,95,243,190.0,67.0,6.0,1110.0,91137,1,3.5439999103546143
2026-07-02T10:53:36+00:00,,,1307.0,3.556,21.0,158,95,244,190.0,67.0,6.0,1120.0,91381,1,3.555000066757202
2026-07-02T10:53:37+00:00,,,1311.0,3.553,21.0,158,95,244,190.0,68.0,6.0,1120.0,91625,1,3.552000045776367
2026-07-02T10:53:38+00:00,,,1315.0,3.55,21.0,159,95,245,190.0,69.0,6.1,1120.0,91870,1,3.5490000247955322
2026-07-02T10:53:39+00:00,,,1318.5,3.533,21.0,159,94,245,190.0,69.0,6.2,1110.0,92115,1,3.5329999923706055
2026-07-02T10:53:40+00:00,,,1322.0,3.519,21.0,159,94,245,190.0,70.0,6.3,1110.0,92360,1,3.5190000534057617
2026-07-02T10:53:41+00:00,,,1325.5,3.5,21.0,159,94,243,190.0,70.0,6.3,1110.0,92603,1,3.5
2026-07-02T10:53:42+00:00,,,1329.0,3.483,21.0,160,94,242,191.0,71.0,6.4,1110.0,92845,1,3.4830000400543213
2026-07-02T10:53:43+00:00,,,1332.5,3.469,21.0,160,94,241,191.0,72.0,6.4,1100.0,93086,1,3.4690001010894775
2026-07-02T10:53:44+00:00,,,1336.0,3.456,21.0,159,94,240,191.0,73.0,6.5,1100.0,93326,1,3.4549999237060547
2026-07-02T10:53:45+00:00,,,1339.5,3.45,21.0,159,94,239,191.0,73.0,6.6,1100.0,93565,1,3.450000047683716
2026-07-02T10:53:46+00:00,,,1343.0,3.444,21.0,159,94,238,192.0,74.0,6.7,1100.0,93803,1,3.444000005722046
2026-07-02T10:53:47+00:00,,,1346.0,3.442,21.0,160,94,237,192.0,74.0,6.7,1100.0,94040,1,3.440999984741211
2026-07-02T10:53:48+00:00,,,1349.0,3.442,21.0,160,94,237,192.0,75.0,6.8,1100.0,94277,1,3.440999984741211
2026-07-02T10:53:49+00:00,,,1352.5,3.442,21.0,160,94,237,192.0,75.0,6.8,1100.0,94514,1,3.440999984741211
2026-07-02T10:53:50+00:00,,,1356.0,3.442,21.0,160,94,237,193.0,76.0,6.9,1100.0,94751,1,3.440999984741211
2026-07-02T10:53:51+00:00,,,1359.5,3.425,22.0,160,93,237,193.0,76.0,6.9,1090.0,94988,1,3.4240000247955322
2026-07-02T10:53:52+00:00,,,1363.0,3.411,22.0,160,93,237,194.0,77.0,7.0,1090.0,95225,1,3.4110000133514404
2026-07-02T10:53:53+00:00,,,1366.5,3.408,22.0,160,93,236,194.0,77.0,7.0,1090.0,95461,1,3.4079999923706055
2026-07-02T10:53:54+00:00,,,1370.0,3.408,22.0,161,93,235,195.0,78.0,7.1,1090.0,95696,1,3.4079999923706055
2026-07-02T10:53:55+00:00,,,1373.5,3.392,22.0,161,93,235,195.0,78.0,7.1,1090.0,95931,1,3.3910000324249268
2026-07-02T10:53:56+00:00,,,1377.0,3.378,22.0,161,93,235,196.0,78.0,7.1,1090.0,96166,1,3.377000093460083
2026-07-02T10:53:57+00:00,,,1380.5,3.389,21.0,161,93,234,196.0,78.0,7.1,1090.0,96400,1,3.388000011444092
2026-07-02T10:53:58+00:00,,,1384.0,3.403,21.0,161,93,233,197.0,78.0,7.1,1090.0,96633,1,3.4019999504089355
2026-07-02T10:53:59+00:00,,,1387.0,3.403,21.0,161,93,233,197.0,78.0,7.1,1090.0,96866,1,3.4019999504089355
2026-07-02T10:54:00+00:00,,,1390.0,3.406,21.0,161,93,234,198.0,78.0,7.1,1090.0,97100,1,3.4049999713897705
2026-07-02T10:54:01+00:00,,,1393.5,3.417,21.0,161,93,234,198.0,77.0,7.1,1090.0,97334,1,3.4159998893737793
2026-07-02T10:54:02+00:00,,,1397.0,3.428,21.0,161,94,235,199.0,77.0,7.1,1090.0,97569,1,3.427000045776367
2026-07-02T10:54:03+00:00,,,1400.5,3.422,21.0,161,93,235,199.0,77.0,7.1,1090.0,97804,1,3.421999931335449
2026-07-02T10:54:04+00:00,,,1404.0,3.419,21.0,161,93,236,200.0,77.0,7.1,1100.0,98040,1,3.4189999103546143
2026-07-02T10:54:05+00:00,,,1407.5,3.428,21.0,162,93,236,200.0,77.0,7.0,1100.0,98276,1,3.427000045776367
2026-07-02T10:54:06+00:00,,,1411.0,3.439,21.0,162,94,236,200.0,77.0,7.0,1100.0,98512,1,3.437999963760376
2026-07-02T10:54:07+00:00,,,1414.5,3.439,21.0,162,94,236,200.0,77.0,7.0,1100.0,98748,1,3.437999963760376
2026-07-02T10:54:08+00:00,,,1418.0,3.442,21.0,162,94,237,200.0,77.0,7.0,1100.0,98985,1,3.440999984741211
2026-07-02T10:54:09+00:00,,,1421.5,3.417,21.0,162,93,237,200.0,77.0,7.0,1090.0,99222,1,3.4159998893737793
2026-07-02T10:54:10+00:00,,,1425.0,3.392,21.0,162,93,237,200.0,77.0,7.0,1090.0,99459,1,3.3910000324249268
2026-07-02T10:54:11+00:00,,,1428.0,3.383,21.0,162,93,235,200.0,77.0,7.0,1090.0,99694,1,3.382999897003174
2026-07-02T10:54:12+00:00,,,1431.0,3.375,21.0,162,93,234,200.0,77.0,7.0,1090.0,99928,1,3.374000072479248
2026-07-02T10:54:13+00:00,,,1434.5,3.361,21.0,161,92,233,200.0,77.0,7.0,1090.0,100161,1,3.3610000610351562
2026-07-02T10:54:14+00:00,,,1438.0,3.35,21.0,161,92,233,200.0,77.0,7.1,1090.0,100394,1,3.3499999046325684
2026-07-02T10:54:15+00:00,,,1441.5,3.319,21.0,161,92,232,200.0,77.0,7.1,1080.0,100626,1,3.319000005722046
2026-07-02T10:54:16+00:00,,,1445.0,3.289,21.0,161,91,231,200.0,78.0,7.2,1080.0,100857,1,3.2880001068115234
2026-07-02T10:54:17+00:00,,,1448.0,3.281,21.0,161,91,229,200.0,78.0,7.2,1070.0,101086,1,3.2799999713897705
2026-07-02T10:54:18+00:00,,,1451.0,3.272,21.0,161,91,227,200.0,79.0,7.3,1070.0,101313,1,3.2720000743865967
2026-07-02T10:54:19+00:00,,,1454.5,3.256,21.0,162,91,226,200.0,79.0,7.3,1070.0,101539,1,3.255000114440918
2026-07-02T10:54:20+00:00,,,1458.0,3.239,21.0,162,91,225,201.0,80.0,7.4,1070.0,101764,1,3.23799991607666
2026-07-02T10:54:21+00:00,,,1461.0,3.236,21.0,162,91,224,201.0,80.0,7.4,1070.0,101988,1,3.2360000610351562
2026-07-02T10:54:22+00:00,,,1464.0,3.233,21.0,162,91,223,202.0,81.0,7.5,1070.0,102211,1,3.2330000400543213
2026-07-02T10:54:23+00:00,,,1467.5,3.233,21.0,163,91,222,202.0,81.0,7.5,1070.0,102433,1,3.2330000400543213
2026-07-02T10:54:24+00:00,,,1471.0,3.233,21.0,163,91,222,202.0,82.0,7.6,1070.0,102655,1,3.2330000400543213
2026-07-02T10:54:25+00:00,,,1474.0,3.247,21.0,163,91,222,202.0,82.0,7.7,1070.0,102877,1,3.246999979019165
2026-07-02T10:54:26+00:00,,,1477.0,3.264,21.0,164,91,222,203.0,83.0,7.8,1070.0,103099,1,3.263000011444092
2026-07-02T10:54:27+00:00,,,1480.5,3.264,21.0,164,91,223,203.0,83.0,7.8,1070.0,103322,1,3.263000011444092
2026-07-02T10:54:28+00:00,,,1484.0,3.267,21.0,165,91,225,203.0,84.0,7.9,1070.0,103547,1,3.2660000324249268
2026-07-02T10:54:29+00:00,,,1487.0,3.292,21.0,165,92,225,203.0,84.0,7.9,1070.0,103772,1,3.2909998893737793
2026-07-02T10:54:30+00:00,,,1490.0,3.319,21.0,166,92,225,204.0,85.0,7.9,1080.0,103997,1,3.319000005722046
2026-07-02T10:54:31+00:00,,,1493.5,3.311,21.0,166,92,227,204.0,85.0,7.9,1080.0,104224,1,3.311000108718872
2026-07-02T10:54:32+00:00,,,1497.0,3.306,21.0,167,92,229,204.0,85.0,8.0,1080.0,104453,1,3.305000066757202
2026-07-02T10:54:33+00:00,,,1500.5,3.303,21.0,168,92,228,204.0,85.0,8.0,1080.0,104681,1,3.302000045776367
2026-07-02T10:54:34+00:00,,,1504.0,3.303,21.0,168,92,228,204.0,86.0,8.0,1080.0,104909,1,3.302000045776367
2026-07-02T10:54:35+00:00,,,1507.0,3.303,21.0,169,92,227,204.0,85.0,7.9,1080.0,105136,1,3.302000045776367
2026-07-02T10:54:36+00:00,,,1510.0,3.303,21.0,169,92,227,204.0,85.0,7.9,1080.0,105363,1,3.302000045776367
2026-07-02T10:54:37+00:00,,,1513.5,3.286,21.0,169,91,227,204.0,84.0,7.8,1070.0,105590,1,3.2860000133514404
2026-07-02T10:54:38+00:00,,,1517.0,3.272,21.0,170,91,227,205.0,84.0,7.8,1070.0,105817,1,3.2720000743865967
2026-07-02T10:54:39+00:00,,,1520.0,3.256,21.0,170,91,226,205.0,84.0,7.8,1070.0,106043,1,3.255000114440918
2026-07-02T10:54:40+00:00,,,1523.0,3.239,21.0,170,90,225,206.0,84.0,7.8,1070.0,106268,1,3.23799991607666
2026-07-02T10:54:41+00:00,,,1526.5,3.222,22.0,171,90,224,206.0,83.0,7.7,1060.0,106492,1,3.2239999771118164
2026-07-02T10:54:42+00:00,,,1530.0,3.206,22.0,171,91,223,207.0,83.0,7.7,1060.0,106715,1,3.2109999656677246
2026-07-02T10:54:43+00:00,,,1533.0,3.217,22.0,171,91,222,207.0,82.0,7.7,1060.0,106937,1,3.2190001010894775
2026-07-02T10:54:44+00:00,,,1536.0,3.231,22.0,171,91,221,208.0,82.0,7.7,1060.0,107158,1,3.2300000190734863
2026-07-02T10:54:45+00:00,,,1539.5,3.242,22.0,171,91,221,208.0,81.0,7.6,1060.0,107379,1,3.371999979019165
2026-07-02T10:54:46+00:00,,,1543.0,3.256,22.0,171,91,222,209.0,81.0,7.6,1070.0,107601,1,3.5160000324249268
2026-07-02T10:54:47+00:00,,,1546.0,3.256,22.0,171,91,234,209.0,80.0,7.5,1070.0,107835,1,3.5160000324249268
2026-07-02T10:54:48+00:00,,,1549.0,3.258,22.0,171,91,246,210.0,80.0,7.5,1070.0,108081,1,3.5160000324249268
2026-07-02T10:54:49+00:00,,,1552.5,3.247,22.0,171,91,246,210.0,80.0,7.5,1070.0,108327,1,3.505000114440918
2026-07-02T10:54:50+00:00,,,1556.0,3.239,22.0,171,91,246,211.0,80.0,7.5,1070.0,108573,1,3.49399995803833
2026-07-02T10:54:51+00:00,,,1559.0,3.222,22.0,171,90,245,212.0,79.0,7.4,1060.0,108818,1,3.4769999980926514
2026-07-02T10:54:52+00:00,,,1562.0,3.206,22.0,171,90,245,213.0,79.0,7.4,1060.0,109063,1,3.4630000591278076
2026-07-02T10:54:53+00:00,,,1565.5,3.203,22.0,171,90,243,213.0,79.0,7.4,1060.0,109306,1,3.4579999446868896
2026-07-02T10:54:54+00:00,,,1569.0,3.2,22.0,171,90,242,214.0,79.0,7.4,1060.0,109548,1,3.4519999027252197
2026-07-02T10:54:55+00:00,,,1572.0,3.194,22.0,171,90,242,214.0,79.0,7.4,1060.0,109790,1,3.447000026702881
2026-07-02T10:54:56+00:00,,,1575.0,3.192,23.0,171,90,242,215.0,79.0,7.4,1060.0,110032,1,3.440999984741211
2026-07-02T10:54:57+00:00,,,1578.0,3.181,23.0,171,90,241,215.0,79.0,7.4,1060.0,110273,1,3.430000066757202
2026-07-02T10:54:58+00:00,,,1581.0,3.169,23.0,171,90,241,215.0,80.0,7.5,1060.0,110514,1,3.4189999103546143
2026-07-02T10:54:59+00:00,,,1584.5,3.156,23.0,171,89,240,215.0,80.0,7.5,1050.0,110754,1,3.4019999504089355
2026-07-02T10:55:00+00:00,,,1588.0,3.144,23.0,171,89,239,215.0,81.0,7.6,1050.0,110993,1,3.385999917984009
2026-07-02T10:55:01+00:00,,,1591.0,3.142,24.0,171,89,238,215.0,81.0,7.6,1050.0,111231,1,3.4549999237060547
2026-07-02T10:55:02+00:00,,,1594.0,3.142,24.0,171,89,237,215.0,82.0,7.7,1050.0,111468,1,3.5239999294281006
2026-07-02T10:55:03+00:00,,,1597.0,3.136,24.0,172,89,242,215.0,82.0,7.7,1050.0,111710,1,3.5190000534057617
2026-07-02T10:55:04+00:00,,,1600.0,3.133,24.0,172,90,248,215.0,82.0,7.8,1050.0,111958,1,3.513000011444092
2026-07-02T10:55:05+00:00,,,1603.5,3.147,24.0,172,90,247,215.0,82.0,7.8,1050.0,112205,1,3.5299999713897705
2026-07-02T10:55:06+00:00,,,1607.0,3.161,24.0,172,90,247,215.0,83.0,7.9,1050.0,112452,1,3.546999931335449
2026-07-02T10:55:07+00:00,,,1610.0,3.172,24.0,172,90,248,215.0,83.0,7.9,1050.0,112700,1,3.562999963760376
2026-07-02T10:55:08+00:00,,,1613.0,3.186,24.0,172,90,250,215.0,84.0,7.9,1060.0,112950,1,3.5829999446868896
2026-07-02T10:55:09+00:00,,,1616.0,3.203,24.0,172,90,251,215.0,84.0,7.9,1060.0,113201,1,3.5999999046325684
2026-07-02T10:55:10+00:00,,,1619.0,3.219,24.0,172,90,252,215.0,84.0,8.0,1060.0,113453,1,3.615999937057495
2026-07-02T10:55:11+00:00,,,1622.5,3.225,24.0,172,90,253,214.0,84.0,8.0,1060.0,113706,1,3.621999979019165
2026-07-02T10:55:12+00:00,,,1626.0,3.231,24.0,172,91,255,214.0,84.0,8.0,1070.0,113961,1,3.627000093460083
2026-07-02T10:55:13+00:00,,,1629.0,3.222,24.0,172,90,255,214.0,84.0,7.9,1060.0,114216,1,3.615999937057495
2026-07-02T10:55:14+00:00,,,1632.0,3.214,24.0,172,90,255,214.0,84.0,7.9,1060.0,114471,1,3.6050000190734863
2026-07-02T10:55:15+00:00,,,1635.5,3.222,24.0,172,90,254,214.0,84.0,7.9,1060.0,114725,1,3.5439999103546143
2026-07-02T10:55:16+00:00,,,1639.0,3.231,24.0,172,91,254,214.0,84.0,7.9,1070.0,114979,1,3.4830000400543213
2026-07-02T10:55:17+00:00,,,1642.0,3.206,24.0,172,90,249,214.0,83.0,7.8,1060.0,115228,1,3.4549999237060547
2026-07-02T10:55:18+00:00,,,1645.0,3.183,24.0,172,90,244,214.0,83.0,7.8,1060.0,115472,1,3.430000066757202
2026-07-02T10:55:19+00:00,,,1648.0,3.164,24.0,172,89,242,214.0,83.0,7.8,1060.0,115714,1,3.4130001068115234
2026-07-02T10:55:20+00:00,,,1651.0,3.147,24.0,172,89,240,214.0,83.0,7.8,1060.0,115954,1,3.3970000743865967
2026-07-02T10:55:21+00:00,,,1654.5,3.139,24.0,172,89,239,214.0,83.0,7.8,1050.0,116193,1,3.385999917984009
2026-07-02T10:55:22+00:00,,,1658.0,3.133,24.0,172,89,238,214.0,84.0,7.9,1050.0,116431,1,3.374000072479248
2026-07-02T10:55:23+00:00,,,1661.0,3.142,24.0,172,89,237,214.0,84.0,7.9,1050.0,116668,1,3.385999917984009
2026-07-02T10:55:24+00:00,,,1664.0,3.153,24.0,172,90,236,214.0,84.0,8.0,1050.0,116904,1,3.3970000743865967
2026-07-02T10:55:25+00:00,,,1667.0,3.158,24.0,172,90,237,214.0,84.0,8.0,1050.0,117141,1,3.4019999504089355
2026-07-02T10:55:26+00:00,,,1670.0,3.164,25.0,172,90,238,214.0,85.0,8.1,1050.0,117379,1,3.4079999923706055
2026-07-02T10:55:27+00:00,,,1673.5,3.164,25.0,172,90,238,214.0,85.0,8.1,1050.0,117617,1,3.4130001068115234
2026-07-02T10:55:28+00:00,,,1677.0,3.167,25.0,173,90,239,214.0,85.0,8.1,1060.0,117856,1,3.4189999103546143
2026-07-02T10:55:29+00:00,,,1680.0,3.175,25.0,173,90,239,214.0,85.0,8.1,1060.0,118095,1,3.430000066757202
2026-07-02T10:55:30+00:00,,,1683.0,3.186,25.0,173,90,239,215.0,86.0,8.1,1060.0,118334,1,3.440999984741211
2026-07-02T10:55:31+00:00,,,1686.0,3.192,26.0,173,90,240,215.0,86.0,8.1,1060.0,118574,1,3.5160000324249268
2026-07-02T10:55:32+00:00,,,1689.0,3.197,26.0,173,90,241,215.0,86.0,8.1,1060.0,118815,1,3.5940001010894775
2026-07-02T10:55:33+00:00,,,1692.5,3.208,26.0,173,90,247,215.0,86.0,8.1,1060.0,119062,1,3.6050000190734863
2026-07-02T10:55:34+00:00,,,1696.0,3.219,26.0,172,91,253,216.0,86.0,8.2,1060.0,119315,1,3.615999937057495
2026-07-02T10:55:35+00:00,,,1699.0,3.225,26.0,171,91,254,215.0,86.0,8.2,1060.0,119569,1,3.621999979019165
2026-07-02T10:55:36+00:00,,,1702.0,3.233,26.0,171,91,255,215.0,87.0,8.2,1070.0,119824,1,3.627000093460083
2026-07-02T10:55:37+00:00,,,1705.5,3.233,26.0,170,91,255,215.0,87.0,8.2,1070.0,120079,1,3.627000093460083
2026-07-02T10:55:38+00:00,,,1709.0,3.233,26.0,170,91,255,215.0,88.0,8.3,1070.0,120334,1,3.627000093460083
2026-07-02T10:55:39+00:00,,,1712.0,3.233,26.0,169,91,255,215.0,88.0,8.3,1070.0,120589,1,3.627000093460083
2026-07-02T10:55:40+00:00,,,1715.0,3.233,26.0,170,91,255,215.0,89.0,8.3,1070.0,120844,1,3.627000093460083
2026-07-02T10:55:41+00:00,,,1718.5,3.233,26.0,170,90,255,214.0,88.0,8.3,1070.0,121099,1,3.627000093460083
2026-07-02T10:55:42+00:00,,,1722.0,3.233,26.0,170,90,255,214.0,88.0,8.3,1070.0,121354,1,3.627000093460083
2026-07-02T10:55:43+00:00,,,1725.0,3.219,26.0,170,90,255,213.0,88.0,8.3,1060.0,121609,1,3.615999937057495
2026-07-02T10:55:44+00:00,,,1728.0,3.206,26.0,170,90,255,213.0,88.0,8.3,1060.0,121864,1,3.6050000190734863
2026-07-02T10:55:45+00:00,,,1731.0,3.214,26.0,170,90,254,213.0,88.0,8.2,1060.0,122118,1,3.5380001068115234
2026-07-02T10:55:46+00:00,,,1734.0,3.222,26.0,170,90,254,213.0,88.0,8.2,1060.0,122372,1,3.4719998836517334
2026-07-02T10:55:47+00:00,,,1737.5,3.211,26.0,171,90,248,212.0,88.0,8.2,1060.0,122620,1,3.4609999656677246
2026-07-02T10:55:48+00:00,,,1741.0,3.203,26.0,170,90,243,212.0,88.0,8.2,1060.0,122863,1,3.4519999027252197
2026-07-02T10:55:49+00:00,,,1744.0,3.2,26.0,170,90,242,212.0,87.0,8.2,1060.0,123105,1,3.4519999027252197
2026-07-02T10:55:50+00:00,,,1747.0,3.2,26.0,170,90,242,212.0,87.0,8.2,1060.0,123347,1,3.4519999027252197
2026-07-02T10:55:51+00:00,,,1750.5,3.186,27.0,170,90,242,211.0,87.0,8.2,1060.0,123589,1,3.436000108718872
2026-07-02T10:55:52+00:00,,,1754.0,3.172,27.0,170,90,242,211.0,88.0,8.3,1060.0,123831,1,3.4189999103546143
2026-07-02T10:55:53+00:00,,,1757.0,3.169,27.0,171,90,240,211.0,88.0,8.3,1060.0,124071,1,3.4189999103546143
2026-07-02T10:55:54+00:00,,,1760.0,3.167,27.0,171,90,239,211.0,88.0,8.3,1060.0,124310,1,3.4189999103546143
2026-07-02T10:55:55+00:00,,,1763.0,3.167,27.0,171,90,239,211.0,87.0,8.2,1060.0,124549,1,3.48799991607666
2026-07-02T10:55:56+00:00,,,1766.0,3.167,28.0,171,90,239,211.0,87.0,8.2,1060.0,124788,1,3.558000087738037
2026-07-02T10:55:57+00:00,,,1769.5,3.167,28.0,171,89,245,211.0,87.0,8.2,1060.0,125033,1,3.558000087738037
2026-07-02T10:55:58+00:00,,,1773.0,3.167,28.0,171,89,251,211.0,87.0,8.2,1060.0,125284,1,3.558000087738037
2026-07-02T10:55:59+00:00,,,1776.0,3.128,28.0,171,88,251,211.0,87.0,8.2,1050.0,125535,1,3.513000011444092
2026-07-02T10:56:00+00:00,,,1779.0,3.089,28.0,171,88,251,212.0,88.0,8.3,1050.0,125786,1,3.4690001010894775
2026-07-02T10:56:01+00:00,,,1782.0,3.064,29.0,171,87,247,212.0,88.0,8.3,1040.0,126033,1,3.513000011444092
2026-07-02T10:56:02+00:00,,,1785.0,3.039,29.0,171,87,244,213.0,89.0,8.4,1040.0,126277,1,3.558000087738037
2026-07-02T10:56:03+00:00,,,1788.0,3.022,29.0,171,87,248,213.0,89.0,8.4,1030.0,126525,1,3.5380001068115234
2026-07-02T10:56:04+00:00,,,1791.0,3.006,29.0,172,87,252,214.0,89.0,8.5,1030.0,126777,1,3.5220000743865967
2026-07-02T10:56:05+00:00,,,1794.0,2.997,29.0,172,87,250,214.0,89.0,8.6,1030.0,127027,1,3.510999917984009
2026-07-02T10:56:06+00:00,,,1797.0,2.992,29.0,172,87,249,215.0,90.0,8.7,1030.0,127276,1,3.5
2026-07-02T10:56:07+00:00,,,1800.0,3.014,29.0,172,88,248,215.0,90.0,8.7,1030.0,127524,1,3.5269999504089355
2026-07-02T10:56:08+00:00,,,1803.0,3.039,29.0,172,89,248,216.0,91.0,8.8,1030.0,127772,1,3.558000087738037
2026-07-02T10:56:09+00:00,,,1806.0,3.064,29.0,172,89,250,216.0,91.0,8.8,1030.0,128022,1,3.5859999656677246
2026-07-02T10:56:10+00:00,,,1809.0,3.089,29.0,172,90,252,217.0,91.0,8.8,1040.0,128274,1,3.615999937057495
2026-07-02T10:56:11+00:00,,,1812.0,3.131,29.0,172,90,254,217.0,91.0,8.8,1040.0,128528,1,3.6689999103546143
2026-07-02T10:56:12+00:00,,,1815.0,3.175,29.0,172,90,256,217.0,91.0,8.8,1050.0,128784,1,3.7219998836517334
2026-07-02T10:56:13+00:00,,,1818.5,3.194,29.0,172,90,259,217.0,91.0,8.7,1050.0,129043,1,3.74399995803833
2026-07-02T10:56:14+00:00,,,1822.0,3.217,29.0,172,91,263,217.0,91.0,8.7,1060.0,129306,1,3.7690000534057617
2026-07-02T10:56:15+00:00,,,1825.0,3.214,29.0,172,90,265,217.0,91.0,8.7,1060.0,129571,1,3.686000108718872
2026-07-02T10:56:16+00:00,,,1828.0,3.211,30.0,172,90,267,217.0,91.0,8.7,1060.0,129838,1,3.6050000190734863
2026-07-02T10:56:17+00:00,,,1831.5,3.194,30.0,172,90,260,217.0,91.0,8.7,1060.0,130098,1,3.5880000591278076
2026-07-02T10:56:18+00:00,,,1835.0,3.181,30.0,172,90,254,217.0,91.0,8.7,1060.0,130352,1,3.572000026702881
2026-07-02T10:56:19+00:00,,,1838.0,3.172,30.0,172,90,252,217.0,91.0,8.6,1060.0,130604,1,3.562999963760376
2026-07-02T10:56:20+00:00,,,1841.0,3.167,30.0,172,90,251,217.0,91.0,8.6,1060.0,130855,1,3.558000087738037
2026-07-02T10:56:21+00:00,,,1844.0,3.167,30.0,172,90,251,216.0,90.0,8.5,1060.0,131106,1,3.558000087738037
2026-07-02T10:56:22+00:00,,,1847.0,3.167,30.0,172,90,251,216.0,90.0,8.5,1060.0,131357,1,3.558000087738037
2026-07-02T10:56:23+00:00,,,1850.5,3.167,30.0,172,90,251,215.0,89.0,8.4,1060.0,131608,1,3.558000087738037
2026-07-02T10:56:24+00:00,,,1854.0,3.167,30.0,172,90,251,215.0,89.0,8.3,1060.0,131859,1,3.558000087738037
2026-07-02T10:56:25+00:00,,,1857.0,3.192,30.0,172,90,251,214.0,88.0,8.2,1060.0,132110,1,3.5859999656677246
2026-07-02T10:56:26+00:00,,,1860.0,3.217,31.0,172,91,251,214.0,87.0,8.2,1060.0,132361,1,3.615999937057495
2026-07-02T10:56:27+00:00,,,1863.0,3.222,31.0,172,91,253,213.0,86.0,8.1,1060.0,132614,1,3.621999979019165
2026-07-02T10:56:28+00:00,,,1866.0,3.231,31.0,173,91,255,213.0,86.0,8.1,1070.0,132869,1,3.627000093460083
2026-07-02T10:56:29+00:00,,,1869.5,3.222,31.0,173,90,255,212.0,86.0,8.1,1060.0,133124,1,3.615999937057495
2026-07-02T10:56:30+00:00,,,1873.0,3.214,31.0,173,90,255,212.0,86.0,8.1,1060.0,133379,1,3.6050000190734863
2026-07-02T10:56:31+00:00,,,1876.0,3.208,31.0,173,90,254,211.0,86.0,8.1,1060.0,133633,1,3.5269999504089355
2026-07-02T10:56:32+00:00,,,1879.0,3.203,31.0,173,90,254,211.0,87.0,8.2,1060.0,133887,1,3.4519999027252197
2026-07-02T10:56:33+00:00,,,1882.5,3.181,31.0,173,88,248,211.0,87.0,8.2,1060.0,134135,1,3.430000066757202
2026-07-02T10:56:34+00:00,,,1886.0,3.158,31.0,173,86,242,212.0,88.0,8.3,1060.0,134377,1,3.4079999923706055
2026-07-02T10:56:35+00:00,,,1889.0,3.061,31.0,173,86,240,213.0,89.0,8.4,1040.0,134617,1,3.24399995803833
2026-07-02T10:56:36+00:00,,,1892.0,2.967,31.0,173,86,239,214.0,90.0,8.5,1030.0,134856,1,3.0829999446868896
2026-07-02T10:56:37+00:00,,,1895.0,2.911,30.0,174,85,226,215.0,90.0,8.6,1020.0,135082,1,2.9690001010894775
2026-07-02T10:56:38+00:00,,,1898.0,2.858,30.0,174,84,214,217.0,91.0,8.7,1010.0,135296,1,2.8580000400543213
2026-07-02T10:56:39+00:00,,,1901.0,2.806,30.0,174,83,210,218.0,92.0,8.8,1000.0,135506,1,2.805000066757202
2026-07-02T10:56:40+00:00,,,1904.0,2.756,30.0,174,83,206,220.0,93.0,9.0,1000.0,135712,1,2.755000114440918
2026-07-02T10:56:41+00:00,,,1906.5,2.717,30.0,174,82,202,221.0,94.0,9.1,990.0,135914,1,2.7160000801086426
2026-07-02T10:56:42+00:00,,,1909.0,2.678,30.0,174,81,199,223.0,95.0,9.3,980.0,136113,1,2.677000045776367
2026-07-02T10:56:43+00:00,,,1911.5,2.633,30.0,174,81,192,225.0,96.0,9.5,970.0,136305,1,2.632999897003174
2026-07-02T10:56:44+00:00,,,1914.0,2.589,30.0,174,80,185,227.0,98.0,9.8,960.0,136490,1,2.5880000591278076
2026-07-02T10:56:45+00:00,,,1916.5,2.583,30.0,174,81,181,229.0,99.0,10.0,960.0,136671,1,2.5829999446868896
2026-07-02T10:56:46+00:00,,,1919.0,2.581,30.0,174,81,178,231.0,101.0,10.2,960.0,136849,1,2.5799999237060547
2026-07-02T10:56:47+00:00,,,1922.0,2.614,30.0,174,82,178,233.0,102.0,10.4,960.0,137027,1,2.61299991607666
2026-07-02T10:56:48+00:00,,,1925.0,2.65,30.0,174,83,178,235.0,104.0,10.6,960.0,137205,1,2.6489999294281006
2026-07-02T10:56:49+00:00,,,1927.5,2.675,30.0,173,83,180,237.0,104.0,10.7,970.0,137385,1,2.674999952316284
2026-07-02T10:56:50+00:00,,,1930.0,2.7,30.0,174,83,183,239.0,105.0,10.9,980.0,137568,1,2.700000047683716
2026-07-02T10:56:51+00:00,,,1932.5,2.728,30.0,173,83,184,240.0,105.0,10.9,980.0,137752,1,2.7269999980926514
2026-07-02T10:56:52+00:00,,,1935.0,2.756,30.0,173,84,186,242.0,106.0,11.0,980.0,137938,1,2.755000114440918
2026-07-02T10:56:53+00:00,,,1938.0,2.761,30.0,173,83,188,242.0,106.0,11.0,980.0,138126,1,2.760999917984009
2026-07-02T10:56:54+00:00,,,1941.0,2.769,30.0,173,83,190,243.0,107.0,11.0,990.0,138316,1,2.7690000534057617
2026-07-02T10:56:55+00:00,,,1943.5,2.767,30.0,173,83,190,243.0,107.0,10.9,990.0,138506,1,2.7660000324249268
2026-07-02T10:56:56+00:00,,,1946.0,2.764,30.0,173,84,191,244.0,107.0,10.9,990.0,138697,1,2.763000011444092
2026-07-02T10:56:57+00:00,,,1949.0,2.786,29.0,173,84,190,244.0,107.0,10.8,990.0,138887,1,2.7860000133514404
2026-07-02T10:56:58+00:00,,,1952.0,2.811,29.0,173,85,190,244.0,107.0,10.8,990.0,139077,1,2.811000108718872
2026-07-02T10:56:59+00:00,,,1955.0,2.822,29.0,173,85,192,243.0,106.0,10.7,990.0,139269,1,2.819000005722046
2026-07-02T10:57:00+00:00,,,1958.0,2.833,29.0,173,85,194,243.0,106.0,10.7,1000.0,139463,1,2.8299999237060547
2026-07-02T10:57:01+00:00,,,1960.5,2.867,29.0,173,86,194,242.0,105.0,10.6,1000.0,139657,1,2.812999963760376
2026-07-02T10:57:02+00:00,,,1963.0,2.903,29.0,173,86,195,241.0,104.0,10.5,1010.0,139852,1,2.7990000247955322
2026-07-02T10:57:03+00:00,,,1966.0,2.917,29.0,173,86,193,239.0,103.0,10.4,1010.0,140045,1,2.812999963760376
2026-07-02T10:57:04+00:00,,,1969.0,2.931,29.0,173,86,191,238.0,103.0,10.3,1020.0,140236,1,2.8269999027252197
2026-07-02T10:57:05+00:00,,,1972.0,2.908,29.0,173,85,192,237.0,102.0,10.2,1010.0,140428,1,2.763000011444092
2026-07-02T10:57:06+00:00,,,1975.0,2.886,29.0,173,85,193,236.0,102.0,10.2,1010.0,140621,1,2.700000047683716
2026-07-02T10:57:07+00:00,,,1978.0,2.856,28.0,173,84,187,235.0,101.0,10.1,1000.0,140808,1,2.671999931335449
2026-07-02T10:57:08+00:00,,,1981.0,2.825,28.0,173,84,182,234.0,101.0,10.1,1000.0,140990,1,2.6440000534057617
2026-07-02T10:57:09+00:00,,,1983.5,2.792,28.0,173,83,180,234.0,101.0,10.1,990.0,141170,1,2.6110000610351562
2026-07-02T10:57:10+00:00,,,1986.0,2.761,28.0,173,83,178,234.0,101.0,10.1,990.0,141348,1,2.5769999027252197
2026-07-02T10:57:11+00:00,,,1989.0,2.753,28.0,173,83,176,234.0,101.0,10.1,990.0,141524,1,2.5299999713897705
2026-07-02T10:57:12+00:00,,,1992.0,2.744,27.0,173,84,174,234.0,101.0,10.1,990.0,141698,1,2.4830000400543213
2026-07-02T10:57:13+00:00,,,1994.5,2.756,27.0,173,84,169,234.0,101.0,10.1,990.0,141867,1,2.496999979019165
2026-07-02T10:57:14+00:00,,,1997.0,2.769,27.0,173,85,165,235.0,101.0,10.1,990.0,142032,1,2.510999917984009
2026-07-02T10:57:15+00:00,,,2000.0,2.808,27.0,173,85,166,234.0,101.0,10.1,990.0,142198,1,2.546999931335449
2026-07-02T10:57:16+00:00,,,2003.0,2.847,27.0,173,86,167,234.0,101.0,10.1,1000.0,142365,1,2.5829999446868896
2026-07-02T10:57:17+00:00,,,2006.0,2.881,27.0,173,86,169,233.0,101.0,10.1,1000.0,142534,1,2.6080000400543213
2026-07-02T10:57:18+00:00,,,2009.0,2.914,27.0,172,87,172,232.0,101.0,10.1,1010.0,142706,1,2.635999917984009
2026-07-02T10:57:19+00:00,,,2012.0,2.956,27.0,171,87,173,231.0,101.0,10.1,1010.0,142879,1,2.677000045776367
2026-07-02T10:57:20+00:00,,,2015.0,3.0,27.0,170,88,175,231.0,101.0,10.1,1020.0,143054,1,2.7190001010894775
2026-07-02T10:57:21+00:00,,,2018.0,3.022,27.0,169,88,178,230.0,101.0,10.1,1020.0,143232,1,2.740999937057495
2026-07-02T10:57:22+00:00,,,2021.0,3.047,27.0,168,89,181,229.0,101.0,10.1,1030.0,143413,1,2.763000011444092
2026-07-02T10:57:23+00:00,,,2024.0,3.089,27.0,167,89,182,227.0,101.0,10.0,1030.0,143595,1,2.7990000247955322
2026-07-02T10:57:24+00:00,,,2027.0,3.133,27.0,166,90,184,226.0,101.0,10.0,1040.0,143779,1,2.8359999656677246
2026-07-02T10:57:25+00:00,,,2030.0,3.147,27.0,165,90,186,225.0,100.0,9.9,1040.0,143965,1,2.8499999046325684
2026-07-02T10:57:26+00:00,,,2033.0,3.161,27.0,164,90,188,224.0,100.0,9.8,1050.0,144153,1,2.86299991607666
2026-07-02T10:57:27+00:00,,,2036.0,3.153,26.0,163,89,189,222.0,99.0,9.7,1050.0,144342,1,2.8519999980926514
2026-07-02T10:57:28+00:00,,,2039.0,3.144,26.0,162,89,190,221.0,99.0,9.6,1050.0,144532,1,2.8440001010894775
2026-07-02T10:57:29+00:00,,,2042.5,3.128,26.0,161,89,189,219.0,99.0,9.5,1050.0,144721,1,2.8299999237060547
2026-07-02T10:57:30+00:00,,,2046.0,3.114,26.0,160,88,189,218.0,99.0,9.5,1050.0,144910,1,2.815999984741211
2026-07-02T10:57:31+00:00,,,2049.0,3.083,26.0,159,88,188,216.0,98.0,9.4,1040.0,145098,1,2.7880001068115234
2026-07-02T10:57:32+00:00,,,2052.0,3.053,25.0,158,88,187,215.0,98.0,9.4,1040.0,145285,1,2.763000011444092
2026-07-02T10:57:33+00:00,,,2055.0,3.047,25.0,157,88,185,214.0,98.0,9.4,1040.0,145470,1,2.757999897003174
2026-07-02T10:57:34+00:00,,,2058.0,3.042,25.0,156,88,184,213.0,98.0,9.4,1040.0,145654,1,2.755000114440918
2026-07-02T10:57:35+00:00,,,2061.0,3.036,25.0,155,87,183,212.0,98.0,9.3,1030.0,145837,1,2.749000072479248
2026-07-02T10:57:36+00:00,,,2064.0,3.033,25.0,155,87,183,212.0,98.0,9.3,1030.0,146020,1,2.74399995803833
2026-07-02T10:57:37+00:00,,,2067.0,3.017,25.0,155,87,182,212.0,97.0,9.3,1030.0,146202,1,2.7300000190734863
2026-07-02T10:57:38+00:00,,,2070.0,3.003,25.0,155,88,182,212.0,97.0,9.3,1030.0,146384,1,2.7190001010894775
2026-07-02T10:57:39+00:00,,,2073.0,3.014,25.0,155,88,181,212.0,96.0,9.3,1030.0,146565,1,2.7300000190734863
2026-07-02T10:57:40+00:00,,,2076.0,3.028,25.0,155,88,181,213.0,96.0,9.3,1030.0,146746,1,2.74399995803833
2026-07-02T10:57:41+00:00,,,2079.0,3.028,25.0,155,88,181,213.0,96.0,9.3,1030.0,146927,1,2.74399995803833
2026-07-02T10:57:42+00:00,,,2082.0,3.031,24.0,155,88,182,214.0,96.0,9.3,1030.0,147109,1,2.74399995803833
2026-07-02T10:57:43+00:00,,,2085.0,3.044,24.0,155,88,182,214.0,96.0,9.3,1030.0,147291,1,2.757999897003174
2026-07-02T10:57:44+00:00,,,2088.0,3.061,24.0,155,89,182,215.0,96.0,9.3,1040.0,147473,1,2.7720000743865967
2026-07-02T10:57:45+00:00,,,2091.0,3.075,24.0,155,89,183,216.0,96.0,9.3,1040.0,147656,1,2.7860000133514404
2026-07-02T10:57:46+00:00,,,2094.0,3.092,24.0,155,89,184,217.0,96.0,9.3,1040.0,147840,1,2.7990000247955322
2026-07-02T10:57:47+00:00,,,2097.0,3.094,24.0,155,89,185,217.0,96.0,9.2,1040.0,148025,1,2.802000045776367
2026-07-02T10:57:48+00:00,,,2100.0,3.097,24.0,155,89,186,217.0,96.0,9.2,1040.0,148211,1,2.808000087738037
2026-07-02T10:57:49+00:00,,,2103.5,3.108,24.0,155,89,186,217.0,95.0,9.1,1040.0,148397,1,2.815999984741211
2026-07-02T10:57:50+00:00,,,2107.0,3.119,24.0,155,89,187,218.0,95.0,9.1,1050.0,148584,1,2.8269999027252197
2026-07-02T10:57:51+00:00,,,2110.0,3.125,24.0,155,89,187,218.0,94.0,9.1,1050.0,148771,1,2.875
2026-07-02T10:57:52+00:00,,,2113.0,3.131,24.0,155,89,188,218.0,94.0,9.1,1050.0,148959,1,2.9240000247955322
2026-07-02T10:57:53+00:00,,,2116.0,3.131,24.0,155,89,192,217.0,94.0,9.0,1050.0,149151,1,2.9240000247955322
2026-07-02T10:57:54+00:00,,,2119.0,3.131,24.0,154,89,197,216.0,94.0,9.0,1050.0,149348,1,2.9240000247955322
2026-07-02T10:57:55+00:00,,,2122.0,3.119,24.0,154,89,197,216.0,94.0,9.0,1050.0,149545,1,2.9630000591278076
2026-07-02T10:57:56+00:00,,,2125.0,3.111,24.0,154,89,197,216.0,95.0,9.0,1050.0,149742,1,3.002000093460083
2026-07-02T10:57:57+00:00,,,2128.5,3.106,24.0,154,89,201,215.0,95.0,9.0,1050.0,149943,1,3.0490000247955322
2026-07-02T10:57:58+00:00,,,2132.0,3.1,24.0,154,89,205,215.0,95.0,9.0,1050.0,150148,1,3.0989999771118164
2026-07-02T10:57:59+00:00,,,2135.0,3.1,24.0,153,89,204,214.0,95.0,9.0,1040.0,150352,1,3.0989999771118164
2026-07-02T10:58:00+00:00,,,2138.0,3.1,24.0,153,89,204,214.0,96.0,9.1,1040.0,150556,1,3.0989999771118164
2026-07-02T10:58:01+00:00,,,2141.0,3.1,24.0,153,89,204,214.0,96.0,9.1,1040.0,150760,1,3.0989999771118164
2026-07-02T10:58:02+00:00,,,2144.0,3.1,24.0,153,89,204,214.0,96.0,9.1,1040.0,150964,1,3.0989999771118164
2026-07-02T10:58:03+00:00,,,2147.0,3.108,24.0,153,89,209,214.0,96.0,9.1,1040.0,151173,1,3.1080000400543213
2026-07-02T10:58:04+00:00,,,2150.0,3.119,24.0,153,89,214,214.0,96.0,9.1,1050.0,151387,1,3.11899995803833
2026-07-02T10:58:05+00:00,,,2153.5,3.125,24.0,152,89,214,213.0,95.0,9.1,1050.0,151601,1,3.125
2026-07-02T10:58:06+00:00,,,2157.0,3.131,24.0,152,90,215,213.0,95.0,9.1,1050.0,151816,1,3.130000114440918
2026-07-02T10:58:07+00:00,,,2160.0,3.133,24.0,152,89,215,213.0,95.0,9.1,1050.0,152031,1,3.132999897003174
2026-07-02T10:58:08+00:00,,,2163.0,3.139,24.0,152,89,216,214.0,95.0,9.1,1050.0,152247,1,3.138000011444092
2026-07-02T10:58:09+00:00,,,2166.0,3.122,24.0,152,89,216,214.0,95.0,9.1,1050.0,152463,1,3.121999979019165
2026-07-02T10:58:10+00:00,,,2169.0,3.106,24.0,152,89,216,214.0,95.0,9.1,1050.0,152679,1,3.1050000190734863
2026-07-02T10:58:11+00:00,,,2172.0,3.092,24.0,151,88,215,214.0,95.0,9.1,1040.0,152894,1,3.0910000801086426
2026-07-02T10:58:12+00:00,,,2175.0,3.078,24.0,151,88,214,214.0,95.0,9.1,1040.0,153108,1,3.0769999027252197
2026-07-02T10:58:13+00:00,,,2178.0,3.072,24.0,151,88,213,214.0,95.0,9.1,1040.0,153321,1,3.072000026702881
2026-07-02T10:58:14+00:00,,,2181.0,3.067,24.0,151,88,212,215.0,95.0,9.1,1040.0,153533,1,3.065999984741211
2026-07-02T10:58:15+00:00,,,2184.5,3.075,24.0,150,88,211,215.0,95.0,9.1,1040.0,153744,1,3.0739998817443848
2026-07-02T10:58:16+00:00,,,2188.0,3.086,24.0,150,89,211,215.0,95.0,9.1,1040.0,153955,1,3.0859999656677246
2026-07-02T10:58:17+00:00,,,2191.0,3.092,24.0,150,89,212,215.0,95.0,9.1,1040.0,154167,1,3.0910000801086426
2026-07-02T10:58:18+00:00,,,2194.0,3.097,24.0,150,89,213,215.0,95.0,9.1,1040.0,154380,1,3.0969998836517334
2026-07-02T10:58:19+00:00,,,2197.0,3.111,24.0,150,89,213,215.0,94.0,9.0,1040.0,154593,1,3.1110000610351562
2026-07-02T10:58:20+00:00,,,2200.0,3.128,24.0,150,89,214,215.0,94.0,9.0,1050.0,154807,1,3.127000093460083
2026-07-02T10:58:21+00:00,,,2203.0,3.128,24.0,149,89,215,215.0,94.0,9.0,1050.0,155022,1,3.127000093460083
2026-07-02T10:58:22+00:00,,,2206.0,3.131,24.0,151,90,216,215.0,94.0,9.0,1050.0,155238,1,3.130000114440918
2026-07-02T10:58:23+00:00,,,2209.0,3.144,24.0,149,89,216,215.0,94.0,9.0,1050.0,155454,1,3.1440000534057617
2026-07-02T10:58:24+00:00,,,2212.0,3.161,24.0,149,89,216,215.0,94.0,9.0,1050.0,155670,1,3.1610000133514404
2026-07-02T10:58:25+00:00,,,2215.5,3.147,24.0,149,89,217,215.0,94.0,9.0,1050.0,155887,1,3.1470000743865967
2026-07-02T10:58:26+00:00,,,2219.0,3.136,24.0,150,89,218,215.0,94.0,9.0,1050.0,156105,1,3.135999917984009
2026-07-02T10:58:27+00:00,,,2222.0,3.119,24.0,150,89,217,215.0,94.0,9.0,1050.0,156322,1,3.11899995803833
2026-07-02T10:58:28+00:00,,,2225.0,3.106,24.0,148,89,216,215.0,95.0,9.0,1050.0,156538,1,3.1050000190734863
2026-07-02T10:58:29+00:00,,,2228.0,3.103,24.0,147,89,215,215.0,95.0,9.0,1040.0,156753,1,3.1019999980926514
2026-07-02T10:58:30+00:00,,,2231.0,3.1,24.0,146,89,214,215.0,95.0,9.0,1040.0,156967,1,3.0989999771118164
2026-07-02T10:58:31+00:00,,,2234.0,3.1,24.0,146,89,214,215.0,94.0,9.0,1040.0,157181,1,3.0989999771118164
2026-07-02T10:58:32+00:00,,,2237.0,3.1,24.0,146,89,214,215.0,94.0,9.0,1040.0,157395,1,3.0989999771118164
2026-07-02T10:58:33+00:00,,,2240.5,3.1,24.0,146,88,214,214.0,94.0,9.0,1040.0,157609,1,3.0989999771118164
2026-07-02T10:58:34+00:00,,,2244.0,3.1,24.0,146,88,214,214.0,94.0,9.0,1040.0,157823,1,3.0989999771118164
2026-07-02T10:58:35+00:00,,,2247.0,3.083,24.0,146,88,214,214.0,94.0,9.0,1040.0,158037,1,3.0829999446868896
2026-07-02T10:58:36+00:00,,,2250.0,3.069,24.0,146,88,214,214.0,95.0,9.1,1040.0,158251,1,3.069000005722046
2026-07-02T10:58:37+00:00,,,2253.0,3.064,24.0,146,88,212,214.0,95.0,9.1,1040.0,158463,1,3.062999963760376
2026-07-02T10:58:38+00:00,,,2256.0,3.058,24.0,145,88,211,215.0,95.0,9.1,1040.0,158674,1,3.058000087738037
2026-07-02T10:58:39+00:00,,,2259.0,3.047,24.0,145,88,211,215.0,95.0,9.1,1030.0,158885,1,3.046999931335449
2026-07-02T10:58:40+00:00,,,2262.0,3.036,24.0,145,88,211,215.0,95.0,9.1,1030.0,159096,1,3.0360000133514404
2026-07-02T10:58:41+00:00,,,2265.0,3.047,24.0,145,88,210,215.0,95.0,9.1,1030.0,159306,1,3.046999931335449
2026-07-02T10:58:42+00:00,,,2268.0,3.061,24.0,145,88,209,216.0,95.0,9.1,1040.0,159515,1,3.061000108718872
2026-07-02T10:58:43+00:00,,,2271.0,3.061,24.0,146,88,210,216.0,95.0,9.1,1040.0,159725,1,3.061000108718872
2026-07-02T10:58:44+00:00,,,2274.0,3.064,24.0,146,88,211,217.0,95.0,9.1,1040.0,159936,1,3.062999963760376
2026-07-02T10:58:45+00:00,,,2277.0,3.075,24.0,146,88,211,217.0,95.0,9.1,1040.0,160147,1,3.0739998817443848
2026-07-02T10:58:46+00:00,,,2280.0,3.086,24.0,146,89,211,217.0,95.0,9.1,1040.0,160358,1,3.0859999656677246
2026-07-02T10:58:47+00:00,,,2283.5,3.092,24.0,146,89,212,217.0,95.0,9.1,1040.0,160570,1,3.0910000801086426
2026-07-02T10:58:48+00:00,,,2287.0,3.097,24.0,146,89,213,217.0,95.0,9.1,1040.0,160783,1,3.0969998836517334
2026-07-02T10:58:49+00:00,,,2290.0,3.097,24.0,146,89,213,217.0,95.0,9.1,1040.0,160996,1,3.0969998836517334
2026-07-02T10:58:50+00:00,,,2293.0,3.097,24.0,146,89,214,217.0,95.0,9.1,1040.0,161210,1,3.0969998836517334
2026-07-02T10:58:51+00:00,,,2296.0,3.097,24.0,146,89,214,217.0,94.0,9.1,1040.0,161424,1,3.0969998836517334
2026-07-02T10:58:52+00:00,,,2299.0,3.097,24.0,146,89,214,217.0,94.0,9.1,1040.0,161638,1,3.0969998836517334
2026-07-02T10:58:53+00:00,,,2302.0,3.097,24.0,146,89,214,217.0,94.0,9.0,1040.0,161852,1,3.0969998836517334
2026-07-02T10:58:54+00:00,,,2305.0,3.1,24.0,146,89,214,217.0,94.0,9.0,1040.0,162066,1,3.0989999771118164
2026-07-02T10:58:55+00:00,,,2308.0,3.114,24.0,146,89,214,217.0,93.0,8.9,1040.0,162280,1,3.11299991607666
2026-07-02T10:58:56+00:00,,,2311.0,3.128,24.0,146,89,214,218.0,93.0,8.9,1050.0,162494,1,3.127000093460083
2026-07-02T10:58:57+00:00,,,2314.5,3.128,23.0,146,89,215,218.0,92.0,8.8,1050.0,162709,1,3.127000093460083
2026-07-02T10:58:58+00:00,,,2318.0,3.131,23.0,147,89,216,218.0,92.0,8.8,1050.0,162925,1,3.130000114440918
2026-07-02T10:58:59+00:00,,,2321.0,3.131,23.0,147,89,216,217.0,91.0,8.7,1050.0,163141,1,3.130000114440918
2026-07-02T10:59:00+00:00,,,2324.0,3.133,23.0,147,89,216,217.0,91.0,8.7,1050.0,163357,1,3.132999897003174
2026-07-02T10:59:01+00:00,,,2327.0,3.117,23.0,147,89,216,217.0,91.0,8.7,1050.0,163573,1,3.115999937057495
2026-07-02T10:59:02+00:00,,,2330.0,3.103,23.0,147,89,216,217.0,91.0,8.7,1050.0,163789,1,3.1019999980926514
2026-07-02T10:59:03+00:00,,,2333.0,3.1,23.0,147,89,215,217.0,90.0,8.6,1040.0,164004,1,3.0989999771118164
2026-07-02T10:59:04+00:00,,,2336.0,3.1,23.0,147,89,214,217.0,90.0,8.6,1040.0,164218,1,3.0989999771118164
2026-07-02T10:59:05+00:00,,,2339.5,3.108,23.0,147,89,214,217.0,89.0,8.5,1040.0,164432,1,3.1080000400543213
2026-07-02T10:59:06+00:00,,,2343.0,3.119,23.0,147,89,214,217.0,89.0,8.5,1050.0,164646,1,3.11899995803833
2026-07-02T10:59:07+00:00,,,2346.0,3.139,22.0,147,89,214,217.0,89.0,8.5,1050.0,164860,1,3.138000011444092
2026-07-02T10:59:08+00:00,,,2349.0,3.158,22.0,147,90,215,217.0,89.0,8.5,1050.0,165075,1,3.1610000133514404
2026-07-02T10:59:09+00:00,,,2352.0,3.172,22.0,147,90,216,216.0,89.0,8.4,1050.0,165291,1,3.174999952316284
2026-07-02T10:59:10+00:00,,,2355.0,3.186,22.0,147,90,218,216.0,89.0,8.4,1060.0,165509,1,3.187999963760376
2026-07-02T10:59:11+00:00,,,2358.0,3.178,22.0,147,90,219,216.0,88.0,8.4,1060.0,165728,1,3.125
2026-07-02T10:59:12+00:00,,,2361.0,3.169,22.0,147,90,220,216.0,88.0,8.4,1060.0,165948,1,3.061000108718872
2026-07-02T10:59:13+00:00,,,2364.5,3.153,22.0,147,89,214,216.0,88.0,8.4,1050.0,166162,1,3.0439999103546143
2026-07-02T10:59:14+00:00,,,2368.0,3.139,22.0,147,89,209,216.0,88.0,8.4,1050.0,166371,1,3.0299999713897705
2026-07-02T10:59:15+00:00,,,2371.0,3.122,22.0,147,88,208,216.0,88.0,8.4,1050.0,166579,1,3.0160000324249268
2026-07-02T10:59:16+00:00,,,2374.0,3.106,22.0,147,88,207,216.0,89.0,8.4,1050.0,166786,1,3.002000093460083
2026-07-02T10:59:17+00:00,,,2377.0,3.089,22.0,147,88,206,216.0,89.0,8.4,1040.0,166992,1,2.9830000400543213
2026-07-02T10:59:18+00:00,,,2380.0,3.072,22.0,147,88,205,216.0,90.0,8.5,1040.0,167197,1,2.9630000591278076
2026-07-02T10:59:19+00:00,,,2383.0,3.069,22.0,147,88,203,216.0,90.0,8.6,1040.0,167400,1,2.9630000591278076
2026-07-02T10:59:20+00:00,,,2386.0,3.067,22.0,146,89,202,216.0,91.0,8.7,1040.0,167602,1,2.9630000591278076
2026-07-02T10:59:21+00:00,,,2389.5,3.1,22.0,146,90,202,216.0,91.0,8.7,1040.0,167804,1,2.996999979019165
2026-07-02T10:59:22+00:00,,,2393.0,3.136,22.0,146,91,202,216.0,92.0,8.8,1050.0,168006,1,3.0299999713897705
2026-07-02T10:59:23+00:00,,,2396.0,3.242,22.0,146,93,204,214.0,92.0,8.8,1060.0,168210,1,3.130000114440918
2026-07-02T10:59:24+00:00,,,2399.0,3.347,22.0,146,95,207,213.0,92.0,8.8,1070.0,168417,1,3.2330000400543213
2026-07-02T10:59:25+00:00,,,2402.5,3.439,22.0,146,95,214,211.0,92.0,8.8,1080.0,168631,1,3.319000005722046
2026-07-02T10:59:26+00:00,,,2406.0,3.533,22.0,146,96,221,209.0,92.0,8.8,1100.0,168852,1,3.4079999923706055
2026-07-02T10:59:27+00:00,,,2409.5,3.522,21.0,146,95,226,207.0,92.0,8.7,1100.0,169078,1,3.3970000743865967
2026-07-02T10:59:28+00:00,,,2413.0,3.511,21.0,146,94,232,206.0,92.0,8.6,1110.0,169310,1,3.388000011444092
2026-07-02T10:59:29+00:00,,,2416.5,3.433,21.0,146,93,231,205.0,92.0,8.5,1100.0,169541,1,3.315999984741211
2026-07-02T10:59:30+00:00,,,2420.0,3.358,21.0,146,92,231,205.0,92.0,8.5,1090.0,169772,1,3.24399995803833
2026-07-02T10:59:31+00:00,,,2423.0,3.256,21.0,146,90,226,205.0,92.0,8.5,1070.0,169998,1,3.0910000801086426
2026-07-02T10:59:32+00:00,,,2426.0,3.153,20.0,146,89,221,205.0,93.0,8.5,1060.0,170219,1,2.940999984741211
2026-07-02T10:59:33+00:00,,,2429.5,3.128,20.0,146,89,209,204.0,93.0,8.5,1050.0,170428,1,2.921999931335449
2026-07-02T10:59:34+00:00,,,2433.0,3.106,20.0,146,89,198,204.0,93.0,8.6,1050.0,170626,1,2.9049999713897705
2026-07-02T10:59:35+00:00,,,2436.0,3.103,20.0,145,89,197,204.0,93.0,8.6,1040.0,170823,1,2.8989999294281006
2026-07-02T10:59:36+00:00,,,2439.0,3.1,20.0,145,89,196,204.0,93.0,8.7,1040.0,171019,1,2.8970000743865967
2026-07-02T10:59:37+00:00,,,2442.0,3.1,20.0,145,89,195,203.0,93.0,8.7,1040.0,171214,1,2.8970000743865967
2026-07-02T10:59:38+00:00,,,2445.0,3.1,20.0,145,89,195,203.0,94.0,8.8,1040.0,171409,1,2.8970000743865967
2026-07-02T10:59:39+00:00,,,2448.0,3.108,20.0,145,89,195,202.0,93.0,8.8,1040.0,171604,1,2.9049999713897705
2026-07-02T10:59:40+00:00,,,2451.0,3.119,20.0,145,89,195,202.0,93.0,8.9,1050.0,171799,1,2.9130001068115234
2026-07-02T10:59:41+00:00,,,2454.0,3.125,20.0,145,89,195,202.0,93.0,8.9,1050.0,171994,1,2.9189999103546143
2026-07-02T10:59:42+00:00,,,2457.0,3.131,20.0,145,88,196,202.0,93.0,8.9,1050.0,172190,1,2.9240000247955322
2026-07-02T10:59:43+00:00,,,2460.5,3.103,20.0,144,88,196,203.0,93.0,8.9,1040.0,172386,1,2.8989999294281006
2026-07-02T10:59:44+00:00,,,2464.0,3.075,20.0,144,88,197,205.0,94.0,9.0,1040.0,172583,1,2.877000093460083
2026-07-02T10:59:45+00:00,,,2467.0,3.061,20.0,144,88,195,207.0,94.0,9.0,1040.0,172778,1,2.86299991607666
2026-07-02T10:59:46+00:00,,,2470.0,3.047,20.0,144,88,194,209.0,95.0,9.1,1040.0,172972,1,2.8499999046325684
2026-07-02T10:59:47+00:00,,,2473.0,3.075,20.0,145,89,193,210.0,95.0,9.1,1040.0,173165,1,2.871999979019165
2026-07-02T10:59:48+00:00,,,2476.0,3.103,20.0,145,90,192,212.0,96.0,9.2,1040.0,173357,1,2.8970000743865967
2026-07-02T10:59:49+00:00,,,2479.0,3.139,20.0,145,90,193,212.0,96.0,9.2,1040.0,173550,1,2.933000087738037
2026-07-02T10:59:50+00:00,,,2482.0,3.178,20.0,145,90,195,213.0,96.0,9.2,1050.0,173745,1,2.9690001010894775
2026-07-02T10:59:51+00:00,,,2485.5,3.186,20.0,145,90,197,213.0,96.0,9.2,1050.0,173942,1,3.0269999504089355
2026-07-02T10:59:52+00:00,,,2489.0,3.197,20.0,146,90,200,213.0,97.0,9.2,1060.0,174142,1,3.0880000591278076
2026-07-02T10:59:53+00:00,,,2492.0,3.197,20.0,146,90,205,213.0,97.0,9.2,1060.0,174347,1,3.1440000534057617
2026-07-02T10:59:54+00:00,,,2495.0,3.2,20.0,146,90,211,213.0,97.0,9.2,1060.0,174558,1,3.200000047683716
2026-07-02T10:59:55+00:00,,,2498.0,3.219,20.0,146,91,211,213.0,97.0,9.2,1060.0,174769,1,3.2190001010894775
2026-07-02T10:59:56+00:00,,,2501.0,3.242,20.0,146,91,211,213.0,97.0,9.2,1060.0,174980,1,3.240999937057495
2026-07-02T10:59:57+00:00,,,2504.5,3.3,20.0,146,93,217,212.0,96.0,9.1,1070.0,175197,1,3.299999952316284
2026-07-02T10:59:58+00:00,,,2508.0,3.358,20.0,146,94,223,211.0,96.0,9.0,1080.0,175420,1,3.3580000400543213
2026-07-02T10:59:59+00:00,,,2511.5,3.453,20.0,146,95,227,210.0,95.0,8.9,1090.0,175647,1,3.4519999027252197
2026-07-02T11:00:00+00:00,,,2515.0,3.55,20.0,147,97,231,209.0,94.0,8.8,1100.0,175878,1,3.5490000247955322
2026-07-02T11:00:01+00:00,,,2518.5,3.617,20.0,147,97,238,207.0,92.0,8.6,1110.0,176116,1,3.615999937057495
2026-07-02T11:00:02+00:00,,,2522.0,3.686,20.0,147,98,245,206.0,91.0,8.4,1130.0,176361,1,3.686000108718872
2026-07-02T11:00:03+00:00,,,2525.5,3.708,20.0,147,97,249,204.0,89.0,8.2,1130.0,176610,1,3.7079999446868896
2026-07-02T11:00:04+00:00,,,2529.0,3.733,20.0,147,96,254,203.0,88.0,8.0,1140.0,176864,1,3.7330000400543213
2026-07-02T11:00:05+00:00,,,2533.0,3.672,20.0,147,96,255,201.0,86.0,7.8,1130.0,177119,1,3.671999931335449
2026-07-02T11:00:06+00:00,,,2537.0,3.614,20.0,147,95,257,200.0,85.0,7.6,1130.0,177376,1,3.61299991607666
2026-07-02T11:00:07+00:00,,,2540.5,3.575,20.0,148,95,253,199.0,83.0,7.4,1120.0,177629,1,3.5739998817443848
2026-07-02T11:00:08+00:00,,,2544.0,3.536,20.0,148,94,249,198.0,82.0,7.3,1120.0,177878,1,3.5360000133514404
2026-07-02T11:00:09+00:00,,,2547.5,3.5,20.0,149,93,246,197.0,81.0,7.2,1110.0,178124,1,3.5
2026-07-02T11:00:10+00:00,,,2551.0,3.464,20.0,149,93,244,197.0,80.0,7.1,1110.0,178368,1,3.4630000591278076
2026-07-02T11:00:11+00:00,,,2554.5,3.444,20.0,149,93,241,196.0,79.0,7.0,1100.0,178609,1,3.444000005722046
2026-07-02T11:00:12+00:00,,,2558.0,3.428,20.0,150,94,238,196.0,78.0,6.9,1090.0,178847,1,3.427000045776367
2026-07-02T11:00:13+00:00,,,2561.5,3.433,20.0,150,94,237,195.0,76.0,6.8,1090.0,179084,1,3.433000087738037
2026-07-02T11:00:14+00:00,,,2565.0,3.442,20.0,150,94,236,195.0,75.0,6.8,1100.0,179320,1,3.440999984741211
2026-07-02T11:00:15+00:00,,,2568.0,3.425,20.0,151,93,236,194.0,74.0,6.7,1090.0,179556,1,3.4240000247955322
2026-07-02T11:00:16+00:00,,,2571.0,3.411,20.0,151,93,237,194.0,73.0,6.6,1090.0,179793,1,3.4110000133514404
2026-07-02T11:00:17+00:00,,,2574.5,3.397,20.0,151,93,236,194.0,72.0,6.5,1090.0,180029,1,3.3970000743865967
2026-07-02T11:00:18+00:00,,,2578.0,3.386,20.0,151,93,235,194.0,72.0,6.5,1090.0,180264,1,3.385999917984009
2026-07-02T11:00:19+00:00,,,2581.5,3.364,20.0,152,93,234,194.0,72.0,6.5,1080.0,180498,1,3.36299991607666
2026-07-02T11:00:20+00:00,,,2585.0,3.344,20.0,153,93,234,195.0,72.0,6.6,1080.0,180732,1,3.3440001010894775
2026-07-02T11:00:21+00:00,,,2588.5,3.356,20.0,153,93,232,196.0,73.0,6.7,1080.0,180964,1,3.3550000190734863
2026-07-02T11:00:22+00:00,,,2592.0,3.367,20.0,155,93,230,197.0,74.0,6.8,1090.0,181194,1,3.365999937057495
2026-07-02T11:00:23+00:00,,,2595.0,3.369,20.0,156,93,231,197.0,74.0,6.8,1090.0,181425,1,3.36899995803833
2026-07-02T11:00:24+00:00,,,2598.0,3.372,20.0,156,93,232,197.0,75.0,6.9,1090.0,181657,1,3.371999979019165
2026-07-02T11:00:25+00:00,,,2601.5,3.386,20.0,158,93,232,197.0,75.0,6.9,1090.0,181889,1,3.385999917984009
2026-07-02T11:00:26+00:00,,,2605.0,3.403,20.0,159,94,232,198.0,76.0,7.0,1090.0,182121,1,3.4019999504089355
2026-07-02T11:00:27+00:00,,,2608.5,3.431,20.0,159,94,233,198.0,76.0,7.0,1090.0,182354,1,3.430000066757202
2026-07-02T11:00:28+00:00,,,2612.0,3.458,20.0,160,94,234,198.0,77.0,7.1,1100.0,182588,1,3.4579999446868896
2026-07-02T11:00:29+00:00,,,2615.5,3.478,20.0,160,94,236,197.0,77.0,7.1,1100.0,182824,1,3.4769999980926514
2026-07-02T11:00:30+00:00,,,2619.0,3.497,20.0,160,94,238,197.0,77.0,7.1,1100.0,183062,1,3.496999979019165
2026-07-02T11:00:31+00:00,,,2622.5,3.489,20.0,161,94,239,197.0,77.0,7.1,1100.0,183301,1,3.48799991607666
2026-07-02T11:00:32+00:00,,,2626.0,3.481,20.0,161,94,241,197.0,78.0,7.1,1100.0,183542,1,3.4800000190734863
2026-07-02T11:00:33+00:00,,,2629.5,3.453,20.0,162,93,240,197.0,78.0,7.1,1100.0,183782,1,3.4519999027252197
2026-07-02T11:00:34+00:00,,,2633.0,3.425,20.0,163,93,240,197.0,78.0,7.1,1100.0,184022,1,3.4240000247955322
2026-07-02T11:00:35+00:00,,,2636.5,3.392,20.0,163,92,238,197.0,78.0,7.1,1090.0,184260,1,3.3910000324249268
2026-07-02T11:00:36+00:00,,,2640.0,3.358,20.0,163,92,236,197.0,79.0,7.2,1090.0,184496,1,3.3580000400543213
2026-07-02T11:00:37+00:00,,,2643.0,3.344,20.0,163,92,233,197.0,79.0,7.2,1080.0,184729,1,3.3440001010894775
2026-07-02T11:00:38+00:00,,,2646.0,3.333,20.0,164,92,231,198.0,79.0,7.2,1080.0,184960,1,3.3329999446868896
2026-07-02T11:00:39+00:00,,,2649.5,3.344,20.0,164,92,230,198.0,79.0,7.2,1080.0,185190,1,3.3440001010894775
2026-07-02T11:00:40+00:00,,,2653.0,3.358,20.0,164,93,229,198.0,79.0,7.2,1080.0,185419,1,3.3580000400543213
2026-07-02T11:00:41+00:00,,,2656.5,3.364,20.0,164,93,230,198.0,79.0,7.2,1080.0,185649,1,3.36299991607666
2026-07-02T11:00:42+00:00,,,2660.0,3.369,20.0,164,93,231,198.0,79.0,7.3,1090.0,185880,1,3.36899995803833
2026-07-02T11:00:43+00:00,,,2663.5,3.369,20.0,165,93,231,198.0,79.0,7.2,1090.0,186111,1,3.36899995803833
2026-07-02T11:00:44+00:00,,,2667.0,3.372,20.0,165,93,232,199.0,79.0,7.2,1090.0,186343,1,3.371999979019165
2026-07-02T11:00:45+00:00,,,2670.0,3.361,20.0,165,92,232,199.0,79.0,7.2,1090.0,186575,1,3.3610000610351562
2026-07-02T11:00:46+00:00,,,2673.0,3.35,20.0,165,92,232,199.0,79.0,7.3,1090.0,186807,1,3.3499999046325684
2026-07-02T11:00:47+00:00,,,2676.5,3.328,20.0,165,91,231,199.0,79.0,7.3,1080.0,187038,1,3.3269999027252197
2026-07-02T11:00:48+00:00,,,2680.0,3.308,20.0,165,91,231,200.0,80.0,7.3,1080.0,187269,1,3.308000087738037
2026-07-02T11:00:49+00:00,,,2683.5,3.269,20.0,165,90,229,201.0,80.0,7.3,1070.0,187498,1,3.2690000534057617
2026-07-02T11:00:50+00:00,,,2687.0,3.233,20.0,165,90,228,202.0,81.0,7.4,1070.0,187726,1,3.2330000400543213
2026-07-02T11:00:51+00:00,,,2690.0,3.183,20.0,166,89,225,203.0,81.0,7.5,1060.0,187951,1,3.183000087738037
2026-07-02T11:00:52+00:00,,,2693.0,3.133,20.0,166,88,222,204.0,82.0,7.6,1060.0,188173,1,3.132999897003174
2026-07-02T11:00:53+00:00,,,2696.0,3.081,20.0,166,87,219,205.0,82.0,7.7,1050.0,188392,1,3.0799999237060547
2026-07-02T11:00:54+00:00,,,2699.0,3.028,20.0,166,87,216,206.0,83.0,7.8,1040.0,188608,1,3.0269999504089355
2026-07-02T11:00:55+00:00,,,2702.0,3.014,20.0,166,87,212,207.0,83.0,7.9,1030.0,188820,1,3.013000011444092
2026-07-02T11:00:56+00:00,,,2705.0,3.003,20.0,166,87,209,208.0,84.0,8.0,1030.0,189029,1,3.002000093460083
2026-07-02T11:00:57+00:00,,,2708.0,2.986,20.0,166,87,208,209.0,85.0,8.1,1020.0,189237,1,2.9860000610351562
2026-07-02T11:00:58+00:00,,,2711.0,2.972,20.0,166,87,207,210.0,86.0,8.2,1020.0,189444,1,2.9719998836517334
2026-07-02T11:00:59+00:00,,,2714.0,2.989,20.0,167,87,206,211.0,86.0,8.3,1020.0,189650,1,2.98799991607666
2026-07-02T11:01:00+00:00,,,2717.0,3.008,20.0,167,88,205,212.0,87.0,8.4,1030.0,189855,1,3.007999897003174
2026-07-02T11:01:01+00:00,,,2720.0,3.039,20.0,167,88,206,212.0,87.0,8.5,1030.0,190061,1,3.0380001068115234
2026-07-02T11:01:02+00:00,,,2723.0,3.069,20.0,167,89,207,213.0,88.0,8.6,1030.0,190268,1,3.069000005722046
2026-07-02T11:01:03+00:00,,,2726.0,3.081,20.0,168,89,209,213.0,88.0,8.6,1030.0,190477,1,3.0799999237060547
2026-07-02T11:01:04+00:00,,,2729.0,3.094,20.0,168,89,211,214.0,89.0,8.7,1040.0,190688,1,3.0940001010894775
2026-07-02T11:01:05+00:00,,,2732.5,3.144,20.0,168,90,212,214.0,89.0,8.7,1040.0,190900,1,3.1440000534057617
2026-07-02T11:01:06+00:00,,,2736.0,3.197,20.0,168,92,213,214.0,90.0,8.7,1050.0,191113,1,3.197000026702881
2026-07-02T11:01:07+00:00,,,2739.0,3.242,20.0,168,91,216,214.0,90.0,8.7,1060.0,191329,1,3.240999937057495
2026-07-02T11:01:08+00:00,,,2742.0,3.286,20.0,169,91,220,214.0,90.0,8.7,1070.0,191549,1,3.2860000133514404
2026-07-02T11:01:09+00:00,,,2745.5,3.267,20.0,169,91,223,214.0,90.0,8.7,1070.0,191772,1,3.2660000324249268
2026-07-02T11:01:10+00:00,,,2749.0,3.25,20.0,169,91,227,214.0,91.0,8.7,1070.0,191999,1,3.249000072479248
2026-07-02T11:01:11+00:00,,,2752.0,3.253,20.0,169,91,225,213.0,91.0,8.6,1070.0,192224,1,3.252000093460083
2026-07-02T11:01:12+00:00,,,2755.0,3.258,20.0,170,91,224,213.0,91.0,8.6,1070.0,192448,1,3.257999897003174
2026-07-02T11:01:13+00:00,,,2758.5,3.236,20.0,170,90,224,212.0,90.0,8.5,1070.0,192672,1,3.2360000610351562
2026-07-02T11:01:14+00:00,,,2762.0,3.217,20.0,170,90,225,212.0,90.0,8.5,1070.0,192897,1,3.2160000801086426
2026-07-02T11:01:15+00:00,,,2765.0,3.219,20.0,170,90,223,211.0,90.0,8.4,1060.0,193120,1,3.2190001010894775
2026-07-02T11:01:16+00:00,,,2768.0,3.222,20.0,170,91,222,211.0,90.0,8.4,1060.0,193342,1,3.2219998836517334
2026-07-02T11:01:17+00:00,,,2771.0,3.236,20.0,170,91,222,210.0,89.0,8.3,1060.0,193564,1,3.2360000610351562
2026-07-02T11:01:18+00:00,,,2774.0,3.253,20.0,170,92,222,209.0,89.0,8.3,1070.0,193786,1,3.252000093460083
2026-07-02T11:01:19+00:00,,,2777.5,3.272,20.0,171,92,223,208.0,88.0,8.2,1070.0,194009,1,3.2720000743865967
2026-07-02T11:01:20+00:00,,,2781.0,3.294,20.0,171,92,224,207.0,88.0,8.2,1070.0,194233,1,3.2939999103546143
2026-07-02T11:01:21+00:00,,,2784.5,3.353,21.0,171,93,225,206.0,87.0,8.1,1080.0,194458,1,3.3519999980926514
2026-07-02T11:01:22+00:00,,,2788.0,3.414,21.0,171,94,227,205.0,87.0,8.1,1090.0,194685,1,3.4130001068115234
2026-07-02T11:01:23+00:00,,,2791.0,3.444,21.0,172,94,231,204.0,86.0,8.0,1090.0,194916,1,3.444000005722046
2026-07-02T11:01:24+00:00,,,2794.0,3.478,21.0,171,94,235,203.0,86.0,8.0,1100.0,195151,1,3.4769999980926514
2026-07-02T11:01:25+00:00,,,2797.5,3.45,21.0,171,93,237,202.0,86.0,7.9,1100.0,195388,1,3.450000047683716
2026-07-02T11:01:26+00:00,,,2801.0,3.425,21.0,171,93,240,202.0,86.0,7.9,1100.0,195628,1,3.4240000247955322
2026-07-02T11:01:27+00:00,,,2804.5,3.406,21.0,171,93,238,202.0,85.0,7.8,1090.0,195866,1,3.4049999713897705
2026-07-02T11:01:28+00:00,,,2808.0,3.389,21.0,172,92,236,202.0,85.0,7.8,1090.0,196102,1,3.388000011444092
2026-07-02T11:01:29+00:00,,,2811.5,3.344,21.0,172,92,235,202.0,85.0,7.7,1080.0,196337,1,3.3440001010894775
2026-07-02T11:01:30+00:00,,,2815.0,3.303,21.0,172,91,234,202.0,85.0,7.7,1080.0,196571,1,3.302000045776367
2026-07-02T11:01:31+00:00,,,2818.5,3.286,21.0,172,92,230,202.0,84.0,7.7,1070.0,196801,1,3.3469998836517334
2026-07-02T11:01:32+00:00,,,2822.0,3.272,21.0,172,92,227,202.0,84.0,7.7,1070.0,197028,1,3.3940000534057617
2026-07-02T11:01:33+00:00,,,2825.0,3.322,21.0,171,93,231,201.0,84.0,7.7,1070.0,197259,1,3.444000005722046
2026-07-02T11:01:34+00:00,,,2828.0,3.372,21.0,171,94,236,200.0,84.0,7.7,1080.0,197495,1,3.496999979019165
2026-07-02T11:01:35+00:00,,,2831.5,3.392,21.0,170,93,239,199.0,84.0,7.7,1080.0,197734,1,3.5160000324249268
2026-07-02T11:01:36+00:00,,,2835.0,3.411,21.0,170,93,243,199.0,84.0,7.7,1090.0,197977,1,3.5380001068115234
2026-07-02T11:01:37+00:00,,,2838.5,3.394,21.0,169,93,244,198.0,84.0,7.7,1090.0,198221,1,3.5220000743865967
2026-07-02T11:01:38+00:00,,,2842.0,3.378,21.0,169,93,246,198.0,84.0,7.7,1090.0,198467,1,3.507999897003174
2026-07-02T11:01:39+00:00,,,2845.5,3.364,21.0,169,92,245,197.0,84.0,7.7,1090.0,198712,1,3.490999937057495
2026-07-02T11:01:40+00:00,,,2849.0,3.35,21.0,168,91,244,197.0,84.0,7.7,1090.0,198956,1,3.4749999046325684
2026-07-02T11:01:41+00:00,,,2852.0,3.314,21.0,168,92,243,197.0,84.0,7.7,1080.0,199199,1,3.437999963760376
2026-07-02T11:01:42+00:00,,,2855.0,3.281,21.0,167,92,242,198.0,85.0,7.8,1080.0,199441,1,3.4019999504089355
2026-07-02T11:01:43+00:00,,,2858.5,3.325,21.0,167,93,239,198.0,84.0,7.8,1080.0,199680,1,3.450000047683716
2026-07-02T11:01:44+00:00,,,2862.0,3.372,21.0,167,94,237,199.0,84.0,7.8,1080.0,199917,1,3.496999979019165
2026-07-02T11:01:45+00:00,,,2865.5,3.417,21.0,167,94,240,199.0,84.0,7.7,1090.0,200157,1,3.61299991607666
2026-07-02T11:01:46+00:00,,,2869.0,3.461,22.0,167,95,243,199.0,84.0,7.7,1100.0,200400,1,3.7330000400543213
2026-07-02T11:01:47+00:00,,,2872.5,3.494,22.0,167,95,252,198.0,83.0,7.6,1100.0,200652,1,3.7690000534057617
2026-07-02T11:01:48+00:00,,,2876.0,3.528,22.0,167,95,261,198.0,83.0,7.6,1110.0,200913,1,3.808000087738037
2026-07-02T11:01:49+00:00,,,2879.5,3.547,22.0,167,95,264,198.0,82.0,7.5,1110.0,201177,1,3.8269999027252197
2026-07-02T11:01:50+00:00,,,2883.0,3.567,22.0,167,95,267,198.0,81.0,7.4,1110.0,201444,1,3.8489999771118164
2026-07-02T11:01:51+00:00,,,2886.5,3.569,22.0,167,95,268,197.0,80.0,7.3,1110.0,201712,1,3.8550000190734863
2026-07-02T11:01:52+00:00,,,2890.0,3.575,22.0,167,96,270,197.0,79.0,7.2,1120.0,201982,1,3.8610000610351562
2026-07-02T11:01:53+00:00,,,2893.5,3.578,22.0,168,96,270,197.0,78.0,7.1,1120.0,202252,1,3.8610000610351562
2026-07-02T11:01:54+00:00,,,2897.0,3.583,22.0,168,96,270,197.0,78.0,7.0,1120.0,202522,1,3.8610000610351562
2026-07-02T11:01:55+00:00,,,2900.5,3.6,22.0,169,96,270,197.0,77.0,6.9,1120.0,202792,1,3.882999897003174
2026-07-02T11:01:56+00:00,,,2904.0,3.617,23.0,169,96,270,197.0,76.0,6.8,1120.0,203062,1,3.9049999713897705
2026-07-02T11:01:57+00:00,,,2907.5,3.594,23.0,169,95,271,197.0,75.0,6.7,1120.0,203333,1,3.882999897003174
2026-07-02T11:01:58+00:00,,,2911.0,3.575,23.0,169,94,273,197.0,75.0,6.7,1120.0,203606,1,3.8610000610351562
2026-07-02T11:01:59+00:00,,,2914.5,3.5,23.0,169,93,271,197.0,74.0,6.6,1110.0,203877,1,3.7799999713897705
2026-07-02T11:02:00+00:00,,,2918.0,3.428,23.0,170,92,270,197.0,74.0,6.6,1110.0,204147,1,3.6989998817443848
2026-07-02T11:02:01+00:00,,,2921.5,3.378,23.0,170,91,264,197.0,73.0,6.5,1100.0,204411,1,3.6440000534057617
2026-07-02T11:02:02+00:00,,,2925.0,3.328,23.0,170,90,259,197.0,73.0,6.5,1090.0,204670,1,3.5910000801086426
2026-07-02T11:02:03+00:00,,,2928.5,3.283,23.0,170,90,255,198.0,73.0,6.5,1080.0,204925,1,3.5409998893737793
2026-07-02T11:02:04+00:00,,,2932.0,3.239,23.0,170,90,251,199.0,73.0,6.6,1070.0,205176,1,3.49399995803833
2026-07-02T11:02:05+00:00,,,2935.0,3.222,23.0,170,90,248,199.0,73.0,6.6,1060.0,205424,1,3.4769999980926514
2026-07-02T11:02:06+00:00,,,2938.0,3.206,23.0,170,90,245,200.0,73.0,6.7,1060.0,205669,1,3.4630000591278076
2026-07-02T11:02:07+00:00,,,2941.5,3.203,23.0,170,90,243,201.0,73.0,6.7,1060.0,205912,1,3.4579999446868896
2026-07-02T11:02:08+00:00,,,2945.0,3.2,23.0,170,90,242,202.0,74.0,6.8,1060.0,206154,1,3.4519999027252197
2026-07-02T11:02:09+00:00,,,2948.0,3.2,23.0,170,90,242,203.0,74.0,6.9,1060.0,206396,1,3.4519999027252197
2026-07-02T11:02:10+00:00,,,2951.0,3.2,23.0,170,91,242,204.0,75.0,7.0,1060.0,206638,1,3.4519999027252197
2026-07-02T11:02:11+00:00,,,2954.0,3.203,24.0,171,90,242,205.0,76.0,7.1,1060.0,206880,1,3.5269999504089355
2026-07-02T11:02:12+00:00,,,2957.0,3.208,24.0,171,90,242,206.0,77.0,7.2,1060.0,207122,1,3.6050000190734863
2026-07-02T11:02:13+00:00,,,2960.5,3.203,24.0,171,90,248,207.0,77.0,7.3,1060.0,207370,1,3.5999999046325684
2026-07-02T11:02:14+00:00,,,2964.0,3.2,24.0,171,90,254,208.0,78.0,7.4,1060.0,207624,1,3.5940001010894775
2026-07-02T11:02:15+00:00,,,2967.0,3.2,24.0,171,90,253,209.0,78.0,7.4,1060.0,207877,1,3.5940001010894775
2026-07-02T11:02:16+00:00,,,2970.0,3.2,24.0,171,90,253,211.0,79.0,7.5,1060.0,208130,1,3.5940001010894775
2026-07-02T11:02:17+00:00,,,2973.5,3.186,24.0,171,90,253,212.0,80.0,7.5,1060.0,208383,1,3.5739998817443848
2026-07-02T11:02:18+00:00,,,2977.0,3.172,24.0,171,90,253,214.0,81.0,7.6,1060.0,208636,1,3.558000087738037
2026-07-02T11:02:19+00:00,,,2980.0,3.181,24.0,171,90,252,214.0,81.0,7.6,1060.0,208888,1,3.569000005722046
2026-07-02T11:02:20+00:00,,,2983.0,3.189,24.0,171,90,251,215.0,82.0,7.7,1060.0,209139,1,3.5829999446868896
2026-07-02T11:02:21+00:00,,,2986.0,3.192,25.0,171,90,251,215.0,82.0,7.7,1060.0,209390,1,3.5880000591278076
2026-07-02T11:02:22+00:00,,,2989.0,3.197,25.0,171,90,252,216.0,83.0,7.8,1060.0,209642,1,3.5940001010894775
2026-07-02T11:02:23+00:00,,,2992.5,3.197,25.0,171,90,252,216.0,83.0,7.8,1060.0,209894,1,3.5940001010894775
2026-07-02T11:02:24+00:00,,,2996.0,3.2,25.0,171,90,253,216.0,84.0,7.9,1060.0,210147,1,3.5940001010894775
2026-07-02T11:02:25+00:00,,,2999.0,3.178,25.0,172,89,253,216.0,84.0,7.9,1060.0,210400,1,3.569000005722046
2026-07-02T11:02:26+00:00,,,3002.0,3.158,25.0,172,89,253,216.0,85.0,8.0,1060.0,210653,1,3.546999931335449
2026-07-02T11:02:27+00:00,,,3005.0,3.122,25.0,172,88,251,216.0,85.0,8.0,1050.0,210904,1,3.507999897003174
2026-07-02T11:02:28+00:00,,,3008.0,3.086,25.0,172,88,250,217.0,86.0,8.1,1050.0,211154,1,3.4690001010894775
2026-07-02T11:02:29+00:00,,,3011.5,3.061,25.0,172,88,247,218.0,86.0,8.2,1040.0,211401,1,3.440999984741211
2026-07-02T11:02:30+00:00,,,3015.0,3.039,25.0,172,88,244,219.0,87.0,8.3,1040.0,211645,1,3.4130001068115234
2026-07-02T11:02:31+00:00,,,3018.0,3.036,25.0,172,88,242,219.0,88.0,8.3,1030.0,211887,1,3.3410000801086426
2026-07-02T11:02:32+00:00,,,3021.0,3.033,25.0,172,88,240,219.0,89.0,8.4,1030.0,212127,1,3.2690000534057617
2026-07-02T11:02:33+00:00,,,3024.0,3.047,25.0,172,88,234,219.0,89.0,8.5,1030.0,212361,1,3.2829999923706055
2026-07-02T11:02:34+00:00,,,3027.0,3.061,25.0,172,89,229,220.0,90.0,8.6,1040.0,212590,1,3.299999952316284
2026-07-02T11:02:35+00:00,,,3030.0,3.086,25.0,172,89,230,220.0,90.0,8.7,1040.0,212820,1,3.3269999027252197
2026-07-02T11:02:36+00:00,,,3033.0,3.114,26.0,172,89,231,220.0,91.0,8.8,1040.0,213051,1,3.3550000190734863
2026-07-02T11:02:37+00:00,,,3036.0,3.111,26.0,172,89,233,220.0,91.0,8.8,1040.0,213284,1,3.3550000190734863
2026-07-02T11:02:38+00:00,,,3039.0,3.108,26.0,171,89,235,221.0,92.0,8.9,1050.0,213519,1,3.3550000190734863
2026-07-02T11:02:39+00:00,,,3042.0,3.103,26.0,171,89,235,221.0,93.0,8.9,1040.0,213754,1,3.3499999046325684
2026-07-02T11:02:40+00:00,,,3045.0,3.1,26.0,171,89,235,221.0,94.0,9.0,1040.0,213989,1,3.3440001010894775
2026-07-02T11:02:41+00:00,,,3048.5,3.089,26.0,172,88,234,221.0,94.0,9.0,1040.0,214223,1,3.3989999294281006
2026-07-02T11:02:42+00:00,,,3052.0,3.078,26.0,171,88,234,221.0,94.0,9.1,1040.0,214457,1,3.4579999446868896
2026-07-02T11:02:43+00:00,,,3055.0,3.067,26.0,171,88,239,221.0,94.0,9.1,1040.0,214696,1,3.447000026702881
2026-07-02T11:02:44+00:00,,,3058.0,3.058,26.0,171,89,244,222.0,95.0,9.1,1040.0,214940,1,3.436000108718872
2026-07-02T11:02:45+00:00,,,3061.0,3.086,26.0,171,89,243,222.0,95.0,9.1,1040.0,215183,1,3.4630000591278076
2026-07-02T11:02:46+00:00,,,3064.0,3.114,27.0,171,89,242,222.0,95.0,9.1,1040.0,215425,1,3.490999937057495
2026-07-02T11:02:47+00:00,,,3067.0,3.131,27.0,171,89,244,221.0,95.0,9.1,1040.0,215669,1,3.513000011444092
2026-07-02T11:02:48+00:00,,,3070.0,3.15,27.0,171,90,246,221.0,95.0,9.1,1050.0,215915,1,3.5360000133514404
2026-07-02T11:02:49+00:00,,,3073.0,3.156,27.0,171,89,247,220.0,94.0,9.0,1050.0,216162,1,3.5409998893737793
2026-07-02T11:02:50+00:00,,,3076.0,3.164,27.0,171,89,249,220.0,94.0,9.0,1050.0,216411,1,3.546999931335449
2026-07-02T11:02:51+00:00,,,3079.5,3.15,27.0,171,89,249,219.0,94.0,9.0,1050.0,216660,1,3.5360000133514404
2026-07-02T11:02:52+00:00,,,3083.0,3.136,27.0,171,89,250,219.0,94.0,9.0,1050.0,216910,1,3.5239999294281006
2026-07-02T11:02:53+00:00,,,3086.0,3.119,27.0,171,88,249,219.0,94.0,9.0,1050.0,217159,1,3.507999897003174
2026-07-02T11:02:54+00:00,,,3089.0,3.106,27.0,171,88,248,219.0,94.0,9.0,1050.0,217407,1,3.490999937057495
2026-07-02T11:02:55+00:00,,,3092.0,3.097,27.0,171,89,247,218.0,94.0,8.9,1040.0,217654,1,3.4800000190734863
2026-07-02T11:02:56+00:00,,,3095.0,3.092,28.0,171,89,246,218.0,94.0,8.9,1040.0,217900,1,3.4690001010894775
2026-07-02T11:02:57+00:00,,,3098.0,3.119,28.0,171,89,245,218.0,93.0,8.9,1040.0,218145,1,3.502000093460083
2026-07-02T11:02:58+00:00,,,3101.0,3.147,28.0,170,90,244,218.0,93.0,8.9,1050.0,218389,1,3.5360000133514404
2026-07-02T11:02:59+00:00,,,3104.5,3.175,28.0,170,90,246,217.0,92.0,8.8,1050.0,218635,1,3.569000005722046
2026-07-02T11:03:00+00:00,,,3108.0,3.206,28.0,169,91,249,217.0,92.0,8.8,1060.0,218884,1,3.6050000190734863
2026-07-02T11:03:01+00:00,,,3111.0,3.231,28.0,170,91,251,216.0,91.0,8.7,1060.0,219135,1,3.632999897003174
2026-07-02T11:03:02+00:00,,,3114.0,3.258,28.0,169,91,254,216.0,90.0,8.6,1070.0,219389,1,3.6610000133514404
2026-07-02T11:03:03+00:00,,,3117.5,3.261,28.0,169,91,256,215.0,89.0,8.5,1070.0,219645,1,3.6659998893737793
2026-07-02T11:03:04+00:00,,,3121.0,3.267,28.0,169,91,258,215.0,89.0,8.5,1070.0,219903,1,3.671999931335449
2026-07-02T11:03:05+00:00,,,3124.0,3.267,28.0,168,91,258,214.0,88.0,8.4,1070.0,220161,1,3.671999931335449
2026-07-02T11:03:06+00:00,,,3127.0,3.267,29.0,168,91,259,214.0,88.0,8.3,1070.0,220420,1,3.671999931335449
2026-07-02T11:03:07+00:00,,,3130.5,3.267,29.0,168,91,259,214.0,88.0,8.2,1070.0,220679,1,3.671999931335449
2026-07-02T11:03:08+00:00,,,3134.0,3.269,29.0,168,91,259,214.0,88.0,8.2,1070.0,220938,1,3.671999931335449
2026-07-02T11:03:09+00:00,,,3137.0,3.258,29.0,168,91,259,213.0,87.0,8.1,1070.0,221197,1,3.6610000133514404
2026-07-02T11:03:10+00:00,,,3140.0,3.247,29.0,169,90,259,213.0,87.0,8.1,1070.0,221456,1,3.6500000953674316
2026-07-02T11:03:11+00:00,,,3143.5,3.236,29.0,169,90,258,212.0,86.0,8.1,1060.0,221714,1,3.638000011444092
2026-07-02T11:03:12+00:00,,,3147.0,3.228,29.0,168,90,257,212.0,86.0,8.1,1060.0,221971,1,3.627000093460083
2026-07-02T11:03:13+00:00,,,3150.0,3.214,29.0,168,90,256,211.0,85.0,8.0,1060.0,222227,1,3.6110000610351562
2026-07-02T11:03:14+00:00,,,3153.0,3.203,29.0,168,90,255,211.0,85.0,8.0,1060.0,222482,1,3.5940001010894775
2026-07-02T11:03:15+00:00,,,3156.0,3.2,29.0,169,90,254,210.0,85.0,8.0,1060.0,222736,1,3.5940001010894775
2026-07-02T11:03:16+00:00,,,3159.0,3.2,30.0,168,89,253,210.0,85.0,8.0,1060.0,222989,1,3.5940001010894775
2026-07-02T11:03:17+00:00,,,3162.5,3.169,30.0,169,89,253,210.0,85.0,8.0,1050.0,223242,1,3.558000087738037
2026-07-02T11:03:18+00:00,,,3166.0,3.142,30.0,169,89,253,210.0,86.0,8.1,1050.0,223495,1,3.5239999294281006
2026-07-02T11:03:19+00:00,,,3169.0,3.136,30.0,169,89,250,210.0,86.0,8.1,1050.0,223745,1,3.5190000534057617
2026-07-02T11:03:20+00:00,,,3172.0,3.133,30.0,169,89,248,210.0,87.0,8.2,1050.0,223993,1,3.513000011444092
2026-07-02T11:03:21+00:00,,,3175.0,3.069,30.0,169,87,247,212.0,88.0,8.3,1040.0,224240,1,3.447000026702881
2026-07-02T11:03:22+00:00,,,3178.0,3.008,30.0,170,85,247,214.0,89.0,8.4,1040.0,224487,1,3.380000114440918
2026-07-02T11:03:23+00:00,,,3181.0,2.914,30.0,171,84,242,217.0,90.0,8.5,1020.0,224729,1,3.2720000743865967
2026-07-02T11:03:24+00:00,,,3184.0,2.822,30.0,172,84,238,220.0,91.0,8.7,1010.0,224967,1,3.1659998893737793
2026-07-02T11:03:25+00:00,,,3187.0,2.8,30.0,172,84,230,222.0,92.0,8.8,1000.0,225197,1,3.0829999446868896
2026-07-02T11:03:26+00:00,,,3190.0,2.781,30.0,172,84,223,224.0,93.0,9.0,990.0,225420,1,3.0
2026-07-02T11:03:27+00:00,,,3192.5,2.778,30.0,172,83,216,225.0,94.0,9.1,990.0,225636,1,3.0
2026-07-02T11:03:28+00:00,,,3195.0,2.775,30.0,172,82,210,227.0,95.0,9.3,990.0,225846,1,3.0
2026-07-02T11:03:29+00:00,,,3198.0,2.722,30.0,172,81,210,229.0,96.0,9.5,980.0,226056,1,2.937999963760376
2026-07-02T11:03:30+00:00,,,3201.0,2.672,30.0,172,80,210,231.0,97.0,9.7,980.0,226266,1,2.880000114440918
2026-07-02T11:03:31+00:00,,,3203.5,2.622,30.0,172,80,206,233.0,98.0,9.9,970.0,226472,1,2.7249999046325684
2026-07-02T11:03:32+00:00,,,3206.0,2.572,30.0,172,80,202,236.0,100.0,10.1,960.0,226674,1,2.572000026702881
2026-07-02T11:03:33+00:00,,,3208.5,2.583,30.0,172,80,189,238.0,101.0,10.3,960.0,226863,1,2.5829999446868896
2026-07-02T11:03:34+00:00,,,3211.0,2.597,30.0,172,81,177,240.0,103.0,10.5,960.0,227040,1,2.5969998836517334
2026-07-02T11:03:35+00:00,,,3214.0,2.583,30.0,172,80,178,242.0,103.0,10.6,960.0,227218,1,2.5829999446868896
2026-07-02T11:03:36+00:00,,,3217.0,2.569,30.0,172,80,179,245.0,104.0,10.8,960.0,227397,1,2.569000005722046
2026-07-02T11:03:37+00:00,,,3219.5,2.564,29.0,172,80,178,247.0,105.0,10.9,950.0,227575,1,2.562999963760376
2026-07-02T11:03:38+00:00,,,3222.0,2.558,29.0,172,80,177,249.0,106.0,11.0,950.0,227752,1,2.558000087738037
2026-07-02T11:03:39+00:00,,,3224.5,2.556,29.0,172,80,176,251.0,106.0,11.1,950.0,227928,1,2.555000066757202
2026-07-02T11:03:40+00:00,,,3227.0,2.556,29.0,172,81,176,253.0,107.0,11.2,950.0,228104,1,2.555000066757202
2026-07-02T11:03:41+00:00,,,3229.5,2.578,29.0,172,81,176,253.0,107.0,11.2,950.0,228280,1,2.5769999027252197
2026-07-02T11:03:42+00:00,,,3232.0,2.6,29.0,172,82,176,253.0,108.0,11.3,960.0,228456,1,2.5989999771118164
2026-07-02T11:03:43+00:00,,,3234.5,2.619,29.0,172,82,177,252.0,108.0,11.3,960.0,228633,1,2.61899995803833
2026-07-02T11:03:44+00:00,,,3237.0,2.642,29.0,172,83,179,251.0,108.0,11.3,970.0,228812,1,2.638000011444092
2026-07-02T11:03:45+00:00,,,3239.5,2.681,29.0,172,83,180,250.0,108.0,11.2,970.0,228992,1,2.630000114440918
2026-07-02T11:03:46+00:00,,,3242.0,2.719,29.0,172,83,182,250.0,108.0,11.2,980.0,229174,1,2.624000072479248
2026-07-02T11:03:47+00:00,,,3245.0,2.728,28.0,172,83,180,250.0,107.0,11.1,980.0,229354,1,2.632999897003174
2026-07-02T11:03:48+00:00,,,3248.0,2.739,28.0,172,83,179,250.0,107.0,11.1,980.0,229533,1,2.6440000534057617
2026-07-02T11:03:49+00:00,,,3250.5,2.725,28.0,172,82,179,249.0,107.0,11.0,980.0,229712,1,2.630000114440918
2026-07-02T11:03:50+00:00,,,3253.0,2.714,28.0,172,82,180,249.0,107.0,11.0,980.0,229892,1,2.615999937057495
2026-07-02T11:03:51+00:00,,,3256.0,2.708,28.0,172,82,179,248.0,106.0,10.9,980.0,230071,1,2.569000005722046
2026-07-02T11:03:52+00:00,,,3259.0,2.703,28.0,172,83,178,248.0,106.0,10.9,980.0,230249,1,2.5220000743865967
2026-07-02T11:03:53+00:00,,,3261.5,2.714,28.0,172,84,174,247.0,105.0,10.8,980.0,230423,1,2.5360000133514404
2026-07-02T11:03:54+00:00,,,3264.0,2.728,28.0,172,85,170,247.0,105.0,10.8,980.0,230593,1,2.549999952316284
2026-07-02T11:03:55+00:00,,,3267.0,2.794,28.0,172,85,171,245.0,105.0,10.7,990.0,230764,1,2.569000005722046
2026-07-02T11:03:56+00:00,,,3270.0,2.861,28.0,172,86,172,244.0,105.0,10.7,1000.0,230936,1,2.5910000801086426
2026-07-02T11:03:57+00:00,,,3273.0,2.911,27.0,172,86,172,242.0,104.0,10.6,1010.0,231108,1,2.635999917984009
2026-07-02T11:03:58+00:00,,,3276.0,2.964,27.0,171,87,172,240.0,104.0,10.5,1020.0,231280,1,2.683000087738037
2026-07-02T11:03:59+00:00,,,3278.5,2.964,27.0,170,87,175,238.0,103.0,10.4,1020.0,231455,1,2.686000108718872
2026-07-02T11:04:00+00:00,,,3281.0,2.967,27.0,169,87,178,237.0,103.0,10.4,1020.0,231633,1,2.690999984741211
2026-07-02T11:04:01+00:00,,,3284.0,2.967,27.0,168,87,178,235.0,103.0,10.3,1020.0,231811,1,2.690999984741211
2026-07-02T11:04:02+00:00,,,3287.0,2.967,26.0,167,87,179,234.0,103.0,10.2,1020.0,231990,1,2.690999984741211
2026-07-02T11:04:03+00:00,,,3290.0,2.956,26.0,166,86,179,232.0,103.0,10.1,1020.0,232169,1,2.680000066757202
2026-07-02T11:04:04+00:00,,,3293.0,2.947,26.0,165,86,179,231.0,103.0,10.1,1020.0,232348,1,2.671999931335449
2026-07-02T11:04:05+00:00,,,3296.0,2.942,26.0,164,86,178,230.0,103.0,10.1,1020.0,232526,1,2.630000114440918
2026-07-02T11:04:06+00:00,,,3299.0,2.936,26.0,164,86,178,229.0,103.0,10.1,1020.0,232704,1,2.5910000801086426
2026-07-02T11:04:07+00:00,,,3302.0,2.944,26.0,163,87,173,228.0,102.0,10.0,1020.0,232877,1,2.5940001010894775
2026-07-02T11:04:08+00:00,,,3305.0,2.953,26.0,162,87,169,227.0,102.0,10.0,1020.0,233046,1,2.5989999771118164
2026-07-02T11:04:09+00:00,,,3308.0,2.972,26.0,162,87,169,225.0,102.0,10.0,1020.0,233215,1,2.615999937057495
2026-07-02T11:04:10+00:00,,,3311.0,2.992,26.0,160,88,170,224.0,102.0,10.0,1030.0,233385,1,2.635999917984009
2026-07-02T11:04:11+00:00,,,3314.0,3.019,26.0,159,88,171,222.0,101.0,9.9,1030.0,233556,1,2.700000047683716
2026-07-02T11:04:12+00:00,,,3317.0,3.047,25.0,158,88,172,221.0,101.0,9.9,1030.0,233728,1,2.763000011444092
2026-07-02T11:04:13+00:00,,,3321.0,3.05,25.0,156,88,178,219.0,101.0,9.8,1030.0,233906,1,2.7660000324249268
2026-07-02T11:04:14+00:00,,,3325.0,3.056,25.0,155,88,184,218.0,101.0,9.8,1040.0,234090,1,2.7720000743865967
2026-07-02T11:04:15+00:00,,,3328.0,3.094,25.0,154,89,184,217.0,101.0,9.8,1040.0,234274,1,2.802000045776367
2026-07-02T11:04:16+00:00,,,3331.0,3.133,25.0,153,90,184,216.0,101.0,9.8,1040.0,234458,1,2.8359999656677246
2026-07-02T11:04:17+00:00,,,3334.5,3.147,25.0,152,90,186,215.0,100.0,9.7,1040.0,234644,1,2.8499999046325684
2026-07-02T11:04:18+00:00,,,3338.0,3.161,25.0,151,90,188,215.0,100.0,9.6,1050.0,234832,1,2.86299991607666
2026-07-02T11:04:19+00:00,,,3341.0,3.186,25.0,150,90,189,214.0,99.0,9.5,1050.0,235021,1,2.885999917984009
2026-07-02T11:04:20+00:00,,,3344.0,3.214,25.0,150,91,190,214.0,99.0,9.5,1060.0,235211,1,2.9079999923706055
2026-07-02T11:04:21+00:00,,,3347.0,3.225,25.0,150,91,191,213.0,98.0,9.4,1060.0,235402,1,2.9660000801086426
2026-07-02T11:04:22+00:00,,,3350.0,3.239,24.0,150,91,193,213.0,97.0,9.3,1070.0,235595,1,3.0269999504089355
2026-07-02T11:04:23+00:00,,,3353.5,3.2,24.0,150,90,198,212.0,96.0,9.2,1060.0,235793,1,2.98799991607666
2026-07-02T11:04:24+00:00,,,3357.0,3.164,24.0,150,89,204,212.0,96.0,9.1,1060.0,235997,1,2.9519999027252197
2026-07-02T11:04:25+00:00,,,3360.0,3.136,24.0,150,89,201,212.0,95.0,9.0,1050.0,236198,1,2.927000045776367
2026-07-02T11:04:26+00:00,,,3363.0,3.108,24.0,150,89,199,212.0,95.0,8.9,1050.0,236397,1,2.9049999713897705
2026-07-02T11:04:27+00:00,,,3366.0,3.089,24.0,150,88,197,212.0,94.0,8.9,1040.0,236594,1,2.885999917984009
2026-07-02T11:04:28+00:00,,,3369.0,3.072,24.0,150,88,196,212.0,94.0,8.9,1040.0,236790,1,2.865999937057495
2026-07-02T11:04:29+00:00,,,3372.0,3.069,24.0,150,88,194,212.0,93.0,8.8,1040.0,236984,1,2.865999937057495
2026-07-02T11:04:30+00:00,,,3375.0,3.067,24.0,150,88,193,213.0,93.0,8.8,1040.0,237177,1,2.865999937057495
2026-07-02T11:04:31+00:00,,,3378.5,3.067,24.0,148,88,193,213.0,92.0,8.8,1040.0,237370,1,2.865999937057495
2026-07-02T11:04:32+00:00,,,3382.0,3.067,24.0,148,88,193,213.0,92.0,8.8,1040.0,237563,1,2.865999937057495
2026-07-02T11:04:33+00:00,,,3385.0,3.081,24.0,148,88,193,213.0,92.0,8.8,1040.0,237756,1,2.875
2026-07-02T11:04:34+00:00,,,3388.0,3.094,24.0,148,89,193,214.0,92.0,8.8,1040.0,237949,1,2.885999917984009
2026-07-02T11:04:35+00:00,,,3391.0,3.119,24.0,148,89,193,214.0,91.0,8.8,1040.0,238142,1,2.9130001068115234
2026-07-02T11:04:36+00:00,,,3394.0,3.147,24.0,148,90,194,214.0,91.0,8.8,1050.0,238336,1,2.940999984741211
2026-07-02T11:04:37+00:00,,,3397.0,3.158,24.0,147,90,196,214.0,91.0,8.8,1050.0,238532,1,2.9489998817443848
2026-07-02T11:04:38+00:00,,,3400.0,3.172,24.0,147,90,198,214.0,91.0,8.8,1060.0,238730,1,2.9609999656677246
2026-07-02T11:04:39+00:00,,,3403.5,3.169,24.0,148,90,198,214.0,91.0,8.8,1060.0,238928,1,2.9609999656677246
2026-07-02T11:04:40+00:00,,,3407.0,3.167,24.0,148,90,199,214.0,92.0,8.8,1060.0,239127,1,2.9609999656677246
2026-07-02T11:04:41+00:00,,,3410.0,3.15,24.0,148,89,199,214.0,92.0,8.8,1050.0,239326,1,3.046999931335449
2026-07-02T11:04:42+00:00,,,3413.0,3.136,24.0,148,89,199,215.0,93.0,8.9,1050.0,239525,1,3.135999917984009
2026-07-02T11:04:43+00:00,,,3416.0,3.133,24.0,148,89,207,215.0,93.0,8.9,1050.0,239732,1,3.132999897003174
2026-07-02T11:04:44+00:00,,,3419.0,3.133,24.0,149,89,216,215.0,93.0,8.9,1050.0,239948,1,3.132999897003174
2026-07-02T11:04:45+00:00,,,3422.5,3.147,24.0,149,89,216,214.0,93.0,8.9,1050.0,240164,1,3.1470000743865967
2026-07-02T11:04:46+00:00,,,3426.0,3.161,24.0,149,90,216,214.0,94.0,8.9,1050.0,240380,1,3.1610000133514404
2026-07-02T11:04:47+00:00,,,3429.0,3.161,24.0,149,90,217,213.0,94.0,8.9,1050.0,240597,1,3.1610000133514404
2026-07-02T11:04:48+00:00,,,3432.0,3.164,24.0,149,90,218,213.0,94.0,8.9,1060.0,240815,1,3.1630001068115234
2026-07-02T11:04:49+00:00,,,3435.0,3.164,24.0,149,90,218,212.0,93.0,8.9,1060.0,241033,1,3.1630001068115234
2026-07-02T11:04:50+00:00,,,3438.0,3.167,24.0,149,90,218,212.0,93.0,8.9,1060.0,241251,1,3.1659998893737793
2026-07-02T11:04:51+00:00,,,3441.0,3.156,24.0,149,89,218,212.0,93.0,8.8,1050.0,241469,1,3.1549999713897705
2026-07-02T11:04:52+00:00,,,3444.0,3.144,24.0,149,89,218,212.0,93.0,8.8,1050.0,241687,1,3.1440000534057617
2026-07-02T11:04:53+00:00,,,3447.5,3.128,24.0,149,89,217,212.0,92.0,8.8,1050.0,241904,1,3.127000093460083
2026-07-02T11:04:54+00:00,,,3451.0,3.114,24.0,149,89,216,212.0,92.0,8.8,1050.0,242120,1,3.11299991607666
2026-07-02T11:04:55+00:00,,,3454.0,3.078,24.0,149,88,215,212.0,92.0,8.8,1040.0,242335,1,3.0769999027252197
2026-07-02T11:04:56+00:00,,,3457.0,3.044,24.0,149,88,214,213.0,92.0,8.8,1040.0,242549,1,3.0439999103546143
2026-07-02T11:04:57+00:00,,,3460.0,3.039,24.0,149,88,211,213.0,92.0,8.8,1030.0,242760,1,3.0380001068115234
2026-07-02T11:04:58+00:00,,,3463.0,3.033,24.0,149,88,209,214.0,92.0,8.8,1030.0,242969,1,3.0329999923706055
2026-07-02T11:04:59+00:00,,,3466.0,3.022,24.0,150,87,209,214.0,92.0,8.8,1030.0,243178,1,3.0220000743865967
2026-07-02T11:05:00+00:00,,,3469.0,3.011,24.0,150,87,209,215.0,92.0,8.8,1030.0,243387,1,3.010999917984009
2026-07-02T11:05:01+00:00,,,3472.0,3.033,24.0,150,88,208,215.0,92.0,8.8,1030.0,243595,1,3.0329999923706055
2026-07-02T11:05:02+00:00,,,3475.0,3.058,24.0,151,88,207,216.0,92.0,8.8,1040.0,243802,1,3.058000087738037
2026-07-02T11:05:03+00:00,,,3478.0,3.061,24.0,151,88,209,216.0,92.0,8.8,1040.0,244011,1,3.061000108718872
2026-07-02T11:05:04+00:00,,,3481.0,3.064,24.0,151,88,211,216.0,92.0,8.8,1040.0,244222,1,3.062999963760376
2026-07-02T11:05:05+00:00,,,3484.0,3.075,24.0,151,88,211,216.0,92.0,8.8,1040.0,244433,1,3.0739998817443848
2026-07-02T11:05:06+00:00,,,3487.0,3.086,24.0,150,89,211,217.0,92.0,8.8,1040.0,244644,1,3.0859999656677246
2026-07-02T11:05:07+00:00,,,3490.5,3.106,24.0,150,89,212,217.0,91.0,8.8,1040.0,244856,1,3.1050000190734863
2026-07-02T11:05:08+00:00,,,3494.0,3.125,24.0,150,89,213,217.0,91.0,8.8,1050.0,245069,1,3.125
2026-07-02T11:05:09+00:00,,,3497.0,3.139,24.0,150,89,214,217.0,91.0,8.8,1050.0,245283,1,3.138000011444092
2026-07-02T11:05:10+00:00,,,3500.0,3.153,24.0,149,90,216,217.0,91.0,8.8,1050.0,245499,1,3.1519999504089355
2026-07-02T11:05:11+00:00,,,3503.0,3.147,24.0,149,89,216,217.0,91.0,8.8,1050.0,245715,1,3.1470000743865967
2026-07-02T11:05:12+00:00,,,3506.0,3.142,24.0,149,89,217,217.0,92.0,8.8,1050.0,245932,1,3.1410000324249268
2026-07-02T11:05:13+00:00,,,3509.0,3.108,24.0,149,89,216,217.0,92.0,8.8,1040.0,246148,1,3.1080000400543213
2026-07-02T11:05:14+00:00,,,3512.0,3.078,24.0,149,88,216,217.0,92.0,8.8,1040.0,246364,1,3.0769999027252197
2026-07-02T11:05:15+00:00,,,3515.5,3.061,24.0,149,88,214,217.0,92.0,8.8,1040.0,246578,1,3.061000108718872
2026-07-02T11:05:16+00:00,,,3519.0,3.047,24.0,149,88,212,217.0,92.0,8.8,1040.0,246790,1,3.046999931335449
2026-07-02T11:05:17+00:00,,,3522.0,3.039,23.0,149,88,211,217.0,92.0,8.8,1030.0,247001,1,3.0380001068115234
2026-07-02T11:05:18+00:00,,,3525.0,3.033,23.0,149,88,210,217.0,92.0,8.8,1030.0,247211,1,3.0329999923706055
2026-07-02T11:05:19+00:00,,,3528.0,3.047,23.0,149,88,209,217.0,92.0,8.8,1030.0,247420,1,3.046999931335449
2026-07-02T11:05:20+00:00,,,3531.0,3.061,23.0,149,88,209,217.0,92.0,8.8,1040.0,247629,1,3.061000108718872
2026-07-02T11:05:21+00:00,,,3534.0,3.061,23.0,149,88,210,217.0,92.0,8.8,1040.0,247839,1,3.061000108718872
2026-07-02T11:05:22+00:00,,,3537.0,3.064,23.0,148,88,211,217.0,92.0,8.8,1040.0,248050,1,3.062999963760376
2026-07-02T11:05:23+00:00,,,3540.0,3.078,23.0,148,88,211,217.0,92.0,8.8,1040.0,248261,1,3.0769999027252197
2026-07-02T11:05:24+00:00,,,3543.0,3.094,23.0,148,89,211,217.0,92.0,8.8,1040.0,248472,1,3.0940001010894775
2026-07-02T11:05:25+00:00,,,3546.0,3.106,23.0,148,89,212,217.0,92.0,8.8,1040.0,248684,1,3.1050000190734863
2026-07-02T11:05:26+00:00,,,3549.0,3.119,23.0,148,89,213,217.0,92.0,8.9,1050.0,248897,1,3.11899995803833
2026-07-02T11:05:27+00:00,,,3552.0,3.139,23.0,147,89,214,216.0,92.0,8.8,1050.0,249111,1,3.138000011444092
2026-07-02T11:05:28+00:00,,,3555.0,3.158,23.0,147,90,215,216.0,92.0,8.8,1050.0,249326,1,3.1579999923706055
2026-07-02T11:05:29+00:00,,,3558.5,3.161,23.0,147,90,216,216.0,92.0,8.8,1050.0,249542,1,3.1610000133514404
2026-07-02T11:05:30+00:00,,,3562.0,3.164,23.0,147,90,218,216.0,93.0,8.9,1050.0,249760,1,3.1630001068115234
2026-07-02T11:05:31+00:00,,,3565.0,3.15,23.0,147,89,218,216.0,92.0,8.8,1050.0,249978,1,3.1500000953674316
2026-07-02T11:05:32+00:00,,,3568.0,3.136,23.0,147,89,218,217.0,92.0,8.8,1050.0,250196,1,3.135999917984009
2026-07-02T11:05:33+00:00,,,3571.0,3.108,23.0,146,89,217,216.0,92.0,8.8,1050.0,250413,1,3.1080000400543213
2026-07-02T11:05:34+00:00,,,3574.0,3.083,23.0,146,88,216,216.0,93.0,8.9,1050.0,250629,1,3.0829999446868896
2026-07-02T11:05:35+00:00,,,3577.0,3.072,23.0,147,88,214,216.0,93.0,8.9,1040.0,250843,1,3.072000026702881
2026-07-02T11:05:36+00:00,,,3580.0,3.061,23.0,147,88,212,216.0,93.0,8.9,1040.0,251055,1,3.061000108718872
2026-07-02T11:05:37+00:00,,,3583.5,3.061,23.0,147,88,211,216.0,92.0,8.8,1040.0,251266,1,3.061000108718872
2026-07-02T11:05:38+00:00,,,3587.0,3.064,23.0,147,88,211,216.0,92.0,8.8,1040.0,251477,1,3.062999963760376
2026-07-02T11:05:39+00:00,,,3590.0,3.075,23.0,147,88,211,216.0,91.0,8.7,1040.0,251688,1,3.0739998817443848
2026-07-02T11:05:40+00:00,,,3593.0,3.086,23.0,148,89,211,216.0,91.0,8.7,1040.0,251899,1,3.0859999656677246
2026-07-02T11:05:41+00:00,,,3596.0,3.092,23.0,148,89,212,216.0,91.0,8.7,1040.0,252111,1,3.0910000801086426
2026-07-02T11:05:42+00:00,,,3599.0,3.097,23.0,149,89,213,216.0,91.0,8.7,1040.0,252324,1,3.0969998836517334
2026-07-02T11:05:43+00:00,,,3602.0,3.083,23.0,149,88,213,216.0,90.0,8.7,1040.0,252537,1,3.0829999446868896
2026-07-02T11:05:44+00:00,,,3605.0,3.069,23.0,150,88,214,216.0,90.0,8.7,1040.0,252751,1,3.069000005722046
2026-07-02T11:05:45+00:00,,,3608.0,3.067,23.0,149,88,212,216.0,90.0,8.7,1040.0,252963,1,3.065999984741211
2026-07-02T11:05:46+00:00,,,3611.0,3.067,23.0,150,88,211,216.0,90.0,8.7,1040.0,253174,1,3.065999984741211
2026-07-02T11:05:47+00:00,,,3614.0,3.067,22.0,149,88,211,216.0,90.0,8.7,1040.0,253385,1,3.065999984741211
2026-07-02T11:05:48+00:00,,,3617.0,3.067,22.0,149,88,211,217.0,91.0,8.7,1040.0,253596,1,3.065999984741211
2026-07-02T11:05:49+00:00,,,3620.5,3.089,22.0,149,89,211,217.0,91.0,8.7,1040.0,253807,1,3.0880000591278076
2026-07-02T11:05:50+00:00,,,3624.0,3.114,22.0,149,89,211,217.0,91.0,8.8,1040.0,254018,1,3.11299991607666
2026-07-02T11:05:51+00:00,,,3627.0,3.131,22.0,149,89,212,216.0,91.0,8.8,1040.0,254230,1,3.130000114440918
2026-07-02T11:05:52+00:00,,,3630.0,3.15,22.0,149,90,214,216.0,92.0,8.8,1050.0,254444,1,3.1500000953674316
2026-07-02T11:05:53+00:00,,,3633.0,3.156,22.0,149,90,215,215.0,92.0,8.8,1050.0,254659,1,3.1549999713897705
2026-07-02T11:05:54+00:00,,,3636.0,3.164,22.0,149,90,217,215.0,92.0,8.8,1050.0,254876,1,3.1630001068115234
2026-07-02T11:05:55+00:00,,,3639.0,3.164,22.0,149,90,217,214.0,92.0,8.8,1050.0,255093,1,3.1630001068115234
2026-07-02T11:05:56+00:00,,,3642.0,3.167,22.0,149,90,218,214.0,92.0,8.8,1060.0,255311,1,3.1659998893737793
2026-07-02T11:05:57+00:00,,,3645.5,3.156,22.0,149,89,218,213.0,92.0,8.8,1050.0,255529,1,3.1549999713897705
2026-07-02T11:05:58+00:00,,,3649.0,3.144,22.0,149,89,218,213.0,93.0,8.9,1050.0,255747,1,3.1440000534057617
2026-07-02T11:05:59+00:00,,,3652.0,3.125,22.0,149,89,217,212.0,93.0,8.9,1050.0,255964,1,3.125
2026-07-02T11:06:00+00:00,,,3655.0,3.106,22.0,149,89,216,212.0,94.0,9.0,1050.0,256180,1,3.1050000190734863
2026-07-02T11:06:01+00:00,,,3658.0,3.078,22.0,148,88,215,212.0,95.0,9.0,1040.0,256395,1,3.0769999027252197
2026-07-02T11:06:02+00:00,,,3661.0,3.05,22.0,148,88,214,212.0,96.0,9.1,1040.0,256609,1,3.0490000247955322
2026-07-02T11:06:03+00:00,,,3664.0,3.042,22.0,148,88,212,211.0,96.0,9.1,1030.0,256821,1,3.0409998893737793
2026-07-02T11:06:04+00:00,,,3667.0,3.033,22.0,148,88,210,211.0,96.0,9.2,1030.0,257031,1,3.0329999923706055
2026-07-02T11:06:05+00:00,,,3670.0,3.042,22.0,148,88,209,211.0,96.0,9.2,1030.0,257240,1,3.0409998893737793
2026-07-02T11:06:06+00:00,,,3673.0,3.053,22.0,148,88,209,211.0,97.0,9.3,1030.0,257449,1,3.052000045776367
2026-07-02T11:06:07+00:00,,,3676.0,3.086,21.0,148,89,209,211.0,96.0,9.3,1040.0,257658,1,3.0859999656677246
2026-07-02T11:06:08+00:00,,,3679.0,3.119,21.0,148,89,210,211.0,96.0,9.3,1050.0,257868,1,3.11899995803833
2026-07-02T11:06:09+00:00,,,3682.5,3.117,21.0,149,89,212,210.0,96.0,9.2,1050.0,258080,1,3.11899995803833
2026-07-02T11:06:10+00:00,,,3686.0,3.117,21.0,149,89,215,210.0,96.0,9.2,1050.0,258295,1,3.11899995803833
2026-07-02T11:06:11+00:00,,,3689.0,3.097,21.0,149,88,215,210.0,96.0,9.2,1040.0,258510,1,3.046999931335449
2026-07-02T11:06:12+00:00,,,3692.0,3.081,21.0,150,88,215,210.0,96.0,9.2,1040.0,258725,1,2.9749999046325684
2026-07-02T11:06:13+00:00,,,3695.0,3.064,21.0,149,88,209,210.0,96.0,9.2,1040.0,258934,1,2.9579999446868896
2026-07-02T11:06:14+00:00,,,3698.0,3.047,21.0,149,88,203,211.0,96.0,9.2,1040.0,259137,1,2.944000005722046
2026-07-02T11:06:15+00:00,,,3701.0,3.039,21.0,149,88,202,211.0,96.0,9.2,1030.0,259339,1,2.933000087738037
2026-07-02T11:06:16+00:00,,,3704.0,3.033,21.0,149,88,201,211.0,96.0,9.2,1030.0,259540,1,2.9240000247955322
2026-07-02T11:06:17+00:00,,,3707.0,3.072,20.0,149,88,200,211.0,96.0,9.2,1030.0,259740,1,2.9630000591278076
2026-07-02T11:06:18+00:00,,,3710.0,3.111,20.0,149,89,199,212.0,96.0,9.2,1040.0,259939,1,3.002000093460083
2026-07-02T11:06:19+00:00,,,3713.5,3.119,20.0,149,89,202,212.0,95.0,9.2,1040.0,260141,1,3.010999917984009
2026-07-02T11:06:20+00:00,,,3717.0,3.128,20.0,149,89,205,212.0,95.0,9.2,1050.0,260346,1,3.0220000743865967
2026-07-02T11:06:21+00:00,,,3720.0,3.128,20.0,149,89,205,212.0,94.0,9.1,1050.0,260551,1,2.9719998836517334
2026-07-02T11:06:22+00:00,,,3723.0,3.131,20.0,149,89,206,212.0,94.0,9.1,1050.0,260757,1,2.9240000247955322
2026-07-02T11:06:23+00:00,,,3726.0,3.117,20.0,149,89,201,212.0,94.0,9.0,1050.0,260958,1,2.9110000133514404
2026-07-02T11:06:24+00:00,,,3729.0,3.103,20.0,149,89,197,212.0,94.0,9.0,1050.0,261155,1,2.8970000743865967
2026-07-02T11:06:25+00:00,,,3732.0,3.086,20.0,149,88,196,212.0,93.0,8.9,1040.0,261351,1,2.880000114440918
2026-07-02T11:06:26+00:00,,,3735.0,3.072,20.0,149,88,195,212.0,93.0,8.9,1040.0,261546,1,2.865999937057495
2026-07-02T11:06:27+00:00,,,3738.0,3.064,19.0,149,88,194,212.0,93.0,8.9,1040.0,261740,1,2.8610000610351562
2026-07-02T11:06:28+00:00,,,3741.0,3.058,19.0,149,88,193,213.0,93.0,8.9,1040.0,261933,1,2.8580000400543213
2026-07-02T11:06:29+00:00,,,3744.0,3.05,19.0,148,88,193,213.0,93.0,8.9,1040.0,262126,1,2.8469998836517334
2026-07-02T11:06:30+00:00,,,3747.0,3.044,19.0,149,88,193,214.0,93.0,8.9,1040.0,262319,1,2.8380000591278076
2026-07-02T11:06:31+00:00,,,3750.5,3.039,19.0,148,88,192,215.0,93.0,8.9,1030.0,262511,1,2.8329999446868896
2026-07-02T11:06:32+00:00,,,3754.0,3.033,19.0,148,88,191,216.0,93.0,8.9,1030.0,262702,1,2.8299999237060547
2026-07-02T11:06:33+00:00,,,3757.0,3.033,19.0,148,88,191,216.0,92.0,8.9,1030.0,262893,1,2.8299999237060547
2026-07-02T11:06:34+00:00,,,3760.0,3.033,19.0,148,88,191,217.0,92.0,8.9,1030.0,263084,1,2.8299999237060547
2026-07-02T11:06:35+00:00,,,3763.0,3.033,19.0,148,88,191,217.0,92.0,8.9,1030.0,263275,1,2.877000093460083
2026-07-02T11:06:36+00:00,,,3766.0,3.033,19.0,148,88,191,218.0,92.0,8.9,1030.0,263466,1,2.9240000247955322
2026-07-02T11:06:37+00:00,,,3766.0,3.033,19.0,148,88,195,218.0,92.0,8.9,1030.0,263661,1,2.9240000247955322
2026-07-02T11:06:38+00:00,,,3766.0,3.033,19.0,149,88,199,219.0,92.0,8.9,1030.0,263860,1,2.9240000247955322
2026-07-02T11:06:39+00:00,37.491005659103394,126.9208078365773,3766.0,3.033,19.0,149,89,199,219.0,92.0,8.9,1020.0,264059,1,2.9240000247955322
2026-07-02T11:06:40+00:00,37.491005659103394,126.92078654654324,3766.0,3.033,19.0,149,89,199,219.0,93.0,9.0,1020.0,264258,1,2.9240000247955322
2026-07-02T11:06:41+00:00,37.491005659103394,126.92076534032822,3775.5,3.292,19.0,150,89,199,218.0,93.0,8.9,1100.0,264457,1,3.2360000610351562
2026-07-02T11:06:42+00:00,37.4910088442266,126.92073550075293,3785.0,3.55,19.0,150,90,199,218.0,93.0,8.9,1180.0,264656,1,3.5490000247955322
2026-07-02T11:06:43+00:00,37.491012029349804,126.92070574499667,3789.5,3.8,19.0,150,91,222,216.0,93.0,8.7,1240.0,264878,1,3.799999952316284
2026-07-02T11:06:44+00:00,37.491018986329436,126.92066584713757,3794.0,4.05,19.0,151,92,245,215.0,94.0,8.5,1310.0,265123,1,4.048999786376953
2026-07-02T11:06:45+00:00,37.49102594330907,126.92062594927847,3798.0,4.125,19.0,151,93,262,213.0,93.0,8.2,1320.0,265385,1,4.125
2026-07-02T11:06:46+00:00,37.49103533104062,126.92058051936328,3802.0,4.203,19.0,151,94,279,211.0,93.0,8.0,1340.0,265664,1,4.202000141143799
2026-07-02T11:06:47+00:00,37.491044802591205,126.92053517326713,3806.0,4.236,19.0,151,95,284,209.0,92.0,7.7,1330.0,265948,1,4.236000061035156
2026-07-02T11:06:48+00:00,37.49105636961758,126.92048924043775,3810.0,4.269,19.0,151,96,289,207.0,91.0,7.5,1330.0,266237,1,4.269000053405762
2026-07-02T11:06:49+00:00,37.49106810428202,126.9204433914274,3814.0,4.256,19.0,151,95,291,204.0,90.0,7.2,1330.0,266528,1,4.255000114440918
2026-07-02T11:06:50+00:00,37.49108025804162,126.92039905115962,3818.0,4.242,19.0,152,95,294,202.0,90.0,7.0,1340.0,266822,1,4.241000175476074
2026-07-02T11:06:51+00:00,37.49109249562025,126.92035462707281,3822.0,4.219,19.0,152,94,293,199.0,89.0,6.8,1330.0,267115,1,4.218999862670898
2026-07-02T11:06:52+00:00,37.491103978827596,126.92031162790954,3826.0,4.197,19.0,152,94,292,197.0,89.0,6.7,1330.0,267407,1,4.197000026702881
2026-07-02T11:06:53+00:00,37.49111546203494,126.92026862874627,3830.0,4.172,19.0,152,94,290,195.0,88.0,6.6,1320.0,267697,1,4.171999931335449
2026-07-02T11:06:54+00:00,37.49112610705197,126.92022554576397,3834.0,4.147,19.0,152,94,289,193.0,87.0,6.5,1320.0,267986,1,4.146999835968018
2026-07-02T11:06:55+00:00,37.491136668249965,126.92018246278167,3838.0,4.128,19.0,153,94,287,190.0,86.0,6.5,1310.0,268273,1,4.126999855041504
2026-07-02T11:06:56+00:00,37.49114655889571,126.92013862542808,3842.0,4.108,19.0,153,94,286,188.0,86.0,6.5,1300.0,268559,1,4.107999801635742
2026-07-02T11:06:57+00:00,37.49115644954145,126.92009495571256,3846.0,4.089,19.0,153,94,284,186.0,85.0,6.4,1290.0,268843,1,4.0879998207092285
2026-07-02T11:06:58+00:00,37.491166507825255,126.92005254328251,3850.0,4.072,19.0,154,94,283,184.0,85.0,6.4,1290.0,269126,1,4.072000026702881
2026-07-02T11:06:59+00:00,37.49117648229003,126.92001021467149,3854.0,4.047,19.0,154,93,281,182.0,84.0,6.3,1300.0,269407,1,4.046999931335449
2026-07-02T11:07:00+00:00,37.49118662439287,126.91996771842241,3858.0,4.025,19.0,154,92,280,180.0,83.0,6.3,1310.0,269687,1,4.02400016784668
2026-07-02T11:07:01+00:00,37.491196850314736,126.91992530599236,3862.5,4.019,20.0,154,91,279,179.0,82.0,6.2,1320.0,269966,1,4.019000053405762
2026-07-02T11:07:02+00:00,37.49120623804629,126.91988071426749,3867.0,4.014,20.0,154,90,278,179.0,82.0,6.2,1330.0,270244,1,4.013000011444092
2026-07-02T11:07:03+00:00,37.491215793415904,126.91983620636165,3871.5,4.017,20.0,155,90,277,178.0,81.0,6.2,1330.0,270521,1,4.015999794006348
2026-07-02T11:07:04+00:00,37.49122442677617,126.91978935152292,3876.0,4.022,20.0,156,91,276,178.0,81.0,6.2,1330.0,270797,1,4.021999835968018
2026-07-02T11:07:05+00:00,37.4912332277745,126.9197424966842,3880.5,4.044,20.0,156,91,276,178.0,80.0,6.1,1330.0,271073,1,4.044000148773193
2026-07-02T11:07:06+00:00,37.49124244786799,126.91969430074096,3885.0,4.069,20.0,157,92,277,179.0,80.0,6.1,1330.0,271350,1,4.068999767303467
2026-07-02T11:07:07+00:00,37.49125175178051,126.91964610479772,3888.5,4.103,20.0,157,93,278,179.0,80.0,6.1,1320.0,271628,1,4.1020002365112305
2026-07-02T11:07:08+00:00,37.49126206152141,126.91959824413061,3892.0,4.136,20.0,158,94,280,180.0,80.0,6.1,1320.0,271908,1,4.136000156402588
2026-07-02T11:07:09+00:00,37.491272455081344,126.91955029964447,3896.0,4.144,20.0,159,94,282,180.0,80.0,6.0,1320.0,272190,1,4.144000053405762
2026-07-02T11:07:10+00:00,37.491284189745784,126.91950595937669,3900.0,4.153,20.0,160,94,285,181.0,80.0,6.0,1330.0,272475,1,4.1519999504089355
2026-07-02T11:07:11+00:00,37.49129584059119,126.91946161910892,3903.5,4.147,20.0,160,94,285,181.0,79.0,6.0,1320.0,272760,1,4.146999835968018
2026-07-02T11:07:12+00:00,37.49130807816982,126.91942046396434,3907.0,4.144,20.0,161,94,286,182.0,79.0,6.0,1320.0,273046,1,4.144000053405762
2026-07-02T11:07:13+00:00,37.49132023192942,126.91937922500074,3911.0,4.131,20.0,162,94,285,182.0,79.0,6.0,1320.0,273331,1,4.130000114440918
2026-07-02T11:07:14+00:00,37.491333140060306,126.9193397462368,3915.0,4.119,20.0,162,94,285,182.0,79.0,6.0,1320.0,273616,1,4.11899995803833
2026-07-02T11:07:15+00:00,37.49134604819119,126.91930026747286,3919.0,4.108,20.0,163,93,284,182.0,79.0,5.9,1310.0,273900,1,4.107999801635742
2026-07-02T11:07:16+00:00,37.4913574475795,126.91925995051861,3923.0,4.097,20.0,164,93,284,183.0,79.0,5.9,1310.0,274184,1,4.0970001220703125
2026-07-02T11:07:17+00:00,37.491368846967816,126.91921963356435,3926.5,4.069,20.0,165,93,283,183.0,79.0,5.9,1300.0,274467,1,4.068999767303467
2026-07-02T11:07:18+00:00,37.4913764744997,126.91917831078172,3930.0,4.044,20.0,165,93,282,184.0,79.0,6.0,1300.0,274749,1,4.044000148773193
2026-07-02T11:07:19+00:00,37.49138410203159,126.91913707181811,3933.5,4.033,20.0,166,93,280,184.0,78.0,5.9,1290.0,275029,1,4.0329999923706055
2026-07-02T11:07:20+00:00,37.4913886282593,126.91909641958773,3937.0,4.025,20.0,167,93,278,184.0,78.0,5.9,1290.0,275307,1,4.02400016784668
2026-07-02T11:07:21+00:00,37.491393238306046,126.91905585117638,3940.5,4.014,20.0,167,94,278,184.0,77.0,5.9,1270.0,275585,1,4.013000011444092
2026-07-02T11:07:22+00:00,37.49139843508601,126.9190154504031,3944.0,4.006,20.0,168,95,278,184.0,77.0,5.9,1260.0,275863,1,4.005000114440918
2026-07-02T11:07:23+00:00,37.49140363186598,126.91897513344884,3947.0,3.992,20.0,170,95,277,183.0,76.0,5.9,1250.0,276140,1,3.990999937057495
2026-07-02T11:07:24+00:00,37.49141067266464,126.91893523558974,3950.0,3.981,20.0,171,95,276,183.0,76.0,5.9,1250.0,276416,1,3.9800000190734863
2026-07-02T11:07:25+00:00,37.49141779728234,126.91889542154968,3953.5,3.967,20.0,171,95,275,182.0,75.0,5.9,1240.0,276691,1,3.9660000801086426
2026-07-02T11:07:26+00:00,37.4914250895381,126.9188582058996,3957.0,3.953,20.0,171,95,274,182.0,75.0,5.9,1240.0,276965,1,3.9519999027252197
2026-07-02T11:07:27+00:00,37.49143246561289,126.91882115788758,3960.0,3.944,20.0,171,94,273,182.0,75.0,5.9,1250.0,277238,1,3.944000005722046
2026-07-02T11:07:28+00:00,37.491438668221235,126.91878595389426,3963.0,3.939,20.0,171,93,272,182.0,76.0,6.0,1260.0,277510,1,3.937999963760376
2026-07-02T11:07:29+00:00,37.49144487082958,126.91875083371997,3966.0,3.911,20.0,172,93,271,182.0,76.0,6.0,1250.0,277781,1,3.9110000133514404
2026-07-02T11:07:30+00:00,37.49145266599953,126.91871697083116,3969.0,3.883,20.0,172,93,271,182.0,77.0,6.1,1250.0,278052,1,3.882999897003174
2026-07-02T11:07:31+00:00,37.49146054498851,126.91868302412331,3972.5,3.853,20.0,172,93,269,182.0,77.0,6.1,1240.0,278321,1,3.8519999980926514
2026-07-02T11:07:32+00:00,37.49146968126297,126.91864932887256,3976.0,3.822,20.0,172,93,267,183.0,78.0,6.2,1230.0,278588,1,3.822000026702881
2026-07-02T11:07:33+00:00,37.49147890135646,126.91861571744084,3979.5,3.797,20.0,171,93,265,183.0,78.0,6.2,1220.0,278853,1,3.796999931335449
2026-07-02T11:07:34+00:00,37.4914906360209,126.918581770733,3983.0,3.775,20.0,171,93,263,184.0,78.0,6.3,1220.0,279116,1,3.7750000953674316
2026-07-02T11:07:35+00:00,37.4915025383234,126.91854782402515,3985.5,3.75,20.0,171,92,261,184.0,78.0,6.3,1210.0,279377,1,3.75
2026-07-02T11:07:36+00:00,37.491512931883335,126.91851312294602,3988.0,3.725,20.0,170,92,260,185.0,78.0,6.3,1210.0,279637,1,3.7239999771118164
2026-07-02T11:07:37+00:00,37.49152332544327,126.91847850568593,3991.0,3.681,20.0,170,92,258,185.0,78.0,6.3,1200.0,279895,1,3.680000066757202
2026-07-02T11:07:38+00:00,37.49153078533709,126.91844573244452,3994.0,3.639,20.0,170,92,257,186.0,79.0,6.4,1190.0,280152,1,3.638000011444092
2026-07-02T11:07:39+00:00,37.49153824523091,126.91841295920312,3997.0,3.578,20.0,170,92,254,187.0,79.0,6.5,1170.0,280406,1,3.5769999027252197
2026-07-02T11:07:40+00:00,37.491547130048275,126.9183830358088,4000.0,3.519,20.0,171,92,251,188.0,79.0,6.6,1150.0,280657,1,3.5190000534057617
2026-07-02T11:07:41+00:00,37.4915561825037,126.91835319623351,4002.5,3.442,20.0,171,91,246,189.0,79.0,6.7,1120.0,280903,1,3.440999984741211
2026-07-02T11:07:42+00:00,37.49156707897782,126.91832503303885,4005.0,3.364,20.0,171,91,242,190.0,80.0,6.8,1100.0,281145,1,3.36299991607666
2026-07-02T11:07:43+00:00,37.491577975451946,126.91829695366323,4008.0,3.231,20.0,171,91,236,191.0,80.0,6.9,1050.0,281381,1,3.2300000190734863
2026-07-02T11:07:44+00:00,37.49158753082156,126.91826837137341,4011.0,3.097,20.0,171,92,231,193.0,81.0,7.1,1010.0,281612,1,3.0969998836517334
2026-07-02T11:07:45+00:00,37.49159725382924,126.91823987290263,4014.5,2.972,20.0,171,91,222,194.0,81.0,7.3,970.0,281834,1,2.9719998836517334
2026-07-02T11:07:46+00:00,37.49160747975111,126.91821011714637,4018.0,2.847,20.0,171,91,214,196.0,82.0,7.6,930.0,282048,1,2.8469998836517334
2026-07-02T11:07:47+00:00,37.49161778949201,126.91818044520915,4021.5,2.808,20.0,171,91,205,198.0,82.0,7.8,920.0,282253,1,2.808000087738037
2026-07-02T11:07:48+00:00,37.49162323772907,126.91814440302551,4025.0,2.772,20.0,171,91,196,200.0,83.0,8.1,910.0,282449,1,2.7720000743865967
2026-07-02T11:07:49+00:00,37.4916288536042,126.91810852847993,4029.5,2.753,20.0,171,91,193,202.0,83.0,8.3,910.0,282642,1,2.752000093460083
2026-07-02T11:07:50+00:00,37.49163136817515,126.91806804388762,4034.0,2.736,20.0,171,90,191,204.0,83.0,8.5,910.0,282833,1,2.7360000610351562
2026-07-02T11:07:51+00:00,37.4916338827461,126.9180275592953,4038.5,2.75,20.0,171,89,190,205.0,83.0,8.7,920.0,283023,1,2.749000072479248
2026-07-02T11:07:52+00:00,37.491638492792845,126.91798145882785,4043.0,2.764,20.0,171,89,189,207.0,84.0,8.9,930.0,283212,1,2.763000011444092
2026-07-02T11:07:53+00:00,37.49164318665862,126.91793535836041,4047.0,2.808,20.0,171,88,189,208.0,85.0,9.0,950.0,283401,1,2.808000087738037
2026-07-02T11:07:54+00:00,37.491651233285666,126.91788674332201,4051.0,2.856,20.0,171,88,190,210.0,86.0,9.2,970.0,283591,1,2.8550000190734863
2026-07-02T11:07:55+00:00,37.491659447550774,126.91783812828362,4055.0,2.906,20.0,171,88,193,211.0,86.0,9.2,980.0,283784,1,2.9049999713897705
2026-07-02T11:07:56+00:00,37.49166917055845,126.91779026761651,4059.0,2.958,20.0,170,89,197,213.0,87.0,9.2,1000.0,283981,1,2.9579999446868896
2026-07-02T11:07:57+00:00,37.49167889356613,126.91774232313037,4064.5,3.058,20.0,170,89,200,214.0,87.0,9.1,1030.0,284181,1,3.058000087738037
2026-07-02T11:07:58+00:00,37.49169196933508,126.91769949160516,4070.0,3.158,20.0,170,89,204,215.0,88.0,9.1,1060.0,284385,1,3.1579999923706055
2026-07-02T11:07:59+00:00,37.49170504510403,126.91765682771802,4075.0,3.258,20.0,170,90,211,215.0,88.0,8.9,1080.0,284596,1,3.257999897003174
2026-07-02T11:08:00+00:00,37.49173304066062,126.91761894151568,4080.0,3.361,20.0,170,92,218,215.0,88.0,8.8,1100.0,284814,1,3.3610000610351562
2026-07-02T11:08:01+00:00,37.491761203855276,126.91758105531335,4084.5,3.422,20.0,171,92,224,215.0,88.0,8.6,1120.0,285038,1,3.421999931335449
2026-07-02T11:08:02+00:00,37.49180059880018,126.91755171865225,4089.0,3.483,20.0,171,92,231,216.0,88.0,8.5,1140.0,285269,1,3.4830000400543213
2026-07-02T11:08:03+00:00,37.49183999374509,126.91752254962921,4093.5,3.508,20.0,171,92,235,215.0,88.0,8.3,1140.0,285504,1,3.507999897003174
2026-07-02T11:08:04+00:00,37.49188223853707,126.91750570200384,4098.0,3.533,20.0,171,92,240,215.0,89.0,8.2,1150.0,285744,1,3.5329999923706055
2026-07-02T11:08:05+00:00,37.49192465096712,126.9174889381975,4101.5,3.572,20.0,172,92,241,214.0,89.0,8.1,1160.0,285985,1,3.572000026702881
2026-07-02T11:08:06+00:00,37.49196463264525,126.91748332232237,4105.0,3.614,20.0,172,92,243,213.0,89.0,8.0,1180.0,286228,1,3.61299991607666
2026-07-02T11:08:07+00:00,37.49200478196144,126.91747770644724,4108.5,3.636,20.0,172,91,246,211.0,89.0,7.9,1190.0,286474,1,3.635999917984009
2026-07-02T11:08:08+00:00,37.492039231583476,126.91748348996043,4112.0,3.661,20.0,173,91,249,210.0,89.0,7.8,1200.0,286723,1,3.6610000133514404
2026-07-02T11:08:09+00:00,37.49207376502454,126.91748935729265,4115.0,3.697,20.0,174,91,250,208.0,89.0,7.7,1210.0,286973,1,3.697000026702881
2026-07-02T11:08:10+00:00,37.49210285022855,126.91750553436577,4118.0,3.736,20.0,174,91,252,207.0,89.0,7.6,1230.0,287225,1,3.7360000610351562
2026-07-02T11:08:11+00:00,37.49213193543255,126.91752179525793,4121.5,3.803,20.0,174,91,255,205.0,88.0,7.4,1250.0,287480,1,3.802000045776367
2026-07-02T11:08:12+00:00,37.49215682968497,126.91754342056811,4125.0,3.869,20.0,174,91,258,204.0,88.0,7.3,1280.0,287738,1,3.86899995803833
2026-07-02T11:08:13+00:00,37.492181891575456,126.91756504587829,4128.5,3.847,20.0,175,91,262,202.0,87.0,7.2,1270.0,288000,1,3.8469998836517334
2026-07-02T11:08:14+00:00,37.49220494180918,126.9175870064646,4132.0,3.828,20.0,175,91,267,201.0,87.0,7.1,1260.0,288267,1,3.8269999027252197
2026-07-02T11:08:15+00:00,37.49222815968096,126.91760913468897,4135.0,3.789,20.0,175,91,265,199.0,86.0,7.0,1240.0,288532,1,3.7880001068115234
2026-07-02T11:08:16+00:00,37.492250790819526,126.91763293929398,4138.0,3.753,20.0,175,91,264,198.0,86.0,7.0,1230.0,288796,1,3.752000093460083
2026-07-02T11:08:17+00:00,37.49227350577712,126.91765682771802,4141.0,3.728,20.0,175,91,261,197.0,85.0,6.9,1220.0,289057,1,3.7269999980926514
2026-07-02T11:08:18+00:00,37.49229504726827,126.91768155433238,4144.0,3.706,20.0,174,91,258,196.0,85.0,6.8,1210.0,289315,1,3.7049999237060547
2026-07-02T11:08:19+00:00,37.492316756397486,126.91770636476576,4148.0,3.683,20.0,174,91,257,196.0,85.0,6.8,1200.0,289572,1,3.683000087738037
2026-07-02T11:08:20+00:00,37.49233813025057,126.91773151047528,4152.0,3.661,20.0,173,91,256,196.0,85.0,6.8,1200.0,289828,1,3.6610000133514404
2026-07-02T11:08:21+00:00,37.49235958792269,126.91775682382286,4156.0,3.653,20.0,172,91,254,196.0,84.0,6.8,1200.0,290082,1,3.7239999771118164
2026-07-02T11:08:22+00:00,37.49238297343254,126.9177841488272,4160.0,3.647,20.0,171,91,252,196.0,84.0,6.9,1200.0,290334,1,3.7880001068115234
2026-07-02T11:08:23+00:00,37.49240644276142,126.9178113900125,4163.5,3.639,20.0,171,91,257,196.0,83.0,6.9,1190.0,290591,1,3.7769999504089355
2026-07-02T11:08:24+00:00,37.49243267811835,126.91783980466425,4167.0,3.631,20.0,171,91,263,196.0,83.0,6.9,1190.0,290854,1,3.7660000324249268
2026-07-02T11:08:25+00:00,37.49245899729431,126.917868219316,4171.0,3.639,20.0,171,91,262,196.0,83.0,6.9,1190.0,291116,1,3.8489999771118164
2026-07-02T11:08:26+00:00,37.4924854002893,126.91789604723454,4175.0,3.65,21.0,171,91,262,196.0,83.0,6.9,1200.0,291378,1,3.936000108718872
2026-07-02T11:08:27+00:00,37.49251188710332,126.9179239589721,4179.5,3.667,21.0,171,91,269,196.0,83.0,6.9,1200.0,291647,1,3.9579999446868896
2026-07-02T11:08:28+00:00,37.49253736808896,126.9179546367377,4184.0,3.686,21.0,171,91,276,197.0,83.0,6.9,1210.0,291923,1,3.9800000190734863
2026-07-02T11:08:29+00:00,37.492562932893634,126.91798539832234,4188.0,3.731,21.0,171,91,277,197.0,83.0,6.9,1220.0,292200,1,4.0269999504089355
2026-07-02T11:08:30+00:00,37.49258916825056,126.91801766864955,4192.0,3.775,21.0,171,92,279,197.0,83.0,6.9,1230.0,292479,1,4.077000141143799
2026-07-02T11:08:31+00:00,37.49261548742652,126.91804993897676,4196.0,3.792,21.0,171,92,282,197.0,83.0,6.9,1230.0,292761,1,4.091000080108643
2026-07-02T11:08:32+00:00,37.49264272861183,126.91808195784688,4200.0,3.811,21.0,171,92,285,197.0,83.0,6.9,1240.0,293046,1,4.107999801635742
2026-07-02T11:08:33+00:00,37.492670053616166,126.91811389289796,4204.5,3.825,21.0,171,92,286,196.0,83.0,6.8,1240.0,293332,1,4.125
2026-07-02T11:08:34+00:00,37.49269913882017,126.91814264282584,4209.0,3.839,21.0,171,92,288,196.0,83.0,6.8,1250.0,293620,1,4.140999794006348
2026-07-02T11:08:35+00:00,37.49272830784321,126.91817130893469,4212.5,3.85,21.0,171,92,289,196.0,83.0,6.8,1250.0,293909,1,4.1519999504089355
2026-07-02T11:08:36+00:00,37.49275965616107,126.91819704137743,4216.0,3.864,22.0,171,92,290,196.0,84.0,6.8,1260.0,294199,1,4.163000106811523
2026-07-02T11:08:37+00:00,37.49279108829796,126.91822269000113,4219.5,3.869,22.0,171,92,290,195.0,84.0,6.7,1260.0,294489,1,4.173999786376953
2026-07-02T11:08:38+00:00,37.492822939530015,126.91824255511165,4223.0,3.875,22.0,171,92,291,195.0,84.0,6.7,1260.0,294780,1,4.185999870300293
2026-07-02T11:08:39+00:00,37.49285495840013,126.91826233640313,4227.0,3.881,22.0,171,92,292,194.0,84.0,6.7,1260.0,295072,1,4.190999984741211
2026-07-02T11:08:40+00:00,37.492884965613484,126.91827750764787,4231.0,3.886,22.0,171,92,293,193.0,85.0,6.7,1260.0,295365,1,4.197000026702881
2026-07-02T11:08:41+00:00,37.49291497282684,126.91829276271164,4235.0,3.875,22.0,171,92,293,192.0,85.0,6.7,1250.0,295658,1,4.185999870300293
2026-07-02T11:08:42+00:00,37.49294665642083,126.91830751486123,4239.0,3.867,22.0,171,93,294,192.0,85.0,6.7,1250.0,295952,1,4.173999786376953
2026-07-02T11:08:43+00:00,37.49297850765288,126.91832235082984,4243.5,3.861,22.0,171,93,293,191.0,85.0,6.7,1240.0,296245,1,4.169000148773193
2026-07-02T11:08:44+00:00,37.49301044270396,126.91834246739745,4248.0,3.858,22.0,171,93,292,191.0,85.0,6.8,1240.0,296537,1,4.163000106811523
2026-07-02T11:08:45+00:00,37.49304246157408,126.9183626677841,4252.0,3.853,22.0,171,92,291,190.0,85.0,6.8,1250.0,296828,1,4.1579999923706055
2026-07-02T11:08:46+00:00,37.49307498335838,126.91838596947491,4256.0,3.85,22.0,171,92,291,189.0,86.0,6.8,1260.0,297119,1,4.1519999504089355
2026-07-02T11:08:47+00:00,37.49310758896172,126.91840935498476,4260.5,3.844,22.0,171,91,291,188.0,86.0,6.8,1260.0,297410,1,4.146999835968018
2026-07-02T11:08:48+00:00,37.493140529841185,126.9184334948659,4265.0,3.842,22.0,171,91,291,188.0,86.0,6.8,1260.0,297701,1,4.140999794006348
2026-07-02T11:08:49+00:00,37.49317363835871,126.91845780238509,4269.5,3.839,22.0,172,91,290,188.0,86.0,6.8,1260.0,297991,1,4.140999794006348
2026-07-02T11:08:50+00:00,37.49320766888559,126.91848102025688,4274.0,3.839,22.0,172,91,290,188.0,86.0,6.8,1260.0,298281,1,4.140999794006348
2026-07-02T11:08:51+00:00,37.4932417832315,126.9185043219477,4279.0,3.847,23.0,172,92,290,187.0,86.0,6.8,1250.0,298571,1,4.1519999504089355
2026-07-02T11:08:52+00:00,37.49327648431063,126.91852821037173,4284.0,3.858,23.0,172,93,290,187.0,86.0,6.8,1240.0,298861,1,4.163000106811523
2026-07-02T11:08:53+00:00,37.49331118538976,126.91855209879577,4290.5,3.867,23.0,172,93,290,187.0,85.0,6.8,1240.0,299151,1,4.173999786376953
2026-07-02T11:08:54+00:00,37.49335234053433,126.9185748975724,4297.0,3.875,23.0,172,94,291,187.0,85.0,6.8,1240.0,299442,1,4.185999870300293
2026-07-02T11:08:55+00:00,37.49339357949793,126.91859769634902,4302.5,3.889,23.0,172,93,292,186.0,85.0,6.8,1240.0,299734,1,4.198999881744385
2026-07-02T11:08:56+00:00,37.493444038555026,126.91861605271697,4308.0,3.906,23.0,172,93,293,186.0,85.0,6.8,1250.0,300027,1,4.216000080108643
2026-07-02T11:08:57+00:00,37.49349466525018,126.91863432526588,4311.5,3.919,23.0,172,93,294,186.0,84.0,6.7,1260.0,300321,1,4.232999801635742
2026-07-02T11:08:58+00:00,37.49354428611696,126.91864589229226,4315.0,3.936,23.0,172,92,295,186.0,84.0,6.7,1280.0,300616,1,4.25
2026-07-02T11:08:59+00:00,37.49359390698373,126.91865754313767,4319.0,3.964,23.0,172,92,296,186.0,84.0,6.7,1290.0,300912,1,4.275000095367432
2026-07-02T11:09:00+00:00,37.49363539740443,126.91865779459476,4323.0,3.992,23.0,172,91,298,186.0,85.0,6.7,1310.0,301210,1,4.302000045776367
2026-07-02T11:09:01+00:00,37.49367688782513,126.91865812987089,4327.0,4.006,24.0,172,91,299,186.0,85.0,6.6,1320.0,301509,1,4.318999767303467
2026-07-02T11:09:02+00:00,37.493712678551674,126.91864949651062,4331.0,4.022,24.0,172,91,301,187.0,85.0,6.6,1330.0,301810,1,4.335999965667725
2026-07-02T11:09:03+00:00,37.493748469278216,126.91864094696939,4335.5,4.031,24.0,172,91,302,187.0,85.0,6.6,1330.0,302112,1,4.3470001220703125
2026-07-02T11:09:04+00:00,37.493782164528966,126.918626697734,4340.0,4.039,24.0,172,91,304,187.0,85.0,6.6,1330.0,302416,1,4.357999801635742
2026-07-02T11:09:05+00:00,37.49381594359875,126.91861261613667,4343.5,4.031,24.0,172,91,304,187.0,85.0,6.5,1330.0,302720,1,4.3520002365112305
2026-07-02T11:09:06+00:00,37.49384880065918,126.91859534941614,4347.0,4.025,24.0,172,91,305,187.0,86.0,6.5,1330.0,303025,1,4.3470001220703125
2026-07-02T11:09:07+00:00,37.49388157390058,126.91857799887657,4350.5,4.006,24.0,172,91,304,186.0,85.0,6.5,1320.0,303329,1,4.323999881744385
2026-07-02T11:09:08+00:00,37.49391325749457,126.91856240853667,4354.0,3.986,24.0,172,91,304,186.0,85.0,6.5,1310.0,303633,1,4.302000045776367
2026-07-02T11:09:09+00:00,37.49394502490759,126.91854681819677,4358.0,3.964,24.0,172,91,302,186.0,85.0,6.4,1300.0,303935,1,4.275000095367432
2026-07-02T11:09:10+00:00,37.49397645704448,126.91853323951364,4362.0,3.944,24.0,172,91,301,186.0,85.0,6.4,1300.0,304236,1,4.25
2026-07-02T11:09:11+00:00,37.49400797300041,126.91851974464953,4366.0,3.922,24.0,172,90,299,186.0,85.0,6.4,1290.0,304535,1,4.2270002365112305
2026-07-02T11:09:12+00:00,37.494040075689554,126.91852033138275,4370.0,3.903,24.0,172,90,298,186.0,86.0,6.5,1290.0,304833,1,4.204999923706055
2026-07-02T11:09:13+00:00,37.4940721783787,126.918521001935,4374.5,3.889,24.0,172,90,296,186.0,86.0,6.5,1280.0,305129,1,4.193999767303467
2026-07-02T11:09:14+00:00,37.49410193413496,126.91854262724519,4379.0,3.875,24.0,172,90,294,187.0,86.0,6.6,1280.0,305423,1,4.185999870300293
2026-07-02T11:09:15+00:00,37.49413185752928,126.91856425255537,4382.0,3.853,24.0,172,90,293,187.0,86.0,6.6,1270.0,305716,1,4.1579999923706055
2026-07-02T11:09:16+00:00,37.4941551592201,126.91859970800579,4385.0,3.831,25.0,171,90,293,188.0,87.0,6.7,1270.0,306009,1,4.130000114440918
2026-07-02T11:09:17+00:00,37.49417854472995,126.91863533109426,4388.0,3.822,25.0,172,90,291,188.0,87.0,6.7,1260.0,306300,1,4.11899995803833
2026-07-02T11:09:18+00:00,37.49419388361275,126.91867380402982,4391.0,3.814,25.0,172,91,289,189.0,88.0,6.8,1260.0,306589,1,4.107999801635742
2026-07-02T11:09:19+00:00,37.494209138676524,126.91871244460344,4394.0,3.783,25.0,172,91,288,189.0,87.0,6.8,1240.0,306877,1,4.079999923706055
2026-07-02T11:09:20+00:00,37.494218526408076,126.91874882206321,4397.0,3.756,25.0,172,91,288,190.0,87.0,6.9,1230.0,307165,1,4.054999828338623
2026-07-02T11:09:21+00:00,37.49422808177769,126.91878519952297,4400.0,3.731,26.0,172,91,286,190.0,87.0,6.9,1220.0,307451,1,4.111000061035156
2026-07-02T11:09:22+00:00,37.494236044585705,126.91881746985018,4403.0,3.708,26.0,172,91,284,190.0,87.0,6.9,1220.0,307735,1,4.165999889373779
2026-07-02T11:09:23+00:00,37.49424409121275,126.91884965635836,4406.5,3.689,26.0,172,91,288,190.0,87.0,6.9,1210.0,308023,1,4.144000053405762
2026-07-02T11:09:24+00:00,37.49425490386784,126.91888125613332,4410.0,3.669,26.0,172,91,293,191.0,87.0,7.0,1210.0,308316,1,4.122000217437744
2026-07-02T11:09:25+00:00,37.4942656327039,126.91891285590827,4412.0,3.658,26.0,172,90,291,192.0,87.0,7.0,1210.0,308607,1,4.107999801635742
2026-07-02T11:09:26+00:00,37.494277032092214,126.9189441204071,4414.0,3.647,26.0,172,90,290,193.0,87.0,7.0,1210.0,308897,1,4.0970001220703125
2026-07-02T11:09:27+00:00,37.49428859911859,126.918975552544,4416.0,3.619,26.0,173,91,289,193.0,87.0,7.0,1190.0,309186,1,4.063000202178955
2026-07-02T11:09:28+00:00,37.49429773539305,126.91900354810059,4418.0,3.592,26.0,173,91,289,194.0,87.0,7.1,1180.0,309475,1,4.03000020980835
2026-07-02T11:09:29+00:00,37.494306955486536,126.91903154365718,4421.5,3.561,26.0,173,91,286,194.0,87.0,7.1,1170.0,309761,1,3.996999979019165
2026-07-02T11:09:30+00:00,37.4943139962852,126.91905794665217,4425.0,3.533,26.0,173,91,284,195.0,87.0,7.2,1160.0,310045,1,3.9630000591278076
2026-07-02T11:09:31+00:00,37.494321037083864,126.91908434964716,4427.5,3.506,27.0,173,91,281,195.0,86.0,7.2,1150.0,310326,1,3.936000108718872
2026-07-02T11:09:32+00:00,37.49432656913996,126.91911360248923,4430.0,3.481,27.0,172,91,279,196.0,86.0,7.3,1140.0,310605,1,3.9079999923706055
2026-07-02T11:09:33+00:00,37.49433210119605,126.91914293915033,4432.0,3.447,27.0,172,91,277,196.0,86.0,7.3,1130.0,310882,1,3.865999937057495
2026-07-02T11:09:34+00:00,37.49433545395732,126.91917177289724,4434.0,3.414,27.0,172,91,275,197.0,86.0,7.4,1130.0,311157,1,3.8269999027252197
2026-07-02T11:09:35+00:00,37.49433897435665,126.91920052282512,4437.0,3.342,27.0,173,90,272,197.0,86.0,7.4,1100.0,311429,1,3.75
2026-07-02T11:09:36+00:00,37.49434140510857,126.91922843456268,4440.0,3.272,27.0,173,90,270,198.0,86.0,7.5,1080.0,311699,1,3.671999931335449
2026-07-02T11:09:37+00:00,37.49434383586049,126.91925643011928,4443.0,3.122,27.0,173,90,264,199.0,86.0,7.6,1030.0,311963,1,3.502000093460083
2026-07-02T11:09:38+00:00,37.49434576369822,126.91928559914231,4446.0,2.972,27.0,173,91,259,201.0,86.0,7.7,980.0,312222,1,3.3359999656677246
2026-07-02T11:09:39+00:00,37.49434777535498,126.91931485198438,4449.0,2.803,27.0,173,91,247,203.0,85.0,7.9,920.0,312469,1,3.1500000953674316
2026-07-02T11:09:40+00:00,37.494350373744965,126.91934645175934,4452.0,2.636,27.0,174,91,235,205.0,85.0,8.1,870.0,312704,1,2.9630000591278076
2026-07-02T11:09:41+00:00,37.49435305595398,126.9193780515343,4455.5,2.664,28.0,174,91,222,206.0,84.0,8.3,870.0,312926,1,3.055000066757202
2026-07-02T11:09:42+00:00,37.494355738162994,126.91941384226084,4459.0,2.692,28.0,174,91,209,208.0,84.0,8.5,880.0,313135,1,3.1470000743865967
2026-07-02T11:09:43+00:00,37.49435858801007,126.91944971680641,4463.5,2.711,28.0,174,91,216,209.0,83.0,8.6,890.0,313351,1,3.1689999103546143
2026-07-02T11:09:44+00:00,37.49436185695231,126.91948936320841,4468.0,2.733,28.0,174,91,223,211.0,83.0,8.8,900.0,313574,1,3.194000005722046
2026-07-02T11:09:45+00:00,37.49436512589455,126.91952900961041,4472.0,2.753,28.0,174,92,224,212.0,82.0,8.9,900.0,313798,1,3.2219998836517334
2026-07-02T11:09:46+00:00,37.494369400665164,126.91957251168787,4476.0,2.775,29.0,174,93,226,213.0,82.0,9.0,900.0,314024,1,3.252000093460083
2026-07-02T11:09:47+00:00,37.49437359161675,126.91961601376534,4481.0,2.803,29.0,174,93,228,214.0,81.0,9.0,900.0,314252,1,3.2799999713897705
2026-07-02T11:09:48+00:00,37.494381135329604,126.91966261714697,4486.0,2.833,29.0,174,94,230,215.0,81.0,9.1,900.0,314482,1,3.311000108718872
2026-07-02T11:09:49+00:00,37.49438876286149,126.9197092205286,4490.0,2.853,29.0,174,94,232,216.0,80.0,8.9,910.0,314714,1,3.3329999446868896
2026-07-02T11:09:50+00:00,37.4943969771266,126.91975934430957,4494.0,2.872,29.0,174,94,234,217.0,79.0,8.8,920.0,314948,1,3.3580000400543213
2026-07-02T11:09:51+00:00,37.49440519139171,126.91980946809053,4497.5,2.908,29.0,174,93,236,218.0,78.0,8.7,930.0,315184,1,3.4049999713897705
2026-07-02T11:09:52+00:00,37.49440929852426,126.91985607147217,4501.0,2.947,29.0,174,93,238,219.0,78.0,8.6,950.0,315422,1,3.4519999027252197
2026-07-02T11:09:53+00:00,37.494413405656815,126.91990275867283,4505.0,2.969,29.0,174,93,241,219.0,77.0,8.4,960.0,315663,1,3.4749999046325684
2026-07-02T11:09:54+00:00,37.49441550113261,126.91994609311223,4509.0,2.994,29.0,174,92,244,220.0,77.0,8.3,970.0,315907,1,3.5
2026-07-02T11:09:55+00:00,37.4944175966084,126.91998951137066,4513.0,3.014,29.0,174,92,246,220.0,76.0,8.1,980.0,316153,1,3.4549999237060547
2026-07-02T11:09:56+00:00,37.49442254193127,126.92003393545747,4517.0,3.036,29.0,174,91,248,221.0,75.0,8.0,1000.0,316401,1,3.4130001068115234
2026-07-02T11:09:57+00:00,37.494427654892206,126.92007844336331,4520.0,3.064,29.0,174,91,244,221.0,75.0,7.9,1010.0,316645,1,3.440999984741211
2026-07-02T11:09:58+00:00,37.494430504739285,126.92012119106948,4523.0,3.092,29.0,174,91,240,221.0,75.0,7.8,1020.0,316885,1,3.4690001010894775
2026-07-02T11:09:59+00:00,37.49443327076733,126.92016402259469,4526.0,3.106,29.0,174,91,242,220.0,75.0,7.7,1020.0,317127,1,3.4860000610351562
2026-07-02T11:10:00+00:00,37.4944315943867,126.9202031660825,4529.0,3.119,29.0,174,91,244,219.0,75.0,7.6,1030.0,317371,1,3.502000093460083
2026-07-02T11:10:01+00:00,37.494430001825094,126.92024230957031,4530.0,3.122,29.0,174,91,245,218.0,76.0,7.6,1020.0,317616,1,3.437999963760376
2026-07-02T11:10:02+00:00,37.49443218111992,126.92027541808784,4531.0,3.125,29.0,174,91,247,217.0,77.0,7.6,1020.0,317863,1,3.374000072479248
2026-07-02T11:10:03+00:00,37.494434444233775,126.9203086104244,4532.0,2.972,29.0,174,91,241,216.0,77.0,7.7,970.0,318104,1,3.2079999446868896
2026-07-02T11:10:04+00:00,37.494436372071505,126.92033015191555,4533.0,2.822,29.0,174,90,236,216.0,78.0,7.8,930.0,318340,1,3.0409998893737793
2026-07-02T11:10:05+00:00,37.494438383728266,126.92035160958767,4534.5,2.6,29.0,174,89,224,217.0,79.0,8.0,860.0,318564,1,2.802000045776367
2026-07-02T11:10:06+00:00,37.49443519860506,126.92036334425211,4536.0,2.378,30.0,174,88,213,218.0,80.0,8.3,790.0,318777,1,2.565999984741211
2026-07-02T11:10:07+00:00,37.49443209730089,126.92037516273558,4537.5,2.222,30.0,174,87,196,219.0,81.0,8.7,750.0,318973,1,2.4000000953674316
2026-07-02T11:10:08+00:00,37.49442346394062,126.92038144916296,4539.0,2.067,30.0,174,86,180,221.0,83.0,9.2,710.0,319153,1,2.2330000400543213
2026-07-02T11:10:09+00:00,37.494414830580354,126.92038781940937,4540.0,1.969,30.0,174,84,168,223.0,85.0,9.8,680.0,319321,1,2.125
2026-07-02T11:10:10+00:00,37.494403682649136,126.92039209417999,4541.0,1.872,30.0,174,83,156,226.0,87.0,10.4,660.0,319477,1,2.0160000324249268
2026-07-02T11:10:11+00:00,37.49439253471792,126.92039653658867,4541.0,1.775,30.0,174,82,148,229.0,88.0,11.1,640.0,319625,1,1.847000002861023
2026-07-02T11:10:12+00:00,37.494382644072175,126.92040575668216,4541.0,1.681,29.0,174,80,141,233.0,90.0,11.8,630.0,319766,1,1.6799999475479126
2026-07-02T11:10:13+00:00,37.49437275342643,126.92041489295661,4544.5,1.633,29.0,173,81,134,236.0,91.0,12.6,600.0,319900,1,1.6330000162124634
2026-07-02T11:10:14+00:00,37.49436445534229,126.92043081857264,4548.0,1.586,29.0,172,82,127,240.0,92.0,13.5,580.0,320027,1,1.5859999656677246
2026-07-02T11:10:15+00:00,37.494356241077185,126.92044674418867,4549.5,1.6,29.0,171,82,123,243.0,93.0,14.2,580.0,320150,1,1.600000023841858
2026-07-02T11:10:16+00:00,37.49434484168887,126.92045680247247,4551.0,1.614,29.0,169,82,120,247.0,95.0,14.9,590.0,320270,1,1.6130000352859497
2026-07-02T11:10:17+00:00,37.49433352611959,126.92046702839434,4553.0,1.65,29.0,168,82,115,250.0,96.0,15.4,600.0,320385,1,1.649999976158142
2026-07-02T11:10:18+00:00,37.49431952834129,126.92046887241304,4555.0,1.689,29.0,166,83,111,254.0,98.0,15.9,610.0,320496,1,1.687999963760376
2026-07-02T11:10:19+00:00,37.494305530563,126.92047071643174,4557.0,1.739,29.0,165,83,113,257.0,98.0,16.1,620.0,320609,1,1.7380000352859497
2026-07-02T11:10:20+00:00,37.49428893439472,126.92046920768917,4559.0,1.792,29.0,164,84,116,260.0,99.0,16.4,640.0,320725,1,1.7910000085830688
2026-07-02T11:10:21+00:00,37.49427233822644,126.9204676989466,4561.5,1.825,29.0,162,83,119,263.0,100.0,16.4,650.0,320844,1,1.8250000476837158
2026-07-02T11:10:22+00:00,37.49425339512527,126.92046635784209,4564.0,1.858,29.0,161,83,123,267.0,101.0,16.5,660.0,320967,1,1.8580000400543213
2026-07-02T11:10:23+00:00,37.49423436820507,126.92046493291855,4566.0,1.9,29.0,160,82,125,270.0,102.0,16.3,680.0,321092,1,1.8969999551773071
2026-07-02T11:10:24+00:00,37.494214000180364,126.92046275362372,4568.0,1.942,29.0,158,82,128,273.0,103.0,16.2,710.0,321220,1,1.937999963760376
2026-07-02T11:10:25+00:00,37.494193548336625,126.92046065814793,4570.5,1.961,29.0,157,82,131,275.0,103.0,15.9,720.0,321351,1,1.9240000247955322
2026-07-02T11:10:26+00:00,37.49417376704514,126.92045881412923,4573.0,1.983,29.0,156,82,134,277.0,104.0,15.6,730.0,321485,1,1.9110000133514404
2026-07-02T11:10:27+00:00,37.49415406957269,126.92045705392957,4575.0,1.992,28.0,154,82,132,278.0,104.0,15.4,730.0,321617,1,1.9190000295639038
2026-07-02T11:10:28+00:00,37.494133869186044,126.92045571282506,4577.0,2.003,28.0,153,82,130,279.0,104.0,15.2,730.0,321747,1,1.9299999475479126
2026-07-02T11:10:29+00:00,37.49411375261843,126.92045445553958,4579.5,2.011,28.0,152,82,131,279.0,104.0,15.0,730.0,321878,1,1.937999963760376
2026-07-02T11:10:30+00:00,37.494093803688884,126.9204534497112,4582.0,2.019,28.0,150,83,132,280.0,104.0,14.8,730.0,322010,1,1.9490000009536743
2026-07-02T11:10:31+00:00,37.494073854759336,126.92045244388282,4584.0,2.028,28.0,149,83,132,279.0,104.0,14.6,730.0,322142,1,1.9270000457763672
2026-07-02T11:10:32+00:00,37.49405348673463,126.92044984549284,4586.0,2.039,28.0,148,83,133,278.0,105.0,14.5,730.0,322275,1,1.9049999713897705
2026-07-02T11:10:33+00:00,37.49403303489089,126.92044724710286,4587.5,2.047,28.0,147,83,130,277.0,105.0,14.4,730.0,322405,1,1.9129999876022339
2026-07-02T11:10:34+00:00,37.49401442706585,126.92044666036963,4589.0,2.056,28.0,146,83,128,276.0,105.0,14.4,740.0,322533,1,1.9240000247955322
2026-07-02T11:10:35+00:00,37.49399598687887,126.92044598981738,4591.0,2.075,28.0,144,83,129,274.0,105.0,14.3,740.0,322662,1,1.9129999876022339
2026-07-02T11:10:36+00:00,37.493978971615434,126.92044431343675,4593.0,2.097,28.0,143,83,130,273.0,105.0,14.3,750.0,322792,1,1.9019999504089355
2026-07-02T11:10:37+00:00,37.493961956351995,126.92044272087514,4595.5,2.117,27.0,142,84,128,272.0,105.0,14.2,750.0,322920,1,1.9190000295639038
2026-07-02T11:10:38+00:00,37.493944773450494,126.92043920047581,4598.0,2.136,27.0,141,84,126,271.0,105.0,14.2,760.0,323046,1,1.937999963760376
2026-07-02T11:10:39+00:00,37.493927674368024,126.92043584771454,4600.5,2.15,27.0,140,84,127,270.0,104.0,14.1,760.0,323173,1,1.9470000267028809
2026-07-02T11:10:40+00:00,37.493908144533634,126.92043400369585,4603.0,2.164,27.0,139,85,129,269.0,104.0,14.0,760.0,323302,1,1.9579999446868896
2026-07-02T11:10:41+00:00,37.49388878233731,126.92043224349618,4605.5,2.169,27.0,138,84,129,269.0,104.0,13.9,760.0,323431,1,1.937999963760376
2026-07-02T11:10:42+00:00,37.493867576122284,126.92043182440102,4608.0,2.175,27.0,137,84,130,269.0,104.0,13.8,770.0,323561,1,1.9220000505447388
2026-07-02T11:10:43+00:00,37.49384636990726,126.92043140530586,4610.0,2.178,27.0,137,84,128,268.0,103.0,13.6,770.0,323689,1,1.9220000505447388
2026-07-02T11:10:44+00:00,37.49382499605417,126.92042905837297,4612.0,2.181,27.0,136,84,126,267.0,103.0,13.5,770.0,323815,1,1.9220000505447388
2026-07-02T11:10:45+00:00,37.49380353838205,126.92042671144009,4614.5,2.183,27.0,136,84,126,266.0,102.0,13.4,770.0,323941,1,1.9240000247955322
2026-07-02T11:10:46+00:00,37.49378300271928,126.92042386159301,4617.0,2.186,27.0,135,85,126,266.0,102.0,13.3,780.0,324067,1,1.9299999475479126
2026-07-02T11:10:47+00:00,37.49376246705651,126.9204209279269,4618.5,2.189,26.0,135,85,126,265.0,101.0,13.2,770.0,324193,1,1.9299999475479126
2026-07-02T11:10:48+00:00,37.49374226666987,126.92041941918433,4620.0,2.192,26.0,134,85,126,265.0,100.0,13.1,770.0,324319,1,1.9299999475479126
2026-07-02T11:10:49+00:00,37.493722066283226,126.92041799426079,4622.0,2.2,26.0,134,85,126,264.0,100.0,13.0,770.0,324445,1,1.937999963760376
2026-07-02T11:10:50+00:00,37.49370379373431,126.92041690461338,4624.0,2.208,26.0,134,86,126,263.0,100.0,12.9,780.0,324571,1,1.9470000267028809
2026-07-02T11:10:51+00:00,37.49368560500443,126.920415898785,4626.5,2.208,26.0,133,85,126,262.0,99.0,12.8,770.0,324697,1,1.9470000267028809
2026-07-02T11:10:52+00:00,37.49366934411228,126.92041782662272,4629.0,2.211,26.0,133,85,127,261.0,99.0,12.8,770.0,324824,1,1.9470000267028809
2026-07-02T11:10:53+00:00,37.49365325085819,126.92041975446045,4631.5,2.197,26.0,133,84,127,260.0,99.0,12.8,770.0,324951,1,1.9329999685287476
2026-07-02T11:10:54+00:00,37.49363732524216,126.92043039947748,4634.0,2.183,26.0,132,84,127,260.0,99.0,12.8,780.0,325078,1,1.9220000505447388
2026-07-02T11:10:55+00:00,37.49362148344517,126.92044112831354,4637.0,2.178,26.0,131,84,126,259.0,98.0,12.7,780.0,325204,1,1.9160000085830688
2026-07-02T11:10:56+00:00,37.493606647476554,126.92046065814793,4640.0,2.172,26.0,131,84,126,259.0,98.0,12.7,780.0,325330,1,1.9110000133514404
2026-07-02T11:10:57+00:00,37.49359189532697,126.92048027180135,4643.5,2.175,25.0,131,84,125,258.0,98.0,12.7,770.0,325455,1,1.9160000085830688
2026-07-02T11:10:58+00:00,37.49357747845352,126.92050742916763,4647.0,2.178,25.0,130,85,125,258.0,98.0,12.7,770.0,325580,1,1.9220000505447388
2026-07-02T11:10:59+00:00,37.493563145399094,126.92053475417197,4650.0,2.203,25.0,130,85,125,258.0,98.0,12.6,770.0,325705,1,1.940999984741211
2026-07-02T11:11:00+00:00,37.49355023726821,126.92056895233691,4653.0,2.228,25.0,130,86,126,258.0,98.0,12.6,770.0,325831,1,1.9630000591278076
2026-07-02T11:11:01+00:00,37.49353749677539,126.92060315050185,4657.0,2.278,25.0,130,87,127,257.0,98.0,12.6,780.0,325958,1,2.007999897003174
2026-07-02T11:11:02+00:00,37.4935264326632,126.92063751630485,4661.0,2.328,24.0,129,88,129,256.0,98.0,12.6,790.0,326087,1,2.052000045776367
2026-07-02T11:11:03+00:00,37.49351545237005,126.92067196592689,4663.5,2.358,24.0,129,87,131,255.0,97.0,12.5,800.0,326218,1,2.0769999027252197
2026-07-02T11:11:04+00:00,37.493507489562035,126.92070960067213,4666.0,2.392,24.0,129,87,134,254.0,97.0,12.4,820.0,326352,1,2.1050000190734863
2026-07-02T11:11:05+00:00,37.49349952675402,126.92074740305543,4669.0,2.411,24.0,129,87,136,253.0,97.0,12.3,830.0,326488,1,2.121999979019165
2026-07-02T11:11:06+00:00,37.4934936594218,126.92078269086778,4672.0,2.431,24.0,129,87,138,252.0,97.0,12.2,840.0,326626,1,2.1410000324249268
2026-07-02T11:11:07+00:00,37.49348779208958,126.92081806249917,4675.5,2.458,24.0,129,88,139,251.0,96.0,12.0,840.0,326765,1,2.1659998893737793
2026-07-02T11:11:08+00:00,37.49348443932831,126.92085200920701,4679.0,2.486,24.0,129,89,140,250.0,96.0,11.9,840.0,326905,1,2.194000005722046
2026-07-02T11:11:09+00:00,37.493481170386076,126.92088603973389,4682.0,2.519,24.0,129,89,142,248.0,96.0,11.7,850.0,327047,1,2.2190001010894775
2026-07-02T11:11:10+00:00,37.49347999691963,126.92092191427946,4685.0,2.553,24.0,129,89,144,247.0,96.0,11.6,860.0,327191,1,2.246999979019165
2026-07-02T11:11:11+00:00,37.493478739634156,126.92095787264407,4687.0,2.581,24.0,129,89,145,245.0,95.0,11.4,860.0,327336,1,2.305000066757202
2026-07-02T11:11:12+00:00,37.49347748234868,126.92099274136126,4689.0,2.611,24.0,129,89,147,244.0,95.0,11.3,870.0,327483,1,2.36299991607666
2026-07-02T11:11:13+00:00,37.49347614124417,126.92102769389749,4692.0,2.625,24.0,129,89,152,243.0,94.0,11.1,870.0,327635,1,2.377000093460083
2026-07-02T11:11:14+00:00,37.49347245320678,126.92105770111084,4695.0,2.639,24.0,129,89,157,242.0,94.0,11.0,880.0,327792,1,2.3910000324249268
2026-07-02T11:11:15+00:00,37.49346876516938,126.92108779214323,4698.0,2.644,24.0,129,89,158,240.0,93.0,10.9,880.0,327950,1,2.3940000534057617
2026-07-02T11:11:16+00:00,37.49346264638007,126.92111645825207,4701.0,2.653,24.0,129,90,159,239.0,93.0,10.8,880.0,328109,1,2.4000000953674316
2026-07-02T11:11:17+00:00,37.493456695228815,126.92114512436092,4704.5,2.675,24.0,129,90,159,237.0,92.0,10.6,890.0,328268,1,2.421999931335449
2026-07-02T11:11:18+00:00,37.493451749905944,126.921177059412,4708.0,2.7,24.0,129,90,160,236.0,92.0,10.5,900.0,328428,1,2.447000026702881
2026-07-02T11:11:19+00:00,37.493446972221136,126.92120899446309,4711.0,2.725,24.0,129,90,161,234.0,91.0,10.4,910.0,328589,1,2.4690001010894775
2026-07-02T11:11:20+00:00,37.49344387091696,126.92124403081834,4714.0,2.75,24.0,129,90,163,233.0,91.0,10.3,920.0,328752,1,2.490999937057495
2026-07-02T11:11:21+00:00,37.49344085343182,126.92127915099263,4717.0,2.767,24.0,129,90,164,232.0,91.0,10.2,920.0,328916,1,2.5439999103546143
2026-07-02T11:11:22+00:00,37.49343825504184,126.92131376825273,4720.0,2.783,24.0,129,90,166,231.0,91.0,10.1,930.0,329082,1,2.5969998836517334
2026-07-02T11:11:23+00:00,37.493435740470886,126.9213483016938,4723.0,2.792,24.0,129,89,170,230.0,91.0,10.0,930.0,329252,1,2.6050000190734863
2026-07-02T11:11:24+00:00,37.49343347735703,126.92138249985874,4726.0,2.803,24.0,129,89,175,229.0,91.0,10.0,940.0,329427,1,2.615999937057495
2026-07-02T11:11:25+00:00,37.493431298062205,126.92141669802368,4729.0,2.811,24.0,129,89,175,227.0,91.0,9.9,940.0,329602,1,2.6689999103546143
2026-07-02T11:11:26+00:00,37.493428867310286,126.92145156674087,4732.0,2.819,24.0,130,89,176,226.0,91.0,9.8,950.0,329778,1,2.7219998836517334
2026-07-02T11:11:27+00:00,37.493426436558366,126.92148635163903,4734.5,2.833,23.0,130,89,181,225.0,91.0,9.8,950.0,329959,1,2.7860000133514404
2026-07-02T11:11:28+00:00,37.49342383816838,126.92152013070881,4737.0,2.85,23.0,130,90,186,225.0,91.0,9.8,950.0,330145,1,2.8499999046325684
2026-07-02T11:11:29+00:00,37.4934212397784,126.9215539097786,4740.0,2.894,23.0,130,90,187,224.0,91.0,9.7,960.0,330332,1,2.8940000534057617
2026-07-02T11:11:30+00:00,37.493418054655194,126.92158634774387,4743.0,2.939,23.0,130,90,188,223.0,91.0,9.7,980.0,330520,1,2.937999963760376
2026-07-02T11:11:31+00:00,37.49341495335102,126.92161886952817,4746.0,2.953,23.0,130,90,191,222.0,91.0,9.6,980.0,330711,1,2.9519999027252197
2026-07-02T11:11:32+00:00,37.4934106785804,126.92165130749345,4749.0,2.967,23.0,130,90,194,222.0,91.0,9.6,980.0,330905,1,2.9660000801086426
2026-07-02T11:11:33+00:00,37.493406403809786,126.92168391309679,4752.0,2.969,23.0,130,90,199,221.0,91.0,9.5,980.0,331104,1,2.9690001010894775
2026-07-02T11:11:34+00:00,37.49340204522014,126.92171693779528,4755.0,2.975,23.0,130,90,205,220.0,92.0,9.5,990.0,331309,1,2.9749999046325684
2026-07-02T11:11:35+00:00,37.49339785426855,126.92174996249378,4758.0,2.978,23.0,130,90,205,219.0,92.0,9.5,990.0,331514,1,2.9769999980926514
2026-07-02T11:11:36+00:00,37.49339433386922,126.92178256809711,4761.0,2.981,23.0,131,90,205,219.0,92.0,9.5,990.0,331719,1,2.9800000190734863
2026-07-02T11:11:37+00:00,37.49339098110795,126.92181508988142,4763.5,2.981,23.0,132,90,205,218.0,92.0,9.4,990.0,331924,1,2.9800000190734863
2026-07-02T11:11:38+00:00,37.49338888563216,126.92184761166573,4766.0,2.983,23.0,133,90,205,218.0,93.0,9.4,990.0,332129,1,2.9830000400543213
2026-07-02T11:11:39+00:00,37.493386790156364,126.92188021726906,4769.0,2.983,23.0,134,90,205,218.0,93.0,9.4,990.0,332334,1,2.9830000400543213
2026-07-02T11:11:40+00:00,37.493383856490254,126.9219125714153,4772.0,2.986,23.0,135,90,205,218.0,93.0,9.4,1000.0,332539,1,2.9860000610351562
2026-07-02T11:11:41+00:00,37.49338109046221,126.92194484174252,4774.5,2.986,23.0,135,90,205,217.0,93.0,9.3,1000.0,332744,1,2.9860000610351562
2026-07-02T11:11:42+00:00,37.49337648041546,126.92197585478425,4777.0,2.986,23.0,136,90,206,217.0,93.0,9.3,1000.0,332950,1,2.9860000610351562
2026-07-02T11:11:43+00:00,37.49337187036872,126.92200695164502,4779.5,2.983,23.0,137,90,206,217.0,92.0,9.3,990.0,333156,1,2.9830000400543213
2026-07-02T11:11:44+00:00,37.49336197972298,126.92203368991613,4782.0,2.981,23.0,138,90,206,217.0,92.0,9.3,990.0,333362,1,2.9800000190734863
2026-07-02T11:11:45+00:00,37.493352172896266,126.92206051200628,4784.5,2.969,23.0,139,89,205,217.0,91.0,9.2,990.0,333567,1,2.9690001010894775
2026-07-02T11:11:46+00:00,37.49333566054702,126.92208129912615,4787.0,2.961,23.0,140,89,205,217.0,91.0,9.2,990.0,333772,1,2.9609999656677246
2026-07-02T11:11:47+00:00,37.49331914819777,126.92210225388408,4790.0,2.95,23.0,140,89,204,217.0,91.0,9.1,990.0,333976,1,2.9489998817443848
2026-07-02T11:11:48+00:00,37.493300791829824,126.92212035879493,4793.0,2.942,23.0,141,89,204,217.0,91.0,9.1,990.0,334180,1,2.940999984741211
2026-07-02T11:11:49+00:00,37.49328235164285,126.92213846370578,4795.5,2.925,23.0,142,89,203,217.0,90.0,9.1,980.0,334383,1,2.9240000247955322
2026-07-02T11:11:50+00:00,37.49326642602682,126.9221596699208,4798.0,2.911,23.0,143,89,203,218.0,90.0,9.1,980.0,334586,1,2.9110000133514404
2026-07-02T11:11:51+00:00,37.49325066804886,126.92218095995486,4800.5,2.894,23.0,144,88,201,218.0,90.0,9.1,980.0,334787,1,2.8940000534057617
2026-07-02T11:11:52+00:00,37.493238765746355,126.9222066923976,4803.0,2.881,23.0,145,88,200,218.0,90.0,9.2,980.0,334987,1,2.880000114440918
2026-07-02T11:11:53+00:00,37.49322686344385,126.92223250865936,4805.5,2.867,23.0,146,88,199,218.0,90.0,9.2,970.0,335186,1,2.865999937057495
2026-07-02T11:11:54+00:00,37.49321806244552,126.92226025275886,4808.0,2.856,23.0,146,88,198,219.0,90.0,9.2,970.0,335384,1,2.8550000190734863
2026-07-02T11:11:55+00:00,37.49320934526622,126.92228791303933,4810.5,2.844,23.0,146,88,197,219.0,90.0,9.2,960.0,335581,1,2.8440001010894775
2026-07-02T11:11:56+00:00,37.49320054426789,126.92231339402497,4813.0,2.836,23.0,146,88,197,220.0,90.0,9.3,960.0,335778,1,2.8359999656677246
2026-07-02T11:11:57+00:00,37.49319174326956,126.92233904264867,4816.0,2.819,23.0,147,88,196,220.0,90.0,9.3,960.0,335974,1,2.819000005722046
2026-07-02T11:11:58+00:00,37.49317732639611,126.922358404845,4819.0,2.806,23.0,147,88,196,221.0,91.0,9.3,960.0,336170,1,2.805000066757202
2026-07-02T11:11:59+00:00,37.493162993341684,126.92237793467939,4822.0,2.8,23.0,147,88,195,221.0,91.0,9.3,950.0,336365,1,2.7990000247955322
2026-07-02T11:12:00+00:00,37.493140529841185,126.9223879929632,4825.0,2.794,23.0,147,88,194,222.0,91.0,9.4,950.0,336559,1,2.7939999103546143
2026-07-02T11:12:01+00:00,37.49311823397875,126.92239813506603,4828.0,2.803,23.0,147,88,193,222.0,91.0,9.4,950.0,336752,1,2.802000045776367
2026-07-02T11:12:02+00:00,37.493091747164726,126.92239847034216,4831.0,2.811,23.0,147,88,192,223.0,91.0,9.5,950.0,336944,1,2.811000108718872
2026-07-02T11:12:03+00:00,37.493065344169736,126.92239872179925,4834.0,2.831,23.0,147,88,193,223.0,91.0,9.5,950.0,337137,1,2.8299999237060547
2026-07-02T11:12:04+00:00,37.49303810298443,126.92239344120026,4837.0,2.853,23.0,147,89,194,224.0,91.0,9.6,960.0,337331,1,2.8519999980926514
2026-07-02T11:12:05+00:00,37.49301077798009,126.92238824442029,4839.5,2.875,23.0,147,89,195,224.0,91.0,9.6,960.0,337526,1,2.875
2026-07-02T11:12:06+00:00,37.49298387207091,126.92237961106002,4842.0,2.9,23.0,147,90,196,224.0,91.0,9.6,970.0,337722,1,2.8989999294281006
2026-07-02T11:12:07+00:00,37.49295704998076,126.92237114533782,4843.5,2.919,23.0,147,90,198,223.0,91.0,9.5,970.0,337920,1,2.9189999103546143
2026-07-02T11:12:08+00:00,37.49293198809028,126.92236879840493,4845.0,2.942,23.0,146,90,200,223.0,92.0,9.5,980.0,338120,1,2.940999984741211
2026-07-02T11:12:09+00:00,37.492906926199794,126.92236653529108,4847.5,2.944,23.0,146,90,201,223.0,92.0,9.5,980.0,338321,1,2.944000005722046
2026-07-02T11:12:10+00:00,37.49288655817509,126.92237843759358,4850.0,2.95,23.0,146,90,203,223.0,92.0,9.5,980.0,338524,1,2.9489998817443848
2026-07-02T11:12:11+00:00,37.49286627396941,126.92239033989608,4853.5,2.95,23.0,146,89,203,222.0,92.0,9.4,980.0,338727,1,2.9489998817443848
2026-07-02T11:12:12+00:00,37.492854706943035,126.92239872179925,4857.0,2.95,23.0,146,89,203,222.0,92.0,9.4,990.0,338930,1,2.9489998817443848
2026-07-02T11:12:13+00:00,37.49284313991666,126.92240710370243,4857.0,2.947,23.0,146,89,203,222.0,92.0,9.4,990.0,339133,1,2.947000026702881
2026-07-02T11:12:14+00:00,37.49283165670931,126.92241565324366,4857.0,2.947,23.0,146,89,203,222.0,92.0,9.4,990.0,339336,1,2.947000026702881
2026-07-02T11:12:15+00:00,37.492818580940366,126.9224276393652,4863.5,2.947,23.0,146,89,203,221.0,92.0,9.3,990.0,339539,1,2.947000026702881
2026-07-02T11:12:16+00:00,37.49280558899045,126.92243970930576,4870.0,2.947,23.0,146,89,203,221.0,92.0,9.3,990.0,339742,1,2.947000026702881
2026-07-02T11:12:17+00:00,37.492792597040534,126.92245186306536,4873.5,2.944,23.0,147,89,203,221.0,92.0,9.3,990.0,339945,1,2.944000005722046
2026-07-02T11:12:18+00:00,37.49277960509062,126.92246393300593,4877.0,2.942,23.0,147,89,203,221.0,92.0,9.3,990.0,340148,1,2.940999984741211
2026-07-02T11:12:19+00:00,37.49274314381182,126.92250601015985,4877.0,2.942,23.0,147,89,203,220.0,92.0,9.3,990.0,340351,1,2.940999984741211
2026-07-02T11:12:20+00:00,37.49270676635206,126.9225481711328,4877.0,2.942,23.0,147,89,203,220.0,92.0,9.3,990.0,340554,1,2.940999984741211
2026-07-02T11:12:21+00:00,37.49269628897309,126.92256342619658,4877.0,2.942,23.0,147,89,203,219.0,92.0,9.3,990.0,340757,1,2.940999984741211
2026-07-02T11:12:22+00:00,37.49268589541316,126.92257884889841,4877.0,2.942,22.0,147,89,203,219.0,92.0,9.3,990.0,340960,1,2.940999984741211
2026-07-02T11:12:23+00:00,37.49267550185323,126.92259427160025,4886.0,2.925,22.0,147,88,203,219.0,92.0,9.3,990.0,341163,1,2.9240000247955322
2026-07-02T11:12:24+00:00,37.49266502447426,126.92260961048305,4895.0,2.908,22.0,147,88,203,219.0,93.0,9.4,990.0,341366,1,2.9079999923706055
2026-07-02T11:12:25+00:00,37.49265463091433,126.92262503318489,4897.5,2.903,22.0,147,88,201,219.0,93.0,9.4,980.0,341567,1,2.9019999504089355
2026-07-02T11:12:26+00:00,37.4926180858165,126.92267507314682,4900.0,2.897,22.0,147,88,200,219.0,93.0,9.4,980.0,341767,1,2.8970000743865967
2026-07-02T11:12:27+00:00,37.492581540718675,126.92272502928972,4902.5,2.889,22.0,147,88,200,219.0,93.0,9.4,980.0,341967,1,2.888000011444092
2026-07-02T11:12:28+00:00,37.49255337752402,126.9227503426373,4905.0,2.881,22.0,147,88,200,219.0,94.0,9.5,980.0,342167,1,2.880000114440918
2026-07-02T11:12:29+00:00,37.492525298148394,126.92277565598488,4908.0,2.869,22.0,147,88,199,219.0,94.0,9.5,970.0,342366,1,2.86899995803833
2026-07-02T11:12:30+00:00,37.492498978972435,126.92278504371643,4911.0,2.858,22.0,147,88,198,220.0,94.0,9.6,970.0,342564,1,2.8580000400543213
2026-07-02T11:12:31+00:00,37.492472659796476,126.92279443144798,4914.0,2.853,22.0,147,88,197,220.0,94.0,9.6,970.0,342761,1,2.805000066757202
2026-07-02T11:12:32+00:00,37.49244634062052,126.92279334180057,4917.0,2.85,22.0,147,88,197,220.0,94.0,9.6,970.0,342958,1,2.752000093460083
2026-07-02T11:12:33+00:00,37.49242018908262,126.92279225215316,4920.0,2.825,22.0,147,88,192,220.0,93.0,9.6,960.0,343150,1,2.7269999980926514
2026-07-02T11:12:34+00:00,37.492393450811505,126.92278646863997,4923.0,2.8,22.0,147,88,188,221.0,93.0,9.6,950.0,343338,1,2.7019999027252197
2026-07-02T11:12:35+00:00,37.49236679635942,126.92278060130775,4926.0,2.789,22.0,147,88,186,221.0,93.0,9.6,950.0,343524,1,2.73799991607666
2026-07-02T11:12:36+00:00,37.49233989045024,126.92277431488037,4929.0,2.778,22.0,147,88,184,222.0,93.0,9.6,950.0,343708,1,2.7769999504089355
2026-07-02T11:12:37+00:00,37.49231298454106,126.92276802845299,4932.5,2.775,22.0,147,88,187,222.0,92.0,9.6,950.0,343895,1,2.7739999294281006
2026-07-02T11:12:38+00:00,37.49228524044156,126.92276149056852,4936.0,2.772,22.0,147,88,191,223.0,92.0,9.6,950.0,344086,1,2.7720000743865967
2026-07-02T11:12:39+00:00,37.492257663980126,126.92275512032211,4939.5,2.756,22.0,147,88,191,224.0,92.0,9.6,940.0,344277,1,2.755000114440918
2026-07-02T11:12:40+00:00,37.49222849495709,126.92274606786668,4943.0,2.742,22.0,147,88,191,225.0,92.0,9.7,930.0,344468,1,2.740999937057495
2026-07-02T11:12:41+00:00,37.49219924211502,126.92273701541126,4947.0,2.725,22.0,147,88,190,225.0,92.0,9.7,920.0,344658,1,2.7249999046325684
2026-07-02T11:12:42+00:00,37.492168145254254,126.92273005843163,4951.0,2.708,22.0,147,88,189,226.0,92.0,9.7,920.0,344847,1,2.7079999446868896
2026-07-02T11:12:43+00:00,37.49213704839349,126.92272301763296,4954.0,2.697,22.0,147,88,188,226.0,92.0,9.7,920.0,345035,1,2.697000026702881
2026-07-02T11:12:44+00:00,37.49210486188531,126.92271681502461,4957.0,2.689,22.0,147,88,187,227.0,92.0,9.8,920.0,345222,1,2.687999963760376
2026-07-02T11:12:45+00:00,37.49207275919616,126.9227106962353,4960.0,2.692,22.0,147,88,186,227.0,91.0,9.8,910.0,345408,1,2.690999984741211
2026-07-02T11:12:46+00:00,37.49204174615443,126.92270617000759,4963.0,2.694,22.0,147,88,185,228.0,91.0,9.9,910.0,345593,1,2.694000005722046
2026-07-02T11:12:47+00:00,37.492010900750756,126.92270164377987,4965.5,2.7,21.0,147,88,185,228.0,91.0,9.9,910.0,345778,1,2.700000047683716
2026-07-02T11:12:48+00:00,37.49198357574642,126.92269636318088,4968.0,2.706,21.0,147,88,185,229.0,91.0,9.9,920.0,345963,1,2.7049999237060547
2026-07-02T11:12:49+00:00,37.49195625074208,126.92269116640091,4971.0,2.708,21.0,147,87,186,230.0,91.0,9.9,920.0,346149,1,2.7079999446868896
2026-07-02T11:12:50+00:00,37.49193227849901,126.92268379032612,4974.0,2.714,21.0,147,87,187,231.0,92.0,9.9,930.0,346336,1,2.7109999656677246
2026-07-02T11:12:51+00:00,37.49190830625594,126.92267649807036,4977.5,2.717,21.0,147,87,187,231.0,92.0,9.9,930.0,346523,1,2.6659998893737793
2026-07-02T11:12:52+00:00,37.491883831098676,126.92266702651978,4981.0,2.719,21.0,147,87,187,232.0,92.0,10.0,930.0,346710,1,2.624000072479248
2026-07-02T11:12:53+00:00,37.49185960739851,126.92265763878822,4984.0,2.722,21.0,147,87,183,232.0,92.0,10.0,930.0,346893,1,2.630000114440918
2026-07-02T11:12:54+00:00,37.49183270148933,126.922646490857,4987.0,2.725,21.0,147,87,179,232.0,92.0,10.0,930.0,347072,1,2.635999917984009
2026-07-02T11:12:55+00:00,37.49180579558015,126.92263542674482,4990.5,2.728,21.0,147,88,179,232.0,92.0,10.0,930.0,347251,1,2.5910000801086426
2026-07-02T11:12:56+00:00,37.49177796766162,126.92262553609908,4994.0,2.733,21.0,147,88,180,233.0,93.0,10.0,930.0,347431,1,2.549999952316284
2026-07-02T11:12:57+00:00,37.49175013974309,126.92261572927237,4996.5,2.736,20.0,147,88,176,233.0,93.0,10.0,930.0,347607,1,2.552000045776367
2026-07-02T11:12:58+00:00,37.491722060367465,126.92260860465467,4999.0,2.742,20.0,147,88,172,233.0,93.0,10.0,930.0,347779,1,2.558000087738037
2026-07-02T11:12:59+00:00,37.49169406481087,126.92260164767504,5001.0,2.744,20.0,147,88,172,232.0,93.0,10.0,930.0,347951,1,2.562999963760376
2026-07-02T11:13:00+00:00,37.491667829453945,126.92259343340993,5003.0,2.75,20.0,147,88,172,232.0,94.0,10.1,940.0,348123,1,2.569000005722046
2026-07-02T11:13:01+00:00,37.49164176173508,126.92258530296385,5005.5,2.75,20.0,147,88,172,232.0,94.0,10.1,940.0,348295,1,2.569000005722046
2026-07-02T11:13:02+00:00,37.49162248335779,126.92257323302329,5008.0,2.753,20.0,147,88,173,232.0,94.0,10.1,940.0,348468,1,2.569000005722046
2026-07-02T11:13:03+00:00,37.491603288799524,126.92256116308272,5012.0,2.764,20.0,147,88,173,232.0,94.0,10.1,940.0,348641,1,2.5829999446868896
2026-07-02T11:13:04+00:00,37.49159390106797,126.92253853194416,5016.0,2.778,20.0,147,88,173,232.0,94.0,10.1,940.0,348814,1,2.5969998836517334
2026-07-02T11:13:05+00:00,37.49158459715545,126.92251590080559,5019.5,2.794,20.0,147,88,174,232.0,94.0,10.0,940.0,348988,1,2.6110000610351562
2026-07-02T11:13:06+00:00,37.49158459715545,126.92248220555484,5023.0,2.814,20.0,147,89,175,232.0,94.0,10.0,950.0,349163,1,2.624000072479248
2026-07-02T11:13:07+00:00,37.49158459715545,126.92244859412313,5026.0,2.833,20.0,147,89,176,231.0,93.0,9.9,950.0,349339,1,2.6470000743865967
2026-07-02T11:13:08+00:00,37.49158987775445,126.92240986973047,5029.0,2.856,20.0,147,89,177,231.0,93.0,9.9,960.0,349516,1,2.671999931335449
2026-07-02T11:13:09+00:00,37.49159515835345,126.92237114533782,5032.0,2.861,20.0,147,89,178,230.0,93.0,9.8,960.0,349694,1,2.674999952316284
2026-07-02T11:13:10+00:00,37.491602282971144,126.92233233712614,5035.0,2.867,20.0,147,89,180,230.0,93.0,9.8,960.0,349874,1,2.680000066757202
2026-07-02T11:13:11+00:00,37.49160940758884,126.92229352891445,5038.0,2.881,20.0,147,89,180,229.0,92.0,9.7,960.0,350054,1,2.73799991607666
2026-07-02T11:13:12+00:00,37.491617454215884,126.92225757054985,5041.0,2.897,20.0,147,89,181,228.0,92.0,9.6,970.0,350235,1,2.7990000247955322
2026-07-02T11:13:13+00:00,37.49162558466196,126.92222161218524,5044.0,2.903,20.0,147,89,186,227.0,92.0,9.5,970.0,350421,1,2.802000045776367
2026-07-02T11:13:14+00:00,37.49163346365094,126.92218841984868,5047.0,2.908,20.0,147,89,191,226.0,92.0,9.5,980.0,350612,1,2.808000087738037
2026-07-02T11:13:15+00:00,37.49164134263992,126.92215522751212,5050.5,2.911,20.0,147,88,191,225.0,92.0,9.5,980.0,350803,1,2.808000087738037
2026-07-02T11:13:16+00:00,37.49164838343859,126.92212169989944,5054.0,2.914,20.0,147,88,192,225.0,92.0,9.5,990.0,350995,1,2.808000087738037
2026-07-02T11:13:17+00:00,37.49165542423725,126.92208825610578,5057.5,2.919,19.0,147,88,192,224.0,92.0,9.4,990.0,351187,1,2.815999984741211
2026-07-02T11:13:18+00:00,37.49166414141655,126.92205414175987,5061.0,2.925,19.0,147,88,192,224.0,92.0,9.4,1000.0,351379,1,2.8269999027252197
2026-07-02T11:13:19+00:00,37.49167285859585,126.922020111233,5064.0,2.931,19.0,147,88,192,223.0,92.0,9.4,1000.0,351571,1,2.8329999446868896
2026-07-02T11:13:20+00:00,37.4916840903461,126.92198616452515,5067.0,2.939,19.0,147,88,193,223.0,92.0,9.4,1000.0,351764,1,2.8380000591278076
2026-07-02T11:13:21+00:00,37.49169540591538,126.92195213399827,5070.5,2.944,19.0,147,88,193,223.0,92.0,9.3,1000.0,351957,1,2.8410000801086426
2026-07-02T11:13:22+00:00,37.49170797877014,126.92191793583333,5074.0,2.95,19.0,147,88,194,223.0,92.0,9.3,1000.0,352151,1,2.8469998836517334
2026-07-02T11:13:23+00:00,37.491720635443926,126.9218837376684,5077.0,2.967,,147,89,194,222.0,92.0,9.3,990.0,352345,1,2.8610000610351562
2026-07-02T11:13:24+00:00,37.49173119664192,126.92184903658926,5080.0,2.983,,147,90,194,221.0,93.0,9.3,990.0,352539,1,2.877000093460083
2026-07-02T11:13:25+00:00,37.49174175783992,126.92181441932917,5083.04,,,147,,,,,,,,1,nan
