timestamp,position_lat,position_long,distance,speed,altitude,heart_rate,cadence,power,temperature,dev_grd_pct,dev_ngp,vertical_speed
2026-07-10T21:32:10+00:00,,,0.0,,,,,,,,,
2026-07-10T21:32:11+00:00,37.46821828186512,126.94623174145818,,,,,,,,,,
2026-07-10T21:32:12+00:00,37.468211660161614,126.9462616648525,,,,87,,,,-0.25685563683509827,0.7536265254020691,
2026-07-10T21:32:13+00:00,37.46820168569684,126.94629829376936,,,,88,,,,0.02221270278096199,1.0407663583755493,
2026-07-10T21:32:14+00:00,37.468191711232066,126.94632670842111,,,,87,,,,0.23066407442092896,1.0480529069900513,
2026-07-10T21:32:15+00:00,37.468183329328895,126.94635503925383,,,,87,,,,0.2530302107334137,1.8253934383392334,
2026-07-10T21:32:16+00:00,37.46817327104509,126.94638831540942,,,,88,,,,0.3729235529899597,1.8328399658203125,
2026-07-10T21:32:17+00:00,37.46815667487681,126.94641496986151,,,,88,,,,0.41286149621009827,2.1902430057525635,
2026-07-10T21:32:18+00:00,37.46813831850886,126.94644330069423,20.0,,60.200000000000045,89,88,148,30,0.32047703862190247,2.1833550930023193,0.0
2026-07-10T21:32:19+00:00,37.46811828576028,126.94646500982344,23.0,2.54,60.0,90,88,140,30,0.19457747042179108,2.546492099761963,0.0
2026-07-10T21:32:20+00:00,37.46810001321137,126.94648831151426,26.0,2.54,60.0,91,88,163,30,0.1159404069185257,2.539783239364624,0.0
2026-07-10T21:32:21+00:00,37.468081740662456,126.94651496596634,29.0,2.76,60.200000000000045,90,88,164,30,0.034028831869363785,2.7531065940856934,0.0
2026-07-10T21:32:22+00:00,37.468061707913876,126.94654170423746,32.0,2.76,60.200000000000045,91,89,181,30,-0.038534943014383316,2.7464964389801025,0.0
2026-07-10T21:32:23+00:00,37.468041675165296,126.94656500592828,35.0,2.86,60.200000000000045,92,89,182,30,-0.10682574659585953,2.84993839263916,0.0
2026-07-10T21:32:24+00:00,37.46802172623575,126.946593336761,39.0,2.86,60.39999999999998,,89,192,30,-0.17652882635593414,2.8434395790100098,0.0
2026-07-10T21:32:25+00:00,37.4679983407259,126.94661999121308,42.0,2.98,60.39999999999998,93,89,193,30,-0.2372465580701828,2.9469685554504395,0.0
2026-07-10T21:32:26+00:00,37.46797503903508,126.94664496928453,45.0,2.98,60.60000000000002,,89,204,30,-0.1771288812160492,2.952744960784912,0.0
2026-07-10T21:32:27+00:00,37.4679499771446,126.94666667841375,48.0,3.16,60.60000000000002,97,89,208,30,-0.10974925011396408,3.14858078956604,0.0
2026-07-10T21:32:28+00:00,37.467928268015385,126.94668671116233,52.0,3.16,60.60000000000002,,89,226,30,-0.053133003413677216,3.154453754425049,0.0
2026-07-10T21:32:29+00:00,37.467906726524234,126.94670833647251,55.0,3.24,60.799999999999955,99,89,231,30,0.003397219581529498,3.2403647899627686,0.0
2026-07-10T21:32:30+00:00,37.467886693775654,126.94673172198236,58.0,3.24,61.0,101,89,240,30,0.058725982904434204,3.2463254928588867,0.0
2026-07-10T21:32:31+00:00,37.46786498464644,126.94675326347351,61.0,3.18,61.0,101,89,241,30,0.11634755879640579,3.1823015213012695,0.0
2026-07-10T21:32:32+00:00,37.467843275517225,126.94677329622209,64.0,3.18,61.200000000000045,102,89,239,30,0.1727287471294403,3.188321113586426,0.0
2026-07-10T21:32:33+00:00,37.46781997382641,126.94679332897067,67.0,3.14,61.39999999999998,102,89,242,30,0.23141281306743622,3.164393901824951,0.0
2026-07-10T21:32:34+00:00,37.46780002489686,126.94681168533862,70.0,3.14,61.39999999999998,102,89,239,30,0.3327578008174896,3.175276517868042,0.0
2026-07-10T21:32:35+00:00,37.46777672320604,126.94683004170656,73.0,3.12,61.60000000000002,,89,239,30,0.43668174743652344,3.1662654876708984,0.0
2026-07-10T21:32:36+00:00,37.467753337696195,126.94685166701674,76.0,3.12,61.60000000000002,105,89,240,30,0.5385745763778687,3.1773836612701416,0.0
2026-07-10T21:32:37+00:00,37.46773003600538,126.94687329232693,79.0,3.06,61.799999999999955,108,89,242,30,0.6531293392181396,3.1286823749542236,0.0
2026-07-10T21:32:38+00:00,37.46770673431456,126.94688997231424,82.0,3.06,62.0,108,89,237,30,0.7569160461425781,3.1400492191314697,0.02
2026-07-10T21:32:39+00:00,37.46767831966281,126.94690673612058,86.0,3.1,62.0,108,89,237,30,0.8524494171142578,3.1815104484558105,0.02
2026-07-10T21:32:40+00:00,37.46764998883009,126.94691997952759,89.0,3.1,62.200000000000045,106,89,240,30,0.9554342031478882,3.1931381225585938,0.02
2026-07-10T21:32:41+00:00,37.467619981616735,126.94692668505013,92.0,3.14,62.200000000000045,104,89,239,30,1.0446897745132446,3.2447826862335205,0.02
2026-07-10T21:32:42+00:00,37.46759173460305,126.9469300378114,96.0,3.14,62.39999999999998,106,89,241,30,1.2407877445220947,3.267761468887329,0.02
2026-07-10T21:32:43+00:00,37.467563319951296,126.94693498313427,99.0,3.18,62.39999999999998,108,89,239,30,1.4189484119415283,3.3310623168945312,0.04
2026-07-10T21:32:44+00:00,37.467538341879845,126.94693171419203,102.0,3.18,62.39999999999998,109,89,241,30,1.6123783588409424,3.3548765182495117,0.04
2026-07-10T21:32:45+00:00,37.46751327998936,126.94691997952759,105.0,3.18,62.60000000000002,,89,239,30,1.806001901626587,3.379159450531006,0.04
2026-07-10T21:32:46+00:00,37.46748830191791,126.94691503420472,108.0,3.18,62.60000000000002,114,89,237,30,1.999819278717041,3.403912305831909,0.06
2026-07-10T21:32:47+00:00,37.46746332384646,126.94691000506282,111.0,3.14,62.60000000000002,115,89,236,30,2.221277952194214,3.3894248008728027,0.06
2026-07-10T21:32:48+00:00,37.467436669394374,126.94690832868218,114.0,3.14,62.799999999999955,116,89,233,30,2.4173760414123535,3.4151079654693604,0.06
2026-07-10T21:32:49+00:00,37.46741496026516,126.94690003059804,117.0,3.1,62.799999999999955,116,89,232,30,2.647305488586426,3.4017574787139893,0.08
2026-07-10T21:32:50+00:00,37.46739165857434,126.94689667783678,120.0,3.1,63.0,116,89,229,30,2.7260584831237793,3.4122731685638428,0.08
2026-07-10T21:32:51+00:00,37.467368273064494,126.94689500145614,122.0,3.04,63.0,118,89,228,30,2.851022958755493,3.3736183643341064,0.08
2026-07-10T21:32:52+00:00,37.46734170243144,126.94689332507551,125.0,3.04,63.200000000000045,118,88,226,30,2.931231737136841,3.384340524673462,0.08
2026-07-10T21:32:53+00:00,37.46731328777969,126.9468917325139,127.0,3.0,63.200000000000045,119,88,227,30,3.0514304637908936,3.3558003902435303,0.08
2026-07-10T21:32:54+00:00,37.46728998608887,126.94688997231424,130.0,3.0,63.39999999999998,,88,227,30,3.132627248764038,3.3666932582855225,0.08
2026-07-10T21:32:55+00:00,37.467261739075184,126.9468917325139,133.0,3.0,63.60000000000002,119,88,228,30,3.213905096054077,3.3776705265045166,0.08
2026-07-10T21:32:56+00:00,37.467229971662164,126.94689332507551,136.0,3.0,63.799999999999955,,88,231,29,3.295020818710327,3.3886992931365967,0.08
2026-07-10T21:32:57+00:00,37.46720499359071,126.94689667783678,139.0,2.98,64.0,119,88,232,29,3.398958444595337,3.380251407623291,0.1
2026-07-10T21:32:58+00:00,37.46717833913863,126.94690673612058,143.0,2.98,64.0,119,88,233,29,3.4285428524017334,3.3842990398406982,0.1
2026-07-10T21:32:59+00:00,37.46715000830591,126.94691830314696,146.0,3.0,64.0,120,88,232,29,3.446502685546875,3.3981258869171143,0.1
2026-07-10T21:33:00+00:00,37.46712167747319,126.9469300378114,149.0,3.0,64.20000000000005,123,88,233,29,3.476076602935791,3.402200937271118,0.1
2026-07-10T21:33:01+00:00,37.4670950230211,126.94694001227617,152.0,3.0,64.20000000000005,124,88,234,29,3.4937596321105957,3.4160289764404297,0.1
2026-07-10T21:33:02+00:00,37.467068284749985,126.94695333950222,155.0,3.0,64.39999999999998,123,88,234,29,3.523088216781616,3.4200992584228516,0.1
2026-07-10T21:33:03+00:00,37.467043306678534,126.94696825928986,158.0,3.02,64.39999999999998,122,88,231,29,3.5406441688537598,3.4339487552642822,0.1
2026-07-10T21:33:04+00:00,37.46701832860708,126.9469850230962,162.0,3.02,64.39999999999998,121,88,229,29,3.5699338912963867,3.438042402267456,0.1
2026-07-10T21:33:05+00:00,37.4669932667166,126.94700170308352,165.0,3.02,64.39999999999998,121,88,225,29,3.587247133255005,3.451896905899048,0.1
2026-07-10T21:33:06+00:00,37.466966696083546,126.9470182992518,168.0,3.02,64.39999999999998,122,88,221,29,3.5120584964752197,3.4413578510284424,0.1
2026-07-10T21:33:07+00:00,37.46694498695433,126.94703673943877,171.0,3.02,64.60000000000002,121,88,220,29,3.4367945194244385,3.4308717250823975,0.1
2026-07-10T21:33:08+00:00,37.466918332502246,126.94705333560705,174.0,3.02,64.60000000000002,121,88,219,29,3.3616809844970703,3.420469284057617,0.1
2026-07-10T21:33:09+00:00,37.46689503081143,126.9470666628331,177.0,3.04,64.60000000000002,122,88,218,29,3.2648706436157227,3.4297194480895996,0.08
2026-07-10T21:33:10+00:00,37.46686829254031,126.94707999005914,180.0,3.04,64.79999999999995,121,88,219,29,3.1901018619537354,3.419440746307373,0.08
2026-07-10T21:33:11+00:00,37.466836692765355,126.94709499366581,183.0,3.06,64.79999999999995,122,88,219,29,3.1052680015563965,3.419064998626709,0.08
2026-07-10T21:33:12+00:00,37.466808278113604,126.94710496813059,186.0,3.06,65.0,122,88,221,29,3.0308187007904053,3.408930778503418,0.08
2026-07-10T21:33:13+00:00,37.466780031099916,126.94711670279503,190.0,3.08,65.0,,88,221,29,2.9275739192962646,3.4283742904663086,0.08
2026-07-10T21:33:14+00:00,37.4667532928288,126.9471317064017,193.0,3.08,65.0,124,88,224,29,2.9182000160217285,3.4271013736724854,0.08
2026-07-10T21:33:15+00:00,37.46672496199608,126.94714671000838,197.0,3.1,65.0,,88,226,29,2.890050172805786,3.4455137252807617,0.08
2026-07-10T21:33:16+00:00,37.46669830754399,126.94716330617666,197.0,3.1,65.20000000000005,126,88,226,29,2.8807461261749268,3.4442460536956787,0.08
2026-07-10T21:33:17+00:00,37.46668003499508,126.94717671722174,203.0,3.12,65.39999999999998,126,88,229,29,2.8621721267700195,3.4528205394744873,0.08
2026-07-10T21:33:18+00:00,37.466658325865865,126.94718996062875,207.0,3.12,65.60000000000002,126,88,235,29,2.852879285812378,3.4515533447265625,0.08
2026-07-10T21:33:19+00:00,37.46663502417505,126.94720169529319,209.0,3.08,65.60000000000002,126,88,237,29,2.880636692047119,3.4108998775482178,0.08
2026-07-10T21:33:20+00:00,37.466613315045834,126.94721166975796,212.0,3.08,65.79999999999995,126,88,229,29,2.871222734451294,3.40963077545166,0.08
2026-07-10T21:33:21+00:00,37.466593282297254,126.94722332060337,215.0,3.04,66.0,126,88,232,29,2.8900411128997803,3.3788251876831055,0.08
2026-07-10T21:33:22+00:00,37.4665683042258,126.94723832421005,217.0,3.04,66.0,125,88,235,29,2.886415481567383,3.378340721130371,0.08
2026-07-10T21:33:23+00:00,37.46654332615435,126.94724829867482,220.0,2.98,66.0,126,88,236,29,2.9507455825805664,3.3089709281921387,0.08
2026-07-10T21:33:24+00:00,37.466516671702266,126.9472633022815,223.0,2.98,66.0,,88,226,29,2.947037935256958,3.3084843158721924,0.08
2026-07-10T21:33:25+00:00,37.466488340869546,126.94727327674627,226.0,2.98,66.20000000000005,128,88,228,29,2.9433231353759766,3.307996988296509,0.08
2026-07-10T21:33:26+00:00,37.466460010036826,126.94728668779135,229.0,2.98,66.20000000000005,128,88,228,29,2.9396233558654785,3.307511806488037,0.08
2026-07-10T21:33:27+00:00,37.466426733881235,126.94730672053993,232.0,3.0,66.0,128,88,219,29,2.9162776470184326,3.3267054557800293,0.08
2026-07-10T21:33:28+00:00,37.466398319229484,126.9473182875663,235.0,3.0,66.0,128,88,214,29,2.9125914573669434,3.3262197971343994,0.08
2026-07-10T21:33:29+00:00,37.466369988396764,126.94733496755362,240.0,3.1,66.0,128,88,215,29,2.805689573287964,3.434056043624878,0.08
2026-07-10T21:33:30+00:00,37.46634333394468,126.94734670221806,243.0,3.1,66.0,127,88,218,29,2.712980270385742,3.4215590953826904,0.08
2026-07-10T21:33:31+00:00,37.46631500311196,126.9473550003022,246.0,3.16,66.0,129,88,212,29,2.579315423965454,3.4586150646209717,0.08
2026-07-10T21:33:32+00:00,37.46628826484084,126.94736673496664,249.0,3.16,66.0,131,88,217,29,2.488532304763794,3.446420431137085,0.06
2026-07-10T21:33:33+00:00,37.46626328676939,126.94737997837365,253.0,3.16,66.0,130,88,214,29,2.397658348083496,3.4343104362487793,0.06
2026-07-10T21:33:34+00:00,37.466233279556036,126.94739330559969,256.0,3.16,66.0,128,88,211,29,2.3066935539245605,3.422285318374634,0.06
2026-07-10T21:33:35+00:00,37.466208301484585,126.94740830920637,259.0,3.14,66.0,127,88,212,29,2.2229671478271484,3.4004738330841064,0.06
2026-07-10T21:33:36+00:00,37.46618499979377,126.94741828367114,262.0,3.14,66.0,129,88,215,29,2.1318037509918213,3.3886475563049316,0.06
2026-07-10T21:33:37+00:00,37.46616002172232,126.94742825813591,265.0,3.18,66.0,130,88,217,29,2.0213284492492676,3.406686782836914,0.06
2026-07-10T21:33:38+00:00,37.4661332834512,126.94743496365845,268.0,3.18,66.20000000000005,129,88,220,29,1.9484666585922241,3.397310495376587,0.06
2026-07-10T21:33:39+00:00,37.466106712818146,126.94744166918099,271.0,3.14,66.20000000000005,128,88,220,28,1.8994266986846924,3.3482463359832764,0.04
2026-07-10T21:33:40+00:00,37.466081734746695,126.9474533200264,274.0,3.14,66.20000000000005,128,88,219,28,1.825486183166504,3.3389573097229004,0.04
2026-07-10T21:33:41+00:00,37.46605499647558,126.9474649708718,277.0,3.14,66.39999999999998,128,88,220,28,1.751693606376648,3.3297507762908936,0.04
2026-07-10T21:33:42+00:00,37.46603169478476,126.94747502915561,280.0,3.14,66.39999999999998,126,88,221,28,1.6778268814086914,3.32059907913208,0.04
2026-07-10T21:33:43+00:00,37.46600671671331,126.94748173467815,283.0,3.12,66.39999999999998,,88,222,28,1.6142009496688843,3.2915992736816406,0.04
2026-07-10T21:33:44+00:00,37.46597997844219,126.94749170914292,286.0,3.12,66.60000000000002,123,88,223,28,1.539933681488037,3.282575845718384,0.04
2026-07-10T21:33:45+00:00,37.46595332399011,126.94750998169184,289.0,3.08,66.60000000000002,,88,224,28,1.4798672199249268,3.243730068206787,0.04
2026-07-10T21:33:46+00:00,37.465928262099624,126.94752330891788,292.0,3.08,66.60000000000002,122,88,222,28,1.3872830867767334,3.23274302482605,0.04
2026-07-10T21:33:47+00:00,37.46590169146657,126.94753328338265,295.0,3.1,66.79999999999995,123,88,223,28,1.2906932830810547,3.2318451404571533,0.02
2026-07-10T21:33:48+00:00,37.46587671339512,126.9475450180471,298.0,3.1,66.79999999999995,121,88,225,28,1.1985008716583252,3.2210710048675537,0.02
2026-07-10T21:33:49+00:00,37.46585668064654,126.94756002165377,301.0,3.1,66.79999999999995,120,88,224,28,1.106216311454773,3.2103850841522217,0.02
2026-07-10T21:33:50+00:00,37.465834971517324,126.94757167249918,304.0,3.1,66.79999999999995,119,88,224,28,1.0141161680221558,3.1998190879821777,0.02
2026-07-10T21:33:51+00:00,37.46580831706524,126.94758173078299,307.0,3.08,66.79999999999995,119,88,223,28,0.9279298186302185,3.1693732738494873,0.02
2026-07-10T21:33:52+00:00,37.46578166261315,126.94759329780936,310.0,3.08,66.79999999999995,117,88,221,28,0.8350439667701721,3.158977746963501,0.02
2026-07-10T21:33:53+00:00,37.46575173921883,126.94760327227414,313.0,3.06,67.0,119,88,221,28,0.744769811630249,3.1387126445770264,0.02
2026-07-10T21:33:54+00:00,37.46572826988995,126.94760997779667,316.0,3.06,67.0,,88,221,28,0.8261736631393433,3.1477034091949463,0.02
2026-07-10T21:33:55+00:00,37.4657016992569,126.94762003608048,319.0,3.08,67.20000000000005,120,88,222,28,0.904702365398407,3.166764497756958,0.02
2026-07-10T21:33:56+00:00,37.46567831374705,126.94763001054525,322.0,3.08,67.20000000000005,121,88,223,28,0.9857599139213562,3.175895929336548,0.02
2026-07-10T21:33:57+00:00,37.46564998291433,126.9476433377713,325.0,3.06,67.39999999999998,121,88,223,28,1.070385217666626,3.1751339435577393,0.02
2026-07-10T21:33:58+00:00,37.465628273785114,126.94765666499734,328.0,3.06,67.39999999999998,123,88,224,28,1.1518704891204834,3.184439182281494,0.02
2026-07-10T21:33:59+00:00,37.465600026771426,126.94767166860402,331.0,3.06,67.60000000000002,124,88,225,28,1.233192801475525,3.1938021183013916,0.02
2026-07-10T21:34:00+00:00,37.46557496488094,126.94768499583006,334.0,3.06,67.60000000000002,124,88,227,28,1.3149223327636719,3.2032883167266846,0.04
2026-07-10T21:34:01+00:00,37.465551663190126,126.94769999943674,337.0,3.06,67.79999999999995,124,88,229,28,1.396000623703003,3.2127747535705566,0.04
2026-07-10T21:34:02+00:00,37.46552827768028,126.94770670495927,340.0,3.06,67.79999999999995,,88,230,28,1.5047293901443481,3.2256147861480713,0.04
2026-07-10T21:34:03+00:00,37.46550329960883,126.94771500304341,343.0,3.06,67.79999999999995,123,88,229,28,1.6135668754577637,3.2386035919189453,0.04
2026-07-10T21:34:04+00:00,37.46547496877611,126.94772497750819,346.0,3.06,68.0,125,88,229,28,1.7225133180618286,3.251741409301758,0.04
2026-07-10T21:34:05+00:00,37.465449990704656,126.94773168303072,349.0,3.06,68.20000000000005,125,88,230,28,1.8372461795806885,3.255051851272583,0.04
2026-07-10T21:34:06+00:00,37.465421659871936,126.94773998111486,352.0,3.06,68.20000000000005,124,88,230,28,1.9464404582977295,3.2684555053710938,0.04
2026-07-10T21:34:07+00:00,37.46539827436209,126.9477517157793,355.0,3.06,68.20000000000005,123,88,230,28,2.055744171142578,3.2820088863372803,0.06
2026-07-10T21:34:08+00:00,37.46537497267127,126.94776169024408,358.0,3.06,68.20000000000005,123,88,228,28,2.164720058441162,3.2956573963165283,0.06
2026-07-10T21:34:09+00:00,37.46535167098045,126.94777334108949,361.0,3.06,68.20000000000005,123,88,225,28,2.2741329669952393,3.3094964027404785,0.06
2026-07-10T21:34:10+00:00,37.465326692909,126.9477849919349,364.0,3.06,68.39999999999998,124,88,225,28,2.2867791652679443,3.3111047744750977,0.06
2026-07-10T21:34:11+00:00,37.46530003845692,126.94779831916094,366.0,3.04,68.39999999999998,125,89,223,28,2.306976795196533,3.3028128147125244,0.06
2026-07-10T21:34:12+00:00,37.4652783293277,126.94781667552888,369.0,3.04,68.39999999999998,126,89,222,28,2.319638967514038,3.304422616958618,0.06
2026-07-10T21:34:13+00:00,37.465255027636886,126.94782170467079,373.0,3.04,68.39999999999998,,89,220,28,2.332326889038086,3.306037664413452,0.06
2026-07-10T21:34:14+00:00,37.46522828936577,126.94783503189683,375.0,3.04,68.39999999999998,126,89,218,28,2.34498929977417,3.3076510429382324,0.06
2026-07-10T21:34:15+00:00,37.46519995853305,126.94784332998097,378.0,3.04,68.60000000000002,,89,215,28,2.365445613861084,3.299372434616089,0.06
2026-07-10T21:34:16+00:00,37.46517330408096,126.94785674102604,381.0,3.04,68.60000000000002,123,89,214,28,2.378162384033203,3.300992488861084,0.06
2026-07-10T21:34:17+00:00,37.465150002390146,126.94786830805242,385.0,3.04,68.39999999999998,122,89,213,28,2.3908796310424805,3.302614212036133,0.06
2026-07-10T21:34:18+00:00,37.465125024318695,126.94787668995559,388.0,3.04,68.39999999999998,119,89,214,28,2.349093437194824,3.2972922325134277,0.06
2026-07-10T21:34:19+00:00,37.46509828604758,126.94788666442037,390.0,3.04,68.39999999999998,120,89,210,28,2.299675464630127,3.3018853664398193,0.06
2026-07-10T21:34:20+00:00,37.465071715414524,126.94789328612387,393.0,3.04,68.39999999999998,120,89,209,28,2.258068561553955,3.296612024307251,0.06
2026-07-10T21:34:21+00:00,37.46504673734307,126.94790166802704,396.0,3.04,68.39999999999998,121,89,208,28,2.2237346172332764,3.281445264816284,0.06
2026-07-10T21:34:22+00:00,37.465019999071956,126.94790996611118,399.0,3.04,68.39999999999998,,89,207,28,2.1819067001342773,3.2761971950531006,0.06
2026-07-10T21:34:23+00:00,37.464991668239236,126.94791667163372,402.0,3.04,68.39999999999998,122,89,207,28,2.140162229537964,3.270979166030884,0.06
2026-07-10T21:34:24+00:00,37.46496828272939,126.94792672991753,405.0,3.04,68.39999999999998,123,89,207,28,2.0983760356903076,3.2657759189605713,0.06
2026-07-10T21:34:25+00:00,37.4649400357157,126.9479382969439,409.0,3.04,68.39999999999998,124,89,206,28,2.0565898418426514,3.260592222213745,0.06
2026-07-10T21:34:26+00:00,37.464910028502345,126.94794500246644,411.0,3.04,68.60000000000002,127,89,207,28,1.927598476409912,3.244715690612793,0.04
2026-07-10T21:34:27+00:00,37.464878261089325,126.94795330055058,415.0,3.04,68.60000000000002,129,89,208,28,1.798607349395752,3.22902774810791,0.04
2026-07-10T21:34:28+00:00,37.46485001407564,126.94795330055058,418.0,3.04,68.60000000000002,127,89,211,28,1.6694867610931396,3.213513135910034,0.04
2026-07-10T21:34:29+00:00,37.46481833048165,126.94795832969248,422.0,3.04,68.60000000000002,125,89,212,28,1.5355567932128906,3.2081735134124756,0.04
2026-07-10T21:34:30+00:00,37.46478999964893,126.94796327501535,425.0,3.04,68.60000000000002,125,89,213,28,1.40647554397583,3.1929993629455566,0.04
2026-07-10T21:34:31+00:00,37.46476166881621,126.94796830415726,428.0,3.06,68.79999999999995,125,89,215,28,1.2741032838821411,3.1880881786346436,0.02
2026-07-10T21:34:32+00:00,37.46473501436412,126.94797174073756,432.0,3.06,68.79999999999995,,89,218,28,1.1462141275405884,3.173386335372925,0.02
2026-07-10T21:34:33+00:00,37.464708276093006,126.94797333329916,435.0,3.06,68.79999999999995,125,89,216,28,1.0179405212402344,3.1588284969329834,0.02
2026-07-10T21:34:34+00:00,37.46468170545995,126.9479750096798,438.0,3.06,68.79999999999995,124,89,214,28,0.9623855948448181,3.1525821685791016,0.02
2026-07-10T21:34:35+00:00,37.4646532908082,126.94797827862203,441.0,3.06,68.79999999999995,124,89,213,28,0.9068861603736877,3.1463773250579834,0.02
2026-07-10T21:34:36+00:00,37.46462495997548,126.94797827862203,444.0,3.06,68.79999999999995,125,89,214,28,0.8513867855072021,3.1402080059051514,0.02
2026-07-10T21:34:37+00:00,37.464598305523396,126.94797333329916,447.0,3.06,68.79999999999995,126,89,214,28,0.7958317995071411,3.1340677738189697,0.02
2026-07-10T21:34:38+00:00,37.464569974690676,126.94796998053789,450.0,3.06,68.79999999999995,125,89,214,28,0.7403879165649414,3.1279749870300293,0.02
2026-07-10T21:34:39+00:00,37.46453996747732,126.94796671159565,453.0,3.06,68.79999999999995,124,89,212,28,0.6848885416984558,3.1219117641448975,0.02
2026-07-10T21:34:40+00:00,37.46450828388333,126.94796000607312,456.0,3.06,69.0,125,89,212,27,0.6293335556983948,3.115877628326416,0.0
2026-07-10T21:34:41+00:00,37.464480036869645,126.94795497693121,459.0,3.06,69.0,126,89,212,27,0.5739452242851257,3.1098968982696533,0.0
2026-07-10T21:34:42+00:00,37.464448269456625,126.94795832969248,463.0,3.06,69.0,126,89,214,27,0.5829699635505676,3.1108689308166504,0.0
2026-07-10T21:34:43+00:00,37.464423291385174,126.94794500246644,466.0,3.08,69.20000000000005,,89,215,27,0.588146984577179,3.1318299770355225,0.0
2026-07-10T21:34:44+00:00,37.464403258636594,126.94794667884707,470.0,3.08,69.20000000000005,124,89,219,27,0.5971039533615112,3.1328024864196777,0.0
2026-07-10T21:34:45+00:00,37.464375011622906,126.94794500246644,473.0,3.08,69.20000000000005,123,89,219,27,0.6041021347045898,3.1437699794769287,0.0
2026-07-10T21:34:46+00:00,37.46433997526765,126.94794500246644,475.0,3.08,69.20000000000005,147,89,221,27,0.6130390167236328,3.144745111465454,0.0
2026-07-10T21:34:47+00:00,37.46430829167366,126.94794667884707,478.0,3.06,69.20000000000005,148,89,220,27,0.6280936002731323,3.115743398666382,0.0
2026-07-10T21:34:48+00:00,37.46427996084094,126.94795170798898,482.0,3.06,69.20000000000005,145,89,219,27,0.6371092796325684,3.116719961166382,0.0
2026-07-10T21:34:49+00:00,37.46425003744662,126.94795497693121,486.0,3.1,69.20000000000005,146,89,218,27,0.6357213854789734,3.16766095161438,0.0
2026-07-10T21:34:50+00:00,37.464224975556135,126.94796327501535,489.0,3.1,69.20000000000005,144,89,219,27,0.6751914620399475,3.1720173358917236,0.02
2026-07-10T21:34:51+00:00,37.46419496834278,126.94796671159565,492.0,3.12,69.20000000000005,145,89,217,27,0.7124029397964478,3.186386823654175,0.02
2026-07-10T21:34:52+00:00,37.46416672132909,126.94797174073756,495.0,3.12,69.20000000000005,145,89,219,27,0.7518247961997986,3.1907875537872314,0.02
2026-07-10T21:34:53+00:00,37.46413830667734,126.9479750096798,498.0,3.12,69.20000000000005,146,89,215,27,0.7911679744720459,3.195197582244873,0.02
2026-07-10T21:34:54+00:00,37.46410997584462,126.94797827862203,502.0,3.12,69.20000000000005,145,89,214,27,0.8305504322052002,3.19963002204895,0.02
2026-07-10T21:34:55+00:00,37.46407996863127,126.94798330776393,505.0,3.12,69.20000000000005,145,89,213,27,0.8700117468833923,3.204089641571045,0.02
2026-07-10T21:34:56+00:00,37.46404669247568,126.94799001328647,508.0,3.12,69.20000000000005,145,90,214,27,0.9093548059463501,3.2085540294647217,0.02
2026-07-10T21:34:57+00:00,37.46402330696583,126.94798833690584,511.0,3.12,69.20000000000005,147,90,214,27,0.9456964731216431,3.2230241298675537,0.02
2026-07-10T21:34:58+00:00,37.46399497613311,126.9479916896671,515.0,3.12,69.39999999999998,147,90,215,27,0.924504280090332,3.2206003665924072,0.02
2026-07-10T21:34:59+00:00,37.46396832168102,126.94799495860934,518.0,3.12,69.39999999999998,147,90,219,27,0.903354287147522,3.218186616897583,0.02
2026-07-10T21:35:00+00:00,37.46394325979054,126.9479916896671,521.0,3.12,69.39999999999998,147,90,220,27,0.8820984959602356,3.215766191482544,0.02
2026-07-10T21:35:01+00:00,37.463916689157486,126.94799001328647,524.0,3.12,69.39999999999998,149,90,221,27,0.8610120415687561,3.2133703231811523,0.02
2026-07-10T21:35:02+00:00,37.46389498002827,126.94798498414457,526.0,3.12,69.39999999999998,,90,221,27,0.8398621082305908,3.210972309112549,0.02
2026-07-10T21:35:03+00:00,37.463871678337455,126.94798171520233,529.0,3.12,69.39999999999998,149,90,219,27,0.8213234543800354,3.19858980178833,0.02
2026-07-10T21:35:04+00:00,37.4638432636857,126.94797827862203,532.0,3.12,69.39999999999998,,90,217,27,0.8000630140304565,3.196197032928467,0.02
2026-07-10T21:35:05+00:00,37.46381334029138,126.94797668606043,534.0,3.06,69.39999999999998,148,90,216,27,0.7915496826171875,3.1438701152801514,0.02
2026-07-10T21:35:06+00:00,37.463794983923435,126.94796168245375,538.0,3.06,69.39999999999998,147,90,212,27,0.7641146779060364,3.1408421993255615,0.02
2026-07-10T21:35:07+00:00,37.4637882784009,126.94792496971786,541.0,3.08,69.39999999999998,147,90,209,27,0.7342527508735657,3.1478099822998047,0.02
2026-07-10T21:35:08+00:00,37.463786685839295,126.94789169356227,543.0,3.08,69.39999999999998,147,90,209,27,0.70693439245224,3.144803285598755,0.02
2026-07-10T21:35:09+00:00,37.463781740516424,126.94786327891052,547.0,3.06,69.39999999999998,147,90,208,27,0.6840450763702393,3.1218197345733643,0.02
2026-07-10T21:35:10+00:00,37.46377503499389,126.9478399772197,550.0,3.06,69.60000000000002,147,90,208,27,0.6564650535583496,3.1188201904296875,0.02
2026-07-10T21:35:11+00:00,,,552.0,3.04,69.79999999999995,,89,211,27,0.6330915093421936,3.0958499908447266,0.0
2026-07-10T21:35:12+00:00,37.46376497671008,126.94780502468348,554.0,3.04,70.0,148,87,215,27,0.6054125428199768,3.0928754806518555,0.0
2026-07-10T21:35:13+00:00,,,554.0,2.96,70.39999999999998,148,86,222,27,0.5913962721824646,3.0199546813964844,0.0
2026-07-10T21:35:14+00:00,37.46374326758087,126.94776671938598,558.0,2.96,70.60000000000002,147,85,226,27,0.7176463603973389,3.0332589149475098,0.02
2026-07-10T21:35:15+00:00,,,558.0,2.86,70.79999999999995,147,82,234,27,0.8728815913200378,2.9468250274658203,0.02
2026-07-10T21:35:16+00:00,37.463730024173856,126.94773168303072,562.0,2.86,71.20000000000005,146,81,235,27,1.003415584564209,2.960514545440674,0.02
2026-07-10T21:35:17+00:00,,,562.0,2.82,71.60000000000002,146,79,245,27,1.1538610458374023,2.9244823455810547,0.02
2026-07-10T21:35:18+00:00,37.46371996589005,126.9476932939142,565.0,2.82,72.0,146,78,254,27,1.2868505716323853,2.938581705093384,0.02
2026-07-10T21:35:19+00:00,,,565.0,2.76,72.39999999999998,147,78,267,27,1.4502757787704468,2.89304256439209,0.02
2026-07-10T21:35:20+00:00,37.46370672248304,126.9476549886167,569.0,2.76,72.79999999999995,145,78,275,27,1.5860310792922974,2.9075450897216797,0.04
2026-07-10T21:35:21+00:00,,,569.0,2.68,73.0,146,78,282,27,1.7730960845947266,2.8426666259765625,0.04
2026-07-10T21:35:22+00:00,37.46368828229606,126.94762171246111,573.0,2.68,73.60000000000002,144,80,279,27,2.2890429496765137,2.8988261222839355,0.06
2026-07-10T21:35:23+00:00,,,573.0,2.6,74.0,143,81,286,27,2.87839412689209,2.888453722000122,0.06
2026-07-10T21:35:24+00:00,37.463673278689384,126.94759329780936,576.0,2.6,74.20000000000005,141,81,289,27,3.407703161239624,2.9502556324005127,0.08
2026-07-10T21:35:25+00:00,,,576.0,2.48,74.60000000000002,140,81,292,27,4.12640380859375,2.8982443809509277,0.1
2026-07-10T21:35:26+00:00,37.46365500614047,126.94756496697664,579.0,2.48,75.0,140,81,287,27,4.68187952041626,2.96651291847229,0.1
2026-07-10T21:35:27+00:00,,,579.0,2.32,75.39999999999998,137,81,287,27,5.596181392669678,2.8859317302703857,0.12
2026-07-10T21:35:28+00:00,37.46364167891443,126.94753495976329,582.0,2.32,75.79999999999995,137,81,277,27,6.1893720626831055,2.961576461791992,0.14
2026-07-10T21:35:29+00:00,,,582.0,2.2,76.20000000000005,138,81,276,27,7.151271820068359,2.93060040473938,0.14
2026-07-10T21:35:30+00:00,37.46362667530775,126.9475083053112,585.0,2.2,76.60000000000002,,81,270,27,7.872452735900879,3.0269527435302734,0.16
2026-07-10T21:35:31+00:00,,,585.0,1.96,77.0,141,81,272,27,9.636258125305176,2.921600818634033,0.18
2026-07-10T21:35:32+00:00,37.46361502446234,126.94747167639434,588.0,1.96,77.39999999999998,,81,256,27,10.441723823547363,3.0311849117279053,0.2
2026-07-10T21:35:33+00:00,,,588.0,1.92,77.60000000000002,146,80,256,27,11.479863166809082,3.113772392272949,0.22
2026-07-10T21:35:34+00:00,37.4636016972363,126.94743831641972,592.0,1.92,78.0,148,80,254,27,12.302931785583496,3.2330679893493652,0.22
2026-07-10T21:35:35+00:00,37.463588286191225,126.94742172025144,592.0,1.92,78.20000000000005,146,80,251,27,13.121891021728516,3.355860948562622,0.24
2026-07-10T21:35:36+00:00,,,595.0,1.92,78.39999999999998,147,80,246,27,13.944958686828613,3.483288049697876,0.26
2026-07-10T21:35:37+00:00,37.463571690022945,126.94739171303809,597.0,1.9,78.60000000000002,148,80,235,27,14.999935150146484,3.595280170440674,0.28
2026-07-10T21:35:38+00:00,,,597.0,1.9,79.0,149,80,226,27,15.425353050231934,3.664135217666626,0.28
2026-07-10T21:35:39+00:00,37.463555010035634,126.9473550003022,600.0,1.88,79.20000000000005,149,82,222,27,16.022886276245117,3.722686767578125,0.28
2026-07-10T21:35:40+00:00,37.463534977287054,126.94732826203108,600.0,1.88,79.39999999999998,151,82,217,27,16.452852249145508,3.7938804626464844,0.3
2026-07-10T21:35:41+00:00,37.463523326441646,126.94730831310153,604.0,1.86,79.60000000000002,152,83,208,27,16.97662353515625,3.8611342906951904,0.3
2026-07-10T21:35:42+00:00,37.46350832283497,126.94729171693325,607.0,1.86,79.60000000000002,151,83,198,27,17.40933609008789,3.9344964027404785,0.32
2026-07-10T21:35:43+00:00,37.46349172666669,126.94727000780404,610.0,1.96,79.79999999999995,152,83,189,27,17.01939582824707,4.055522441864014,0.32
2026-07-10T21:35:44+00:00,37.46348166838288,126.94724670611322,612.0,1.96,80.0,151,83,189,27,17.433378219604492,4.129177093505859,0.32
2026-07-10T21:35:45+00:00,37.463461719453335,126.94722332060337,614.0,2.0,80.0,151,83,183,27,17.48821449279785,4.223902702331543,0.34
2026-07-10T21:35:46+00:00,37.463449984788895,126.94720169529319,617.0,2.0,80.0,152,83,182,27,17.124454498291016,4.15770149230957,0.34
2026-07-10T21:35:47+00:00,37.46343171223998,126.94717671722174,620.0,2.06,80.20000000000005,150,83,176,27,16.269786834716797,4.125708103179932,0.32
2026-07-10T21:35:48+00:00,,,622.0,2.06,80.39999999999998,150,83,174,27,15.917025566101074,4.061966896057129,0.32
2026-07-10T21:35:49+00:00,37.46342333033681,126.94714168086648,625.0,2.1,80.60000000000002,,84,171,27,15.192997932434082,4.029338836669922,0.3
2026-07-10T21:35:50+00:00,,,625.0,2.1,80.79999999999995,150,84,174,27,14.849326133728027,3.967935085296631,0.3
2026-07-10T21:35:51+00:00,37.46341997757554,126.94710329174995,628.0,2.08,81.0,151,84,177,27,14.713783264160156,3.887575387954712,0.3
2026-07-10T21:35:52+00:00,,,628.0,2.08,81.20000000000005,151,84,179,27,14.365130424499512,3.827192544937134,0.28
2026-07-10T21:35:53+00:00,37.463416708633304,126.94706331007183,632.0,2.04,81.60000000000002,152,84,184,27,14.220827102661133,3.747312068939209,0.28
2026-07-10T21:35:54+00:00,,,632.0,2.04,81.79999999999995,152,84,186,27,13.802057266235352,3.677184581756592,0.28
2026-07-10T21:35:55+00:00,37.4634116794914,126.9470217358321,635.0,2.02,82.0,151,84,190,27,13.513675689697266,3.5939383506774902,0.26
2026-07-10T21:35:56+00:00,,,635.0,2.02,82.39999999999998,150,84,197,27,13.091185569763184,3.5257253646850586,0.26
2026-07-10T21:35:57+00:00,37.46340002864599,126.94698669947684,639.0,2.02,82.60000000000002,151,84,204,27,12.666574478149414,3.458296060562134,0.24
2026-07-10T21:35:58+00:00,,,639.0,2.02,83.0,152,84,212,27,12.243658065795898,3.3922722339630127,0.24
2026-07-10T21:35:59+00:00,37.46338167227805,126.94695996120572,642.0,2.0,83.39999999999998,151,84,219,27,11.936809539794922,3.3119661808013916,0.22
2026-07-10T21:36:00+00:00,,,642.0,2.0,83.79999999999995,,84,224,27,11.508379936218262,3.2477455139160156,0.22
2026-07-10T21:36:01+00:00,37.46335996314883,126.94693330675364,645.0,1.98,84.0,148,83,229,27,11.193166732788086,3.169241189956665,0.22
2026-07-10T21:36:02+00:00,,,645.0,1.98,84.39999999999998,148,82,231,27,11.195246696472168,3.1695427894592285,0.22
2026-07-10T21:36:03+00:00,37.46333498507738,126.94690003059804,649.0,1.98,84.60000000000002,150,81,235,27,11.254178047180176,3.1620490550994873,0.22
2026-07-10T21:36:04+00:00,37.46332501061261,126.94687832146883,649.0,1.98,84.79999999999995,151,81,236,27,11.256265640258789,3.162351131439209,0.22
2026-07-10T21:36:05+00:00,37.46331830509007,126.94685669615865,653.0,1.98,85.20000000000005,151,81,233,27,11.258365631103516,3.1626548767089844,0.22
2026-07-10T21:36:06+00:00,37.46331327594817,126.9468333106488,655.0,1.98,85.39999999999998,152,81,230,27,11.260462760925293,3.1629583835601807,0.22
2026-07-10T21:36:07+00:00,37.463308330625296,126.94681000895798,657.0,1.98,85.60000000000002,152,82,223,27,11.262557029724121,3.1632614135742188,0.22
2026-07-10T21:36:08+00:00,37.463300032541156,126.94678327068686,659.0,1.98,85.79999999999995,152,82,217,27,11.264653205871582,3.163564682006836,0.22
2026-07-10T21:36:09+00:00,,,661.0,1.98,86.0,,83,212,27,11.209847450256348,3.171660900115967,0.22
2026-07-10T21:36:10+00:00,37.46328997425735,126.94673825986683,664.0,1.98,86.20000000000005,153,83,212,27,11.396442413330078,3.19884991645813,0.22
2026-07-10T21:36:11+00:00,37.46328670531511,126.94671495817602,664.0,2.0,86.39999999999998,152,84,207,27,11.525015830993652,3.2339658737182617,0.22
2026-07-10T21:36:12+00:00,37.46328670531511,126.94668998010457,668.0,2.0,86.60000000000002,152,84,204,27,11.711416244506836,3.2616426944732666,0.22
2026-07-10T21:36:13+00:00,,,670.0,2.0,87.0,154,85,201,27,11.897257804870605,3.2894580364227295,0.22
2026-07-10T21:36:14+00:00,37.46327673085034,126.94665326736867,672.0,2.0,87.20000000000005,154,85,200,27,12.08328628540039,3.3175222873687744,0.24
2026-07-10T21:36:15+00:00,,,672.0,2.0,87.39999999999998,153,85,198,27,12.207783699035645,3.3531925678253174,0.24
2026-07-10T21:36:16+00:00,37.46327329427004,126.94661496207118,676.0,2.0,87.60000000000002,154,85,201,27,12.3932523727417,3.381679058074951,0.24
2026-07-10T21:36:17+00:00,,,676.0,2.0,87.79999999999995,152,84,202,27,12.641743659973145,3.403085470199585,0.24
2026-07-10T21:36:18+00:00,37.463255021721125,126.94658000953496,679.0,2.0,88.20000000000005,152,84,201,27,12.731828689575195,3.4170711040496826,0.24
2026-07-10T21:36:19+00:00,,,679.0,1.98,88.39999999999998,,84,202,27,12.886397361755371,3.4238932132720947,0.24
2026-07-10T21:36:20+00:00,37.46324001811445,126.94655327126384,683.0,1.98,88.79999999999995,153,84,206,27,12.976936340332031,3.438015937805176,0.24
2026-07-10T21:36:21+00:00,,,683.0,1.98,89.20000000000005,152,84,210,27,13.133444786071777,3.4450602531433105,0.24
2026-07-10T21:36:22+00:00,37.46322828345001,126.94651672616601,686.0,1.98,89.39999999999998,153,84,215,27,13.22435188293457,3.459306240081787,0.26
2026-07-10T21:36:23+00:00,,,686.0,1.96,89.79999999999995,153,84,219,27,13.451642990112305,3.459660768508911,0.26
2026-07-10T21:36:24+00:00,37.46321998536587,126.94648328237236,689.0,1.96,90.0,153,84,223,27,13.543575286865234,3.4740967750549316,0.26
2026-07-10T21:36:25+00:00,,,689.0,1.94,90.20000000000005,152,84,223,27,13.705331802368164,3.481673002243042,0.26
2026-07-10T21:36:26+00:00,37.46321327984333,126.94644673727453,692.0,1.94,90.60000000000002,153,84,221,27,13.675507545471191,3.4769797325134277,0.26
2026-07-10T21:36:27+00:00,,,692.0,1.94,90.79999999999995,153,84,222,27,13.645774841308594,3.4723057746887207,0.26
2026-07-10T21:36:28+00:00,37.463203305378556,126.94640826433897,696.0,1.94,91.20000000000005,,84,222,27,13.615891456604004,3.467613697052002,0.26
2026-07-10T21:36:29+00:00,37.46318830177188,126.94639502093196,696.0,1.94,91.39999999999998,154,84,224,27,13.656551361083984,3.45609188079834,0.26
2026-07-10T21:36:30+00:00,,,699.0,1.94,91.79999999999995,,84,222,27,13.626453399658203,3.451388359069824,0.26
2026-07-10T21:36:31+00:00,37.46316332370043,126.94637171924114,701.0,1.94,92.0,154,84,217,27,13.59659481048584,3.446727752685547,0.26
2026-07-10T21:36:32+00:00,,,701.0,1.94,92.39999999999998,153,84,215,27,13.56673526763916,3.4420723915100098,0.26
2026-07-10T21:36:33+00:00,37.46314002200961,126.94633827544749,705.0,1.92,92.79999999999995,154,84,221,27,13.607260704040527,3.4305248260498047,0.26
2026-07-10T21:36:34+00:00,37.46312325820327,126.94632670842111,705.0,1.92,93.0,155,84,224,27,13.709555625915527,3.4464375972747803,0.26
2026-07-10T21:36:35+00:00,,,709.0,1.92,93.20000000000005,155,84,225,27,13.812361717224121,3.462491273880005,0.26
2026-07-10T21:36:36+00:00,37.46309165842831,126.94629167206585,711.0,1.92,93.60000000000002,155,84,224,27,13.914758682250977,3.4785425662994385,0.26
2026-07-10T21:36:37+00:00,,,711.0,1.92,93.79999999999995,155,84,221,27,14.017053604125977,3.494638442993164,0.26
2026-07-10T21:36:38+00:00,37.46306668035686,126.94628002122045,715.0,1.92,94.20000000000005,156,84,223,27,14.11985969543457,3.510875701904297,0.26
2026-07-10T21:36:39+00:00,37.463048323988914,126.94627499207854,715.0,1.92,94.39999999999998,155,84,226,27,14.222051620483398,3.527076482772827,0.26
2026-07-10T21:36:40+00:00,,,718.0,1.92,94.79999999999995,155,84,226,27,14.324756622314453,3.5434188842773438,0.26
2026-07-10T21:36:41+00:00,37.463011695072055,126.94628002122045,720.0,1.92,95.20000000000005,155,84,227,27,14.427254676818848,3.559788703918457,0.26
2026-07-10T21:36:42+00:00,37.46298504061997,126.94628002122045,720.0,1.92,95.60000000000002,154,84,225,27,14.595906257629395,3.5868542194366455,0.28
2026-07-10T21:36:43+00:00,37.462966684252024,126.94628002122045,725.0,1.92,95.79999999999995,155,84,227,27,14.765405654907227,3.614218235015869,0.28
2026-07-10T21:36:44+00:00,,,728.0,1.92,96.20000000000005,155,84,227,27,14.934732437133789,3.641716480255127,0.28
2026-07-10T21:36:45+00:00,37.46294002979994,126.94628002122045,730.0,1.96,96.39999999999998,155,84,230,27,14.871356964111328,3.6881463527679443,0.28
2026-07-10T21:36:46+00:00,,,730.0,1.96,96.60000000000002,157,84,231,26,15.037582397460938,3.7156615257263184,0.28
2026-07-10T21:36:47+00:00,37.46291329152882,126.94627826102078,733.0,1.94,97.0,,84,229,26,15.362198829650879,3.7311811447143555,0.28
2026-07-10T21:36:48+00:00,,,733.0,1.94,97.20000000000005,156,84,227,26,15.529977798461914,3.759129524230957,0.28
2026-07-10T21:36:49+00:00,37.462878338992596,126.94627499207854,735.0,1.92,97.39999999999998,,84,226,27,15.863149642944336,3.775552988052368,0.3
2026-07-10T21:36:50+00:00,,,735.0,1.92,97.79999999999995,156,84,220,26,15.84229564666748,3.772069215774536,0.3
2026-07-10T21:36:51+00:00,37.46285168454051,126.94628999568522,739.0,1.92,98.0,156,84,217,26,15.82133674621582,3.7685701847076416,0.3
2026-07-10T21:36:52+00:00,,,739.0,1.92,98.20000000000005,156,84,213,26,15.800503730773926,3.76509428024292,0.3
2026-07-10T21:36:53+00:00,37.46283173561096,126.94629326462746,743.0,1.92,98.60000000000002,158,84,213,26,15.779565811157227,3.761603593826294,0.3
2026-07-10T21:36:54+00:00,37.462816732004285,126.94628002122045,743.0,1.92,98.79999999999995,158,84,212,26,15.758711814880371,3.758129119873047,0.3
2026-07-10T21:36:55+00:00,37.46280172839761,126.9462666939944,745.0,1.88,99.0,158,84,211,26,15.988887786865234,3.736976146697998,0.3
2026-07-10T21:36:56+00:00,37.462784964591265,126.94624498486519,747.0,1.88,99.20000000000005,157,84,205,26,15.967679023742676,3.7334744930267334,0.3
2026-07-10T21:36:57+00:00,37.46276333928108,126.94622671231627,749.0,1.88,99.39999999999998,157,84,200,26,15.946449279785156,3.7299718856811523,0.28
2026-07-10T21:36:58+00:00,37.46274498291314,126.9462117087096,752.0,1.88,99.60000000000002,,84,200,26,15.815285682678223,3.7083840370178223,0.28
2026-07-10T21:36:59+00:00,37.462728302925825,126.94619997404516,755.0,1.92,100.0,158,84,200,26,15.357625961303711,3.7110931873321533,0.28
2026-07-10T21:37:00+00:00,37.462711706757545,126.94618170149624,757.0,1.92,100.0,157,84,200,26,15.228681564331055,3.6898341178894043,0.28
2026-07-10T21:37:01+00:00,37.46269829571247,126.94616502150893,759.0,1.94,100.20000000000005,156,84,196,26,15.022648811340332,3.6750991344451904,0.28
2026-07-10T21:37:02+00:00,,,762.0,1.94,100.39999999999998,157,84,188,26,14.895137786865234,3.654205560684204,0.28
2026-07-10T21:37:03+00:00,37.46267826296389,126.94614331237972,764.0,1.94,100.60000000000002,158,84,185,26,14.691376686096191,3.639770746231079,0.28
2026-07-10T21:37:04+00:00,,,764.0,1.94,100.79999999999995,159,84,185,26,14.564651489257812,3.6191368103027344,0.28
2026-07-10T21:37:05+00:00,37.46267331764102,126.94611003622413,767.0,1.92,101.0,159,84,187,26,14.587806701660156,3.5855507850646973,0.28
2026-07-10T21:37:06+00:00,,,767.0,1.92,101.39999999999998,159,84,185,26,14.348407745361328,3.5471909046173096,0.26
2026-07-10T21:37:07+00:00,37.46266166679561,126.94608832709491,770.0,1.9,101.60000000000002,159,84,188,26,14.256311416625977,3.4957239627838135,0.26
2026-07-10T21:37:08+00:00,,,770.0,1.9,101.79999999999995,160,84,189,26,14.014148712158203,3.457782745361328,0.26
2026-07-10T21:37:09+00:00,37.462635012343526,126.94607332348824,772.0,1.86,102.20000000000005,159,84,193,26,14.06691837310791,3.3930532932281494,0.26
2026-07-10T21:37:10+00:00,,,772.0,1.86,102.39999999999998,159,83,192,26,13.819548606872559,3.3553779125213623,0.24
2026-07-10T21:37:11+00:00,37.462601736187935,126.94605002179742,775.0,1.84,102.60000000000002,158,83,195,26,13.718951225280762,3.3042397499084473,0.24
2026-07-10T21:37:12+00:00,,,775.0,1.84,102.79999999999995,157,83,195,26,13.468892097473145,3.267052412033081,0.24
2026-07-10T21:37:13+00:00,37.46257172897458,126.94604331627488,779.0,1.86,103.0,157,83,197,26,13.075456619262695,3.2441413402557373,0.24
2026-07-10T21:37:14+00:00,,,779.0,1.86,103.20000000000005,156,83,200,26,12.98398208618164,3.2306857109069824,0.24
2026-07-10T21:37:15+00:00,37.462551696226,126.94605329073966,783.0,1.86,103.60000000000002,157,83,201,26,12.961737632751465,3.210069179534912,0.22
2026-07-10T21:37:16+00:00,,,783.0,1.86,104.0,156,83,201,26,12.869678497314453,3.1966607570648193,0.22
2026-07-10T21:37:17+00:00,37.46253501623869,126.94606670178473,785.0,1.82,104.39999999999998,,83,205,26,12.98776912689209,3.161752939224243,0.22
2026-07-10T21:37:18+00:00,,,785.0,1.82,104.79999999999995,156,81,209,26,12.89419174194336,3.1483309268951416,0.22
2026-07-10T21:37:19+00:00,37.462516659870744,126.94606670178473,787.0,1.78,105.0,156,80,214,26,13.087885856628418,3.1063616275787354,0.22
2026-07-10T21:37:20+00:00,,,787.0,1.78,105.39999999999998,155,79,218,26,12.992205619812012,3.0928871631622314,0.22
2026-07-10T21:37:21+00:00,,,789.0,1.74,105.79999999999995,155,78,226,26,13.268861770629883,3.044009208679199,0.22
2026-07-10T21:37:22+00:00,37.46249168179929,126.94607332348824,789.0,1.74,106.20000000000005,155,78,229,26,13.535079956054688,3.0809619426727295,0.22
2026-07-10T21:37:23+00:00,,,789.0,1.68,106.39999999999998,156,76,232,26,14.298540115356445,3.0784027576446533,0.22
2026-07-10T21:37:24+00:00,37.462480030953884,126.94609670899808,792.0,1.68,106.60000000000002,156,74,228,26,14.5759859085083,3.117027997970581,0.24
2026-07-10T21:37:25+00:00,,,792.0,1.64,106.79999999999995,155,74,223,26,15.12401294708252,3.1370511054992676,0.24
2026-07-10T21:37:26+00:00,,,795.0,1.64,107.20000000000005,,74,216,26,15.406250953674316,3.176760196685791,0.24
2026-07-10T21:37:27+00:00,37.46247332543135,126.94612671621144,795.0,1.62,107.39999999999998,156,75,210,26,15.881604194641113,3.204918146133423,0.24
2026-07-10T21:37:28+00:00,,,795.0,1.62,107.79999999999995,155,75,206,26,16.16675567626953,3.2455458641052246,0.26
2026-07-10T21:37:29+00:00,,,797.0,1.56,108.20000000000005,156,78,208,26,17.086156845092773,3.2538716793060303,0.26
2026-07-10T21:37:30+00:00,37.46245672926307,126.94615496322513,797.0,1.56,108.60000000000002,157,82,204,26,17.351774215698242,3.291670083999634,0.26
2026-07-10T21:37:31+00:00,,,797.0,1.52,109.0,157,82,204,26,18.08182716369629,3.309950351715088,0.26
2026-07-10T21:37:32+00:00,,,800.0,1.52,109.20000000000005,158,81,203,26,18.355804443359375,3.3490254878997803,0.26
2026-07-10T21:37:33+00:00,37.46243828907609,126.94617172703147,800.0,1.5,109.60000000000002,158,80,206,26,18.87706756591797,3.3791096210479736,0.28
2026-07-10T21:37:34+00:00,,,800.0,1.5,109.79999999999995,159,79,209,26,19.15414047241211,3.4189345836639404,0.28
2026-07-10T21:37:35+00:00,,,803.0,1.46,110.20000000000005,160,78,212,26,20.10211753845215,3.4387083053588867,0.28
2026-07-10T21:37:36+00:00,37.46243502013385,126.94619670510292,803.0,1.46,110.60000000000002,160,78,213,26,20.38759994506836,3.4795796871185303,0.28
2026-07-10T21:37:37+00:00,,,803.0,1.4,110.79999999999995,160,78,213,26,21.413782119750977,3.5035488605499268,0.28
2026-07-10T21:37:38+00:00,37.46242672204971,126.9462183304131,805.0,1.4,111.20000000000005,161,78,210,26,21.6757869720459,3.540814161300659,0.3
2026-07-10T21:37:39+00:00,,,805.0,1.4,111.60000000000002,160,77,209,26,21.93674659729004,3.578130006790161,0.3
2026-07-10T21:37:40+00:00,,,807.0,1.4,112.0,159,77,209,26,22.198490142822266,3.6157543659210205,0.3
2026-07-10T21:37:41+00:00,37.46242999099195,126.94624833762646,807.0,1.36,112.39999999999998,160,77,210,26,23.120290756225586,3.6426339149475098,0.3
2026-07-10T21:37:42+00:00,,,807.0,1.36,112.79999999999995,162,76,211,26,23.38946533203125,3.681065082550049,0.3
2026-07-10T21:37:43+00:00,,,810.0,1.36,113.20000000000005,161,75,215,26,23.659175872802734,3.7197539806365967,0.32
2026-07-10T21:37:44+00:00,37.462428314611316,126.94627666845918,810.0,1.36,113.60000000000002,161,75,216,26,23.92754364013672,3.758425712585449,0.32
2026-07-10T21:37:45+00:00,,,810.0,1.32,114.0,,74,219,26,24.930227279663086,3.7895584106445312,0.32
2026-07-10T21:37:46+00:00,37.462448263540864,126.94630667567253,813.0,1.32,114.20000000000005,161,73,219,26,24.997085571289062,3.7990825176239014,0.32
2026-07-10T21:37:47+00:00,,,813.0,1.34,114.60000000000002,,73,218,26,24.875226974487305,3.810380220413208,0.32
2026-07-10T21:37:48+00:00,37.46246167458594,126.94634003564715,816.0,1.34,114.79999999999995,161,73,217,26,24.941513061523438,3.8198864459991455,0.32
2026-07-10T21:37:49+00:00,,,816.0,1.36,115.0,160,73,212,26,24.63718605041504,3.83310604095459,0.32
2026-07-10T21:37:50+00:00,37.46245832182467,126.94636995904148,819.0,1.36,115.20000000000005,160,73,206,26,24.702556610107422,3.842588186264038,0.32
2026-07-10T21:37:51+00:00,,,819.0,1.36,115.60000000000002,160,75,200,26,24.767669677734375,3.8520421981811523,0.32
2026-07-10T21:37:52+00:00,37.46244499459863,126.94638831540942,822.0,1.36,115.79999999999995,160,77,193,26,24.832977294921875,3.8615336418151855,0.32
2026-07-10T21:37:53+00:00,,,822.0,1.36,116.0,160,77,188,26,24.89815330505371,3.8710153102874756,0.32
2026-07-10T21:37:54+00:00,37.462420016527176,126.94639166817069,824.0,1.36,116.20000000000005,,78,182,26,24.802040100097656,3.8570361137390137,0.32
2026-07-10T21:37:55+00:00,,,824.0,1.36,116.39999999999998,160,80,175,26,24.70640754699707,3.843146800994873,0.32
2026-07-10T21:37:56+00:00,37.462391685694456,126.94637834094465,827.0,1.36,116.60000000000002,160,81,166,26,24.610490798950195,3.8292362689971924,0.32
2026-07-10T21:37:57+00:00,37.46238171122968,126.94635830819607,827.0,1.36,116.79999999999995,161,82,162,26,24.334505081176758,3.817394495010376,0.32
2026-07-10T21:37:58+00:00,37.46237332932651,126.94633668288589,830.0,1.36,117.0,162,83,160,26,24.23919677734375,3.8035497665405273,0.32
2026-07-10T21:37:59+00:00,,,832.0,1.38,117.20000000000005,162,84,159,26,23.79416275024414,3.7941720485687256,0.32
2026-07-10T21:38:00+00:00,37.46236000210047,126.94630173034966,834.0,1.38,117.39999999999998,164,84,159,26,23.700143814086914,3.780435085296631,0.32
2026-07-10T21:38:01+00:00,,,834.0,1.42,117.60000000000002,164,84,157,26,23.10468864440918,3.7742505073547363,0.32
2026-07-10T21:38:02+00:00,37.46234499849379,126.94625831209123,838.0,1.42,118.0,163,84,156,26,22.705669403076172,3.7155561447143555,0.32
2026-07-10T21:38:03+00:00,37.46233670040965,126.94623501040041,838.0,1.42,118.20000000000005,163,84,159,26,22.151142120361328,3.660490036010742,0.3
2026-07-10T21:38:04+00:00,,,842.0,1.42,118.39999999999998,164,84,162,26,21.755327224731445,3.602912187576294,0.3
2026-07-10T21:38:05+00:00,37.462323289364576,126.94619997404516,844.0,1.46,118.60000000000002,164,84,161,26,20.774316787719727,3.55975341796875,0.3
2026-07-10T21:38:06+00:00,,,844.0,1.46,118.79999999999995,164,84,168,26,20.390884399414062,3.50405216217041,0.28
2026-07-10T21:38:07+00:00,37.46229671873152,126.9461699668318,848.0,1.48,119.0,164,84,169,26,19.86943817138672,3.452571392059326,0.28
2026-07-10T21:38:08+00:00,,,848.0,1.48,119.20000000000005,163,84,167,26,19.48823356628418,3.3979806900024414,0.28
2026-07-10T21:38:09+00:00,37.462258329615,126.94614498876035,852.0,1.5,119.20000000000005,162,84,164,26,18.84942626953125,3.3526511192321777,0.28
2026-07-10T21:38:10+00:00,37.46223829686642,126.94612830877304,852.0,1.5,119.39999999999998,162,84,163,26,18.37795066833496,3.2860350608825684,0.26
2026-07-10T21:38:11+00:00,,,857.0,1.54,119.60000000000002,161,84,161,26,17.32280731201172,3.2453858852386475,0.26
2026-07-10T21:38:12+00:00,37.46220828965306,126.9461250398308,859.0,1.54,119.79999999999995,160,84,161,26,16.86480712890625,3.1812829971313477,0.24
2026-07-10T21:38:13+00:00,,,859.0,1.58,120.20000000000005,,84,162,26,15.992781639099121,3.141190767288208,0.24
2026-07-10T21:38:14+00:00,37.46217995882034,126.94613828323781,863.0,1.58,120.39999999999998,161,84,167,26,15.546379089355469,3.0796656608581543,0.24
2026-07-10T21:38:15+00:00,,,863.0,1.58,120.79999999999995,,84,167,26,15.101311683654785,3.0192198753356934,0.22
2026-07-10T21:38:16+00:00,,,866.0,1.58,121.0,161,83,171,26,14.65401554107666,2.9593870639801025,0.22
2026-07-10T21:38:17+00:00,37.46215674094856,126.94615001790226,866.0,1.56,121.39999999999998,162,82,174,26,14.390212059020996,2.8875160217285156,0.22
2026-07-10T21:38:18+00:00,,,866.0,1.56,121.60000000000002,162,82,180,26,14.3576021194458,2.883284568786621,0.22
2026-07-10T21:38:19+00:00,,,869.0,1.54,122.0,163,81,187,26,14.510866165161133,2.8659934997558594,0.22
2026-07-10T21:38:20+00:00,37.462131679058075,126.94615328684449,869.0,1.54,122.20000000000005,163,81,193,26,14.477932929992676,2.8617568016052246,0.22
2026-07-10T21:38:21+00:00,,,869.0,1.5,122.60000000000002,164,80,199,26,14.83002758026123,2.831792116165161,0.22
2026-07-10T21:38:22+00:00,37.46211332269013,126.94613995961845,872.0,1.5,123.0,163,78,203,26,14.796012878417969,2.827481985092163,0.22
2026-07-10T21:38:23+00:00,,,872.0,1.5,123.20000000000005,162,78,202,26,14.8612060546875,2.8168420791625977,0.22
2026-07-10T21:38:24+00:00,37.46210167184472,126.94612168706954,874.0,1.5,123.39999999999998,161,78,201,26,14.826994895935059,2.8125314712524414,0.22
2026-07-10T21:38:25+00:00,,,874.0,1.48,124.0,160,78,202,26,14.892806053161621,2.801896572113037,0.22
2026-07-10T21:38:26+00:00,,,876.0,1.48,124.39999999999998,161,78,208,26,15.24034309387207,2.845726251602173,0.22
2026-07-10T21:38:27+00:00,37.462086668238044,126.94609830155969,876.0,1.46,124.60000000000002,160,77,211,26,15.908970832824707,2.872075319290161,0.22
2026-07-10T21:38:28+00:00,,,876.0,1.46,125.0,160,77,212,26,16.262636184692383,2.9172651767730713,0.22
2026-07-10T21:38:29+00:00,,,879.0,1.44,125.60000000000002,159,77,215,26,16.85013198852539,2.9521543979644775,0.24
2026-07-10T21:38:30+00:00,37.46206998825073,126.9460782688111,879.0,1.44,125.79999999999995,160,76,218,26,17.208744049072266,2.9986732006073,0.24
2026-07-10T21:38:31+00:00,,,879.0,1.4,126.20000000000005,160,76,218,26,17.943798065185547,3.0306084156036377,0.24
2026-07-10T21:38:32+00:00,,,881.0,1.4,126.79999999999995,,76,223,26,18.311193466186523,3.0787506103515625,0.24
2026-07-10T21:38:33+00:00,37.462058337405324,126.94604666903615,881.0,1.38,127.0,161,76,230,26,18.947805404663086,3.118110179901123,0.26
2026-07-10T21:38:34+00:00,,,881.0,1.38,127.39999999999998,161,76,229,26,19.50470733642578,3.192145824432373,0.26
2026-07-10T21:38:35+00:00,,,884.0,1.36,127.60000000000002,161,76,225,26,20.358896255493164,3.259739875793457,0.26
2026-07-10T21:38:36+00:00,37.46204333379865,126.9460267201066,884.0,1.36,128.0,160,76,219,26,20.92228889465332,3.3360772132873535,0.28
2026-07-10T21:38:37+00:00,,,884.0,1.34,128.20000000000005,161,76,216,26,21.973791122436523,3.404271125793457,0.28
2026-07-10T21:38:38+00:00,,,887.0,1.34,128.60000000000002,162,76,210,26,22.553363800048828,3.483719825744629,0.28
2026-07-10T21:38:39+00:00,37.46202330105007,126.94601330906153,887.0,1.32,128.79999999999995,162,76,203,26,23.4837646484375,3.558741569519043,0.3
2026-07-10T21:38:40+00:00,,,887.0,1.32,129.20000000000005,163,76,201,26,24.070425033569336,3.6401479244232178,0.3
2026-07-10T21:38:41+00:00,37.46200829744339,126.94599998183548,889.0,1.28,129.60000000000002,163,78,200,26,25.23618507385254,3.71705961227417,0.32
2026-07-10T21:38:42+00:00,,,889.0,1.28,130.0,163,78,195,26,25.460002899169922,3.7481470108032227,0.32
2026-07-10T21:38:43+00:00,,,891.0,1.28,130.39999999999998,,78,199,26,25.887413024902344,3.778028726577759,0.32
2026-07-10T21:38:44+00:00,37.46199497021735,126.94598003290594,891.0,1.28,130.79999999999995,162,78,203,26,26.113445281982422,3.8094522953033447,0.32
2026-07-10T21:38:45+00:00,,,891.0,1.22,131.20000000000005,161,78,206,26,27.646278381347656,3.8346469402313232,0.32
2026-07-10T21:38:46+00:00,37.461978290230036,126.9459632690996,894.0,1.22,131.39999999999998,160,79,202,26,27.884469985961914,3.866833448410034,0.32
2026-07-10T21:38:47+00:00,,,894.0,1.2,131.79999999999995,160,79,203,26,28.594345092773438,3.897676467895508,0.34
2026-07-10T21:38:48+00:00,,,896.0,1.2,132.0,159,79,204,26,28.836294174194336,3.9301061630249023,0.34
2026-07-10T21:38:49+00:00,37.46196496300399,126.94592831656337,896.0,1.16,132.39999999999998,159,79,203,26,30.08991813659668,3.9612815380096436,0.34
2026-07-10T21:38:50+00:00,,,896.0,1.16,132.60000000000002,161,79,198,27,30.16523551940918,3.9711334705352783,0.34
2026-07-10T21:38:51+00:00,37.46195834130049,126.94589998573065,899.0,1.16,133.0,162,78,195,26,29.723989486694336,3.981538772583008,0.34
2026-07-10T21:38:52+00:00,,,899.0,1.16,133.39999999999998,,78,192,27,29.79779624938965,3.991339683532715,0.34
2026-07-10T21:38:53+00:00,37.461953312158585,126.94586503319442,902.0,1.16,133.60000000000002,162,78,188,27,29.872051239013672,4.001204013824463,0.34
2026-07-10T21:38:54+00:00,37.461933279410005,126.94583997130394,902.0,1.16,133.79999999999995,163,78,186,27,29.946002960205078,4.011033058166504,0.34
2026-07-10T21:38:55+00:00,,,905.0,1.22,134.0,163,78,183,26,29.027921676635742,4.02232027053833,0.34
2026-07-10T21:38:56+00:00,37.461913330480456,126.94580325856805,908.0,1.22,134.20000000000005,164,79,179,27,29.099504470825195,4.032102584838867,0.34
2026-07-10T21:38:57+00:00,37.46190670877695,126.94578004069626,908.0,1.34,134.39999999999998,163,80,173,26,26.341053009033203,4.0529046058654785,0.34
2026-07-10T21:38:58+00:00,,,912.0,1.34,134.60000000000002,162,82,174,26,25.904727935791016,3.9888031482696533,0.34
2026-07-10T21:38:59+00:00,37.461900003254414,126.94574332796037,914.0,1.42,134.79999999999995,163,83,168,27,24.204837799072266,3.9382166862487793,0.34
2026-07-10T21:39:00+00:00,,,914.0,1.42,135.0,163,84,167,26,23.790170669555664,3.8760573863983154,0.32
2026-07-10T21:39:01+00:00,37.46189002878964,126.94570996798575,918.0,1.44,135.20000000000005,162,84,161,26,23.05020523071289,3.8196322917938232,0.32
2026-07-10T21:39:02+00:00,,,918.0,1.44,135.20000000000005,163,84,152,26,22.64337730407715,3.7590057849884033,0.32
2026-07-10T21:39:03+00:00,37.46188499964774,126.94567501544952,921.0,1.44,135.39999999999998,164,84,149,26,22.080101013183594,3.7015328407287598,0.3
2026-07-10T21:39:04+00:00,,,921.0,1.44,135.60000000000002,164,84,148,26,21.675695419311523,3.6419670581817627,0.3
2026-07-10T21:39:05+00:00,37.46189673431218,126.94565330632031,924.0,1.46,135.79999999999995,163,84,146,26,21.123382568359375,3.586144208908081,0.3
2026-07-10T21:39:06+00:00,,,924.0,1.46,135.79999999999995,164,84,145,26,20.672958374023438,3.5207016468048096,0.28
2026-07-10T21:39:07+00:00,37.46191827580333,126.94561500102282,926.0,1.44,136.0,163,84,144,26,20.360694885253906,3.4517459869384766,0.28
2026-07-10T21:39:08+00:00,37.461920036002994,126.945591699332,926.0,1.44,136.20000000000005,164,84,142,26,19.90669059753418,3.3873629570007324,0.28
2026-07-10T21:39:09+00:00,37.46191827580333,126.94556328468025,930.0,1.5,136.20000000000005,164,84,137,26,18.797710418701172,3.345303773880005,0.28
2026-07-10T21:39:10+00:00,,,932.0,1.5,136.20000000000005,163,84,137,26,18.358501434326172,3.2833049297332764,0.26
2026-07-10T21:39:11+00:00,37.46190670877695,126.94552003405988,935.0,1.56,136.20000000000005,,84,134,27,17.225217819213867,3.2526392936706543,0.26
2026-07-10T21:39:12+00:00,37.46189002878964,126.94549673236907,935.0,1.56,136.39999999999998,163,84,134,26,16.803430557250977,3.1933610439300537,0.26
2026-07-10T21:39:13+00:00,37.461871672421694,126.94548499770463,939.0,1.58,136.39999999999998,,84,131,26,16.068527221679688,3.1517186164855957,0.24
2026-07-10T21:39:14+00:00,37.461851723492146,126.94548172876239,942.0,1.58,136.39999999999998,163,84,131,26,15.393290519714355,3.058772563934326,0.24
2026-07-10T21:39:15+00:00,37.461831690743566,126.94547996856272,944.0,1.68,136.60000000000002,164,84,128,26,13.924226760864258,3.0269010066986084,0.22
2026-07-10T21:39:16+00:00,,,946.0,1.68,136.60000000000002,163,84,131,26,13.284103393554688,2.9404690265655518,0.22
2026-07-10T21:39:17+00:00,37.46180503629148,126.94546672515571,948.0,1.74,136.60000000000002,164,85,129,26,12.206693649291992,2.900367259979248,0.2
2026-07-10T21:39:18+00:00,,,948.0,1.74,136.60000000000002,165,85,129,26,11.590620994567871,2.8198840618133545,0.2
2026-07-10T21:39:19+00:00,37.4617850035429,126.94543671794236,952.0,1.74,136.79999999999995,165,85,129,26,10.971463203430176,2.7411348819732666,0.18
2026-07-10T21:39:20+00:00,37.46176999993622,126.94542330689728,952.0,1.74,137.0,,85,131,26,10.35600757598877,2.665012836456299,0.16
2026-07-10T21:39:21+00:00,37.46175331994891,126.9454083032906,955.0,1.74,137.20000000000005,165,85,134,26,9.736848831176758,2.5906333923339844,0.16
2026-07-10T21:39:22+00:00,37.461734963580966,126.94539673626423,957.0,1.74,137.20000000000005,164,85,139,26,9.343484878540039,2.544538736343384,0.16
2026-07-10T21:39:23+00:00,,,959.0,1.78,137.39999999999998,162,85,142,26,8.748623847961426,2.533825397491455,0.14
2026-07-10T21:39:24+00:00,37.46171166189015,126.94536329247057,962.0,1.78,137.39999999999998,161,85,147,26,8.364532470703125,2.4900636672973633,0.14
2026-07-10T21:39:25+00:00,37.46170001104474,126.94533672183752,962.0,1.8,137.60000000000002,162,85,147,26,7.891653537750244,2.464970588684082,0.14
2026-07-10T21:39:26+00:00,37.46169003657997,126.9453150127083,966.0,1.8,137.60000000000002,160,86,149,26,7.511093616485596,2.4231481552124023,0.12
2026-07-10T21:39:27+00:00,37.46167997829616,126.94529330357909,968.0,1.86,137.60000000000002,160,86,152,26,6.900374889373779,2.436976432800293,0.12
2026-07-10T21:39:28+00:00,,,971.0,1.86,137.79999999999995,161,85,157,26,6.53289270401001,2.3976023197174072,0.12
2026-07-10T21:39:29+00:00,37.46166002936661,126.94526329636574,973.0,1.88,137.79999999999995,161,83,156,26,6.099470138549805,2.377739906311035,0.1
2026-07-10T21:39:30+00:00,,,973.0,1.88,138.0,,83,154,26,5.944187641143799,2.3616437911987305,0.1
2026-07-10T21:39:31+00:00,37.46164167299867,126.94522331468761,976.0,1.86,138.0,161,81,148,26,5.820184230804443,2.336345672607422,0.1
2026-07-10T21:39:32+00:00,37.46162826195359,126.94520001299679,976.0,1.86,138.0,161,81,142,26,5.664691925048828,2.3206050395965576,0.1
2026-07-10T21:39:33+00:00,,,980.0,1.88,137.79999999999995,162,81,139,26,5.47865104675293,2.314361810684204,0.1
2026-07-10T21:39:34+00:00,37.461608313024044,126.9451566785574,983.0,1.88,137.79999999999995,161,83,135,26,5.323524475097656,2.298931837081909,0.08
2026-07-10T21:39:35+00:00,37.46160328388214,126.94513170048594,983.0,1.9,137.79999999999995,159,84,131,26,5.113704681396484,2.3026885986328125,0.08
2026-07-10T21:39:36+00:00,,,987.0,1.9,137.79999999999995,157,87,131,26,4.959758758544922,2.287597179412842,0.08
2026-07-10T21:39:37+00:00,37.461600014939904,126.94508995860815,989.0,1.92,137.79999999999995,158,86,128,26,4.730721473693848,2.301406145095825,0.08
2026-07-10T21:39:38+00:00,37.461594985798,126.9450649805367,989.0,1.92,138.0,158,84,130,26,4.516833782196045,2.28072452545166,0.08
2026-07-10T21:39:39+00:00,,,993.0,1.92,138.0,,83,131,26,4.324182987213135,2.2505884170532227,0.08
2026-07-10T21:39:40+00:00,37.46157830581069,126.94502499885857,995.0,1.92,138.20000000000005,158,81,133,26,4.109175682067871,2.2305192947387695,0.06
2026-07-10T21:39:41+00:00,37.461560033261776,126.9450099952519,995.0,1.92,138.39999999999998,,80,136,26,3.873671770095825,2.2204744815826416,0.06
2026-07-10T21:39:42+00:00,37.46153832413256,126.94500169716775,999.0,1.92,138.60000000000002,156,79,142,26,3.6589274406433105,2.2010083198547363,0.06
2026-07-10T21:39:43+00:00,37.461515022441745,126.94500002078712,1002.0,1.96,138.60000000000002,154,79,148,26,3.3724238872528076,2.2208704948425293,0.06
2026-07-10T21:39:44+00:00,37.46149331331253,126.94499666802585,1004.0,1.96,138.79999999999995,156,79,157,26,3.164580821990967,2.2023868560791016,0.06
2026-07-10T21:39:45+00:00,,,1007.0,2.0,138.79999999999995,156,80,161,26,2.8955459594726562,2.223395586013794,0.04
2026-07-10T21:39:46+00:00,37.461461713537574,126.94498334079981,1009.0,2.0,139.0,158,81,166,26,2.9807865619659424,2.230921745300293,0.04
2026-07-10T21:39:47+00:00,,,1009.0,2.0,139.0,159,81,167,26,3.065856456756592,2.2384867668151855,0.06
2026-07-10T21:39:48+00:00,37.46143673546612,126.9449767190963,1013.0,2.0,139.20000000000005,159,81,168,26,3.151353359222412,2.2461440563201904,0.06
2026-07-10T21:39:49+00:00,,,1013.0,2.0,139.60000000000002,159,81,171,26,3.2529444694519043,2.2440364360809326,0.06
2026-07-10T21:39:50+00:00,37.461409997195005,126.94494671188295,1016.0,2.0,139.79999999999995,159,80,176,26,3.3386988639831543,2.2517964839935303,0.06
2026-07-10T21:39:51+00:00,,,1016.0,1.96,140.20000000000005,158,79,180,26,3.494786500930786,2.2205114364624023,0.06
2026-07-10T21:39:52+00:00,37.461376721039414,126.9449167046696,1020.0,1.96,140.60000000000002,156,79,185,26,3.5822126865386963,2.228416919708252,0.06
2026-07-10T21:39:53+00:00,,,1020.0,1.96,141.0,156,79,196,26,3.6699018478393555,2.2364015579223633,0.06
2026-07-10T21:39:54+00:00,37.461356688290834,126.94490999914706,1024.0,1.96,141.39999999999998,156,79,205,26,4.037621021270752,2.27048659324646,0.06
2026-07-10T21:39:55+00:00,,,1024.0,1.96,141.79999999999995,157,79,217,26,4.403872489929199,2.3053994178771973,0.08
2026-07-10T21:39:56+00:00,,,1027.0,1.96,142.20000000000005,156,79,231,26,4.771591663360596,2.341416597366333,0.08
2026-07-10T21:39:57+00:00,,,1027.0,1.86,142.60000000000002,156,80,242,26,5.416337966918945,2.2834582328796387,0.1
2026-07-10T21:39:58+00:00,37.46133833192289,126.94489826448262,1027.0,1.86,143.0,,81,245,26,5.802386283874512,2.3219845294952393,0.1
2026-07-10T21:39:59+00:00,,,1027.0,1.72,143.20000000000005,156,82,249,26,6.657830238342285,2.2414751052856445,0.1
2026-07-10T21:40:00+00:00,,,1029.0,1.72,143.79999999999995,156,84,244,26,7.163341522216797,2.292431354522705,0.12
2026-07-10T21:40:01+00:00,37.46131829917431,126.94490002468228,1029.0,1.6,144.20000000000005,156,84,245,26,8.050799369812012,2.2191994190216064,0.12
2026-07-10T21:40:02+00:00,,,1029.0,1.6,144.39999999999998,156,84,244,26,9.11650562286377,2.3291144371032715,0.14
2026-07-10T21:40:03+00:00,37.461300026625395,126.9449167046696,1031.0,1.52,144.79999999999995,156,84,240,26,10.792487144470215,2.373035192489624,0.16
2026-07-10T21:40:04+00:00,,,1031.0,1.52,145.0,156,84,230,26,11.918323516845703,2.4984240531921387,0.16
2026-07-10T21:40:05+00:00,37.46128502301872,126.94494000636041,1034.0,1.5,145.39999999999998,157,84,224,26,13.136807441711426,2.6235427856445312,0.18
2026-07-10T21:40:06+00:00,,,1034.0,1.5,145.60000000000002,157,84,217,26,14.271286010742188,2.761643171310425,0.2
2026-07-10T21:40:07+00:00,37.46127496473491,126.94496498443186,1036.0,1.5,145.79999999999995,157,84,210,26,15.514881134033203,2.900179386138916,0.22
2026-07-10T21:40:08+00:00,,,1036.0,1.5,146.20000000000005,157,84,208,26,16.655832290649414,3.049976110458374,0.24
2026-07-10T21:40:09+00:00,37.461256692186,126.94498334079981,1039.0,1.48,146.39999999999998,,84,206,26,17.920486450195312,3.2005743980407715,0.26
2026-07-10T21:40:10+00:00,,,1039.0,1.48,146.60000000000002,158,84,192,26,18.330251693725586,3.2573330402374268,0.26
2026-07-10T21:40:11+00:00,,,1042.0,1.48,147.0,157,83,190,26,18.869983673095703,3.310533046722412,0.26
2026-07-10T21:40:12+00:00,37.46123330667615,126.94498996250331,1042.0,1.48,147.39999999999998,157,83,189,26,19.282949447631836,3.368793487548828,0.28
2026-07-10T21:40:13+00:00,,,1042.0,1.42,147.60000000000002,157,83,190,26,20.390291213989258,3.4079670906066895,0.28
2026-07-10T21:40:14+00:00,,,1044.0,1.42,148.0,158,83,191,26,20.81951332092285,3.468642234802246,0.28
2026-07-10T21:40:15+00:00,37.46121168136597,126.94499172270298,1044.0,1.4,148.39999999999998,158,82,195,26,21.706026077270508,3.519805669784546,0.3
2026-07-10T21:40:16+00:00,,,1044.0,1.4,148.79999999999995,158,82,199,26,22.14276123046875,3.5819578170776367,0.3
2026-07-10T21:40:17+00:00,37.461206736043096,126.94496498443186,1047.0,1.36,149.20000000000005,157,82,205,26,23.07980728149414,3.6368699073791504,0.3
2026-07-10T21:40:18+00:00,,,1047.0,1.36,149.60000000000002,156,81,208,26,23.353492736816406,3.6759183406829834,0.3
2026-07-10T21:40:19+00:00,37.46119827032089,126.9449217338115,1049.0,1.36,149.79999999999995,156,81,211,26,23.803300857543945,3.7129969596862793,0.32
2026-07-10T21:40:20+00:00,,,1049.0,1.36,150.0,156,80,207,26,24.079011917114258,3.7525317668914795,0.32
2026-07-10T21:40:21+00:00,37.461195001378655,126.94489499554038,1053.0,1.38,150.20000000000005,156,80,202,26,23.826356887817383,3.7988805770874023,0.32
2026-07-10T21:40:22+00:00,,,1053.0,1.38,150.39999999999998,157,80,199,26,24.09580421447754,3.838388442993164,0.32
2026-07-10T21:40:23+00:00,,,1055.0,1.38,150.79999999999995,157,80,197,26,24.544462203979492,3.8762600421905518,0.32
2026-07-10T21:40:24+00:00,37.461183266714215,126.94486171938479,1055.0,1.38,151.20000000000005,158,80,194,26,24.816150665283203,3.9162588119506836,0.32
2026-07-10T21:40:25+00:00,,,1055.0,1.36,151.39999999999998,158,80,192,26,25.460891723632812,3.953254222869873,0.34
2026-07-10T21:40:26+00:00,,,1059.0,1.36,151.79999999999995,158,81,185,26,25.079885482788086,3.8975014686584473,0.32
2026-07-10T21:40:27+00:00,37.46118167415261,126.94482333026826,1059.0,1.34,152.0,158,81,183,26,24.88473129272461,3.840402364730835,0.32
2026-07-10T21:40:28+00:00,,,1059.0,1.34,152.39999999999998,,81,183,26,24.502031326293945,3.785283088684082,0.32
2026-07-10T21:40:29+00:00,37.46117329224944,126.94480002857745,1062.0,1.34,152.60000000000002,160,81,187,26,24.117799758911133,3.7302701473236084,0.32
2026-07-10T21:40:30+00:00,,,1062.0,1.34,153.0,159,81,193,26,23.734333038330078,3.6757054328918457,0.3
2026-07-10T21:40:31+00:00,,,1064.0,1.34,153.39999999999998,159,81,198,26,23.352018356323242,3.6216533184051514,0.3
2026-07-10T21:40:32+00:00,,,1064.0,1.34,153.79999999999995,159,81,197,26,22.96969985961914,3.567960262298584,0.3
2026-07-10T21:40:33+00:00,37.46118829585612,126.94477329030633,1064.0,1.28,154.20000000000005,159,80,199,26,23.64496612548828,3.4990220069885254,0.3
2026-07-10T21:40:34+00:00,,,1064.0,1.28,154.60000000000002,159,79,201,26,23.84259796142578,3.525803565979004,0.3
2026-07-10T21:40:35+00:00,,,1067.0,1.28,155.0,158,79,210,26,24.04062843322754,3.552727222442627,0.3
2026-07-10T21:40:36+00:00,37.46118997223675,126.94473498500884,1067.0,1.28,155.39999999999998,158,79,213,26,24.23806381225586,3.5796566009521484,0.3
2026-07-10T21:40:37+00:00,,,1067.0,1.26,155.79999999999995,,78,216,26,24.824169158935547,3.60290265083313,0.3
2026-07-10T21:40:38+00:00,37.461186703294516,126.94470497779548,1070.0,1.26,156.20000000000005,156,77,217,26,25.025341033935547,3.630241632461548,0.3
2026-07-10T21:40:39+00:00,,,1070.0,1.28,156.60000000000002,155,77,219,26,24.831756591796875,3.661137580871582,0.3
2026-07-10T21:40:40+00:00,37.461178321391344,126.9446732942015,1073.0,1.28,157.0,155,77,221,26,25.02978515625,3.688478946685791,0.32
2026-07-10T21:40:41+00:00,,,1073.0,1.28,157.39999999999998,157,76,224,26,25.227617263793945,3.715871572494507,0.32
2026-07-10T21:40:42+00:00,37.46117169968784,126.9446299597621,1076.0,1.28,157.60000000000002,158,76,224,26,25.365510940551758,3.7350106239318848,0.32
2026-07-10T21:40:43+00:00,,,1076.0,1.3,158.0,159,76,220,26,25.305021286010742,3.7557244300842285,0.32
2026-07-10T21:40:44+00:00,37.461170023307204,126.94459827616811,1080.0,1.3,158.20000000000005,159,77,213,26,25.44184684753418,3.774883985519409,0.32
2026-07-10T21:40:45+00:00,,,1080.0,1.32,158.39999999999998,159,78,205,26,24.996936798095703,3.7990612983703613,0.32
2026-07-10T21:40:46+00:00,37.461174968630075,126.94455502554774,1083.0,1.32,158.39999999999998,159,79,199,26,25.13064956665039,3.81813645362854,0.32
2026-07-10T21:40:47+00:00,,,1083.0,1.34,158.60000000000002,159,80,189,26,25.07387924194336,3.8388969898223877,0.32
2026-07-10T21:40:48+00:00,37.461161725223064,126.94452325813472,1087.0,1.34,159.0,160,80,183,26,25.206453323364258,3.8579742908477783,0.32
2026-07-10T21:40:49+00:00,,,1087.0,1.36,159.20000000000005,159,80,177,26,24.96337890625,3.8805131912231445,0.32
2026-07-10T21:40:50+00:00,37.46115325950086,126.94449165835977,1090.0,1.36,159.39999999999998,156,80,169,26,24.812204360961914,3.858513593673706,0.32
2026-07-10T21:40:51+00:00,,,1090.0,1.36,159.60000000000002,155,80,161,26,24.48029327392578,3.8386120796203613,0.32
2026-07-10T21:40:52+00:00,37.46115669608116,126.94445670582354,1093.0,1.36,159.79999999999995,156,80,157,26,24.330379486083984,3.8167946338653564,0.32
2026-07-10T21:40:53+00:00,37.4611599650234,126.94443332031369,1093.0,1.36,160.0,156,80,153,26,24.180912017822266,3.795093297958374,0.32
2026-07-10T21:40:54+00:00,,,1096.0,1.36,160.0,156,80,154,26,24.030698776245117,3.773336410522461,0.32
2026-07-10T21:40:55+00:00,37.4611649941653,126.94439828395844,1098.0,1.4,160.20000000000005,155,80,152,26,23.365663528442383,3.758784294128418,0.32
2026-07-10T21:40:56+00:00,,,1098.0,1.4,160.20000000000005,,80,151,26,23.219423294067383,3.7374300956726074,0.32
2026-07-10T21:40:57+00:00,37.461161725223064,126.94437330588698,1101.0,1.4,160.39999999999998,156,80,148,26,22.90793800354004,3.718693733215332,0.32
2026-07-10T21:40:58+00:00,,,1101.0,1.4,160.60000000000002,158,82,145,26,22.409576416015625,3.64623761177063,0.3
2026-07-10T21:40:59+00:00,37.46114831417799,126.94434673525393,1103.0,1.4,160.79999999999995,160,84,145,26,21.909713745117188,3.5742552280426025,0.3
2026-07-10T21:41:00+00:00,,,1103.0,1.4,161.20000000000005,163,86,145,26,21.408855438232422,3.502850294113159,0.28
2026-07-10T21:41:01+00:00,,,1106.0,1.4,161.39999999999998,163,87,146,26,21.06092643737793,3.42901611328125,0.28
2026-07-10T21:41:02+00:00,37.46115166693926,126.94431329146028,1106.0,1.4,161.60000000000002,163,87,145,26,20.55948257446289,3.3593108654022217,0.28
2026-07-10T21:41:03+00:00,,,1106.0,1.38,161.79999999999995,162,87,148,26,20.348812103271484,3.282341241836548,0.26
2026-07-10T21:41:04+00:00,37.46115325950086,126.94428001530468,1109.0,1.38,162.20000000000005,162,86,156,26,19.837493896484375,3.213421106338501,0.26
2026-07-10T21:41:05+00:00,,,1109.0,1.38,162.39999999999998,,85,166,26,19.327198028564453,3.145475387573242,0.26
2026-07-10T21:41:06+00:00,37.46115166693926,126.94423668086529,1112.0,1.38,162.60000000000002,162,85,166,26,18.82845115661621,3.07989764213562,0.24
2026-07-10T21:41:07+00:00,,,1112.0,1.38,162.79999999999995,162,85,166,26,18.19786834716797,3.020080089569092,0.24
2026-07-10T21:41:08+00:00,37.461149990558624,126.94420172832906,1116.0,1.38,163.0,163,85,167,26,17.702241897583008,2.9563753604888916,0.24
2026-07-10T21:41:09+00:00,,,1116.0,1.4,163.20000000000005,162,85,164,26,16.962757110595703,2.9044718742370605,0.22
2026-07-10T21:41:10+00:00,,,1119.0,1.4,163.60000000000002,161,85,167,26,16.47469711303711,2.8430655002593994,0.22
2026-07-10T21:41:11+00:00,37.461138339713216,126.94417499005795,1119.0,1.38,163.79999999999995,161,85,172,26,16.219316482543945,2.7711377143859863,0.22
2026-07-10T21:41:12+00:00,,,1119.0,1.38,164.20000000000005,160,85,175,26,15.725172996520996,2.711263656616211,0.2
2026-07-10T21:41:13+00:00,,,1122.0,1.36,164.60000000000002,160,84,177,26,15.454011917114258,2.6399896144866943,0.2
2026-07-10T21:41:14+00:00,37.461118306964636,126.9441550411284,1122.0,1.36,165.0,159,84,178,26,15.593236923217773,2.656373977661133,0.2
2026-07-10T21:41:15+00:00,,,1122.0,1.34,165.20000000000005,159,84,185,26,15.967843055725098,2.6611127853393555,0.2
2026-07-10T21:41:16+00:00,,,1124.0,1.34,165.60000000000002,159,83,190,26,16.109853744506836,2.677856922149658,0.2
2026-07-10T21:41:17+00:00,37.46110330335796,126.94413668476045,1124.0,1.32,166.20000000000005,158,81,201,26,16.49753189086914,2.6832942962646484,0.2
2026-07-10T21:41:18+00:00,37.461081678047776,126.94412503391504,1124.0,1.32,166.60000000000002,158,80,210,26,16.641407012939453,2.700284719467163,0.2
2026-07-10T21:41:19+00:00,,,1127.0,1.3,167.0,158,79,217,26,17.17608070373535,2.701256036758423,0.22
2026-07-10T21:41:20+00:00,37.461064998060465,126.9441132992506,1129.0,1.3,167.60000000000002,157,76,222,26,17.323009490966797,2.7185614109039307,0.22
2026-07-10T21:41:21+00:00,,,1129.0,1.34,167.79999999999995,158,75,228,26,16.818496704101562,2.7625317573547363,0.22
2026-07-10T21:41:22+00:00,37.461044965311885,126.94409829564393,1132.0,1.34,168.20000000000005,158,75,230,26,17.563547134399414,2.8535265922546387,0.22
2026-07-10T21:41:23+00:00,,,1132.0,1.34,168.39999999999998,157,73,227,27,18.443260192871094,2.9413650035858154,0.24
2026-07-10T21:41:24+00:00,37.4610233400017,126.94409502670169,1134.0,1.34,168.79999999999995,,72,227,27,19.19316291809082,3.0364484786987305,0.24
2026-07-10T21:41:25+00:00,,,1134.0,1.34,169.0,158,72,226,26,19.940820693969727,3.133054494857788,0.26
2026-07-10T21:41:26+00:00,37.461000038310885,126.94409829564393,1137.0,1.34,169.20000000000005,,72,218,27,20.69222068786621,3.2318880558013916,0.26
2026-07-10T21:41:27+00:00,,,1137.0,1.32,169.60000000000002,158,75,211,27,21.6023006439209,3.3286080360412598,0.28
2026-07-10T21:41:28+00:00,37.46098168194294,126.9441066775471,1139.0,1.32,169.79999999999995,157,76,204,27,22.357887268066406,3.430832624435425,0.28
2026-07-10T21:41:29+00:00,,,1139.0,1.32,170.20000000000005,159,79,195,27,23.11195945739746,3.534346103668213,0.3
2026-07-10T21:41:30+00:00,37.460963325574994,126.9441183283925,1141.0,1.32,170.39999999999998,160,79,186,27,23.290082931518555,3.5590059757232666,0.3
2026-07-10T21:41:31+00:00,,,1141.0,1.3,170.60000000000002,160,79,185,27,23.827457427978516,3.5788071155548096,0.3
2026-07-10T21:41:32+00:00,,,1144.0,1.3,170.79999999999995,161,79,176,27,24.007600784301758,3.6036720275878906,0.3
2026-07-10T21:41:33+00:00,37.460951674729586,126.94409326650202,1144.0,1.28,171.0,161,79,168,27,24.565309524536133,3.6244771480560303,0.3
2026-07-10T21:41:34+00:00,,,1144.0,1.28,171.0,161,79,163,27,24.747901916503906,3.6495842933654785,0.3
2026-07-10T21:41:35+00:00,37.460934994742274,126.9440699648112,1146.0,1.28,171.20000000000005,161,79,157,27,25.127534866333008,3.673082113265991,0.3
2026-07-10T21:41:36+00:00,,,1146.0,1.28,171.39999999999998,161,80,151,27,25.31138038635254,3.6983721256256104,0.32
2026-07-10T21:41:37+00:00,37.460906663909554,126.94405999034643,1149.0,1.28,171.60000000000002,162,80,146,27,25.296411514282227,3.7254152297973633,0.32
2026-07-10T21:41:38+00:00,,,1149.0,1.28,171.79999999999995,161,80,140,27,24.984167098999023,3.682173490524292,0.3
2026-07-10T21:41:39+00:00,37.460870034992695,126.9440567214042,1152.0,1.3,172.0,160,81,135,27,24.290510177612305,3.6428682804107666,0.3
2026-07-10T21:41:40+00:00,37.46085167862475,126.9440583139658,1152.0,1.3,172.20000000000005,161,82,140,27,23.983379364013672,3.6003243923187256,0.3
2026-07-10T21:41:41+00:00,,,1156.0,1.36,172.39999999999998,162,82,140,27,22.79816246032715,3.570437431335449,0.3
2026-07-10T21:41:42+00:00,37.4608282931149,126.94406501948833,1158.0,1.36,172.79999999999995,161,82,147,27,22.501218795776367,3.5288138389587402,0.3
2026-07-10T21:41:43+00:00,,,1158.0,1.38,173.0,161,82,151,27,21.881004333496094,3.4936397075653076,0.28
2026-07-10T21:41:44+00:00,37.46080331504345,126.94406501948833,1161.0,1.38,173.20000000000005,162,82,157,27,21.588397979736328,3.452754497528076,0.28
2026-07-10T21:41:45+00:00,,,1161.0,1.38,173.39999999999998,161,82,158,27,21.296083450317383,3.412155866622925,0.28
2026-07-10T21:41:46+00:00,37.46078168973327,126.9440532848239,1164.0,1.38,173.60000000000002,161,82,161,27,20.75905990600586,3.338228225708008,0.28
2026-07-10T21:41:47+00:00,,,1164.0,1.38,173.79999999999995,161,82,165,27,20.225252151489258,3.265611171722412,0.26
2026-07-10T21:41:48+00:00,,,1166.0,1.38,174.20000000000005,160,82,169,27,19.688766479492188,3.193530797958374,0.26
2026-07-10T21:41:49+00:00,37.46075998060405,126.9440250378102,1166.0,1.36,174.39999999999998,161,82,171,27,19.294721603393555,3.1182518005371094,0.26
2026-07-10T21:41:50+00:00,,,1166.0,1.36,174.60000000000002,160,82,172,27,18.755910873413086,3.048017978668213,0.24
2026-07-10T21:41:51+00:00,37.46074170805514,126.94401003420353,1170.0,1.34,175.0,160,82,172,27,18.486806869506836,2.968992233276367,0.24
2026-07-10T21:41:52+00:00,,,1170.0,1.34,175.20000000000005,160,82,172,27,17.9410457611084,2.9003818035125732,0.24
2026-07-10T21:41:53+00:00,37.46071672998369,126.94400668144226,1172.0,1.34,175.60000000000002,159,82,175,27,17.393644332885742,2.832601308822632,0.22
2026-07-10T21:41:54+00:00,,,1172.0,1.34,175.79999999999995,,81,179,27,17.339263916015625,2.825925588607788,0.22
2026-07-10T21:41:55+00:00,37.460691668093204,126.94399000145495,1175.0,1.36,176.20000000000005,160,81,182,27,17.156688690185547,2.8245115280151367,0.22
2026-07-10T21:41:56+00:00,,,1175.0,1.36,176.39999999999998,159,81,185,27,17.102821350097656,2.8178954124450684,0.22
2026-07-10T21:41:57+00:00,37.46068328619003,126.94395328871906,1178.0,1.36,176.79999999999995,160,81,187,27,16.923324584960938,2.8166351318359375,0.22
2026-07-10T21:41:58+00:00,37.46067666448653,126.94393166340888,1178.0,1.36,177.0,159,81,185,27,16.869800567626953,2.8100578784942627,0.22
2026-07-10T21:41:59+00:00,37.46066669002175,126.94391003809869,1182.0,1.38,177.20000000000005,159,81,185,27,16.572296142578125,2.8144826889038086,0.22
2026-07-10T21:42:00+00:00,37.46065671555698,126.94388497620821,1184.0,1.38,177.39999999999998,159,82,184,27,16.519283294677734,2.8079426288604736,0.22
2026-07-10T21:42:01+00:00,,,1186.0,1.42,177.39999999999998,160,83,176,27,16.002790451049805,2.8243441581726074,0.22
2026-07-10T21:42:02+00:00,37.46064833365381,126.94384172558784,1188.0,1.42,177.60000000000002,160,83,170,27,16.171422958374023,2.845446825027466,0.22
2026-07-10T21:42:03+00:00,,,1188.0,1.46,177.79999999999995,160,83,161,27,15.89205551147461,2.889719247817993,0.22
2026-07-10T21:42:04+00:00,37.460623271763325,126.9438133109361,1192.0,1.46,177.79999999999995,161,83,155,27,16.05623435974121,2.910767078399658,0.22
2026-07-10T21:42:05+00:00,,,1192.0,1.48,178.0,161,83,150,27,16.000892639160156,2.9434361457824707,0.22
2026-07-10T21:42:06+00:00,37.46060499921441,126.94379000924528,1196.0,1.48,178.20000000000005,160,83,147,27,16.163013458251953,2.9645771980285645,0.22
2026-07-10T21:42:07+00:00,,,1196.0,1.52,178.39999999999998,160,83,143,27,16.000160217285156,3.003002882003784,0.24
2026-07-10T21:42:08+00:00,37.46059326454997,126.94375673308969,1199.0,1.52,178.79999999999995,161,83,145,27,16.15890121459961,3.0241215229034424,0.24
2026-07-10T21:42:09+00:00,,,1199.0,1.52,179.0,161,83,152,27,16.317642211914062,3.045346260070801,0.24
2026-07-10T21:42:10+00:00,37.460581697523594,126.94371331483126,1202.0,1.52,179.20000000000005,161,83,157,27,16.207027435302734,3.0305449962615967,0.24
2026-07-10T21:42:11+00:00,37.46057172305882,126.94369001314044,1202.0,1.54,179.39999999999998,162,84,159,27,15.886547088623047,3.027529239654541,0.24
2026-07-10T21:42:12+00:00,37.46055495925248,126.94366998039186,1206.0,1.54,179.39999999999998,163,84,160,27,15.77759838104248,3.0129590034484863,0.24
2026-07-10T21:42:13+00:00,37.460529981181026,126.94364827126265,1208.0,1.56,179.60000000000002,163,84,161,26,15.367326736450195,3.0165655612945557,0.22
2026-07-10T21:42:14+00:00,37.46051833033562,126.9436267297715,1211.0,1.56,179.60000000000002,163,84,159,26,15.260684967041016,3.002270221710205,0.22
2026-07-10T21:42:15+00:00,,,1214.0,1.66,179.60000000000002,163,84,154,26,14.32735824584961,3.0454821586608887,0.22
2026-07-10T21:42:16+00:00,37.460493268445134,126.94359672255814,1217.0,1.66,179.60000000000002,163,84,155,26,14.22633171081543,3.031665563583374,0.22
2026-07-10T21:42:17+00:00,,,1217.0,1.68,179.60000000000002,163,85,148,26,13.956538200378418,3.0313189029693604,0.22
2026-07-10T21:42:18+00:00,37.46046326123178,126.94356327876449,1221.0,1.68,179.60000000000002,163,85,141,26,13.485527992248535,2.967440605163574,0.22
2026-07-10T21:42:19+00:00,37.46045496314764,126.94354173727334,1221.0,1.68,179.79999999999995,164,86,132,26,12.937983512878418,2.9119436740875244,0.2
2026-07-10T21:42:20+00:00,37.460444988682866,126.94352170452476,1225.0,1.68,179.79999999999995,163,86,129,26,12.469307899475098,2.850475788116455,0.2
2026-07-10T21:42:21+00:00,37.46043501421809,126.9434967264533,1225.0,1.72,179.79999999999995,163,86,127,26,11.723831176757812,2.8207085132598877,0.2
2026-07-10T21:42:22+00:00,37.46042503975332,126.94347669370472,1229.0,1.72,179.79999999999995,,86,128,26,11.266510963439941,2.762331962585449,0.18
2026-07-10T21:42:23+00:00,37.46041833423078,126.94345003925264,1232.0,1.76,180.0,164,86,126,26,10.563082695007324,2.737036943435669,0.18
2026-07-10T21:42:24+00:00,37.46041330508888,126.94342497736216,1234.0,1.76,180.20000000000005,,86,131,26,10.117048263549805,2.681755304336548,0.16
2026-07-10T21:42:25+00:00,,,1236.0,1.8,180.20000000000005,163,86,132,26,9.45610523223877,2.6611313819885254,0.16
2026-07-10T21:42:26+00:00,37.460399977862835,126.94338667206466,1238.0,1.8,180.39999999999998,162,86,138,26,9.074586868286133,2.6152567863464355,0.16
2026-07-10T21:42:27+00:00,37.460386734455824,126.94336831569672,1238.0,1.82,180.60000000000002,162,86,141,26,8.597917556762695,2.5876362323760986,0.14
2026-07-10T21:42:28+00:00,,,1242.0,1.82,180.79999999999995,163,86,149,26,8.220213890075684,2.5437371730804443,0.14
2026-07-10T21:42:29+00:00,37.46035169810057,126.94333830848336,1244.0,1.84,181.20000000000005,162,86,155,26,7.799654960632324,2.5096325874328613,0.14
2026-07-10T21:42:30+00:00,,,1244.0,1.84,181.39999999999998,162,86,162,26,7.424017429351807,2.467644453048706,0.12
2026-07-10T21:42:31+00:00,37.46033669449389,126.94330830127001,1249.0,1.9,181.60000000000002,,86,174,26,6.825709342956543,2.4814212322235107,0.12
2026-07-10T21:42:32+00:00,37.460310040041804,126.94329329766333,1249.0,1.9,181.79999999999995,162,86,186,26,6.463085651397705,2.441903829574585,0.12
2026-07-10T21:42:33+00:00,,,1252.0,1.88,182.20000000000005,162,86,193,26,6.164238452911377,2.3845012187957764,0.1
2026-07-10T21:42:34+00:00,,,1255.0,1.88,182.39999999999998,162,86,198,26,6.2737836837768555,2.3960013389587402,0.1
2026-07-10T21:42:35+00:00,37.46030827984214,126.94325826130807,1255.0,1.88,182.39999999999998,163,86,203,26,6.349376678466797,2.416839599609375,0.1
2026-07-10T21:42:36+00:00,,,1255.0,1.88,182.39999999999998,162,86,196,26,6.458339214324951,2.4284751415252686,0.12
2026-07-10T21:42:37+00:00,37.460310040041804,126.94321333430707,1259.0,1.82,182.60000000000002,162,86,186,26,6.784257411956787,2.3851237297058105,0.12
2026-07-10T21:42:38+00:00,,,1259.0,1.82,182.60000000000002,161,86,172,26,6.89658784866333,2.3970541954040527,0.12
2026-07-10T21:42:39+00:00,37.460306687280536,126.94318173453212,1263.0,1.84,182.79999999999995,160,86,163,26,6.933290481567383,2.427354335784912,0.12
2026-07-10T21:42:40+00:00,,,1263.0,1.84,183.0,160,85,164,26,7.044623374938965,2.4394168853759766,0.12
2026-07-10T21:42:41+00:00,37.46030827984214,126.94315826520324,1265.0,1.82,183.20000000000005,160,85,163,26,7.274901866912842,2.424438714981079,0.12
2026-07-10T21:42:42+00:00,,,1265.0,1.82,183.60000000000002,161,85,161,26,7.3817853927612305,2.4360625743865967,0.12
2026-07-10T21:42:43+00:00,37.460314985364676,126.94312498904765,1267.0,1.76,183.79999999999995,161,84,163,26,7.74608850479126,2.3941431045532227,0.12
2026-07-10T21:42:44+00:00,,,1267.0,1.76,184.0,161,84,161,26,7.8566365242004395,2.40608811378479,0.12
2026-07-10T21:42:45+00:00,37.46031171642244,126.94310168735683,1270.0,1.74,184.20000000000005,162,84,167,26,8.013641357421875,2.409335136413574,0.12
2026-07-10T21:42:46+00:00,,,1270.0,1.74,184.60000000000002,161,84,174,26,8.124824523925781,2.421461343765259,0.14
2026-07-10T21:42:47+00:00,,,1273.0,1.7,185.0,161,84,185,26,8.480250358581543,2.390016555786133,0.14
2026-07-10T21:42:48+00:00,37.460299981758,126.94307503290474,1273.0,1.7,185.20000000000005,160,84,194,26,8.59483814239502,2.4024693965911865,0.14
2026-07-10T21:42:49+00:00,,,1273.0,1.66,185.60000000000002,159,84,204,26,8.921152114868164,2.3806378841400146,0.14
2026-07-10T21:42:50+00:00,37.46027668006718,126.94303832016885,1275.0,1.66,186.0,,84,207,26,9.512020111083984,2.4456019401550293,0.14
2026-07-10T21:42:51+00:00,37.460261676460505,126.94302172400057,1275.0,1.6,186.20000000000005,158,83,211,26,10.416170120239258,2.471545457839966,0.16
2026-07-10T21:42:52+00:00,,,1279.0,1.6,186.39999999999998,,83,206,26,11.024894714355469,2.5413601398468018,0.16
2026-07-10T21:42:53+00:00,37.46023326180875,126.94299666211009,1282.0,1.7,186.60000000000002,159,83,203,26,11.014077186584473,2.682983160018921,0.18
2026-07-10T21:42:54+00:00,37.460218258202076,126.94298165850341,1282.0,1.7,186.79999999999995,159,83,207,26,11.587505340576172,2.7542920112609863,0.18
2026-07-10T21:42:55+00:00,,,1285.0,1.72,187.0,160,82,204,26,12.023253440856934,2.8429322242736816,0.2
2026-07-10T21:42:56+00:00,37.460193280130625,126.94297168403864,1288.0,1.72,187.20000000000005,161,82,202,26,12.59225082397461,2.917675495147705,0.2
2026-07-10T21:42:57+00:00,,,1288.0,1.72,187.39999999999998,161,82,195,26,13.083599090576172,3.001068592071533,0.22
2026-07-10T21:42:58+00:00,37.46017333120108,126.94296170957386,1290.0,1.72,187.60000000000002,161,82,189,26,13.049154281616211,2.9963765144348145,0.22
2026-07-10T21:42:59+00:00,,,1290.0,1.7,187.79999999999995,,82,182,26,13.167895317077637,2.977548360824585,0.22
2026-07-10T21:43:00+00:00,,,1293.0,1.7,188.20000000000005,161,82,177,26,13.132838249206543,2.9728128910064697,0.22
2026-07-10T21:43:01+00:00,37.460160003975034,126.94293002597988,1293.0,1.64,188.60000000000002,160,82,179,26,13.577472686767578,2.9262919425964355,0.22
2026-07-10T21:43:02+00:00,,,1293.0,1.64,188.79999999999995,160,82,183,26,13.541421890258789,2.9215195178985596,0.22
2026-07-10T21:43:03+00:00,37.4601567350328,126.94288828410208,1296.0,1.6,189.20000000000005,159,82,188,26,13.92991828918457,2.8826403617858887,0.22
2026-07-10T21:43:04+00:00,37.46014500036836,126.94287001155317,1296.0,1.6,189.39999999999998,158,82,188,26,13.892807960510254,2.877814292907715,0.22
2026-07-10T21:43:05+00:00,,,1300.0,1.62,189.39999999999998,158,83,188,26,13.683429718017578,2.886568784713745,0.22
2026-07-10T21:43:06+00:00,37.46013670228422,126.94283832795918,1302.0,1.62,189.60000000000002,159,83,188,26,14.008252143859863,2.929236650466919,0.22
2026-07-10T21:43:07+00:00,,,1302.0,1.64,189.79999999999995,159,84,186,26,14.156566619873047,2.9855215549468994,0.22
2026-07-10T21:43:08+00:00,37.46012329123914,126.94279499351978,1305.0,1.64,189.79999999999995,159,84,182,26,14.477723121643066,3.0289738178253174,0.22
2026-07-10T21:43:09+00:00,37.46011331677437,126.94277328439057,1305.0,1.64,189.79999999999995,159,84,170,26,14.797917366027832,3.0727925300598145,0.24
2026-07-10T21:43:10+00:00,37.46009831316769,126.94275501184165,1309.0,1.64,189.79999999999995,159,84,164,26,15.11971664428711,3.1173248291015625,0.24
2026-07-10T21:43:11+00:00,37.46009001508355,126.94273171015084,1311.0,1.68,189.79999999999995,160,84,152,26,15.070094108581543,3.1867551803588867,0.24
2026-07-10T21:43:12+00:00,,,1313.0,1.68,189.79999999999995,160,84,142,26,15.383245468139648,3.2315611839294434,0.24
2026-07-10T21:43:13+00:00,37.46007668785751,126.94269826635718,1316.0,1.72,189.79999999999995,160,84,132,26,15.329840660095215,3.301105499267578,0.26
2026-07-10T21:43:14+00:00,,,1316.0,1.72,189.79999999999995,159,84,128,26,14.675891876220703,3.206024646759033,0.24
2026-07-10T21:43:15+00:00,37.460075011476874,126.94266499020159,1319.0,1.7,189.79999999999995,159,85,125,26,14.10046672821045,3.1058719158172607,0.22
2026-07-10T21:43:16+00:00,,,1319.0,1.7,190.0,160,85,121,26,13.442012786865234,3.014798641204834,0.22
2026-07-10T21:43:17+00:00,37.460075011476874,126.94263003766537,1322.0,1.7,190.0,160,85,120,26,12.855880737304688,2.918360948562622,0.2
2026-07-10T21:43:18+00:00,37.460071658715606,126.94260497577488,1322.0,1.7,190.0,,85,119,26,12.194192886352539,2.831691026687622,0.2
2026-07-10T21:43:19+00:00,,,1325.0,1.7,190.0,159,85,119,26,11.52918815612793,2.746957540512085,0.18
2026-07-10T21:43:20+00:00,37.4600650370121,126.94256667047739,1327.0,1.7,190.20000000000005,,85,120,26,10.864846229553223,2.6647231578826904,0.18
2026-07-10T21:43:21+00:00,,,1327.0,1.72,190.20000000000005,158,85,123,26,10.082511901855469,2.6014575958251953,0.16
2026-07-10T21:43:22+00:00,37.4600600078702,126.94252668879926,1331.0,1.72,190.39999999999998,158,85,129,26,9.682936668395996,2.5543863773345947,0.16
2026-07-10T21:43:23+00:00,37.46006830595434,126.94250171072781,1331.0,1.72,190.60000000000002,158,85,133,26,9.230180740356445,2.5167977809906006,0.14
2026-07-10T21:43:24+00:00,,,1334.0,1.72,190.79999999999995,157,85,136,26,8.832531929016113,2.4716548919677734,0.14
2026-07-10T21:43:25+00:00,37.46008004061878,126.94246332161129,1337.0,1.74,191.0,157,85,144,26,8.339105606079102,2.445042610168457,0.14
2026-07-10T21:43:26+00:00,,,1337.0,1.74,191.39999999999998,156,85,152,26,7.947597026824951,2.402167558670044,0.12
2026-07-10T21:43:27+00:00,37.46009328402579,126.94242501631379,1340.0,1.74,191.60000000000002,156,85,158,26,7.55412483215332,2.3600151538848877,0.12
2026-07-10T21:43:28+00:00,,,1340.0,1.74,191.79999999999995,156,85,164,26,7.163006782531738,2.3190529346466064,0.12
2026-07-10T21:43:29+00:00,37.46010166592896,126.9423867110163,1344.0,1.74,192.0,156,85,169,26,6.770320415496826,2.2788732051849365,0.1
2026-07-10T21:43:30+00:00,37.46010669507086,126.94236173294485,1344.0,1.74,192.0,156,85,173,26,6.648273944854736,2.2665796279907227,0.1
2026-07-10T21:43:31+00:00,,,1347.0,1.76,192.20000000000005,157,85,178,26,6.4892964363098145,2.263639450073242,0.1
2026-07-10T21:43:32+00:00,37.460114993155,126.94231831468642,1350.0,1.76,192.39999999999998,157,86,180,26,6.36830997467041,2.251594305038452,0.1
2026-07-10T21:43:33+00:00,37.460128320381045,126.94229995831847,1350.0,1.76,192.79999999999995,158,86,178,26,6.211827754974365,2.248929262161255,0.1
2026-07-10T21:43:34+00:00,37.460151705890894,126.94227171130478,1354.0,1.76,193.0,157,86,181,26,6.091166973114014,2.2370588779449463,0.1
2026-07-10T21:43:35+00:00,37.46016327291727,126.94224832579494,1356.0,1.78,193.39999999999998,156,86,181,26,5.903779983520508,2.2440202236175537,0.1
2026-07-10T21:43:36+00:00,,,1359.0,1.78,193.60000000000002,156,85,184,26,5.7847137451171875,2.232407808303833,0.1
2026-07-10T21:43:37+00:00,37.460176683962345,126.94221999496222,1362.0,1.86,193.79999999999995,,84,188,26,5.421963214874268,2.296358346939087,0.1
2026-07-10T21:43:38+00:00,,,1362.0,1.86,194.0,156,83,195,26,5.869442939758301,2.3413660526275635,0.1
2026-07-10T21:43:39+00:00,37.46018171310425,126.94218495860696,1365.0,1.84,194.20000000000005,156,83,197,26,6.38694429397583,2.3693349361419678,0.1
2026-07-10T21:43:40+00:00,,,1365.0,1.84,194.39999999999998,156,83,194,26,6.839288711547852,2.4172325134277344,0.12
2026-07-10T21:43:41+00:00,37.46019504033029,126.94215168245137,1368.0,1.82,194.60000000000002,155,83,196,26,7.374050617218018,2.4486732482910156,0.12
2026-07-10T21:43:42+00:00,,,1368.0,1.82,194.79999999999995,156,83,196,26,7.830907344818115,2.4994335174560547,0.14
2026-07-10T21:43:43+00:00,37.460201662033796,126.94211329333484,1371.0,1.82,195.0,157,83,192,26,8.335856437683105,2.543032169342041,0.14
2026-07-10T21:43:44+00:00,37.4602066911757,126.94208999164402,1371.0,1.82,195.39999999999998,157,84,190,26,8.796157836914062,2.596689224243164,0.14
2026-07-10T21:43:45+00:00,,,1375.0,1.82,195.60000000000002,156,84,188,26,9.257842063903809,2.6518313884735107,0.16
2026-07-10T21:43:46+00:00,37.46022001840174,126.94205830805004,1377.0,1.82,195.79999999999995,157,85,188,26,9.622441291809082,2.696307420730591,0.16
2026-07-10T21:43:47+00:00,37.46022831648588,126.94203668273985,1377.0,1.82,196.0,157,85,186,26,9.932167053222656,2.749837875366211,0.18
2026-07-10T21:43:48+00:00,,,1380.0,1.82,196.20000000000005,,85,188,26,10.295852661132812,2.7959506511688232,0.18
2026-07-10T21:43:49+00:00,37.46023669838905,126.94199326448143,1382.0,1.82,196.39999999999998,157,85,188,26,10.65845012664795,2.842723846435547,0.18
2026-07-10T21:43:50+00:00,37.46024667285383,126.9419633410871,1382.0,1.82,196.60000000000002,156,85,187,26,11.020682334899902,2.890239953994751,0.2
2026-07-10T21:43:51+00:00,37.46025673113763,126.94194171577692,1386.0,1.82,196.60000000000002,156,85,186,26,11.38473129272461,2.9387824535369873,0.2
2026-07-10T21:43:52+00:00,37.46026502922177,126.9419200066477,1389.0,1.82,196.79999999999995,157,85,180,26,11.747328758239746,2.987910032272339,0.2
2026-07-10T21:43:53+00:00,,,1391.0,1.88,196.79999999999995,156,85,176,26,11.724141120910645,3.083143472671509,0.22
2026-07-10T21:43:54+00:00,37.46029168367386,126.94189502857625,1393.0,1.88,197.0,156,85,175,26,11.631077766418457,3.0700557231903076,0.2
2026-07-10T21:43:55+00:00,,,1393.0,1.88,197.20000000000005,156,85,170,26,11.538386344909668,3.057072401046753,0.2
2026-07-10T21:43:56+00:00,37.46032001450658,126.94187667220831,1397.0,1.88,197.39999999999998,155,86,170,26,11.445229530334473,3.044076681137085,0.2
2026-07-10T21:43:57+00:00,,,1397.0,1.88,197.39999999999998,155,86,167,26,11.352444648742676,3.0311853885650635,0.2
2026-07-10T21:43:58+00:00,37.46034826152027,126.94185001775622,1400.0,1.88,197.60000000000002,155,86,165,26,11.259195327758789,3.018282651901245,0.2
2026-07-10T21:43:59+00:00,37.46036167256534,126.94183333776891,1400.0,1.88,197.79999999999995,156,86,164,26,11.16650390625,3.005509853363037,0.2
2026-07-10T21:44:00+00:00,,,1404.0,1.88,198.0,156,86,165,26,11.072881698608398,2.992662191390991,0.2
2026-07-10T21:44:01+00:00,37.460374999791384,126.94180333055556,1406.0,1.9,198.39999999999998,155,86,172,26,10.922279357910156,2.98791766166687,0.2
2026-07-10T21:44:02+00:00,,,1406.0,1.9,198.60000000000002,155,85,179,26,10.810370445251465,2.9726548194885254,0.2
2026-07-10T21:44:03+00:00,37.46038497425616,126.94178170524538,1409.0,1.88,198.79999999999995,155,85,183,26,10.755030632019043,2.9494471549987793,0.2
2026-07-10T21:44:04+00:00,,,1409.0,1.88,199.0,156,85,186,26,10.642528533935547,2.9343013763427734,0.2
2026-07-10T21:44:05+00:00,37.4604033306241,126.94175831973553,1412.0,1.84,199.39999999999998,156,85,190,26,10.817151069641113,2.879178047180176,0.18
2026-07-10T21:44:06+00:00,,,1412.0,1.84,199.79999999999995,156,85,194,26,10.701689720153809,2.8640048503875732,0.18
2026-07-10T21:44:07+00:00,37.460428308695555,126.94173669442534,1415.0,1.8,200.0,155,83,202,26,10.761959075927734,2.8248343467712402,0.18
2026-07-10T21:44:08+00:00,,,1415.0,1.8,200.39999999999998,155,82,206,26,10.644454956054688,2.809685230255127,0.18
2026-07-10T21:44:09+00:00,37.46045001782477,126.94172001443803,1418.0,1.8,200.79999999999995,156,82,214,26,10.585288047790527,2.7865209579467773,0.18
2026-07-10T21:44:10+00:00,,,1418.0,1.8,201.20000000000005,157,82,217,26,10.793010711669922,2.8131356239318848,0.18
2026-07-10T21:44:11+00:00,37.460473319515586,126.94170501083136,1421.0,1.78,201.39999999999998,157,82,220,26,11.12608814239502,2.824427604675293,0.18
2026-07-10T21:44:12+00:00,37.46048673056066,126.94168673828244,1421.0,1.78,201.79999999999995,158,82,224,26,11.336369514465332,2.851731061935425,0.2
2026-07-10T21:44:13+00:00,,,1424.0,1.76,202.20000000000005,159,81,231,26,11.67967700958252,2.8641204833984375,0.2
2026-07-10T21:44:14+00:00,,,1426.0,1.76,202.39999999999998,158,81,231,26,11.892573356628418,2.892120599746704,0.2
2026-07-10T21:44:15+00:00,,,1426.0,1.74,202.60000000000002,158,81,228,26,12.245417594909668,2.905496120452881,0.2
2026-07-10T21:44:16+00:00,37.46047499589622,126.94166000001132,1426.0,1.74,202.79999999999995,,79,218,26,12.460991859436035,2.934199094772339,0.2
2026-07-10T21:44:17+00:00,,,1426.0,1.66,203.0,156,79,213,26,13.211568832397461,2.9132578372955322,0.2
2026-07-10T21:44:18+00:00,37.4604466650635,126.94162999279797,1429.0,1.66,203.0,157,79,198,26,13.460783004760742,2.946366786956787,0.22
2026-07-10T21:44:19+00:00,37.46042998507619,126.94161331281066,1429.0,1.64,203.0,156,80,185,26,13.961315155029297,2.959350347518921,0.22
2026-07-10T21:44:20+00:00,37.46041498146951,126.94159671664238,1433.0,1.64,203.0,157,81,173,26,14.214861869812012,2.9933717250823975,0.22
2026-07-10T21:44:21+00:00,37.4603932723403,126.9415833055973,1435.0,1.7,203.20000000000005,157,81,161,26,13.954737663269043,3.067373037338257,0.22
2026-07-10T21:44:22+00:00,,,1437.0,1.7,203.20000000000005,156,82,152,26,14.1985502243042,3.101278066635132,0.22
2026-07-10T21:44:23+00:00,37.460366701707244,126.94155673496425,1440.0,1.74,203.0,157,84,141,26,14.109151840209961,3.161919116973877,0.24
2026-07-10T21:44:24+00:00,,,1440.0,1.74,203.0,157,84,135,26,14.347088813781738,3.195977210998535,0.24
2026-07-10T21:44:25+00:00,37.46033828705549,126.94152496755123,1444.0,1.74,203.0,157,84,129,26,14.586219787597656,3.2305004596710205,0.24
2026-07-10T21:44:26+00:00,37.460323283448815,126.94151172414422,1444.0,1.74,202.79999999999995,158,85,121,26,14.143220901489258,3.1667776107788086,0.24
2026-07-10T21:44:27+00:00,37.4603050108999,126.94149831309915,1448.0,1.76,202.79999999999995,159,85,117,26,13.465387344360352,3.1245105266571045,0.22
2026-07-10T21:44:28+00:00,37.46028673835099,126.94148171693087,1450.0,1.76,202.79999999999995,158,85,118,26,13.028632164001465,3.063202142715454,0.22
2026-07-10T21:44:29+00:00,37.460269974544644,126.94146503694355,1452.0,1.8,203.0,157,85,117,26,12.381696701049805,3.0250084400177,0.22
2026-07-10T21:44:30+00:00,,,1455.0,1.8,203.0,158,85,119,26,11.950973510742188,2.96612811088562,0.2
2026-07-10T21:44:31+00:00,37.46024667285383,126.94142832420766,1455.0,1.84,203.0,158,86,118,26,11.210538864135742,2.947495222091675,0.2
2026-07-10T21:44:32+00:00,,,1455.0,1.84,203.20000000000005,158,86,123,26,10.794025421142578,2.8918490409851074,0.18
2026-07-10T21:44:33+00:00,37.46022496372461,126.94140166975558,1461.0,1.86,203.20000000000005,157,86,128,26,10.319340705871582,2.845093011856079,0.18
2026-07-10T21:44:34+00:00,37.460205014795065,126.9413882587105,1461.0,1.86,203.39999999999998,157,86,135,26,9.710565567016602,2.7670068740844727,0.16
2026-07-10T21:44:35+00:00,37.46017500758171,126.94137669168413,1465.0,1.84,203.60000000000002,,86,143,26,9.14819049835205,2.682349443435669,0.16
2026-07-10T21:44:36+00:00,37.46015497483313,126.94136504083872,1467.0,1.84,203.79999999999995,156,86,150,26,8.535493850708008,2.6086740493774414,0.14
2026-07-10T21:44:37+00:00,,,1471.0,1.92,204.0,156,86,157,26,7.63184118270874,2.5996482372283936,0.14
2026-07-10T21:44:38+00:00,37.46011666953564,126.94135171361268,1473.0,1.92,204.20000000000005,156,86,165,26,7.041008472442627,2.5318126678466797,0.12
2026-07-10T21:44:39+00:00,37.46009672060609,126.94134827703238,1473.0,1.92,204.20000000000005,155,86,169,26,6.417169094085693,2.4756453037261963,0.12
2026-07-10T21:44:40+00:00,,,1478.0,1.92,204.39999999999998,155,86,169,26,5.8288254737854,2.4126193523406982,0.1
2026-07-10T21:44:41+00:00,37.4600600078702,126.94132673554122,1480.0,1.94,204.60000000000002,155,86,172,26,5.213913917541504,2.3615434169769287,0.1
2026-07-10T21:44:42+00:00,37.460043327882886,126.94131332449615,1480.0,1.94,204.60000000000002,154,86,173,26,4.9921064376831055,2.339236259460449,0.08
2026-07-10T21:44:43+00:00,37.4600217025727,126.94130167365074,1484.0,1.96,204.79999999999995,154,86,172,26,4.720272064208984,2.336332082748413,0.08
2026-07-10T21:44:44+00:00,37.460003262385726,126.94129999727011,1487.0,1.96,204.79999999999995,,86,169,26,4.49985933303833,2.3147079944610596,0.08
2026-07-10T21:44:45+00:00,37.45998498983681,126.94129832088947,1489.0,1.98,205.0,154,86,165,26,4.236435890197754,2.3127994537353516,0.08
2026-07-10T21:44:46+00:00,,,1491.0,1.98,205.0,153,86,164,26,4.0184783935546875,2.291956663131714,0.06
2026-07-10T21:44:47+00:00,37.459953306242824,126.94130829535425,1493.0,1.98,205.20000000000005,154,86,164,26,3.8005213737487793,2.271458148956299,0.06
2026-07-10T21:44:48+00:00,37.45993503369391,126.94131667725742,1493.0,1.98,205.39999999999998,154,86,166,26,3.5829999446868896,2.251344680786133,0.06
2026-07-10T21:44:49+00:00,37.45990670286119,126.94131500087678,1497.0,1.98,205.60000000000002,153,86,168,26,3.3643887042999268,2.2314772605895996,0.06
2026-07-10T21:44:50+00:00,37.45988331735134,126.94130997173488,1499.0,1.98,206.0,152,86,171,26,3.674166440963745,2.259732723236084,0.06
2026-07-10T21:44:51+00:00,37.459864960983396,126.94131500087678,1502.0,2.0,206.20000000000005,152,86,176,26,3.9235751628875732,2.3177552223205566,0.06
2026-07-10T21:44:52+00:00,,,1505.0,2.0,206.39999999999998,152,86,182,26,4.228401184082031,2.347233533859253,0.08
2026-07-10T21:44:53+00:00,37.45983327738941,126.941336710006,1507.0,2.02,206.79999999999995,152,86,188,26,4.510977268218994,2.387045383453369,0.08
2026-07-10T21:44:54+00:00,37.45981668122113,126.94134668447077,1507.0,2.02,207.0,152,86,195,26,4.813377380371094,2.417741537094116,0.08
2026-07-10T21:44:55+00:00,,,1511.0,2.02,207.39999999999998,153,86,203,26,5.117293834686279,2.4492671489715576,0.1
2026-07-10T21:44:56+00:00,37.459791703149676,126.941336710006,1513.0,2.02,207.60000000000002,154,86,211,26,5.420906066894531,2.4814352989196777,0.1
2026-07-10T21:44:57+00:00,,,1513.0,2.0,208.0,154,85,215,26,5.752532005310059,2.5048141479492188,0.1
2026-07-10T21:44:58+00:00,37.45976999402046,126.94130997173488,1516.0,2.0,208.20000000000005,154,85,220,26,6.263619422912598,2.5614235401153564,0.12
2026-07-10T21:44:59+00:00,37.45975172147155,126.94129672832787,1516.0,1.98,208.39999999999998,154,85,220,26,6.84210729598999,2.601478099822998,0.12
2026-07-10T21:45:00+00:00,,,1519.0,1.98,208.79999999999995,155,85,219,26,7.360937118530273,2.6623775959014893,0.14
2026-07-10T21:45:01+00:00,37.45974166318774,126.94127669557929,1522.0,2.0,209.0,155,85,222,26,7.834524154663086,2.733342170715332,0.14
2026-07-10T21:45:02+00:00,,,1522.0,2.0,209.39999999999998,155,84,223,26,8.34715461730957,2.797361135482788,0.16
2026-07-10T21:45:03+00:00,,,1524.0,0.8,209.60000000000002,,84,222,26,22.04254150390625,2.0533225536346436,0.16
2026-07-10T21:45:04+00:00,,,1524.0,0.8,209.79999999999995,156,84,148,26,23.315156936645508,2.159080982208252,0.18
2026-07-10T21:45:05+00:00,,,1524.0,0.72,209.79999999999995,,84,143,26,27.710283279418945,2.255152702331543,0.18
2026-07-10T21:45:06+00:00,,,1524.0,0.72,209.79999999999995,157,84,127,26,28.134347915649414,2.288827657699585,0.18
2026-07-10T21:45:07+00:00,,,1524.0,0.74,209.79999999999995,157,84,120,26,27.401447296142578,2.3249716758728027,0.2
2026-07-10T21:45:08+00:00,37.45971500873566,126.94129672832787,1524.0,0.74,209.79999999999995,156,66,110,26,27.808317184448242,2.358541965484619,0.2
2026-07-10T21:45:09+00:00,,,1524.0,1.32,209.79999999999995,155,57,95,26,15.938580513000488,2.5981717109680176,0.2
2026-07-10T21:45:10+00:00,37.45968332514167,126.94131500087678,1527.0,1.32,209.79999999999995,154,57,120,26,16.168874740600586,2.624729871749878,0.2
2026-07-10T21:45:11+00:00,37.45966329239309,126.94132170639932,1527.0,1.48,209.79999999999995,154,58,108,26,14.515073776245117,2.754852056503296,0.2
2026-07-10T21:45:12+00:00,37.45963999070227,126.94132673554122,1531.0,1.48,209.60000000000002,154,68,111,26,14.719120025634766,2.7801876068115234,0.2
2026-07-10T21:45:13+00:00,,,1533.0,1.8,209.39999999999998,154,74,103,26,12.26965618133545,3.0264041423797607,0.22
2026-07-10T21:45:14+00:00,37.45960327796638,126.94132497534156,1536.0,1.8,209.20000000000005,153,81,117,26,11.814435958862305,2.9641518592834473,0.2
2026-07-10T21:45:15+00:00,37.4595866817981,126.94131500087678,1536.0,1.96,209.0,154,84,111,26,10.485430717468262,3.021756649017334,0.2
2026-07-10T21:45:16+00:00,,,1540.0,1.96,208.79999999999995,154,88,117,26,10.063965797424316,2.964059829711914,0.18
2026-07-10T21:45:17+00:00,37.45954996906221,126.94130997173488,1542.0,2.0,208.60000000000002,153,90,115,26,9.402259826660156,2.949558734893799,0.18
2026-07-10T21:45:18+00:00,37.459528259932995,126.94131173193455,1542.0,2.0,208.60000000000002,154,90,116,26,8.99338150024414,2.8951199054718018,0.16
2026-07-10T21:45:19+00:00,37.45950495824218,126.94131826981902,1546.0,2.04,208.39999999999998,154,90,116,26,8.455215454101562,2.8675923347473145,0.16
2026-07-10T21:45:20+00:00,37.45948500931263,126.94133000448346,1549.0,2.04,208.20000000000005,155,90,116,26,8.051572799682617,2.8157076835632324,0.16
2026-07-10T21:45:21+00:00,37.45946832932532,126.94133997894824,1551.0,2.2,207.79999999999995,155,90,114,26,7.056207656860352,2.9182002544403076,0.14
2026-07-10T21:45:22+00:00,37.459446704015136,126.94135003723204,1554.0,2.2,207.79999999999995,157,89,124,26,6.157016754150391,2.8044071197509766,0.12
2026-07-10T21:45:23+00:00,37.45942826382816,126.94136001169682,1556.0,2.22,207.79999999999995,154,89,125,26,5.235823154449463,2.706695318222046,0.1
2026-07-10T21:45:24+00:00,,,1558.0,2.22,207.60000000000002,155,88,127,26,4.342489242553711,2.6060783863067627,0.08
2026-07-10T21:45:25+00:00,37.45939331129193,126.94136001169682,1561.0,2.26,207.60000000000002,155,88,128,26,3.3860809803009033,2.550875425338745,0.06
2026-07-10T21:45:26+00:00,37.45937503874302,126.94135833531618,1561.0,2.26,207.39999999999998,155,88,132,26,2.510385036468506,2.4638192653656006,0.04
2026-07-10T21:45:27+00:00,,,1564.0,2.2,207.39999999999998,156,87,134,26,1.667350172996521,2.3330585956573486,0.02
2026-07-10T21:45:28+00:00,37.45934327133,126.94136830978096,1566.0,2.2,207.39999999999998,156,87,132,26,0.7681589722633362,2.2584424018859863,0.0
2026-07-10T21:45:29+00:00,,,1566.0,2.16,207.39999999999998,154,87,134,26,-0.1331595480442047,2.1405858993530273,0.0
2026-07-10T21:45:30+00:00,37.45931167155504,126.94137501530349,1570.0,2.16,207.20000000000005,153,87,133,26,-0.7101249694824219,2.10145902633667,0.0
2026-07-10T21:45:31+00:00,,,1570.0,2.12,207.20000000000005,153,87,136,26,-1.2983242273330688,2.0355498790740967,-0.02
2026-07-10T21:45:32+00:00,,,1574.0,2.12,207.0,152,86,133,26,-1.8811278343200684,2.0020360946655273,-0.02
2026-07-10T21:45:33+00:00,37.45930328965187,126.94140996783972,1574.0,1.98,207.0,,86,133,26,-2.649036169052124,1.8232148885726929,-0.04
2026-07-10T21:45:34+00:00,,,1574.0,1.98,207.0,149,86,122,26,-3.2743380069732666,1.7961947917938232,-0.06
2026-07-10T21:45:35+00:00,37.45929826050997,126.94143997505307,1577.0,1.86,207.0,149,86,124,26,-4.132915019989014,1.6653460264205933,-0.06
2026-07-10T21:45:36+00:00,,,1577.0,1.86,207.0,148,85,117,26,-4.794534206390381,1.6453264951705933,-0.08
2026-07-10T21:45:37+00:00,37.45928501710296,126.94147828035057,1580.0,1.78,206.79999999999995,149,85,117,26,-5.702758312225342,1.5530258417129517,-0.1
2026-07-10T21:45:38+00:00,37.45927328243852,126.94150996394455,1580.0,1.78,206.79999999999995,149,86,111,26,-5.736779689788818,1.5523260831832886,-0.1
2026-07-10T21:45:39+00:00,37.45926498435438,126.94153670221567,1583.0,1.78,206.60000000000002,149,86,110,26,-5.770834922790527,1.5516332387924194,-0.1
2026-07-10T21:45:40+00:00,37.45925827883184,126.9415782764554,1586.0,1.78,206.60000000000002,147,86,109,26,-5.80482292175293,1.5509495735168457,-0.1
2026-07-10T21:45:41+00:00,37.459251740947366,126.94160996004939,1589.0,1.94,206.39999999999998,147,87,110,26,-5.357321262359619,1.7008434534072876,-0.1
2026-07-10T21:45:42+00:00,37.4592499807477,126.94163829088211,1593.0,1.94,206.39999999999998,,87,121,26,-5.3885369300842285,1.7000651359558105,-0.1
2026-07-10T21:45:43+00:00,37.45924168266356,126.94166829809546,1596.0,2.14,206.60000000000002,146,87,124,26,-4.913205146789551,1.8892513513565063,-0.1
2026-07-10T21:45:44+00:00,,,1598.0,2.14,206.60000000000002,146,87,138,26,-4.941503524780273,1.8883717060089111,-0.1
2026-07-10T21:45:45+00:00,37.45923003181815,126.94170668721199,1601.0,2.2,206.60000000000002,145,87,139,26,-4.834261894226074,1.944778561592102,-0.1
2026-07-10T21:45:46+00:00,,,1601.0,2.2,206.79999999999995,145,87,144,26,-4.526788234710693,1.9552310705184937,-0.08
2026-07-10T21:45:47+00:00,37.459215028211474,126.94175002165139,1604.0,2.16,206.79999999999995,146,87,147,26,-4.295881271362305,1.9278935194015503,-0.08
2026-07-10T21:45:48+00:00,37.45920496992767,126.9417717307806,1604.0,2.16,206.79999999999995,146,87,148,26,-3.9823999404907227,1.939736247062683,-0.08
2026-07-10T21:45:49+00:00,,,1609.0,2.16,207.0,146,87,153,26,-3.684406280517578,1.9427000284194946,-0.06
2026-07-10T21:45:50+00:00,37.45918828994036,126.94179000332952,1611.0,2.16,207.20000000000005,147,87,159,26,-3.3691515922546387,1.956120252609253,-0.06
2026-07-10T21:45:51+00:00,,,1611.0,2.04,207.60000000000002,146,87,168,26,-3.2185683250427246,1.8623919486999512,-0.06
2026-07-10T21:45:52+00:00,37.45917001739144,126.94179997779429,1613.0,2.04,207.79999999999995,146,87,167,26,-2.885316848754883,1.8770718574523926,-0.04
2026-07-10T21:45:53+00:00,,,1613.0,1.9,208.0,146,86,175,26,-2.755328416824341,1.7445720434188843,-0.04
2026-07-10T21:45:54+00:00,,,1616.0,1.9,208.39999999999998,146,84,172,26,-2.2130424976348877,1.7689039707183838,-0.04
2026-07-10T21:45:55+00:00,37.459158282727,126.94182830862701,1616.0,1.72,208.60000000000002,145,83,182,26,-1.8478230237960815,1.6163356304168701,-0.02
2026-07-10T21:45:56+00:00,,,1616.0,1.72,208.79999999999995,146,82,176,26,-1.2484540939331055,1.6442975997924805,-0.02
2026-07-10T21:45:57+00:00,,,1618.0,1.54,209.0,144,79,181,26,-0.7247793078422546,1.494774580001831,0.0
2026-07-10T21:45:58+00:00,37.459155013784766,126.94185831584036,1618.0,1.54,209.20000000000005,145,76,175,26,-0.057573672384023666,1.5270907878875732,0.0
2026-07-10T21:45:59+00:00,,,1618.0,1.3,209.39999999999998,145,75,176,26,0.7262271642684937,1.3223237991333008,0.0
2026-07-10T21:46:00+00:00,,,1621.0,1.3,209.79999999999995,145,74,163,26,1.5247079133987427,1.360818862915039,0.0
2026-07-10T21:46:01+00:00,37.459166664630175,126.94188002496958,1621.0,1.16,210.0,,74,165,26,2.5500872135162354,1.2831661701202393,0.02
2026-07-10T21:46:02+00:00,,,1621.0,1.16,210.20000000000005,144,64,156,26,3.625178575515747,1.3393932580947876,0.04
2026-07-10T21:46:03+00:00,37.45918166823685,126.94189502857625,1623.0,1.0,210.20000000000005,,62,149,26,5.503089427947998,1.2389345169067383,0.04
2026-07-10T21:46:04+00:00,,,1623.0,1.0,210.20000000000005,144,61,135,26,6.75717306137085,1.3089336156845093,0.06
2026-07-10T21:46:05+00:00,,,1625.0,1.02,210.20000000000005,143,61,127,26,7.859105587005615,1.4025616645812988,0.08
2026-07-10T21:46:06+00:00,37.45918166823685,126.94191833026707,1625.0,1.02,210.39999999999998,144,61,121,26,9.089831352233887,1.483007788658142,0.08
2026-07-10T21:46:07+00:00,,,1625.0,1.02,210.39999999999998,144,61,113,26,10.323023796081543,1.5689101219177246,0.1
2026-07-10T21:46:08+00:00,,,1627.0,1.02,210.39999999999998,144,61,104,26,11.558683395385742,1.660164475440979,0.1
2026-07-10T21:46:09+00:00,,,1627.0,0.3,210.39999999999998,144,61,90,26,43.488182067871094,1.4821327924728394,0.12
2026-07-10T21:46:10+00:00,,,1627.0,0.3,210.39999999999998,,61,43,26,44.45877456665039,1.511603832244873,0.12
2026-07-10T21:46:11+00:00,37.45917999185622,126.94189326837659,1627.0,0.38,210.39999999999998,142,61,31,26,35.86759567260742,1.5602853298187256,0.12
2026-07-10T21:46:12+00:00,,,1627.0,0.38,210.39999999999998,141,61,31,26,36.63461685180664,1.5934555530548096,0.12
2026-07-10T21:46:13+00:00,37.45917831547558,126.94186829030514,1630.0,0.82,210.39999999999998,141,61,30,26,17.334247589111328,1.7289211750030518,0.14
2026-07-10T21:46:14+00:00,,,1630.0,0.82,210.39999999999998,141,61,60,26,17.68898582458496,1.7556815147399902,0.14
2026-07-10T21:46:15+00:00,37.45916834101081,126.94183669053018,1632.0,1.38,210.39999999999998,141,61,59,26,10.80074405670166,2.15383243560791,0.14
2026-07-10T21:46:16+00:00,,,1632.0,1.38,210.20000000000005,142,61,95,26,11.013282775878906,2.1748836040496826,0.14
2026-07-10T21:46:17+00:00,37.459158282727,126.94180500693619,1635.0,1.46,210.0,141,61,91,26,10.53461742401123,2.2675411701202393,0.14
2026-07-10T21:46:18+00:00,,,1635.0,1.46,209.79999999999995,140,61,94,26,9.915297508239746,2.204213857650757,0.14
2026-07-10T21:46:19+00:00,37.459126682952046,126.94178170524538,1638.0,1.48,209.79999999999995,140,62,91,26,9.166678428649902,2.159359931945801,0.12
2026-07-10T21:46:20+00:00,37.45910497382283,126.94177667610347,1638.0,1.48,209.60000000000002,139,66,90,26,8.55511474609375,2.100149393081665,0.12
2026-07-10T21:46:21+00:00,,,1642.0,1.68,209.60000000000002,139,72,88,26,7.037078857421875,2.213291645050049,0.1
2026-07-10T21:46:22+00:00,37.459076726809144,126.9417717307806,1644.0,1.68,209.39999999999998,139,81,99,26,6.49509334564209,2.1607115268707275,0.1
2026-07-10T21:46:23+00:00,,,1644.0,1.8,209.39999999999998,139,82,97,26,5.553511619567871,2.2225348949432373,0.08
2026-07-10T21:46:24+00:00,37.45904671959579,126.94176502525806,1648.0,1.8,209.20000000000005,139,83,104,26,5.045834064483643,2.174532890319824,0.08
2026-07-10T21:46:25+00:00,37.45902827940881,126.9417632650584,1648.0,1.7,209.20000000000005,138,83,103,26,4.807759761810303,2.0323429107666016,0.08
2026-07-10T21:46:26+00:00,,,1651.0,1.7,209.0,137,84,97,26,3.943718194961548,1.9601314067840576,0.06
2026-07-10T21:46:27+00:00,37.45900330133736,126.9417667016387,1653.0,1.78,208.79999999999995,137,85,97,26,2.93965744972229,1.9711459875106812,0.04
2026-07-10T21:46:28+00:00,,,1653.0,1.78,208.60000000000002,138,86,102,26,2.1179652214050293,1.909153938293457,0.02
2026-07-10T21:46:29+00:00,37.45898326858878,126.94178002886474,1656.0,1.68,208.20000000000005,,86,101,26,1.3703994750976562,1.7517378330230713,0.02
2026-07-10T21:46:30+00:00,,,1656.0,1.68,208.0,136,86,93,26,0.4942629337310791,1.6981189250946045,0.0
2026-07-10T21:46:31+00:00,,,1658.0,1.58,207.79999999999995,,86,92,26,-0.40155139565467834,1.549588918685913,0.0
2026-07-10T21:46:32+00:00,,,1658.0,1.58,207.39999999999998,135,86,84,26,-1.3288474082946777,1.506109356880188,-0.02
2026-07-10T21:46:33+00:00,37.45896172709763,126.94177826866508,1658.0,1.34,207.20000000000005,136,83,82,26,-2.6654598712921143,1.23039710521698,-0.02
2026-07-10T21:46:34+00:00,,,1658.0,1.34,207.0,136,83,69,26,-3.592703104019165,1.2041267156600952,-0.04
2026-07-10T21:46:35+00:00,,,1661.0,1.24,206.79999999999995,135,83,69,26,-4.852984428405762,1.0958033800125122,-0.06
2026-07-10T21:46:36+00:00,,,1661.0,1.24,206.79999999999995,136,82,65,26,-5.845536708831787,1.0798732042312622,-0.06
2026-07-10T21:46:37+00:00,,,1661.0,0.58,206.60000000000002,135,82,65,26,-14.377853393554688,0.5359143614768982,-0.08
2026-07-10T21:46:38+00:00,,,1661.0,0.58,206.60000000000002,,82,35,26,-16.468080520629883,0.5638401508331299,-0.08
2026-07-10T21:46:39+00:00,,,1661.0,0.66,206.60000000000002,135,82,33,26,-16.59374237060547,0.6329071521759033,-0.1
2026-07-10T21:46:40+00:00,37.45898670516908,126.94177667610347,1661.0,0.66,206.79999999999995,133,69,35,26,-18.464147567749023,0.6689888834953308,-0.12
2026-07-10T21:46:41+00:00,,,1661.0,1.1,207.0,133,66,34,26,-12.200732231140137,0.9618045091629028,-0.12
2026-07-10T21:46:42+00:00,37.459004977717996,126.94178329780698,1664.0,1.1,207.20000000000005,133,61,67,26,-12.200732231140137,0.9618045091629028,-0.12
2026-07-10T21:46:43+00:00,,,1664.0,1.0,207.20000000000005,133,60,71,26,-13.299748420715332,0.8895086050033569,-0.12
2026-07-10T21:46:44+00:00,,,1666.0,1.0,207.39999999999998,133,60,67,26,-13.239130020141602,0.8885661959648132,-0.12
2026-07-10T21:46:45+00:00,,,1666.0,1.06,207.79999999999995,133,60,76,26,-12.432729721069336,0.9298524260520935,-0.12
2026-07-10T21:46:46+00:00,37.459025010466576,126.94178497418761,1666.0,1.06,208.0,133,60,91,26,-12.375598907470703,0.9290898442268372,-0.12
2026-07-10T21:46:47+00:00,,,1666.0,0.88,208.20000000000005,132,60,105,26,-15.008708000183105,0.8013816475868225,-0.12
2026-07-10T21:46:48+00:00,,,1668.0,0.88,208.39999999999998,132,60,107,26,-14.93896198272705,0.8000949025154114,-0.12
2026-07-10T21:46:49+00:00,37.45905828662217,126.94179327227175,1668.0,0.78,208.60000000000002,131,58,111,26,-16.800439834594727,0.7426395416259766,-0.12
2026-07-10T21:46:50+00:00,37.45907831937075,126.94179670885205,1668.0,0.78,208.79999999999995,131,58,108,26,-15.256629943847656,0.7134154438972473,-0.1
2026-07-10T21:46:51+00:00,37.459101704880595,126.94179503247142,1672.0,0.92,209.0,131,56,108,26,-11.471860885620117,0.7972923517227173,-0.1
2026-07-10T21:46:52+00:00,,,1674.0,0.92,209.0,132,56,121,27,-10.181052207946777,0.788881778717041,-0.08
2026-07-10T21:46:53+00:00,37.45913330465555,126.94180500693619,1676.0,1.2,209.0,132,56,125,27,-6.870129108428955,1.025140643119812,-0.08
2026-07-10T21:46:54+00:00,,,1676.0,1.2,209.20000000000005,131,56,134,27,-5.872194290161133,1.035979986190796,-0.06
2026-07-10T21:46:55+00:00,37.459155013784766,126.94180827587843,1680.0,1.28,209.20000000000005,131,56,125,27,-4.526888847351074,1.1375869512557983,-0.04
2026-07-10T21:46:56+00:00,,,1680.0,1.28,209.20000000000005,132,56,122,27,-3.600050210952759,1.158674955368042,-0.04
2026-07-10T21:46:57+00:00,37.45917999185622,126.94178673438728,1683.0,1.28,209.20000000000005,,56,115,27,-2.6694936752319336,1.1840225458145142,-0.02
2026-07-10T21:46:58+00:00,,,1683.0,1.28,209.20000000000005,133,56,109,27,-1.6092320680618286,1.2180119752883911,-0.02
2026-07-10T21:46:59+00:00,,,1686.0,1.34,209.20000000000005,,57,103,27,-0.5203344821929932,1.3175822496414185,0.0
2026-07-10T21:47:00+00:00,37.45915333740413,126.94178329780698,1686.0,1.34,209.20000000000005,132,57,103,27,0.4904249906539917,1.3623826503753662,0.0
2026-07-10T21:47:01+00:00,,,1686.0,1.3,209.0,131,57,97,27,1.550510048866272,1.3726732730865479,0.02
2026-07-10T21:47:02+00:00,37.45912500657141,126.94178832694888,1689.0,1.3,209.0,131,57,91,27,2.59759521484375,1.4283829927444458,0.02
2026-07-10T21:47:03+00:00,,,1689.0,1.3,209.20000000000005,130,59,89,27,3.669773817062378,1.4794578552246094,0.04
2026-07-10T21:47:04+00:00,37.459098268300295,126.94178170524538,1692.0,1.3,209.20000000000005,130,65,89,27,4.723922252655029,1.5458122491836548,0.06
2026-07-10T21:47:05+00:00,,,1692.0,1.38,209.20000000000005,131,74,87,27,5.438681602478027,1.6926244497299194,0.06
2026-07-10T21:47:06+00:00,37.4590599630028,126.94178497418761,1695.0,1.38,209.39999999999998,131,77,94,27,5.5151047706604,1.698222279548645,0.06
2026-07-10T21:47:07+00:00,37.459036661311984,126.94178497418761,1695.0,1.48,209.39999999999998,130,77,96,27,5.2109375,1.7984588146209717,0.06
2026-07-10T21:47:08+00:00,,,1699.0,1.48,209.39999999999998,131,79,104,27,5.282160758972168,1.803969144821167,0.06
2026-07-10T21:47:09+00:00,37.459008330479264,126.94179167971015,1702.0,1.9,209.39999999999998,131,80,104,27,4.163799285888672,2.2121779918670654,0.06
2026-07-10T21:47:10+00:00,,,1702.0,1.9,209.20000000000005,133,79,134,27,4.218973636627197,2.217264413833618,0.06
2026-07-10T21:47:11+00:00,37.458991734310985,126.94180668331683,1705.0,1.8,209.20000000000005,134,77,133,27,4.488147258758545,2.135601758956909,0.08
2026-07-10T21:47:12+00:00,,,1705.0,1.8,209.0,133,77,124,27,4.546138286590576,2.140817880630493,0.08
2026-07-10T21:47:13+00:00,37.458971701562405,126.94179167971015,1707.0,1.6,208.79999999999995,134,77,120,27,5.2124199867248535,1.945395588874817,0.08
2026-07-10T21:47:14+00:00,,,1707.0,1.6,208.60000000000002,135,76,102,27,4.624330997467041,1.8972996473312378,0.06
2026-07-10T21:47:15+00:00,37.45895669795573,126.94177667610347,1710.0,1.52,208.39999999999998,135,76,97,27,4.24697732925415,1.7735342979431152,0.06
2026-07-10T21:47:16+00:00,,,1710.0,1.52,208.20000000000005,134,79,87,27,3.627110242843628,1.728754997253418,0.04
2026-07-10T21:47:17+00:00,37.45894169434905,126.94175672717392,1712.0,1.4,207.79999999999995,134,83,84,27,3.2634873390197754,1.568106770515442,0.04
2026-07-10T21:47:18+00:00,,,1712.0,1.4,207.60000000000002,134,84,74,27,2.5907809734344482,1.5268651247024536,0.02
2026-07-10T21:47:19+00:00,37.458915039896965,126.94175329059362,1715.0,1.34,207.20000000000005,133,97,73,27,1.9861453771591187,1.4381333589553833,0.02
2026-07-10T21:47:20+00:00,,,1715.0,1.34,206.79999999999995,136,100,70,27,1.2869384288787842,1.4013210535049438,0.0
2026-07-10T21:47:21+00:00,37.45889173820615,126.94177667610347,1718.0,1.4,206.39999999999998,136,105,70,27,0.5605334639549255,1.4268313646316528,0.0
2026-07-10T21:47:22+00:00,,,1718.0,1.4,206.0,137,105,73,27,-0.5592134594917297,1.3748857975006104,0.0
2026-07-10T21:47:23+00:00,37.458870029076934,126.94180333055556,1721.0,1.46,205.79999999999995,138,94,74,27,-1.626486897468567,1.3791033029556274,-0.02
2026-07-10T21:47:24+00:00,,,1721.0,1.46,205.39999999999998,139,79,77,27,-2.7097904682159424,1.3399338722229004,-0.02
2026-07-10T21:47:25+00:00,37.45885167270899,126.94183501414955,1724.0,1.48,205.0,140,79,77,27,-3.7193942070007324,1.3363094329833984,-0.04
2026-07-10T21:47:26+00:00,37.458841698244214,126.9418549630791,1724.0,1.48,204.60000000000002,141,83,79,27,-4.778614521026611,1.3095391988754272,-0.06
2026-07-10T21:47:27+00:00,37.458838261663914,126.94187826476991,1728.0,1.52,204.20000000000005,,83,79,27,-5.6893792152404785,1.3264161348342896,-0.08
2026-07-10T21:47:28+00:00,,,1730.0,1.52,203.79999999999995,141,87,81,27,-6.724863529205322,1.3110886812210083,-0.1
2026-07-10T21:47:29+00:00,37.45883172377944,126.9419200066477,1732.0,1.62,203.60000000000002,141,93,82,27,-7.3255615234375,1.3822400569915771,-0.1
2026-07-10T21:47:30+00:00,,,1732.0,1.62,203.20000000000005,141,93,86,27,-8.263293266296387,1.3764084577560425,-0.12
2026-07-10T21:47:31+00:00,37.458821665495634,126.9419516902417,1736.0,1.66,203.0,140,93,85,27,-8.928442001342773,1.4181287288665771,-0.14
2026-07-10T21:47:32+00:00,,,1736.0,1.66,202.60000000000002,140,92,87,27,-9.837929725646973,1.4210368394851685,-0.16
2026-07-10T21:47:33+00:00,,,1739.0,1.64,202.20000000000005,141,88,87,27,-10.948005676269531,1.405389428138733,-0.16
2026-07-10T21:47:34+00:00,37.45880833826959,126.94198329001665,1739.0,1.64,202.0,140,85,86,27,-11.87515926361084,1.4192078113555908,-0.18
2026-07-10T21:47:35+00:00,,,1739.0,1.54,201.60000000000002,138,82,86,27,-13.640055656433105,1.3693947792053223,-0.2
2026-07-10T21:47:36+00:00,,,1742.0,1.54,201.39999999999998,135,76,80,27,-14.62978744506836,1.397324800491333,-0.22
2026-07-10T21:47:37+00:00,37.458793334662914,126.94201329723,1742.0,1.4,201.20000000000005,134,73,80,27,-17.19161605834961,1.3556238412857056,-0.22
2026-07-10T21:47:38+00:00,,,1742.0,1.4,201.0,134,67,73,27,-17.903820037841797,1.3846272230148315,-0.24
2026-07-10T21:47:39+00:00,,,1745.0,1.36,200.79999999999995,135,64,73,27,-19.029586791992188,1.4037895202636719,-0.24
2026-07-10T21:47:40+00:00,37.45877833105624,126.94203173741698,1745.0,1.36,200.39999999999998,134,63,71,27,-19.756772994995117,1.438119888305664,-0.26
2026-07-10T21:47:41+00:00,,,1745.0,1.26,200.20000000000005,133,63,71,27,-22.28734016418457,1.445676565170288,-0.26
2026-07-10T21:47:42+00:00,,,1747.0,1.26,200.0,132,63,66,27,-23.081687927246094,1.4888062477111816,-0.28
2026-07-10T21:47:43+00:00,,,1747.0,1.0,199.79999999999995,131,49,65,27,-29.84207534790039,1.5388274192810059,-0.28
2026-07-10T21:47:44+00:00,37.458776738494635,126.94200332276523,1747.0,1.0,199.60000000000002,130,49,53,27,-30.832040786743164,1.5962340831756592,-0.3
2026-07-10T21:47:45+00:00,,,1747.0,0.9,199.60000000000002,129,49,53,27,-35.3599853515625,1.684023141860962,-0.3
2026-07-10T21:47:46+00:00,37.45878830552101,126.94198169745505,1750.0,0.9,199.39999999999998,128,49,48,27,-34.90410232543945,1.6585556268692017,-0.3
2026-07-10T21:47:47+00:00,,,1750.0,0.98,199.39999999999998,128,61,47,27,-31.637372970581055,1.6109371185302734,-0.3
2026-07-10T21:47:48+00:00,37.45880498550832,126.9419633410871,1752.0,0.98,199.39999999999998,127,61,51,27,-31.21953773498535,1.5866550207138062,-0.3
2026-07-10T21:47:49+00:00,,,1752.0,1.0,199.39999999999998,126,60,52,27,-30.490577697753906,1.560528039932251,-0.3
2026-07-10T21:47:50+00:00,,,1755.0,1.0,199.60000000000002,127,59,54,27,-30.07655143737793,1.536785364151001,-0.28
2026-07-10T21:47:51+00:00,37.458829963579774,126.94194833748043,1755.0,1.04,199.60000000000002,127,59,58,27,-27.96869659423828,1.5057239532470703,-0.28
2026-07-10T21:47:52+00:00,,,1755.0,1.04,199.79999999999995,128,58,66,27,-27.578718185424805,1.4835617542266846,-0.28
2026-07-10T21:47:53+00:00,,,1758.0,1.04,200.0,127,56,71,27,-27.18874168395996,1.461679458618164,-0.28
2026-07-10T21:47:54+00:00,,,1758.0,1.04,200.0,126,55,78,27,-25.586946487426758,1.3749399185180664,-0.26
2026-07-10T21:47:55+00:00,,,1758.0,1.04,200.20000000000005,,55,86,27,-24.447612762451172,1.291495442390442,-0.24
2026-07-10T21:47:56+00:00,,,1758.0,1.04,200.39999999999998,125,56,92,27,-22.811443328857422,1.2145072221755981,-0.22
2026-07-10T21:47:57+00:00,,,1758.0,0.0,200.60000000000002,125,61,99,27,-22.811443328857422,0.0,-0.2
2026-07-10T21:47:58+00:00,,,1758.0,0.0,200.79999999999995,125,61,0,27,-22.811443328857422,0.0,-0.2
2026-07-10T21:47:59+00:00,37.45883172377944,126.94192168302834,1758.0,0.0,201.0,123,61,0,27,-22.811443328857422,0.0,-0.18
2026-07-10T21:48:00+00:00,,,1758.0,0.0,201.20000000000005,122,61,0,27,-22.811443328857422,0.0,-0.16
2026-07-10T21:48:01+00:00,37.45884329080582,126.94188497029245,1760.0,0.0,201.60000000000002,122,61,0,27,-22.811443328857422,0.0,-0.14
2026-07-10T21:48:02+00:00,37.45885326527059,126.941859992221,1760.0,0.0,201.79999999999995,122,61,0,27,-22.811443328857422,0.0,-0.12
2026-07-10T21:48:03+00:00,37.458861730992794,126.94183166138828,1763.0,1.94,202.20000000000005,123,61,0,27,-5.65554141998291,1.68496572971344,-0.1
2026-07-10T21:48:04+00:00,,,1766.0,1.94,202.39999999999998,123,61,196,27,-4.578550815582275,1.7136790752410889,-0.08
2026-07-10T21:48:05+00:00,,,1769.0,2.52,202.60000000000002,124,61,199,27,-2.6932625770568848,2.320422410964966,-0.06
2026-07-10T21:48:06+00:00,,,1769.0,2.52,202.79999999999995,125,61,236,27,-1.8676201105117798,2.37121844291687,-0.04
2026-07-10T21:48:07+00:00,37.45887329801917,126.94180668331683,1769.0,0.42,203.0,126,58,238,27,-6.36374568939209,0.3549048602581024,-0.02
2026-07-10T21:48:08+00:00,,,1769.0,0.42,203.20000000000005,128,56,87,27,-1.304140567779541,0.3936004042625427,0.0
2026-07-10T21:48:09+00:00,37.45889333076775,126.94177826866508,1771.0,1.16,203.60000000000002,129,56,87,27,1.3443214893341064,1.2051396369934082,0.0
2026-07-10T21:48:10+00:00,,,1771.0,1.16,203.79999999999995,129,56,162,27,2.975311040878296,1.2825011014938354,0.02
2026-07-10T21:48:11+00:00,37.4589167162776,126.94175672717392,1774.0,1.72,204.0,130,56,159,27,3.0852622985839844,1.9265893697738647,0.04
2026-07-10T21:48:12+00:00,,,1774.0,1.72,204.39999999999998,130,56,191,27,4.176843643188477,2.014291763305664,0.06
2026-07-10T21:48:13+00:00,,,1778.0,1.66,204.79999999999995,131,50,196,27,5.464515686035156,2.053205966949463,0.08
2026-07-10T21:48:14+00:00,37.45893834158778,126.94175496697426,1778.0,1.66,205.0,,56,197,27,6.595551490783691,2.157329559326172,0.1
2026-07-10T21:48:15+00:00,,,1778.0,1.36,205.39999999999998,130,63,200,27,9.503626823425293,2.000180959701538,0.12
2026-07-10T21:48:16+00:00,37.45895326137543,126.9417682942003,1780.0,1.36,205.60000000000002,132,63,187,27,10.898563385009766,2.1319119930267334,0.14
2026-07-10T21:48:17+00:00,,,1780.0,1.26,206.0,133,69,190,27,13.2769775390625,2.2002384662628174,0.16
2026-07-10T21:48:18+00:00,37.45897673070431,126.94176997058094,1782.0,1.26,206.39999999999998,134,69,187,27,14.149515151977539,2.288783311843872,0.16
2026-07-10T21:48:19+00:00,37.45899500325322,126.94175999611616,1782.0,1.22,206.60000000000002,135,67,188,27,15.38965892791748,2.3614554405212402,0.18
2026-07-10T21:48:20+00:00,,,1785.0,1.22,206.79999999999995,135,66,186,27,16.283649444580078,2.456799268722534,0.18
2026-07-10T21:48:21+00:00,37.45901830494404,126.94175831973553,1787.0,1.36,207.0,136,58,184,27,15.52269172668457,2.628591775894165,0.2
2026-07-10T21:48:22+00:00,,,1787.0,1.36,207.39999999999998,137,58,188,27,16.328176498413086,2.7239229679107666,0.22
2026-07-10T21:48:23+00:00,37.45904328301549,126.94175169803202,1790.0,1.36,207.60000000000002,,56,187,27,17.137693405151367,2.8221774101257324,0.22
2026-07-10T21:48:24+00:00,,,1790.0,1.36,208.0,138,56,188,27,17.94236946105957,2.9221930503845215,0.24
2026-07-10T21:48:25+00:00,37.459073290228844,126.94175002165139,1792.0,1.36,208.20000000000005,138,56,187,27,18.612403869628906,3.0294759273529053,0.24
2026-07-10T21:48:26+00:00,,,1792.0,1.36,208.39999999999998,138,56,185,27,18.838735580444336,3.058750867843628,0.24
2026-07-10T21:48:27+00:00,37.45910002849996,126.9417616724968,1796.0,1.38,208.60000000000002,139,56,182,27,18.78987693786621,3.0973048210144043,0.24
2026-07-10T21:48:28+00:00,,,1796.0,1.38,208.79999999999995,139,56,178,27,19.012704849243164,3.1266844272613525,0.26
2026-07-10T21:48:29+00:00,37.45911997742951,126.9417632650584,1799.0,1.4,209.0,140,56,176,27,19.098255157470703,3.16074800491333,0.26
2026-07-10T21:48:30+00:00,37.45914001017809,126.94176997058094,1799.0,1.4,209.20000000000005,140,57,174,27,19.319700241088867,3.1903882026672363,0.26
2026-07-10T21:48:31+00:00,,,1801.0,1.38,209.39999999999998,141,58,170,27,19.827543258666992,3.212088108062744,0.26
2026-07-10T21:48:32+00:00,37.45916834101081,126.94176502525806,1803.0,1.38,209.39999999999998,141,59,160,27,20.052446365356445,3.2422935962677,0.26
2026-07-10T21:48:33+00:00,,,1803.0,1.42,209.39999999999998,141,60,151,27,19.56357765197754,3.2927868366241455,0.26
2026-07-10T21:48:34+00:00,37.45918996632099,126.94175496697426,1807.0,1.42,209.60000000000002,140,60,143,27,19.289939880371094,3.2551662921905518,0.26
2026-07-10T21:48:35+00:00,,,1807.0,1.42,209.39999999999998,141,60,135,27,19.151996612548828,3.2135074138641357,0.26
2026-07-10T21:48:36+00:00,37.45919826440513,126.94172831252217,1809.0,1.42,209.39999999999998,141,61,126,27,18.87641716003418,3.1762754917144775,0.26
2026-07-10T21:48:37+00:00,,,1809.0,1.36,209.20000000000005,141,69,116,27,19.284976959228516,3.1169729232788086,0.26
2026-07-10T21:48:38+00:00,37.459206730127335,126.94169998168945,1812.0,1.36,209.20000000000005,141,90,104,27,18.999267578125,3.0796194076538086,0.24
2026-07-10T21:48:39+00:00,,,1812.0,1.34,208.79999999999995,142,90,95,27,19.136545181274414,3.029205560684204,0.24
2026-07-10T21:48:40+00:00,37.45921670459211,126.94166326895356,1814.0,1.34,208.60000000000002,142,93,83,27,18.844097137451172,2.9919588565826416,0.24
2026-07-10T21:48:41+00:00,,,1814.0,1.44,208.20000000000005,142,93,77,27,17.135318756103516,3.0100114345550537,0.24
2026-07-10T21:48:42+00:00,37.459223326295614,126.9416200183332,1818.0,1.44,208.0,,90,81,27,15.812105178833008,2.840064287185669,0.22
2026-07-10T21:48:43+00:00,37.459228271618485,126.94159168750048,1818.0,1.64,207.79999999999995,143,86,78,27,12.725430488586426,2.815258741378784,0.2
2026-07-10T21:48:44+00:00,37.45923673734069,126.94156670942903,1822.0,1.64,207.60000000000002,143,85,88,27,11.564743041992188,2.6700236797332764,0.18
2026-07-10T21:48:45+00:00,37.45924671180546,126.94154500029981,1824.0,1.92,207.39999999999998,142,84,87,27,8.886796951293945,2.765872001647949,0.16
2026-07-10T21:48:46+00:00,37.459260039031506,126.94152002222836,1827.0,1.92,207.20000000000005,142,84,104,27,7.8973565101623535,2.6446704864501953,0.14
2026-07-10T21:48:47+00:00,,,1829.0,2.08,207.20000000000005,143,84,104,27,6.406424045562744,2.6677911281585693,0.12
2026-07-10T21:48:48+00:00,37.459279987961054,126.94148004055023,1831.0,2.08,207.0,143,86,113,27,5.48776388168335,2.5628960132598877,0.1
2026-07-10T21:48:49+00:00,37.45928996242583,126.94145330227911,1831.0,2.14,207.0,143,86,115,27,4.4421820640563965,2.5222549438476562,0.08
2026-07-10T21:48:50+00:00,37.459304966032505,126.94142832420766,1836.0,2.14,207.0,143,86,121,27,3.5749011039733887,2.4333925247192383,0.06
2026-07-10T21:48:51+00:00,37.45931829325855,126.94139999337494,1838.0,2.28,207.0,144,87,123,27,2.5398173332214355,2.4885666370391846,0.04
2026-07-10T21:48:52+00:00,37.459324998781085,126.94137828424573,1841.0,2.28,207.0,143,87,137,27,1.7284637689590454,2.4127748012542725,0.02
2026-07-10T21:48:53+00:00,37.4593467079103,126.94136168807745,1841.0,2.46,207.20000000000005,144,86,141,27,0.8489777445793152,2.522247791290283,0.02
2026-07-10T21:48:54+00:00,37.45937327854335,126.9413417391479,1846.0,2.46,207.20000000000005,144,86,159,27,0.09422075003385544,2.4576897621154785,0.0
2026-07-10T21:48:55+00:00,37.45940672233701,126.94131667725742,1849.0,2.46,207.39999999999998,145,86,165,27,-0.6582763195037842,2.398566484451294,0.0
2026-07-10T21:48:56+00:00,37.459434969350696,126.94130502641201,1852.0,2.46,207.39999999999998,144,86,170,27,-1.4115265607833862,2.344635248184204,-0.02
2026-07-10T21:48:57+00:00,37.459463300183415,126.94129999727011,1857.0,2.86,207.39999999999998,145,86,174,27,-1.8603007793426514,2.6929636001586914,-0.04
2026-07-10T21:48:58+00:00,37.459486685693264,126.94129672832787,1860.0,2.86,207.39999999999998,145,86,205,27,-1.9907150268554688,2.683354139328003,-0.04
2026-07-10T21:48:59+00:00,37.45951334014535,126.94128826260567,1863.0,2.94,207.60000000000002,144,86,207,27,-2.05657696723938,2.763157367706299,-0.06
2026-07-10T21:49:00+00:00,37.45953496545553,126.9412817247212,1866.0,2.94,207.60000000000002,145,87,215,27,-2.1832520961761475,2.753802537918091,-0.06
2026-07-10T21:49:01+00:00,37.459560027346015,126.94126999005675,1869.0,2.92,207.60000000000002,146,87,216,27,-2.325749158859253,2.7248294353485107,-0.06
2026-07-10T21:49:02+00:00,37.45958332903683,126.94125498645008,1871.0,2.92,207.60000000000002,146,87,214,27,-2.453164577484131,2.7158634662628174,-0.06
2026-07-10T21:49:03+00:00,37.45960830710828,126.9412399828434,1874.0,2.88,207.79999999999995,146,87,210,27,-2.625927448272705,2.657691478729248,-0.06
2026-07-10T21:49:04+00:00,37.45962666347623,126.94122833199799,1877.0,2.88,207.79999999999995,146,86,207,27,-2.7554330825805664,2.649158000946045,-0.06
2026-07-10T21:49:05+00:00,37.459649965167046,126.94120997563004,1880.0,2.9,208.0,145,86,209,27,-2.8654887676239014,2.660460948944092,-0.08
2026-07-10T21:49:06+00:00,37.45967326685786,126.94119832478464,1882.0,2.9,208.20000000000005,146,85,212,27,-2.547025442123413,2.681537389755249,-0.06
2026-07-10T21:49:07+00:00,,,1885.0,2.84,208.20000000000005,147,85,215,27,-2.2677972316741943,2.654200553894043,-0.06
2026-07-10T21:49:08+00:00,37.45968827046454,126.94118332117796,1888.0,2.84,208.39999999999998,146,85,214,27,-1.9440511465072632,2.6773440837860107,-0.04
2026-07-10T21:49:09+00:00,,,1888.0,2.68,208.60000000000002,146,85,217,27,-1.7170395851135254,2.5424559116363525,-0.04
2026-07-10T21:49:10+00:00,,,1890.0,2.68,208.79999999999995,147,84,209,26,-1.372935175895691,2.567626476287842,-0.02
2026-07-10T21:49:11+00:00,37.45970327407122,126.94116328842938,1890.0,2.08,208.79999999999995,147,83,212,26,-1.3205872774124146,2.0054335594177246,-0.02
2026-07-10T21:49:12+00:00,,,1890.0,2.08,209.0,,77,178,26,-0.8806642889976501,2.032074451446533,0.0
2026-07-10T21:49:13+00:00,37.4597233068198,126.94113671779633,1893.0,1.72,209.0,147,74,177,26,-0.533946692943573,1.6904957294464111,0.0
2026-07-10T21:49:14+00:00,37.45973671786487,126.94111333228648,1893.0,1.72,209.20000000000005,146,66,151,26,0.17077921330928802,1.7298275232315063,0.0
2026-07-10T21:49:15+00:00,,,1896.0,1.68,209.20000000000005,147,63,150,26,0.9006924629211426,1.7327063083648682,0.0
2026-07-10T21:49:16+00:00,37.45973504148424,126.94107829593122,1899.0,1.68,209.39999999999998,147,61,145,26,1.6236449480056763,1.7787209749221802,0.02
2026-07-10T21:49:17+00:00,,,1899.0,1.84,209.39999999999998,146,60,145,26,2.142545461654663,1.9865179061889648,0.02
2026-07-10T21:49:18+00:00,,,1902.0,1.84,209.39999999999998,146,59,154,26,2.803292989730835,2.038086175918579,0.04
2026-07-10T21:49:19+00:00,,,1902.0,1.56,209.60000000000002,147,59,150,26,4.085012912750244,1.8199598789215088,0.06
2026-07-10T21:49:20+00:00,,,1902.0,1.56,209.60000000000002,146,59,129,26,4.86435604095459,1.880523681640625,0.06
2026-07-10T21:49:21+00:00,,,1902.0,0.54,209.60000000000002,,56,126,26,16.310773849487305,1.0887351036071777,0.08
2026-07-10T21:49:22+00:00,37.459738310426474,126.94111827760935,1902.0,0.54,209.60000000000002,146,53,57,26,16.34382438659668,1.0903197526931763,0.08
2026-07-10T21:49:23+00:00,37.45974828489125,126.9411416631192,1902.0,1.94,209.79999999999995,147,53,56,26,4.582149982452393,2.298917531967163,0.08
2026-07-10T21:49:24+00:00,37.45976169593632,126.94116831757128,1905.0,1.94,209.79999999999995,146,53,146,26,4.591416358947754,2.2998158931732178,0.08
2026-07-10T21:49:25+00:00,37.459771670401096,126.94118826650083,1908.0,2.14,209.79999999999995,145,53,144,26,4.149204254150391,2.503274917602539,0.08
2026-07-10T21:49:26+00:00,,,1910.0,2.14,209.79999999999995,144,53,157,26,4.1575446128845215,2.504142999649048,0.08
2026-07-10T21:49:27+00:00,37.4597817286849,126.94122673943639,1912.0,2.26,209.79999999999995,145,53,156,26,3.944711208343506,2.6213481426239014,0.08
2026-07-10T21:49:28+00:00,,,1912.0,2.26,210.0,145,52,163,26,3.952592372894287,2.6222009658813477,0.08
2026-07-10T21:49:29+00:00,,,1916.0,2.1,210.20000000000005,144,53,164,26,4.242058277130127,2.4777414798736572,0.08
2026-07-10T21:49:30+00:00,,,1916.0,2.1,210.20000000000005,143,57,157,26,4.224523067474365,2.47593092918396,0.08
2026-07-10T21:49:31+00:00,,,1916.0,1.76,210.39999999999998,143,59,159,26,5.072360515594482,2.1283514499664307,0.08
2026-07-10T21:49:32+00:00,,,1916.0,1.76,210.39999999999998,143,59,135,26,5.051197052001953,2.126427173614502,0.08
2026-07-10T21:49:33+00:00,,,1916.0,0.0,210.39999999999998,142,59,136,26,5.051197052001953,0.0,0.08
2026-07-10T21:49:34+00:00,,,1916.0,0.0,210.39999999999998,141,48,0,26,5.051197052001953,0.0,0.08
2026-07-10T21:49:35+00:00,,,1916.0,0.0,210.39999999999998,141,48,0,26,5.051197052001953,0.0,0.08
2026-07-10T21:49:36+00:00,,,1916.0,0.0,210.39999999999998,141,48,0,26,5.051197052001953,0.0,0.08
2026-07-10T21:49:37+00:00,,,1916.0,0.0,210.39999999999998,140,48,0,26,5.051197052001953,0.0,0.08
2026-07-10T21:49:38+00:00,,,1916.0,0.0,210.39999999999998,141,56,0,26,5.051197052001953,0.0,0.08
2026-07-10T21:49:39+00:00,,,1916.0,0.0,210.39999999999998,142,56,0,26,5.051197052001953,0.0,0.06
2026-07-10T21:49:40+00:00,37.459771670401096,126.94119329564273,1916.0,0.0,210.39999999999998,,60,0,26,5.051197052001953,0.0,0.06
2026-07-10T21:49:41+00:00,37.45976169593632,126.94116169586778,1916.0,1.42,210.39999999999998,141,62,0,26,5.007436275482178,1.7222222089767456,0.06
2026-07-10T21:49:42+00:00,37.45975172147155,126.94111333228648,1919.0,1.42,210.20000000000005,,64,96,26,4.7354736328125,1.702424168586731,0.06
2026-07-10T21:49:43+00:00,37.459738310426474,126.94105667062104,1922.0,2.66,210.0,140,74,92,27,2.3829216957092285,2.8984336853027344,0.06
2026-07-10T21:49:44+00:00,37.459718277677894,126.94100327789783,1927.0,2.66,210.0,140,85,174,27,2.2378835678100586,2.882303237915039,0.04
2026-07-10T21:49:45+00:00,37.45970671065152,126.9409632962197,1932.0,3.82,209.79999999999995,141,86,172,27,1.4613494873046875,4.00980806350708,0.04
2026-07-10T21:49:46+00:00,37.45969673618674,126.94093169644475,1937.0,3.82,209.79999999999995,141,87,250,26,1.312863826751709,3.9881093502044678,0.04
2026-07-10T21:49:47+00:00,37.45968827046454,126.940903281793,1941.0,4.08,209.79999999999995,140,87,249,27,1.0870457887649536,4.2360405921936035,0.04
2026-07-10T21:49:48+00:00,37.45968332514167,126.94087503477931,1944.0,4.08,209.60000000000002,138,87,267,26,0.9481086134910583,4.215085029602051,0.02
2026-07-10T21:49:49+00:00,,,1946.0,3.56,209.60000000000002,138,87,266,26,0.9273648858070374,3.6751606464385986,0.02
2026-07-10T21:49:50+00:00,37.45966832153499,126.94083170033991,1949.0,3.56,209.79999999999995,137,87,229,26,0.7682926058769226,3.654587507247925,0.02
2026-07-10T21:49:51+00:00,,,1949.0,3.1,209.79999999999995,138,87,231,26,0.7018849849700928,3.1647322177886963,0.02
2026-07-10T21:49:52+00:00,37.459649965167046,126.94079331122339,1953.0,3.1,209.79999999999995,137,87,202,26,0.5180670619010925,3.144605875015259,0.0
2026-07-10T21:49:53+00:00,37.45963999070227,126.9407716859132,1953.0,2.8,209.79999999999995,138,87,204,26,0.37018972635269165,2.8249430656433105,0.0
2026-07-10T21:49:54+00:00,37.45962666347623,126.9407550059259,1957.0,2.8,209.79999999999995,138,87,187,26,0.2563842535018921,2.81404709815979,0.0
2026-07-10T21:49:55+00:00,,,1959.0,2.6,210.0,137,86,190,26,0.15287600457668304,2.6132845878601074,0.0
2026-07-10T21:49:56+00:00,37.45960168540478,126.94073329679668,1961.0,2.6,210.0,139,86,180,26,0.031119979918003082,2.6026856899261475,0.0
2026-07-10T21:49:57+00:00,,,1961.0,2.44,209.79999999999995,139,85,181,26,-0.09683940559625626,2.4322140216827393,0.0
2026-07-10T21:49:58+00:00,37.459576707333326,126.94070002064109,1965.0,2.44,209.79999999999995,139,84,171,26,-0.2269694060087204,2.4218873977661133,0.0
2026-07-10T21:49:59+00:00,,,1965.0,2.3,209.79999999999995,140,75,170,26,-0.37856006622314453,2.271772623062134,0.0
2026-07-10T21:50:00+00:00,37.4595383182168,126.94066003896296,1969.0,2.3,209.79999999999995,140,75,159,26,-0.516473114490509,2.26179838180542,0.0
2026-07-10T21:50:01+00:00,37.459503281861544,126.94064000621438,1969.0,2.24,209.79999999999995,140,75,158,26,-0.6717727184295654,2.192049264907837,0.0
2026-07-10T21:50:02+00:00,37.45947830379009,126.9406300317496,1974.0,2.24,210.0,140,80,156,26,-0.7258584499359131,2.188354730606079,0.0
2026-07-10T21:50:03+00:00,37.45945827104151,126.94062173366547,1979.0,2.54,210.0,139,85,159,26,-0.68772953748703,2.4843883514404297,0.0
2026-07-10T21:50:04+00:00,,,1981.0,2.54,210.20000000000005,138,87,180,26,-0.7352842688560486,2.480710744857788,0.0
2026-07-10T21:50:05+00:00,37.459426671266556,126.94060329347849,1984.0,2.56,210.39999999999998,139,87,182,26,-0.776864767074585,2.497020959854126,0.0
2026-07-10T21:50:06+00:00,,,1984.0,2.56,210.60000000000002,138,87,189,26,-0.8239535689353943,2.4933910369873047,-0.02
2026-07-10T21:50:07+00:00,37.4593966640532,126.94058502092957,1988.0,2.48,210.79999999999995,138,87,195,26,-0.8994330167770386,2.409879684448242,-0.02
2026-07-10T21:50:08+00:00,37.45937503874302,126.94057831540704,1988.0,2.48,211.0,138,87,197,26,-0.9480408430099487,2.406306266784668,-0.02
2026-07-10T21:50:09+00:00,37.459353329613805,126.94057169370353,1991.0,2.4,211.20000000000005,138,87,203,26,-1.03433096408844,2.3129196166992188,-0.02
2026-07-10T21:50:10+00:00,37.459333296865225,126.94055501371622,1994.0,2.4,211.39999999999998,,87,204,26,-0.6174890398979187,2.3428211212158203,0.0
2026-07-10T21:50:11+00:00,37.459316700696945,126.94054327905178,1996.0,2.4,211.60000000000002,139,87,206,26,-0.2002299427986145,2.3743245601654053,0.0
2026-07-10T21:50:12+00:00,,,1999.0,2.4,211.60000000000002,139,87,206,26,0.2170291692018509,2.4073991775512695,0.0
2026-07-10T21:50:13+00:00,37.45928334072232,126.94052333012223,2001.0,2.4,211.79999999999995,140,87,208,26,0.635385274887085,2.4523541927337646,0.0
2026-07-10T21:50:14+00:00,,,2001.0,2.4,211.79999999999995,140,87,205,26,1.046750545501709,2.4881956577301025,0.02
2026-07-10T21:50:15+00:00,37.459251740947366,126.94050170481205,2005.0,2.36,212.20000000000005,140,87,203,26,1.4879006147384644,2.486189365386963,0.02
2026-07-10T21:50:16+00:00,37.45923497714102,126.94048670120537,2005.0,2.36,212.39999999999998,141,87,203,26,1.909618616104126,2.5255253314971924,0.04
2026-07-10T21:50:17+00:00,37.45920832268894,126.9404767267406,2009.0,2.32,212.60000000000002,142,87,206,26,2.373251438140869,2.5270133018493652,0.04
2026-07-10T21:50:18+00:00,37.45919331908226,126.94046331569552,2012.0,2.32,212.79999999999995,142,87,206,26,2.728156089782715,2.5621767044067383,0.06
2026-07-10T21:50:19+00:00,,,2015.0,2.36,213.20000000000005,142,87,208,26,3.03045654296875,2.6376919746398926,0.06
2026-07-10T21:50:20+00:00,37.459163311868906,126.94043833762407,2017.0,2.36,213.39999999999998,143,87,214,26,3.3793458938598633,2.674856662750244,0.06
2026-07-10T21:50:21+00:00,37.459146715700626,126.94041998125613,2017.0,2.34,213.60000000000002,142,87,214,26,3.776237964630127,2.683871030807495,0.08
2026-07-10T21:50:22+00:00,37.45913171209395,126.94040330126882,2021.0,2.34,213.79999999999995,143,87,215,26,4.129619598388672,2.723310947418213,0.08
2026-07-10T21:50:23+00:00,37.45911503210664,126.94038167595863,2023.0,2.32,214.0,144,87,218,26,4.502324104309082,2.7541942596435547,0.1
2026-07-10T21:50:24+00:00,37.45910002849996,126.94036172702909,2025.0,2.32,214.20000000000005,144,87,221,26,4.857228755950928,2.7958290576934814,0.1
2026-07-10T21:50:25+00:00,37.45908326469362,126.94034001789987,2028.0,2.34,214.39999999999998,144,87,220,26,5.190116882324219,2.8480732440948486,0.12
2026-07-10T21:50:26+00:00,37.4590599630028,126.94031503982842,2028.0,2.34,214.60000000000002,145,87,219,26,5.558763027191162,2.8936781883239746,0.12
2026-07-10T21:50:27+00:00,37.45904169045389,126.94030171260238,2033.0,2.34,214.79999999999995,145,87,218,26,5.903549671173096,2.949974298477173,0.12
2026-07-10T21:50:28+00:00,37.45901830494404,126.9402917381376,2037.0,2.34,214.79999999999995,145,87,215,26,6.270988941192627,2.9978363513946533,0.14
2026-07-10T21:50:29+00:00,37.45900170877576,126.94027673453093,2039.0,2.4,214.79999999999995,145,87,209,26,6.472825050354004,3.102163553237915,0.14
2026-07-10T21:50:30+00:00,37.45898502878845,126.94025670178235,2042.0,2.4,214.79999999999995,146,87,206,26,6.831077575683594,3.1517624855041504,0.16
2026-07-10T21:50:31+00:00,37.4589666724205,126.94023666903377,2044.0,2.42,214.79999999999995,146,87,198,26,7.160213470458984,3.2116212844848633,0.16
2026-07-10T21:50:32+00:00,37.45894672349095,126.94021831266582,2046.0,2.42,214.79999999999995,147,87,193,26,7.516980171203613,3.263312816619873,0.18
2026-07-10T21:50:33+00:00,,,2049.0,2.44,214.79999999999995,147,87,186,26,7.777995586395264,3.3429157733917236,0.18
2026-07-10T21:50:34+00:00,37.4589183088392,126.94019333459437,2052.0,2.44,214.79999999999995,148,87,182,26,7.578141212463379,3.313016414642334,0.18
2026-07-10T21:50:35+00:00,37.45889827609062,126.94017833098769,2052.0,2.4,214.79999999999995,148,87,177,26,7.501461505889893,3.2475104331970215,0.18
2026-07-10T21:50:36+00:00,,,2056.0,2.4,215.0,148,86,171,26,7.29807186126709,3.2180585861206055,0.16
2026-07-10T21:50:37+00:00,37.45885670185089,126.94016173481941,2058.0,2.4,215.20000000000005,148,86,170,26,7.124367713928223,3.179877519607544,0.16
2026-07-10T21:50:38+00:00,37.458838261663914,126.94014673121274,2058.0,2.4,215.20000000000005,,86,171,26,6.9209442138671875,3.151191234588623,0.16
2026-07-10T21:50:39+00:00,37.45881169103086,126.94012166932225,2063.0,2.4,215.39999999999998,148,86,173,26,6.68831205368042,3.1318655014038086,0.16
2026-07-10T21:50:40+00:00,37.45878830552101,126.94011169485748,2066.0,2.4,215.39999999999998,148,86,179,26,6.485329627990723,3.1038763523101807,0.14
2026-07-10T21:50:41+00:00,37.45876827277243,126.9401033129543,2069.0,2.48,215.60000000000002,148,86,180,26,6.079494476318359,3.1506080627441406,0.14
2026-07-10T21:50:42+00:00,37.458744971081614,126.94010498933494,2072.0,2.48,215.60000000000002,149,86,187,26,5.918699741363525,3.1285364627838135,0.14
2026-07-10T21:50:43+00:00,,,2074.0,2.5,215.79999999999995,149,86,189,26,5.734620094299316,3.1160662174224854,0.14
2026-07-10T21:50:44+00:00,37.45870825834572,126.94011169485748,2077.0,2.5,215.79999999999995,149,86,194,26,5.574632167816162,3.0945112705230713,0.12
2026-07-10T21:50:45+00:00,,,2077.0,2.46,216.0,149,86,196,26,5.48067569732666,3.044827938079834,0.12
2026-07-10T21:50:46+00:00,37.458671713247895,126.94010498933494,2081.0,2.46,216.20000000000005,149,86,195,26,5.318410873413086,3.0235979557037354,0.12
2026-07-10T21:50:47+00:00,37.45865000411868,126.9400982838124,2081.0,2.38,216.60000000000002,148,86,199,26,5.329797744750977,2.926703453063965,0.12
2026-07-10T21:50:48+00:00,37.45862502604723,126.94008830934763,2085.0,2.38,216.79999999999995,148,86,198,26,5.162079334259033,2.905695915222168,0.12
2026-07-10T21:50:49+00:00,37.45859996415675,126.94008328020573,2088.0,2.4,217.20000000000005,148,85,205,26,4.952907562255859,2.9040374755859375,0.1
2026-07-10T21:50:50+00:00,37.458578338846564,126.94008001126349,2091.0,2.4,217.39999999999998,149,85,214,26,4.940692901611328,2.902526617050171,0.1
2026-07-10T21:50:51+00:00,37.45855671353638,126.94007171317935,2093.0,2.46,217.60000000000002,149,85,220,26,4.827873706817627,2.94881272315979,0.1
2026-07-10T21:50:52+00:00,37.458538273349404,126.94005327299237,2096.0,2.46,217.60000000000002,150,85,226,26,4.815884590148926,2.947312116622925,0.1
2026-07-10T21:50:53+00:00,37.45852000080049,126.94002670235932,2098.0,2.46,217.60000000000002,149,86,222,26,4.803907871246338,2.945814371109009,0.1
2026-07-10T21:50:54+00:00,37.45850499719381,126.94000331684947,2101.0,2.46,217.39999999999998,150,89,215,26,4.791918754577637,2.9443163871765137,0.1
2026-07-10T21:50:55+00:00,37.45849326252937,126.93996828049421,2104.0,2.5,217.39999999999998,150,89,205,26,4.703131675720215,2.9811530113220215,0.1
2026-07-10T21:50:56+00:00,37.45848496444523,126.93993668071926,2107.0,2.5,217.20000000000005,149,89,197,26,4.691347122192383,2.9796674251556396,0.1
2026-07-10T21:50:57+00:00,37.45847666636109,126.93990499712527,2110.0,2.54,217.20000000000005,150,89,189,26,4.587399005889893,3.0261881351470947,0.1
2026-07-10T21:50:58+00:00,37.458469960838556,126.93988001905382,2113.0,2.54,217.20000000000005,149,89,182,26,4.506783962249756,3.0159335136413574,0.1
2026-07-10T21:50:59+00:00,37.45845998637378,126.93985504098237,2116.0,2.58,217.20000000000005,149,87,173,26,4.357546329498291,3.0443077087402344,0.1
2026-07-10T21:51:00+00:00,37.45844171382487,126.93983668461442,2118.0,2.58,217.20000000000005,150,86,171,26,4.278260707855225,3.0342350006103516,0.1
2026-07-10T21:51:01+00:00,37.458428302779794,126.9398149754852,2121.0,2.58,217.20000000000005,151,86,168,26,4.21507453918457,3.0145206451416016,0.1
2026-07-10T21:51:02+00:00,37.45841329917312,126.93978672847152,2123.0,2.58,217.39999999999998,152,86,169,26,4.135560035705566,3.0045650005340576,0.1
2026-07-10T21:51:03+00:00,37.45839829556644,126.93975831381977,2126.0,2.58,217.60000000000002,152,84,172,26,4.0558857917785645,2.9946491718292236,0.1
2026-07-10T21:51:04+00:00,37.45838672854006,126.93973501212895,2129.0,2.58,217.60000000000002,151,84,178,26,3.97605299949646,2.984773874282837,0.1
2026-07-10T21:51:05+00:00,37.45838169939816,126.93969670683146,2132.0,2.6,217.79999999999995,152,84,183,26,3.851499557495117,3.004150390625,0.1
2026-07-10T21:51:06+00:00,37.458368288353086,126.9396632630378,2134.0,2.6,217.79999999999995,,84,190,26,3.822155714035034,3.000528573989868,0.08
2026-07-10T21:51:07+00:00,37.45834498666227,126.93963333964348,2138.0,2.66,217.79999999999995,151,84,193,26,3.7212202548980713,3.045597553253174,0.08
2026-07-10T21:51:08+00:00,37.458326714113355,126.9396133068949,2141.0,2.66,217.79999999999995,151,85,198,26,3.6924588680267334,3.042015790939331,0.08
2026-07-10T21:51:09+00:00,37.45831003412604,126.93959168158472,2145.0,2.78,217.79999999999995,151,85,199,26,3.4923462867736816,3.1653387546539307,0.08
2026-07-10T21:51:10+00:00,37.4582916777581,126.93956326693296,2147.0,2.78,217.60000000000002,150,85,207,26,3.464902400970459,3.161817789077759,0.08
2026-07-10T21:51:11+00:00,37.45827332139015,126.93953501991928,2150.0,2.78,217.60000000000002,151,86,200,26,3.4498682022094727,3.1485257148742676,0.08
2026-07-10T21:51:12+00:00,37.458258317783475,126.93950333632529,2153.0,2.78,217.39999999999998,151,86,195,26,3.4223530292510986,3.1450202465057373,0.08
2026-07-10T21:51:13+00:00,37.458250019699335,126.9394650310278,2156.0,2.84,217.39999999999998,151,86,189,26,3.322808265686035,3.2002527713775635,0.08
2026-07-10T21:51:14+00:00,37.45824499055743,126.9394283182919,2160.0,2.84,217.39999999999998,151,86,188,26,2.9483540058135986,3.152693271636963,0.08
2026-07-10T21:51:15+00:00,37.45823669247329,126.93938666023314,2163.0,2.92,217.20000000000005,152,86,185,26,2.502044677734375,3.18550705909729,0.06
2026-07-10T21:51:16+00:00,37.45821833610535,126.93935330025852,2166.0,2.92,217.20000000000005,151,86,187,26,2.137155055999756,3.141075372695923,0.06
2026-07-10T21:51:17+00:00,37.45820668525994,126.9393299985677,2170.0,3.02,217.0,152,86,186,26,1.7133862972259521,3.1975207328796387,0.04
2026-07-10T21:51:18+00:00,,,2170.0,3.02,217.0,152,86,191,26,1.3613247871398926,3.156278371810913,0.04
2026-07-10T21:51:19+00:00,37.458193274214864,126.93926327861845,2176.0,3.02,217.0,151,86,191,26,1.0078521966934204,3.116279363632202,0.02
2026-07-10T21:51:20+00:00,37.45819000527263,126.93923000246286,2176.0,3.02,217.0,151,86,193,26,0.6557905673980713,3.077845335006714,0.0
2026-07-10T21:51:21+00:00,37.45818003080785,126.93920326419175,2182.0,3.02,217.0,151,86,194,26,0.3009653091430664,3.0506319999694824,0.0
2026-07-10T21:51:22+00:00,37.45816997252405,126.9391817227006,2185.0,3.02,217.0,151,86,197,26,0.2261502891778946,3.0429210662841797,0.0
2026-07-10T21:51:23+00:00,,,2188.0,3.0,217.20000000000005,151,86,199,26,0.15234418213367462,3.0152747631073,0.0
2026-07-10T21:51:24+00:00,,,2190.0,3.0,217.20000000000005,151,87,201,26,0.07703039050102234,3.007690668106079,0.0
2026-07-10T21:51:25+00:00,37.458156729117036,126.93916328251362,2190.0,2.84,217.39999999999998,150,87,205,26,0.0019793950486928225,2.830185651779175,0.0
2026-07-10T21:51:26+00:00,,,2190.0,2.84,217.39999999999998,150,88,197,26,-0.07785853743553162,2.8227314949035645,0.0
2026-07-10T21:51:27+00:00,,,2192.0,2.62,217.60000000000002,150,88,203,26,-0.17116206884384155,2.5953421592712402,0.0
2026-07-10T21:51:28+00:00,37.458133259788156,126.9391399808228,2192.0,2.62,218.0,150,88,194,26,-0.2575564384460449,2.5880532264709473,0.0
2026-07-10T21:51:29+00:00,37.45811834000051,126.93912170827389,2192.0,2.42,218.20000000000005,149,86,202,26,-0.371328741312027,2.390855073928833,0.0
2026-07-10T21:51:30+00:00,37.4581016600132,126.93910829722881,2196.0,2.42,218.60000000000002,149,84,200,26,-0.21008731424808502,2.403355836868286,0.0
2026-07-10T21:51:31+00:00,,,2198.0,2.42,218.79999999999995,149,83,212,26,-0.04916808754205704,2.4160685539245605,0.0
2026-07-10T21:51:32+00:00,,,2200.0,2.42,219.20000000000005,151,83,220,26,0.11191225796937943,2.4290308952331543,0.0
2026-07-10T21:51:33+00:00,,,2200.0,2.34,219.39999999999998,151,83,225,26,0.28215911984443665,2.3622281551361084,0.0
2026-07-10T21:51:34+00:00,,,2200.0,2.34,219.60000000000002,152,83,228,26,0.4485798478126526,2.3756680488586426,0.0
2026-07-10T21:51:35+00:00,,,2200.0,2.14,220.0,153,84,235,26,0.6730237603187561,2.1895499229431152,0.0
2026-07-10T21:51:36+00:00,,,2200.0,2.14,220.39999999999998,153,84,228,26,0.854815661907196,2.2035603523254395,0.0
2026-07-10T21:51:37+00:00,,,2200.0,1.92,220.79999999999995,153,84,234,26,1.1561976671218872,1.9983909130096436,0.02
2026-07-10T21:51:38+00:00,,,2200.0,1.92,221.0,153,84,225,26,1.913455605506897,2.054961681365967,0.02
2026-07-10T21:51:39+00:00,37.45808674022555,126.93909329362214,2200.0,1.72,221.60000000000002,153,84,227,26,3.002103567123413,1.9090546369552612,0.04
2026-07-10T21:51:40+00:00,,,2200.0,1.72,221.79999999999995,153,84,218,26,3.852357864379883,1.9758764505386353,0.06
2026-07-10T21:51:41+00:00,37.458068300038576,126.93907166831195,2202.0,1.58,222.20000000000005,154,84,224,26,5.094146728515625,1.9233886003494263,0.08
2026-07-10T21:51:42+00:00,,,2202.0,1.58,222.60000000000002,154,84,222,26,6.013436794281006,2.0014476776123047,0.08
2026-07-10T21:51:43+00:00,37.458043321967125,126.93904995918274,2205.0,1.56,223.0,154,83,223,26,7.0281453132629395,2.066683053970337,0.1
2026-07-10T21:51:44+00:00,,,2205.0,1.56,223.20000000000005,155,83,225,26,7.958287715911865,2.1547060012817383,0.12
2026-07-10T21:51:45+00:00,37.45802999474108,126.93901668302715,2208.0,1.58,223.60000000000002,154,82,229,26,8.837382316589355,2.256601095199585,0.12
2026-07-10T21:51:46+00:00,,,2208.0,1.58,223.79999999999995,154,82,229,26,9.927223205566406,2.371577024459839,0.14
2026-07-10T21:51:47+00:00,37.458035023882985,126.9389917049557,2212.0,1.58,224.20000000000005,154,81,223,26,10.95385456085205,2.501447916030884,0.16
2026-07-10T21:51:48+00:00,,,2212.0,1.58,224.39999999999998,153,81,217,26,12.037884712219238,2.628558397293091,0.18
2026-07-10T21:51:49+00:00,37.4580517038703,126.9389499630779,2214.0,1.56,224.60000000000002,154,81,211,26,13.379210472106934,2.740973949432373,0.2
2026-07-10T21:51:50+00:00,37.45806167833507,126.93892498500645,2214.0,1.56,224.79999999999995,155,82,202,26,14.485330581665039,2.8812971115112305,0.22
2026-07-10T21:51:51+00:00,,,2218.0,1.6,225.0,156,82,197,26,15.107434272766113,3.0582735538482666,0.24
2026-07-10T21:51:52+00:00,37.45806503109634,126.93887670524418,2221.0,1.6,225.39999999999998,156,82,196,26,16.178985595703125,3.2072064876556396,0.24
2026-07-10T21:51:53+00:00,37.458060001954436,126.93884829059243,2221.0,1.64,225.60000000000002,156,82,195,26,16.831886291503906,3.382988691329956,0.26
2026-07-10T21:51:54+00:00,,,2225.0,1.64,226.0,156,82,193,26,17.069087982177734,3.418194055557251,0.26
2026-07-10T21:51:55+00:00,37.45805002748966,126.93879833444953,2227.0,1.74,226.20000000000005,156,82,190,26,16.311006546020508,3.5081820487976074,0.28
2026-07-10T21:51:56+00:00,37.458035023882985,126.93877670913935,2227.0,1.74,226.20000000000005,156,82,193,26,16.533903121948242,3.542722225189209,0.28
2026-07-10T21:51:57+00:00,,,2232.0,1.8,226.39999999999998,156,82,190,26,16.198890686035156,3.6112747192382812,0.28
2026-07-10T21:51:58+00:00,37.45802169665694,126.9387482944876,2235.0,1.8,226.39999999999998,157,82,189,26,16.41436195373535,3.645691156387329,0.28
2026-07-10T21:51:59+00:00,,,2235.0,1.84,226.60000000000002,157,83,182,26,16.357208251953125,3.6971487998962402,0.28
2026-07-10T21:52:00+00:00,,,2237.0,1.84,226.60000000000002,156,83,178,26,16.569570541381836,3.731802463531494,0.3
2026-07-10T21:52:01+00:00,37.458006693050265,126.93872331641614,2237.0,1.78,226.79999999999995,157,83,170,26,17.350372314453125,3.7345523834228516,0.3
2026-07-10T21:52:02+00:00,,,2237.0,1.78,227.0,157,83,162,26,16.96306610107422,3.6721320152282715,0.3
2026-07-10T21:52:03+00:00,37.457990013062954,126.93871325813234,2240.0,1.7,227.39999999999998,156,83,163,26,17.256677627563477,3.5722928047180176,0.28
2026-07-10T21:52:04+00:00,,,2240.0,1.7,227.79999999999995,156,83,161,26,16.854232788085938,3.510183572769165,0.28
2026-07-10T21:52:05+00:00,37.4579650349915,126.93869666196406,2242.0,1.66,228.20000000000005,156,82,167,26,16.947830200195312,3.4208984375,0.26
2026-07-10T21:52:06+00:00,,,2242.0,1.66,228.60000000000002,157,82,174,26,16.533191680908203,3.359372854232788,0.26
2026-07-10T21:52:07+00:00,37.457941733300686,126.93868668749928,2245.0,1.66,229.0,157,82,184,26,16.116052627563477,3.2982630729675293,0.26
2026-07-10T21:52:08+00:00,,,2245.0,1.66,229.39999999999998,158,82,199,26,15.701411247253418,3.238314628601074,0.24
2026-07-10T21:52:09+00:00,37.45792832225561,126.93867000751197,2248.0,1.64,229.60000000000002,158,82,211,26,15.472654342651367,3.16672945022583,0.24
2026-07-10T21:52:10+00:00,,,2248.0,1.64,230.0,157,83,220,26,15.44499683380127,3.162836790084839,0.24
2026-07-10T21:52:11+00:00,,,2250.0,1.6,230.39999999999998,156,83,226,26,15.706300735473633,3.140864849090576,0.24
2026-07-10T21:52:12+00:00,37.45791172608733,126.9386499747634,2250.0,1.6,230.79999999999995,156,82,227,26,15.67812442779541,3.136942148208618,0.24
2026-07-10T21:52:13+00:00,,,2250.0,1.54,231.0,156,81,231,26,16.365869522094727,3.0922367572784424,0.24
2026-07-10T21:52:14+00:00,37.45789831504226,126.93860999308527,2253.0,1.54,231.39999999999998,156,80,228,27,16.336345672607422,3.0882227420806885,0.24
2026-07-10T21:52:15+00:00,,,2253.0,1.54,231.60000000000002,156,80,226,27,16.20096206665039,3.089928388595581,0.24
2026-07-10T21:52:16+00:00,37.45789169333875,126.93858333863318,2257.0,1.54,231.79999999999995,157,80,218,26,16.171602249145508,3.0859313011169434,0.24
2026-07-10T21:52:17+00:00,,,2257.0,1.54,232.0,155,80,209,26,16.14223861694336,3.081937551498413,0.24
2026-07-10T21:52:18+00:00,,,2259.0,1.54,232.20000000000005,157,80,204,27,16.28384017944336,3.101231336593628,0.24
2026-07-10T21:52:19+00:00,,,2259.0,1.36,232.39999999999998,158,80,201,27,18.736364364624023,3.023094892501831,0.24
2026-07-10T21:52:20+00:00,,,2259.0,1.36,232.39999999999998,156,80,182,27,18.89725112915039,3.0438010692596436,0.24
2026-07-10T21:52:21+00:00,37.4579166714102,126.93857328034937,2259.0,0.48,232.60000000000002,157,81,168,27,53.601924896240234,2.7827858924865723,0.24
2026-07-10T21:52:22+00:00,,,2259.0,0.48,232.60000000000002,157,81,98,27,54.05440902709961,2.7959132194519043,0.24
2026-07-10T21:52:23+00:00,,,2262.0,1.24,232.60000000000002,,48,91,27,21.100147247314453,3.063871145248413,0.26
2026-07-10T21:52:24+00:00,37.457938296720386,126.93854997865856,2262.0,1.24,232.60000000000002,156,44,122,27,21.275131225585938,3.085749626159668,0.26
2026-07-10T21:52:25+00:00,,,2262.0,1.06,232.79999999999995,156,44,115,27,25.092792510986328,3.061739206314087,0.26
2026-07-10T21:52:26+00:00,,,2265.0,1.06,232.79999999999995,156,44,99,27,24.8991756439209,3.0395805835723877,0.26
2026-07-10T21:52:27+00:00,37.457958329468966,126.9385250005871,2265.0,1.0,232.79999999999995,155,41,94,27,26.45323944091797,3.006528377532959,0.26
2026-07-10T21:52:28+00:00,,,2265.0,1.0,233.0,155,41,84,27,26.24655532836914,2.9840314388275146,0.24
2026-07-10T21:52:29+00:00,37.45797174051404,126.93850002251565,2268.0,1.14,233.20000000000005,154,41,83,27,22.812963485717773,2.9903299808502197,0.24
2026-07-10T21:52:30+00:00,,,2268.0,1.14,233.39999999999998,155,44,95,27,22.632062911987305,2.969075918197632,0.24
2026-07-10T21:52:31+00:00,37.45798498392105,126.93848166614771,2271.0,1.2,233.39999999999998,155,47,98,27,21.140830993652344,2.96995210647583,0.24
2026-07-10T21:52:32+00:00,,,2271.0,1.2,233.79999999999995,155,47,106,27,20.970657348632812,2.9494197368621826,0.24
2026-07-10T21:52:33+00:00,,,2273.0,1.2,234.0,153,49,114,27,20.799795150756836,2.9288809299468994,0.24
2026-07-10T21:52:34+00:00,37.45801172219217,126.93846833892167,2273.0,1.2,234.20000000000005,153,49,121,27,20.08258628845215,2.8435215950012207,0.24
2026-07-10T21:52:35+00:00,,,2273.0,1.16,234.20000000000005,152,49,125,27,20.031661987304688,2.7429304122924805,0.22
2026-07-10T21:52:36+00:00,,,2276.0,1.16,234.39999999999998,152,52,127,27,19.2867488861084,2.658792734146118,0.22
2026-07-10T21:52:37+00:00,37.45801666751504,126.93844168446958,2276.0,1.12,234.60000000000002,152,54,131,27,19.380159378051758,2.5542051792144775,0.2
2026-07-10T21:52:38+00:00,,,2276.0,1.12,234.60000000000002,151,54,128,27,18.604021072387695,2.4717047214508057,0.2
2026-07-10T21:52:39+00:00,37.4580099619925,126.9384150300175,2279.0,1.12,234.60000000000002,151,55,125,27,17.665624618530273,2.395585775375366,0.18
2026-07-10T21:52:40+00:00,,,2279.0,1.12,234.39999999999998,152,55,115,27,16.89795684814453,2.3170135021209717,0.18
2026-07-10T21:52:41+00:00,,,2281.0,1.14,234.39999999999998,152,55,106,27,15.842761993408203,2.251438617706299,0.18
2026-07-10T21:52:42+00:00,,,2281.0,1.14,234.39999999999998,152,55,98,27,14.952603340148926,2.1639978885650635,0.16
2026-07-10T21:52:43+00:00,,,2281.0,0.5,234.39999999999998,151,55,91,27,32.05830001831055,1.8347288370132446,0.16
2026-07-10T21:52:44+00:00,,,2281.0,0.5,234.39999999999998,150,55,40,27,30.02467155456543,1.7185871601104736,0.14
2026-07-10T21:52:45+00:00,37.45798498392105,126.93841829895973,2281.0,0.58,234.20000000000005,150,55,35,27,23.721220016479492,1.6175886392593384,0.12
2026-07-10T21:52:46+00:00,,,2281.0,0.58,234.39999999999998,150,55,37,27,21.997804641723633,1.511617660522461,0.12
2026-07-10T21:52:47+00:00,37.457981714978814,126.93845501169562,2284.0,0.94,234.20000000000005,150,55,36,27,12.858964920043945,1.606187105178833,0.1
2026-07-10T21:52:48+00:00,,,2284.0,0.94,234.39999999999998,149,55,58,27,11.768895149230957,1.5282948017120361,0.1
2026-07-10T21:52:49+00:00,37.457978278398514,126.93849331699312,2287.0,1.84,234.39999999999998,148,55,59,27,5.424165725708008,2.259535074234009,0.08
2026-07-10T21:52:50+00:00,,,2287.0,1.84,234.39999999999998,147,55,122,27,5.192294120788574,2.237107753753662,0.08
2026-07-10T21:52:51+00:00,37.4579650349915,126.93852173164487,2291.0,1.78,234.39999999999998,,57,124,27,5.127612113952637,2.1577703952789307,0.08
2026-07-10T21:52:52+00:00,,,2291.0,1.78,234.39999999999998,146,71,120,27,4.888360023498535,2.135849952697754,0.08
2026-07-10T21:52:53+00:00,37.457941733300686,126.93855500780046,2294.0,1.68,234.60000000000002,146,88,123,27,4.896902561187744,2.027984142303467,0.08
2026-07-10T21:52:54+00:00,37.45793167501688,126.93857671692967,2294.0,1.68,234.79999999999995,146,93,121,27,4.6443281173706055,2.0063869953155518,0.06
2026-07-10T21:52:55+00:00,37.45792329311371,126.93860328756273,2297.0,1.8,234.79999999999995,146,97,125,27,4.121156692504883,2.0914220809936523,0.06
2026-07-10T21:52:56+00:00,37.45791499502957,126.93863170221448,2300.0,1.8,234.60000000000002,146,103,132,27,3.884340763092041,2.0710394382476807,0.06
2026-07-10T21:52:57+00:00,,,2302.0,2.04,234.39999999999998,146,103,131,27,3.2001073360443115,2.2955453395843506,0.06
2026-07-10T21:52:58+00:00,37.457896722480655,126.93862826563418,2305.0,2.04,234.0,147,89,141,27,2.9228482246398926,2.2703163623809814,0.04
2026-07-10T21:52:59+00:00,,,2305.0,1.98,233.79999999999995,147,89,135,27,2.726330041885376,2.186528444290161,0.04
2026-07-10T21:53:00+00:00,37.457876689732075,126.93859825842083,2307.0,1.98,233.60000000000002,147,89,124,27,2.4403834342956543,2.162280559539795,0.04
2026-07-10T21:53:01+00:00,,,2307.0,1.84,233.39999999999998,147,89,120,27,2.331648111343384,1.9900957345962524,0.04
2026-07-10T21:53:02+00:00,37.45784668251872,126.93857830949128,2310.0,1.84,233.0,148,95,106,27,2.0219545364379883,1.9666827917099,0.02
2026-07-10T21:53:03+00:00,37.457824973389506,126.9385683350265,2310.0,1.8,232.79999999999995,148,97,102,27,1.7417412996292114,1.9141613245010376,0.02
2026-07-10T21:53:04+00:00,37.45780670084059,126.938561713323,2314.0,1.8,232.39999999999998,148,97,97,27,1.4272000789642334,1.8920265436172485,0.02
2026-07-10T21:53:05+00:00,,,2317.0,1.94,232.20000000000005,147,97,95,27,1.0380061864852905,2.000298500061035,0.02
2026-07-10T21:53:06+00:00,37.457775017246604,126.93855333141983,2319.0,1.94,232.0,148,97,102,27,0.31806182861328125,1.9507079124450684,0.0
2026-07-10T21:53:07+00:00,37.457754984498024,126.93854670971632,2319.0,1.9,231.79999999999995,148,97,102,27,-0.4096936583518982,1.874809741973877,0.0
2026-07-10T21:53:08+00:00,,,2322.0,1.9,231.39999999999998,146,98,101,27,-1.1432039737701416,1.8327195644378662,-0.02
2026-07-10T21:53:09+00:00,37.457726737484336,126.93854000419378,2325.0,1.96,231.0,145,98,101,27,-1.8278791904449463,1.8442081212997437,-0.02
2026-07-10T21:53:10+00:00,,,2325.0,1.96,230.79999999999995,144,100,103,27,-2.5404396057128906,1.8096438646316528,-0.04
2026-07-10T21:53:11+00:00,37.45770829729736,126.93853497505188,2328.0,1.9,230.60000000000002,144,103,103,27,-3.3599531650543213,1.7199208736419678,-0.06
2026-07-10T21:53:12+00:00,,,2328.0,1.9,230.20000000000005,143,107,99,27,-4.095134258270264,1.6934620141983032,-0.06
2026-07-10T21:53:13+00:00,37.457678290084004,126.93853170610964,2330.0,1.74,229.79999999999995,142,111,99,27,-5.249922275543213,1.527949333190918,-0.08
2026-07-10T21:53:14+00:00,,,2330.0,1.74,229.20000000000005,140,108,91,27,-5.9615068435668945,1.5131126642227173,-0.1
2026-07-10T21:53:15+00:00,37.45765331201255,126.93852667696774,2333.0,1.74,229.0,140,105,91,27,-6.674514293670654,1.5015441179275513,-0.1
2026-07-10T21:53:16+00:00,,,2333.0,1.74,228.60000000000002,139,105,91,27,-7.3853864669799805,1.493279218673706,-0.12
2026-07-10T21:53:17+00:00,37.4576217122376,126.93852826952934,2336.0,1.7,228.20000000000005,138,103,91,27,-8.338725090026855,1.4445459842681885,-0.14
2026-07-10T21:53:18+00:00,37.457605032250285,126.93854000419378,2336.0,1.7,227.60000000000002,138,101,89,27,-9.071361541748047,1.4438883066177368,-0.14
2026-07-10T21:53:19+00:00,37.4575799703598,126.93854997865856,2340.0,1.7,227.20000000000005,136,101,89,27,-9.748515129089355,1.4547613859176636,-0.16
2026-07-10T21:53:20+00:00,37.45755331590772,126.9385633058846,2342.0,1.7,227.0,135,93,90,27,-10.476842880249023,1.4603914022445679,-0.16
2026-07-10T21:53:21+00:00,37.45752330869436,126.93857328034937,2345.0,1.84,226.60000000000002,,90,91,27,-10.409850120544434,1.571366310119629,-0.18
2026-07-10T21:53:22+00:00,37.45749673806131,126.93857504054904,2348.0,1.84,226.39999999999998,137,86,96,27,-11.312238693237305,1.5832669734954834,-0.2
2026-07-10T21:53:23+00:00,37.457471676170826,126.93857998587191,2351.0,2.16,226.0,137,86,96,27,-10.346976280212402,1.8539810180664062,-0.22
2026-07-10T21:53:24+00:00,37.457446698099375,126.93857830949128,2354.0,2.16,225.79999999999995,137,86,113,27,-11.110735893249512,1.8650991916656494,-0.22
2026-07-10T21:53:25+00:00,,,2357.0,2.34,225.39999999999998,137,86,113,27,-11.008824348449707,2.0100109577178955,-0.24
2026-07-10T21:53:26+00:00,37.45740671642125,126.93856003694236,2360.0,2.34,225.20000000000005,137,86,123,27,-11.716153144836426,2.0247983932495117,-0.26
2026-07-10T21:53:27+00:00,37.457381738349795,126.93855173885822,2360.0,2.34,225.0,137,86,124,27,-12.422772407531738,2.0436270236968994,-0.28
2026-07-10T21:53:28+00:00,37.45735667645931,126.93854997865856,2365.0,2.34,224.79999999999995,137,86,125,27,-13.132222175598145,2.0665574073791504,-0.3
2026-07-10T21:53:29+00:00,37.457333290949464,126.93854830227792,2368.0,2.46,224.79999999999995,138,86,126,27,-13.16236686706543,2.174107313156128,-0.32
2026-07-10T21:53:30+00:00,37.45731166563928,126.93854168057442,2370.0,2.46,224.60000000000002,138,86,135,27,-13.109936714172363,2.172168254852295,-0.32
2026-07-10T21:53:31+00:00,37.45729171670973,126.93853497505188,2373.0,2.5,224.60000000000002,138,86,137,27,-12.796305656433105,2.205151081085205,-0.3
2026-07-10T21:53:32+00:00,37.457264978438616,126.9385250005871,2375.0,2.5,224.60000000000002,138,86,142,27,-12.745028495788574,2.2033755779266357,-0.3
2026-07-10T21:53:33+00:00,37.4572416767478,126.93851502612233,2378.0,2.5,224.79999999999995,138,86,146,27,-12.744574546813965,2.1945464611053467,-0.3
2026-07-10T21:53:34+00:00,37.457219967618585,126.93850002251565,2381.0,2.5,225.0,139,87,152,27,-12.692987442016602,2.1927902698516846,-0.3
2026-07-10T21:53:35+00:00,,,2383.0,2.56,225.20000000000005,139,87,160,27,-12.343955993652344,2.2340710163116455,-0.3
2026-07-10T21:53:36+00:00,37.45719825848937,126.93847328424454,2386.0,2.56,225.20000000000005,139,87,172,27,-12.293633460998535,2.232492685317993,-0.3
2026-07-10T21:53:37+00:00,,,2386.0,2.52,225.39999999999998,140,87,179,27,-12.43832015991211,2.201998710632324,-0.3
2026-07-10T21:53:38+00:00,37.45717001147568,126.93845333531499,2390.0,2.52,225.60000000000002,140,87,184,27,-11.786659240722656,2.183049201965332,-0.28
2026-07-10T21:53:39+00:00,37.45715173892677,126.93844830617309,2390.0,2.4,225.79999999999995,141,87,194,27,-11.647391319274902,2.0839641094207764,-0.26
2026-07-10T21:53:40+00:00,37.45712826959789,126.93844503723085,2393.0,2.4,226.0,141,87,197,27,-10.967223167419434,2.0696332454681396,-0.26
2026-07-10T21:53:41+00:00,37.457109997048974,126.93844503723085,2395.0,2.38,226.39999999999998,140,87,206,27,-10.372814178466797,2.0431463718414307,-0.24
2026-07-10T21:53:42+00:00,,,2398.0,2.38,226.60000000000002,141,87,212,27,-9.687616348266602,2.0362117290496826,-0.22
2026-07-10T21:53:43+00:00,37.45707672089338,126.93845333531499,2400.0,2.38,226.79999999999995,141,87,214,27,-9.001046180725098,2.033292293548584,-0.2
2026-07-10T21:53:44+00:00,37.4570566881448,126.93845333531499,2400.0,2.38,226.79999999999995,142,87,215,27,-8.316534042358398,2.0344319343566895,-0.18
2026-07-10T21:53:45+00:00,37.45703497901559,126.93845165893435,2404.0,2.34,227.0,143,87,215,27,-7.761089324951172,2.0040926933288574,-0.18
2026-07-10T21:53:46+00:00,37.45701503008604,126.93844503723085,2406.0,2.34,227.20000000000005,143,84,214,27,-6.705377578735352,2.018744468688965,-0.14
2026-07-10T21:53:47+00:00,,,2408.0,2.34,227.39999999999998,144,84,213,27,-5.647552490234375,2.0431325435638428,-0.12
2026-07-10T21:53:48+00:00,37.45698326267302,126.9384317100048,2411.0,2.34,227.60000000000002,145,83,213,27,-4.590784072875977,2.0772721767425537,-0.1
2026-07-10T21:53:49+00:00,,,2411.0,2.32,227.79999999999995,,82,212,27,-3.566612958908081,2.1016178131103516,-0.08
2026-07-10T21:53:50+00:00,37.45696172118187,126.9384150300175,2414.0,2.32,228.20000000000005,145,79,212,27,-2.498602867126465,2.155303478240967,-0.04
2026-07-10T21:53:51+00:00,,,2414.0,2.26,228.39999999999998,145,79,211,27,-1.472949504852295,2.158963441848755,-0.02
2026-07-10T21:53:52+00:00,37.456940012052655,126.93840002641082,2417.0,2.26,228.79999999999995,145,77,211,27,-0.3754907548427582,2.232483386993408,0.0
2026-07-10T21:53:53+00:00,,,2417.0,2.2,229.0,146,76,214,27,0.7371613383293152,2.2559895515441895,0.0
2026-07-10T21:53:54+00:00,37.456915033981204,126.9383783172816,2420.0,2.2,229.39999999999998,146,76,215,27,1.6537128686904907,2.3318772315979004,0.02
2026-07-10T21:53:55+00:00,,,2420.0,2.16,229.79999999999995,147,76,221,27,2.6150639057159424,2.3749327659606934,0.04
2026-07-10T21:53:56+00:00,37.45689667761326,126.93837496452034,2423.0,2.16,230.20000000000005,147,78,228,27,3.5504536628723145,2.465212345123291,0.06
2026-07-10T21:53:57+00:00,,,2423.0,2.12,230.60000000000002,147,78,239,27,4.5647807121276855,2.523388147354126,0.08
2026-07-10T21:53:58+00:00,,,2425.0,2.12,231.0,147,78,244,27,5.516870021820068,2.6281063556671143,0.1
2026-07-10T21:53:59+00:00,37.45687832124531,126.9383716955781,2425.0,1.84,231.39999999999998,147,78,252,27,7.4489850997924805,2.4839065074920654,0.12
2026-07-10T21:54:00+00:00,,,2425.0,1.84,231.79999999999995,146,79,246,27,8.544861793518066,2.6097826957702637,0.14
2026-07-10T21:54:01+00:00,,,2427.0,1.38,232.20000000000005,146,78,250,27,12.946674346923828,2.375559091567993,0.16
2026-07-10T21:54:02+00:00,,,2427.0,1.38,232.60000000000002,147,75,225,27,13.90473461151123,2.480962038040161,0.18
2026-07-10T21:54:03+00:00,37.45685669593513,126.9383682589978,2427.0,1.04,232.79999999999995,148,65,226,27,19.771512985229492,2.4092888832092285,0.2
2026-07-10T21:54:04+00:00,,,2427.0,1.04,233.20000000000005,148,64,203,27,21.04837989807129,2.539626359939575,0.2
2026-07-10T21:54:05+00:00,,,2430.0,0.84,233.60000000000002,149,60,201,27,27.378137588500977,2.6369786262512207,0.22
2026-07-10T21:54:06+00:00,,,2430.0,0.84,234.0,150,54,176,27,28.940689086914062,2.784083127975464,0.24
2026-07-10T21:54:07+00:00,,,2430.0,0.34,234.20000000000005,150,53,176,27,77.65257263183594,2.000331401824951,0.24
2026-07-10T21:54:08+00:00,37.45683331042528,126.9383716955781,2430.0,0.34,234.60000000000002,149,53,70,27,81.63395690917969,2.000331401824951,0.26
2026-07-10T21:54:09+00:00,,,2430.0,0.46,234.79999999999995,150,53,70,27,62.7962760925293,2.727724313735962,0.28
2026-07-10T21:54:10+00:00,37.4568132776767,126.93837496452034,2432.0,0.46,235.20000000000005,150,53,95,27,63.97892379760742,2.727724313735962,0.28
2026-07-10T21:54:11+00:00,,,2432.0,1.08,235.60000000000002,150,53,95,27,27.40240478515625,3.3618974685668945,0.28
2026-07-10T21:54:12+00:00,,,2435.0,1.08,235.79999999999995,150,53,189,27,27.89927864074707,3.4212028980255127,0.28
2026-07-10T21:54:13+00:00,37.456789975985885,126.93837496452034,2435.0,1.22,236.20000000000005,150,53,186,27,25.109771728515625,3.4972259998321533,0.3
2026-07-10T21:54:14+00:00,,,2435.0,1.22,236.39999999999998,149,53,190,27,25.548717498779297,3.5548439025878906,0.3
2026-07-10T21:54:15+00:00,,,2437.0,0.94,236.79999999999995,149,53,187,27,33.453338623046875,3.5997512340545654,0.3
2026-07-10T21:54:16+00:00,,,2437.0,0.94,237.0,150,55,168,27,34.017234802246094,3.660581350326538,0.3
2026-07-10T21:54:17+00:00,,,2437.0,0.32,237.20000000000005,151,57,165,27,101.58538818359375,1.9397151470184326,0.32
2026-07-10T21:54:18+00:00,37.45677170343697,126.93837672472,2437.0,0.32,237.60000000000002,151,57,68,27,102.23303985595703,1.9397151470184326,0.32
2026-07-10T21:54:19+00:00,,,2437.0,0.38,237.79999999999995,150,57,68,27,88.97957611083984,2.242795705795288,0.32
2026-07-10T21:54:20+00:00,,,2439.0,0.38,238.20000000000005,151,57,78,27,89.5413818359375,2.242795705795288,0.32
2026-07-10T21:54:21+00:00,37.45674672536552,126.9383732881397,2439.0,0.9,238.60000000000002,150,58,78,27,37.04219436645508,3.8155624866485596,0.32
2026-07-10T21:54:22+00:00,,,2439.0,0.9,238.79999999999995,150,58,163,27,37.2724723815918,3.8390045166015625,0.32
2026-07-10T21:54:23+00:00,,,2442.0,0.9,239.0,148,58,165,27,37.50389862060547,3.8625195026397705,0.32
2026-07-10T21:54:24+00:00,37.45672828517854,126.93837672472,2442.0,0.9,239.39999999999998,149,58,162,27,37.73394775390625,3.8858482837677,0.32
2026-07-10T21:54:25+00:00,,,2442.0,0.82,239.60000000000002,150,58,161,27,41.6690559387207,3.8951056003570557,0.34
2026-07-10T21:54:26+00:00,,,2444.0,0.82,239.79999999999995,150,58,155,27,41.15098571777344,3.849599838256836,0.32
2026-07-10T21:54:27+00:00,,,2444.0,0.78,240.20000000000005,150,57,155,27,42.71936798095703,3.7915265560150146,0.32
2026-07-10T21:54:28+00:00,,,2444.0,0.78,240.39999999999998,150,57,152,27,42.175270080566406,3.7469871044158936,0.32
2026-07-10T21:54:29+00:00,,,2444.0,0.7,240.79999999999995,150,57,151,27,47.06193923950195,3.6490232944488525,0.32
2026-07-10T21:54:30+00:00,,,2444.0,0.7,241.0,150,57,141,27,46.44749069213867,3.609708786010742,0.32
2026-07-10T21:54:31+00:00,,,2444.0,0.66,241.39999999999998,150,57,139,27,47.916351318359375,3.541180372238159,0.3
2026-07-10T21:54:32+00:00,37.456704983487725,126.93837001919746,2444.0,0.66,241.60000000000002,150,57,135,27,47.27397155761719,3.503143787384033,0.3
2026-07-10T21:54:33+00:00,,,2444.0,0.62,242.0,151,56,137,27,49.64008331298828,3.417485475540161,0.3
2026-07-10T21:54:34+00:00,,,2447.0,0.62,242.39999999999998,150,56,131,27,49.49592590332031,3.4101743698120117,0.3
2026-07-10T21:54:35+00:00,,,2447.0,0.66,242.60000000000002,150,56,131,27,46.36128616333008,3.447421073913574,0.3
2026-07-10T21:54:36+00:00,,,2447.0,0.66,243.0,150,56,139,27,46.22613525390625,3.4390101432800293,0.3
2026-07-10T21:54:37+00:00,,,2447.0,0.66,243.20000000000005,150,56,139,27,46.09111404418945,3.4305670261383057,0.3
2026-07-10T21:54:38+00:00,,,2447.0,0.66,243.39999999999998,151,56,138,27,45.95582962036133,3.4220683574676514,0.3
2026-07-10T21:54:39+00:00,,,2447.0,0.0,243.79999999999995,151,56,138,27,45.95582962036133,0.0,0.3
2026-07-10T21:54:40+00:00,,,2447.0,0.0,244.20000000000005,151,56,0,27,45.95582962036133,0.0,0.3
2026-07-10T21:54:41+00:00,37.45668327435851,126.9383732881397,2447.0,0.0,244.39999999999998,151,56,0,27,45.95582962036133,0.0,0.3
2026-07-10T21:54:42+00:00,,,2447.0,0.0,244.79999999999995,151,55,0,27,45.95582962036133,0.0,0.3
2026-07-10T21:54:43+00:00,37.456659972667694,126.9383716955781,2449.0,0.0,245.0,151,55,0,27,45.95582962036133,0.0,0.3
2026-07-10T21:54:44+00:00,,,2449.0,0.0,245.20000000000005,151,55,0,27,45.95582962036133,0.0,0.3
2026-07-10T21:54:45+00:00,37.456628289073706,126.93834671750665,2452.0,1.4,245.39999999999998,151,55,0,27,21.454326629638672,3.5093021392822266,0.3
2026-07-10T21:54:46+00:00,37.456611692905426,126.93833003751934,2452.0,1.4,245.60000000000002,151,55,187,27,21.449481964111328,3.5086145401000977,0.3
2026-07-10T21:54:47+00:00,,,2456.0,2.08,245.60000000000002,151,55,181,27,14.503602981567383,3.8510851860046387,0.3
2026-07-10T21:54:48+00:00,37.45658998377621,126.93830170668662,2458.0,2.08,245.79999999999995,149,56,213,27,14.500325202941895,3.850518226623535,0.3
2026-07-10T21:54:49+00:00,,,2458.0,2.12,246.0,150,58,205,27,14.155137062072754,3.8827593326568604,0.3
2026-07-10T21:54:50+00:00,37.4565767403692,126.9382799975574,2462.0,2.12,246.0,150,58,200,27,13.952837944030762,3.847498655319214,0.28
2026-07-10T21:54:51+00:00,,,2462.0,1.9,246.20000000000005,151,59,193,27,15.424337387084961,3.6639695167541504,0.28
2026-07-10T21:54:52+00:00,37.45655997656286,126.93826331757009,2464.0,1.9,246.20000000000005,150,59,171,27,15.197418212890625,3.62712025642395,0.28
2026-07-10T21:54:53+00:00,,,2464.0,1.76,246.39999999999998,150,60,162,27,16.168386459350586,3.5062429904937744,0.28
2026-07-10T21:54:54+00:00,37.45653826743364,126.93825501948595,2467.0,1.76,246.39999999999998,150,60,150,27,15.923559188842773,3.4685354232788086,0.26
2026-07-10T21:54:55+00:00,,,2467.0,1.64,246.60000000000002,150,60,149,27,16.73061752319336,3.3680343627929688,0.26
2026-07-10T21:54:56+00:00,37.456521671265364,126.93822828121483,2469.0,1.64,246.79999999999995,150,60,143,27,16.46910858154297,3.3296306133270264,0.26
2026-07-10T21:54:57+00:00,,,2469.0,1.6,246.79999999999995,150,60,143,27,16.613325119018555,3.269045352935791,0.26
2026-07-10T21:54:58+00:00,37.45650499127805,126.93819668143988,2472.0,1.6,246.79999999999995,150,60,138,27,16.089622497558594,3.194587230682373,0.24
2026-07-10T21:54:59+00:00,,,2472.0,1.6,247.0,150,60,136,27,15.568531036376953,3.1217191219329834,0.24
2026-07-10T21:55:00+00:00,37.456493340432644,126.93817673251033,2476.0,1.6,247.20000000000005,150,60,136,27,15.04482650756836,3.0497348308563232,0.24
2026-07-10T21:55:01+00:00,37.45647833682597,126.93815996870399,2476.0,1.58,247.39999999999998,150,60,140,27,14.800195693969727,2.9599857330322266,0.22
2026-07-10T21:55:02+00:00,,,2478.0,1.58,247.39999999999998,150,60,140,27,14.266484260559082,2.88989520072937,0.22
2026-07-10T21:55:03+00:00,37.456465009599924,126.9381317216903,2480.0,1.6,247.60000000000002,149,61,138,27,13.476852416992188,2.841939926147461,0.2
2026-07-10T21:55:04+00:00,,,2480.0,1.6,247.60000000000002,150,62,139,27,12.954717636108398,2.775390148162842,0.2
2026-07-10T21:55:05+00:00,37.45644330047071,126.93811504170299,2483.0,1.6,247.79999999999995,149,62,137,27,12.510248184204102,2.7028098106384277,0.18
2026-07-10T21:55:06+00:00,37.45642670430243,126.93810330703855,2483.0,1.6,248.0,149,62,138,27,12.066299438476562,2.6486287117004395,0.18
2026-07-10T21:55:07+00:00,37.45641170069575,126.93808503448963,2486.0,1.58,248.20000000000005,148,62,141,27,11.69456672668457,2.5876524448394775,0.18
2026-07-10T21:55:08+00:00,37.45639502070844,126.93806667812169,2488.0,1.58,248.39999999999998,149,62,146,27,11.246912956237793,2.535216808319092,0.16
2026-07-10T21:55:09+00:00,,,2490.0,1.64,248.60000000000002,149,62,146,27,10.467560768127441,2.5238142013549805,0.16
2026-07-10T21:55:10+00:00,37.456368282437325,126.93804170005023,2493.0,1.64,248.79999999999995,149,62,151,27,10.034072875976562,2.4742660522460938,0.16
2026-07-10T21:55:11+00:00,,,2493.0,1.66,248.79999999999995,149,62,153,27,9.427081108093262,2.450906991958618,0.14
2026-07-10T21:55:12+00:00,37.45633668266237,126.93802166730165,2496.0,1.66,249.0,148,62,157,27,9.000574111938477,2.403736114501953,0.14
2026-07-10T21:55:13+00:00,,,2496.0,1.68,249.0,149,64,155,27,8.471997261047363,2.374985456466675,0.14
2026-07-10T21:55:14+00:00,37.45631002821028,126.93800331093371,2500.0,1.68,248.79999999999995,149,64,150,27,8.333107948303223,2.3600900173187256,0.12
2026-07-10T21:55:15+00:00,,,2500.0,1.72,248.79999999999995,149,65,143,27,8.050460815429688,2.3717331886291504,0.12
2026-07-10T21:55:16+00:00,37.45629167184234,126.9379850383848,2504.0,1.72,248.79999999999995,147,65,139,27,7.913872241973877,2.357163906097412,0.12
2026-07-10T21:55:17+00:00,37.45627826079726,126.93796827457845,2504.0,1.68,248.79999999999995,148,65,133,27,7.963987350463867,2.3072333335876465,0.12
2026-07-10T21:55:18+00:00,,,2506.0,1.68,248.79999999999995,147,66,126,27,7.824127197265625,2.292736053466797,0.12
2026-07-10T21:55:19+00:00,37.45625328272581,126.9379483256489,2508.0,1.7,248.79999999999995,146,66,119,27,7.593190670013428,2.296222448348999,0.12
2026-07-10T21:55:20+00:00,,,2508.0,1.7,248.79999999999995,146,66,116,27,7.455676555633545,2.2820985317230225,0.12
2026-07-10T21:55:21+00:00,37.45622503571212,126.93793172948062,2512.0,1.68,248.60000000000002,145,66,114,27,7.360889911651611,2.2589821815490723,0.12
2026-07-10T21:55:22+00:00,,,2512.0,1.68,248.60000000000002,146,63,109,27,7.001749038696289,2.223043441772461,0.1
2026-07-10T21:55:23+00:00,37.45620332658291,126.93790172226727,2515.0,1.7,248.39999999999998,146,61,107,27,6.601513385772705,2.196897029876709,0.1
2026-07-10T21:55:24+00:00,37.45618497021496,126.93788998760283,2515.0,1.7,248.20000000000005,145,60,107,27,6.2448554039001465,2.162618637084961,0.1
2026-07-10T21:55:25+00:00,,,2519.0,1.7,248.20000000000005,144,54,105,27,5.851783275604248,2.1383113861083984,0.08
2026-07-10T21:55:26+00:00,37.45615999214351,126.93787171505392,2521.0,1.7,248.0,144,54,104,27,5.496155738830566,2.105557441711426,0.08
2026-07-10T21:55:27+00:00,,,2521.0,1.74,248.0,143,54,102,27,5.052085876464844,2.1022050380706787,0.08
2026-07-10T21:55:28+00:00,37.456133337691426,126.9378449767828,2524.0,1.74,248.0,143,54,105,27,4.70227575302124,2.0711679458618164,0.08
2026-07-10T21:55:29+00:00,,,2524.0,1.72,248.0,143,54,104,27,4.377771854400635,2.0312578678131104,0.06
2026-07-10T21:55:30+00:00,37.45611003600061,126.93781999871135,2528.0,1.72,248.0,141,56,103,27,3.8784801959991455,1.9895689487457275,0.06
2026-07-10T21:55:31+00:00,,,2528.0,1.74,248.0,141,61,106,27,3.341825008392334,1.9691557884216309,0.04
2026-07-10T21:55:32+00:00,37.45609503239393,126.93780172616243,2531.0,1.74,248.20000000000005,141,61,110,27,2.849257707595825,1.9308180809020996,0.04
2026-07-10T21:55:33+00:00,,,2531.0,1.7,248.39999999999998,141,61,115,27,2.412646532058716,1.8545116186141968,0.04
2026-07-10T21:55:34+00:00,37.45607499964535,126.93778672255576,2534.0,1.7,248.60000000000002,,61,119,27,1.9074809551239014,1.8190879821777344,0.02
2026-07-10T21:55:35+00:00,,,2534.0,1.66,248.79999999999995,139,61,126,27,1.4381712675094604,1.7455706596374512,0.02
2026-07-10T21:55:36+00:00,37.456059996038675,126.93777171894908,2536.0,1.66,249.0,138,61,133,27,0.9208333492279053,1.713301420211792,0.0
2026-07-10T21:55:37+00:00,,,2536.0,1.64,249.39999999999998,138,61,144,27,0.4130248427391052,1.6528313159942627,0.0
2026-07-10T21:55:38+00:00,37.456039963290095,126.93776166066527,2538.0,1.64,249.60000000000002,138,61,151,27,0.4970819354057312,1.6576062440872192,0.0
2026-07-10T21:55:39+00:00,,,2538.0,1.58,249.79999999999995,137,61,160,27,0.5993561744689941,1.612447738647461,0.0
2026-07-10T21:55:40+00:00,,,2541.0,1.58,250.20000000000005,137,62,165,27,0.6860731840133667,1.6173195838928223,0.0
2026-07-10T21:55:41+00:00,37.45602998882532,126.93773668259382,2541.0,1.54,250.39999999999998,137,63,176,27,0.7979554533958435,1.5722891092300415,0.0
2026-07-10T21:55:42+00:00,,,2541.0,1.54,250.60000000000002,137,63,181,27,0.8872380256652832,1.5772490501403809,0.0
2026-07-10T21:55:43+00:00,,,2543.0,1.46,251.0,137,65,186,27,1.0239025354385376,1.512416958808899,0.0
2026-07-10T21:55:44+00:00,37.45601003989577,126.93771673366427,2543.0,1.46,251.39999999999998,137,65,185,27,1.1172783374786377,1.5174838304519653,0.0
2026-07-10T21:55:45+00:00,,,2543.0,1.4,251.60000000000002,136,65,190,27,1.2630281448364258,1.462796926498413,0.0
2026-07-10T21:55:46+00:00,37.45598497800529,126.93770667538047,2546.0,1.4,252.0,136,64,188,27,2.227494478225708,1.5163977146148682,0.02
2026-07-10T21:55:47+00:00,37.45596829801798,126.9376932643354,2546.0,1.4,252.20000000000005,137,64,193,27,3.2110466957092285,1.5648078918457031,0.04
2026-07-10T21:55:48+00:00,37.4559517018497,126.93768002092838,2549.0,1.4,252.39999999999998,136,64,194,27,4.181482315063477,1.6281429529190063,0.04
2026-07-10T21:55:49+00:00,,,2551.0,1.44,252.60000000000002,137,62,191,27,5.007808208465576,1.7343780994415283,0.06
2026-07-10T21:55:50+00:00,37.45592831633985,126.9376549590379,2553.0,1.44,253.0,137,62,188,27,5.949214458465576,1.8063594102859497,0.08
2026-07-10T21:55:51+00:00,,,2553.0,1.46,253.20000000000005,138,61,186,27,6.7490315437316895,1.910353183746338,0.08
2026-07-10T21:55:52+00:00,37.45590828359127,126.93761833012104,2557.0,1.46,253.39999999999998,138,60,187,27,7.673862457275391,1.990921974182129,0.1
2026-07-10T21:55:53+00:00,,,2557.0,1.5,253.60000000000002,138,58,186,27,8.421947479248047,2.101613759994507,0.12
2026-07-10T21:55:54+00:00,,,2561.0,1.5,253.79999999999995,138,57,181,27,9.33050537109375,2.1902425289154053,0.12
2026-07-10T21:55:55+00:00,37.45588665828109,126.937605002895,2561.0,1.48,254.0,139,56,173,27,10.307330131530762,2.2748241424560547,0.14
2026-07-10T21:55:56+00:00,,,2561.0,1.48,254.20000000000005,140,57,166,27,11.220199584960938,2.371859550476074,0.16
2026-07-10T21:55:57+00:00,37.45586830191314,126.93760667927563,2563.0,1.46,254.39999999999998,140,58,162,27,12.302053451538086,2.4583804607391357,0.16
2026-07-10T21:55:58+00:00,,,2563.0,1.46,254.60000000000002,141,59,160,27,13.2264986038208,2.563999652862549,0.18
2026-07-10T21:55:59+00:00,,,2565.0,1.44,254.79999999999995,141,59,161,27,14.35030460357666,2.6606204509735107,0.2
2026-07-10T21:56:00+00:00,37.45584667660296,126.93761833012104,2565.0,1.44,255.0,140,59,161,27,15.287591934204102,2.774651527404785,0.22
2026-07-10T21:56:01+00:00,,,2565.0,1.42,255.20000000000005,140,59,159,27,16.456254959106445,2.881345272064209,0.22
2026-07-10T21:56:02+00:00,,,2568.0,1.42,255.39999999999998,141,59,159,27,16.571012496948242,2.8958988189697266,0.22
2026-07-10T21:56:03+00:00,37.45582329109311,126.93760827183723,2568.0,1.4,255.60000000000002,141,59,159,27,17.0456600189209,2.8941712379455566,0.22
2026-07-10T21:56:04+00:00,,,2568.0,1.4,255.79999999999995,,60,156,27,17.162776947021484,2.9089713096618652,0.22
2026-07-10T21:56:05+00:00,,,2571.0,1.38,256.0,141,60,154,27,17.405345916748047,2.918637275695801,0.24
2026-07-10T21:56:06+00:00,,,2571.0,1.38,256.20000000000005,141,55,155,27,17.523075103759766,2.933563470840454,0.24
2026-07-10T21:56:07+00:00,37.45583167299628,126.93758497014642,2571.0,1.34,256.4,140,48,159,27,18.304235458374023,2.923942804336548,0.24
2026-07-10T21:56:08+00:00,,,2571.0,1.34,256.6,140,43,155,27,18.4266357421875,2.9392783641815186,0.24
2026-07-10T21:56:09+00:00,37.45583502575755,126.93755831569433,2573.0,1.3,256.6,140,43,150,27,18.977092742919922,2.940993309020996,0.24
2026-07-10T21:56:10+00:00,,,2573.0,1.3,256.79999999999995,139,52,144,27,18.61264991760254,2.89585280418396,0.24
2026-07-10T21:56:11+00:00,37.455820022150874,126.93754498846829,2575.0,1.3,257.0,139,63,141,27,18.246381759643555,2.8509209156036377,0.22
2026-07-10T21:56:12+00:00,,,2575.0,1.3,257.4,139,66,142,27,17.881208419799805,2.806565761566162,0.22
2026-07-10T21:56:13+00:00,37.455808287486434,126.93752671591938,2577.0,1.3,257.6,138,66,148,27,17.650712966918945,2.7574243545532227,0.22
2026-07-10T21:56:14+00:00,,,2577.0,1.3,257.79999999999995,139,66,150,27,17.283447265625,2.7138943672180176,0.22
2026-07-10T21:56:15+00:00,,,2579.0,1.28,258.20000000000005,140,66,153,27,17.046110153198242,2.6651883125305176,0.2
2026-07-10T21:56:16+00:00,,,2579.0,1.28,258.6,139,66,156,27,16.67597198486328,2.622426748275757,0.2
2026-07-10T21:56:17+00:00,37.45579672046006,126.93750500679016,2579.0,1.26,258.79999999999995,139,66,160,27,16.694896697998047,2.5630874633789062,0.2
2026-07-10T21:56:18+00:00,,,2579.0,1.26,259.0,139,66,164,27,16.752033233642578,2.569506883621216,0.2
2026-07-10T21:56:19+00:00,,,2582.0,1.24,259.20000000000005,140,66,170,27,17.08272361755371,2.565169095993042,0.2
2026-07-10T21:56:20+00:00,37.45577501133084,126.93748170509934,2582.0,1.24,259.6,141,66,173,27,17.140674591064453,2.571650743484497,0.2
2026-07-10T21:56:21+00:00,,,2582.0,1.22,259.79999999999995,142,66,174,27,17.33983039855957,2.572920799255371,0.2
2026-07-10T21:56:22+00:00,37.4557632766664,126.93745496682823,2585.0,1.22,260.0,142,62,173,27,17.398550033569336,2.579484462738037,0.2
2026-07-10T21:56:23+00:00,,,2585.0,1.22,260.20000000000005,143,59,172,27,17.457035064697266,2.5860326290130615,0.2
2026-07-10T21:56:24+00:00,,,2588.0,1.22,260.4,142,57,172,27,17.51569366455078,2.59261155128479,0.2
2026-07-10T21:56:25+00:00,,,2588.0,1.2,260.6,142,54,164,27,17.867141723632812,2.5891072750091553,0.2
2026-07-10T21:56:26+00:00,37.4557616841048,126.93742495961487,2588.0,1.2,260.6,142,54,155,27,17.940587997436523,2.5973057746887207,0.2
2026-07-10T21:56:27+00:00,,,2588.0,1.2,260.79999999999995,142,54,150,27,18.165559768676758,2.600667953491211,0.2
2026-07-10T21:56:28+00:00,37.4557632766664,126.93739671260118,2590.0,1.2,261.0,142,54,145,27,18.239768981933594,2.608950614929199,0.2
2026-07-10T21:56:29+00:00,,,2590.0,1.18,261.20000000000005,144,54,140,27,18.469036102294922,2.612504005432129,0.2
2026-07-10T21:56:30+00:00,,,2593.0,1.18,261.4,145,54,137,27,18.543874740600586,2.620854616165161,0.2
2026-07-10T21:56:31+00:00,37.4557616841048,126.93736670538783,2593.0,1.18,261.6,145,54,134,27,18.618566513061523,2.6292052268981934,0.2
2026-07-10T21:56:32+00:00,,,2593.0,1.18,261.79999999999995,,65,134,27,18.693330764770508,2.637580633163452,0.22
2026-07-10T21:56:33+00:00,37.45573829859495,126.93734667263925,2595.0,1.16,262.0,145,67,131,27,18.92850685119629,2.641455888748169,0.22
2026-07-10T21:56:34+00:00,,,2595.0,1.16,262.20000000000005,146,68,131,27,18.921184539794922,2.640636682510376,0.22
2026-07-10T21:56:35+00:00,,,2599.0,1.2,262.4,146,68,133,27,18.59596061706543,2.6489365100860596,0.22
2026-07-10T21:56:36+00:00,,,2599.0,1.2,262.6,146,68,140,27,18.588756561279297,2.6481239795684814,0.22
2026-07-10T21:56:37+00:00,37.455726731568575,126.93731331266463,2599.0,1.18,262.79999999999995,146,68,144,27,18.739013671875,2.6427061557769775,0.22
2026-07-10T21:56:38+00:00,,,2599.0,1.18,263.0,146,65,144,27,18.731740951538086,2.6418895721435547,0.22
2026-07-10T21:56:39+00:00,37.45570996776223,126.93728330545127,2602.0,1.16,263.20000000000005,146,65,143,27,18.884490966796875,2.6365349292755127,0.22
2026-07-10T21:56:40+00:00,,,2602.0,1.16,263.6,145,61,143,27,18.877168655395508,2.635716676712036,0.22
2026-07-10T21:56:41+00:00,37.45570502243936,126.93725497461855,2605.0,1.2,263.6,146,61,147,27,18.55267906188965,2.644057273864746,0.22
2026-07-10T21:56:42+00:00,,,2605.0,1.2,263.79999999999995,145,58,148,27,18.404834747314453,2.6274333000183105,0.2
2026-07-10T21:56:43+00:00,37.455714996904135,126.93722832016647,2608.0,1.2,264.0,146,52,144,27,18.104408264160156,2.6156527996063232,0.2
2026-07-10T21:56:44+00:00,,,2608.0,1.2,264.0,145,52,143,27,17.957796096801758,2.599229097366333,0.2
2026-07-10T21:56:45+00:00,,,2610.0,1.2,264.20000000000005,146,53,139,27,17.81045150756836,2.5827906131744385,0.2
2026-07-10T21:56:46+00:00,37.45570502243936,126.93720669485629,2610.0,1.2,264.4,147,53,136,27,17.663837432861328,2.5665011405944824,0.2
2026-07-10T21:56:47+00:00,,,2610.0,1.16,264.4,148,53,133,27,17.96608543395996,2.535151958465576,0.2
2026-07-10T21:56:48+00:00,37.455690018832684,126.93718171678483,2612.0,1.16,264.4,148,53,126,27,17.815261840820312,2.5187430381774902,0.2
2026-07-10T21:56:49+00:00,,,2612.0,1.16,264.6,147,54,119,27,17.816720962524414,2.4973721504211426,0.2
2026-07-10T21:56:50+00:00,37.45567333884537,126.93714827299118,2615.0,1.16,264.79999999999995,147,54,110,27,17.37459945678711,2.450077772140503,0.2
2026-07-10T21:56:51+00:00,,,2615.0,1.22,265.0,147,54,110,27,16.233638763427734,2.4312996864318848,0.18
2026-07-10T21:56:52+00:00,,,2619.0,1.22,265.20000000000005,147,54,119,27,15.809788703918457,2.3861982822418213,0.18
2026-07-10T21:56:53+00:00,,,2619.0,1.24,265.4,146,54,121,27,15.136594772338867,2.3541100025177,0.18
2026-07-10T21:56:54+00:00,37.45565498247743,126.9371367059648,2619.0,1.24,265.6,146,54,122,27,14.720053672790527,2.3106579780578613,0.18
2026-07-10T21:56:55+00:00,,,2619.0,0.4,265.79999999999995,146,54,124,27,43.98330307006836,1.9963470697402954,0.16
2026-07-10T21:56:56+00:00,,,2621.0,0.4,265.79999999999995,146,54,77,27,42.70115280151367,1.9436123371124268,0.16
2026-07-10T21:56:57+00:00,,,2621.0,1.16,266.0,146,54,79,27,14.28330135345459,2.1368257999420166,0.16
2026-07-10T21:56:58+00:00,,,2621.0,1.16,266.20000000000005,146,54,126,27,14.270188331604004,2.1355650424957275,0.16
2026-07-10T21:56:59+00:00,,,2621.0,0.7,266.4,145,52,132,27,23.62601089477539,1.912125587463379,0.16
2026-07-10T21:57:00+00:00,37.45563503354788,126.9371417351067,2621.0,0.7,266.6,145,52,108,27,23.60430335998535,1.9105204343795776,0.16
2026-07-10T21:57:01+00:00,,,2621.0,0.58,267.0,144,51,108,27,28.461673736572266,1.8910540342330933,0.16
2026-07-10T21:57:02+00:00,37.455618269741535,126.9371316768229,2623.0,0.58,267.4,144,47,107,28,28.435443878173828,1.889344334602356,0.16
2026-07-10T21:57:03+00:00,,,2623.0,0.8,267.79999999999995,144,46,116,27,20.596683502197266,1.9363772869110107,0.16
2026-07-10T21:57:04+00:00,,,2625.0,0.8,268.0,144,45,137,27,20.577651977539062,1.9348622560501099,0.16
2026-07-10T21:57:05+00:00,,,2625.0,0.46,268.20000000000005,145,56,142,28,35.75421905517578,1.8828166723251343,0.16
2026-07-10T21:57:06+00:00,,,2625.0,0.46,268.4,144,56,97,28,36.485286712646484,1.9211170673370361,0.16
2026-07-10T21:57:07+00:00,,,2625.0,0.0,268.4,144,56,97,28,36.485286712646484,0.0,0.16
2026-07-10T21:57:08+00:00,,,2625.0,0.0,268.6,144,44,0,28,36.485286712646484,0.0,0.16
2026-07-10T21:57:09+00:00,,,2625.0,0.0,268.6,143,44,0,28,36.485286712646484,0.0,0.16
2026-07-10T21:57:10+00:00,,,2625.0,0.0,268.6,142,44,0,28,36.485286712646484,0.0,0.18
2026-07-10T21:57:11+00:00,,,2625.0,0.38,268.79999999999995,143,43,0,28,49.91548538208008,2.0477089881896973,0.18
2026-07-10T21:57:12+00:00,,,2625.0,0.38,268.79999999999995,142,43,73,28,50.82529067993164,2.0740392208099365,0.18
2026-07-10T21:57:13+00:00,,,2625.0,0.0,268.79999999999995,142,43,64,28,50.82529067993164,0.0,0.18
2026-07-10T21:57:14+00:00,,,2625.0,0.0,268.79999999999995,143,41,0,28,50.82529067993164,0.0,0.18
2026-07-10T21:57:15+00:00,,,2625.0,0.0,268.79999999999995,143,41,0,28,50.82529067993164,0.0,0.18
2026-07-10T21:57:16+00:00,,,2625.0,0.0,268.79999999999995,143,41,0,28,50.82529067993164,0.0,0.18
2026-07-10T21:57:17+00:00,,,2625.0,0.0,268.79999999999995,144,41,0,28,50.82529067993164,0.0,0.18
2026-07-10T21:57:18+00:00,,,2625.0,0.0,268.79999999999995,145,41,0,28,50.82529067993164,0.0,0.18
2026-07-10T21:57:19+00:00,,,2625.0,0.0,268.79999999999995,144,41,0,28,50.82529067993164,0.0,0.18
2026-07-10T21:57:20+00:00,,,2625.0,0.0,268.79999999999995,143,41,0,28,50.82529067993164,0.0,0.16
2026-07-10T21:57:21+00:00,,,2625.0,0.0,268.79999999999995,144,67,0,28,50.82529067993164,0.0,0.16
2026-07-10T21:57:22+00:00,,,2625.0,0.0,268.79999999999995,144,73,0,28,50.82529067993164,0.0,0.16
2026-07-10T21:57:23+00:00,,,2625.0,0.0,268.79999999999995,143,73,0,28,50.82529067993164,0.0,0.16
2026-07-10T21:57:24+00:00,,,2625.0,0.0,268.79999999999995,142,73,0,28,50.82529067993164,0.0,0.14
2026-07-10T21:57:25+00:00,,,2625.0,0.0,268.79999999999995,141,73,0,28,50.82529067993164,0.0,0.14
2026-07-10T21:57:26+00:00,,,2625.0,0.0,268.79999999999995,140,73,0,28,50.82529067993164,0.0,0.12
2026-07-10T21:57:27+00:00,,,2625.0,0.0,268.79999999999995,140,73,0,28,50.82529067993164,0.0,0.12
2026-07-10T21:57:28+00:00,,,2625.0,0.0,268.79999999999995,139,73,0,28,50.82529067993164,0.0,0.12
2026-07-10T21:57:29+00:00,,,2625.0,0.0,269.0,138,73,0,28,50.82529067993164,0.0,0.1
2026-07-10T21:57:30+00:00,,,2625.0,0.0,269.0,137,0,0,28,50.82529067993164,0.0,0.1
2026-07-10T21:57:31+00:00,,,2625.0,0.0,269.20000000000005,136,0,0,28,50.82529067993164,0.0,0.08
2026-07-10T21:57:32+00:00,,,2625.0,0.0,269.20000000000005,135,73,0,28,50.82529067993164,0.0,0.08
2026-07-10T21:57:33+00:00,,,2625.0,0.0,269.20000000000005,135,73,0,28,50.82529067993164,0.0,0.06
2026-07-10T21:57:34+00:00,,,2625.0,0.0,269.20000000000005,134,73,0,28,50.82529067993164,0.0,0.06
2026-07-10T21:57:35+00:00,,,2625.0,0.0,269.20000000000005,134,73,0,28,50.82529067993164,0.0,0.04
2026-07-10T21:57:36+00:00,,,2625.0,0.0,269.0,133,73,0,28,50.82529067993164,0.0,0.02
2026-07-10T21:57:37+00:00,,,2625.0,0.0,269.0,133,0,0,28,50.82529067993164,0.0,0.02
2026-07-10T21:57:38+00:00,,,2625.0,0.0,268.79999999999995,133,0,0,28,50.82529067993164,0.0,0.02
2026-07-10T21:57:39+00:00,,,2625.0,0.0,269.0,133,0,0,28,50.82529067993164,0.0,0.02
2026-07-10T21:57:40+00:00,,,2625.0,0.0,268.79999999999995,132,0,0,28,50.82529067993164,0.0,0.0
2026-07-10T21:57:41+00:00,,,2625.0,0.0,268.79999999999995,132,0,0,28,50.82529067993164,0.0,0.0
2026-07-10T21:57:42+00:00,,,2625.0,0.0,269.0,131,0,0,28,50.82529067993164,0.0,0.0
2026-07-10T21:57:43+00:00,,,2625.0,0.0,269.0,131,0,0,28,50.82529067993164,0.0,0.0
2026-07-10T21:57:44+00:00,,,2625.0,0.0,269.0,131,0,0,28,50.82529067993164,0.0,0.0
2026-07-10T21:57:45+00:00,,,2625.0,0.0,269.0,130,0,0,28,50.82529067993164,0.0,0.0
2026-07-10T21:57:46+00:00,,,2625.0,0.0,269.0,130,0,0,28,50.82529067993164,0.0,0.0
2026-07-10T21:57:47+00:00,,,2625.0,0.0,269.0,129,0,0,28,50.82529067993164,0.0,0.0
2026-07-10T21:57:48+00:00,,,2625.0,0.0,269.0,128,0,0,28,50.82529067993164,0.0,0.0
2026-07-10T21:57:49+00:00,,,2625.0,0.0,269.0,127,0,0,28,50.82529067993164,0.0,0.0
2026-07-10T21:57:50+00:00,,,2625.0,0.0,269.0,127,0,0,28,50.82529067993164,0.0,0.0
2026-07-10T21:57:51+00:00,,,2625.0,0.0,269.0,126,0,0,28,50.82529067993164,0.0,0.0
2026-07-10T21:57:52+00:00,,,2625.0,0.0,269.0,126,67,0,28,50.82529067993164,0.0,0.0
2026-07-10T21:57:53+00:00,,,2625.0,0.0,268.79999999999995,126,0,0,28,50.82529067993164,0.0,0.0
2026-07-10T21:57:54+00:00,,,2625.0,0.0,268.79999999999995,125,0,0,28,50.82529067993164,0.0,0.0
2026-07-10T21:57:55+00:00,,,2625.0,0.0,268.79999999999995,125,0,0,28,50.82529067993164,0.0,0.0
2026-07-10T21:57:56+00:00,,,2625.0,0.0,268.79999999999995,124,0,0,28,50.82529067993164,0.0,0.0
2026-07-10T21:57:57+00:00,,,2625.0,0.0,268.79999999999995,123,0,0,28,50.82529067993164,0.0,0.0
2026-07-10T21:57:58+00:00,,,2625.0,0.0,269.0,123,49,0,28,50.82529067993164,0.0,0.0
2026-07-10T21:57:59+00:00,,,2625.0,0.0,269.0,124,49,0,28,50.82529067993164,0.0,0.0
2026-07-10T21:58:00+00:00,,,2625.0,0.0,269.0,124,48,0,28,50.82529067993164,0.0,0.0
2026-07-10T21:58:01+00:00,,,2625.0,0.0,269.0,123,43,0,28,50.82529067993164,0.0,0.0
2026-07-10T21:58:02+00:00,37.455593291670084,126.93711499683559,2625.0,0.0,268.79999999999995,123,51,0,28,50.82529067993164,0.0,0.0
2026-07-10T21:58:03+00:00,,,2625.0,0.74,268.79999999999995,123,58,0,28,-0.32643306255340576,0.7222511172294617,0.0
2026-07-10T21:58:04+00:00,37.455556662753224,126.93709672428668,2628.0,0.74,268.79999999999995,123,60,48,28,-0.28931593894958496,0.7231174111366272,0.0
2026-07-10T21:58:05+00:00,37.45553503744304,126.9370766915381,2628.0,1.34,268.4,124,60,46,28,-0.13848593831062317,1.3239452838897705,0.0
2026-07-10T21:58:06+00:00,37.45551500469446,126.93705330602825,2633.0,1.34,268.20000000000005,125,61,84,28,-0.11811336129903793,1.3248299360275269,0.0
2026-07-10T21:58:07+00:00,37.45549673214555,126.93703503347933,2636.0,2.18,268.0,126,78,79,28,-0.0598931685090065,2.165708303451538,0.0
2026-07-10T21:58:08+00:00,37.455475023016334,126.93702497519553,2639.0,2.18,267.79999999999995,127,82,131,28,-0.047444168478250504,2.166598081588745,0.0
2026-07-10T21:58:09+00:00,37.45545331388712,126.93701667711139,2641.0,2.5,267.79999999999995,128,82,128,28,-0.03048693761229515,2.4874889850616455,0.0
2026-07-10T21:58:10+00:00,37.45543328113854,126.93700997158885,2644.0,2.5,268.0,131,82,150,28,-0.28733429312705994,2.466681718826294,0.0
2026-07-10T21:58:11+00:00,37.45541173964739,126.93700326606631,2646.0,2.52,268.20000000000005,131,82,153,28,-0.5398455262184143,2.4664838314056396,0.0
2026-07-10T21:58:12+00:00,37.455390030518174,126.93699169903994,2649.0,2.52,268.4,131,82,158,28,-0.7943915128707886,2.4469239711761475,0.0
2026-07-10T21:58:13+00:00,37.45537167415023,126.93698331713676,2651.0,2.46,268.6,132,82,163,28,-1.0710372924804688,2.3780293464660645,-0.02
2026-07-10T21:58:14+00:00,37.45535172522068,126.93696998991072,2654.0,2.46,268.6,133,83,165,28,-1.330496907234192,2.3597769737243652,-0.02
2026-07-10T21:58:15+00:00,,,2656.0,2.42,268.79999999999995,133,83,172,28,-1.6170297861099243,2.3022937774658203,-0.02
2026-07-10T21:58:16+00:00,37.4553266633302,126.93696496076882,2659.0,2.42,268.79999999999995,133,83,179,28,-1.8813066482543945,2.285332202911377,-0.04
2026-07-10T21:58:17+00:00,,,2659.0,2.3,268.79999999999995,133,83,189,28,-2.267385244369507,2.1402060985565186,-0.04
2026-07-10T21:58:18+00:00,,,2661.0,2.3,269.0,134,83,186,28,-1.9919323921203613,2.15602707862854,-0.04
2026-07-10T21:58:19+00:00,37.45530327782035,126.93695004098117,2661.0,1.88,269.20000000000005,135,83,190,28,-2.102673292160034,1.7553400993347168,-0.02
2026-07-10T21:58:20+00:00,,,2661.0,1.88,269.4,135,79,163,28,-1.7653545141220093,1.7716281414031982,-0.02
2026-07-10T21:58:21+00:00,37.455293303355575,126.9369300082326,2664.0,1.72,269.79999999999995,135,76,165,28,-1.5612843036651611,1.629413366317749,-0.02
2026-07-10T21:58:22+00:00,,,2664.0,1.72,270.0,135,73,157,28,-1.1935088634490967,1.646977186203003,-0.02
2026-07-10T21:58:23+00:00,,,2666.0,1.6,270.20000000000005,135,65,159,28,-0.886467695236206,1.5456573963165283,0.0
2026-07-10T21:58:24+00:00,37.45526673272252,126.93691173568368,2666.0,1.6,270.6,134,64,158,28,-0.49093571305274963,1.564859390258789,0.0
2026-07-10T21:58:25+00:00,37.455260027199984,126.93689002655447,2666.0,1.48,270.79999999999995,134,60,165,28,-0.10206892341375351,1.4750237464904785,0.0
2026-07-10T21:58:26+00:00,37.455253321677446,126.93686169572175,2670.0,1.48,271.0,133,60,168,28,0.5808234214782715,1.5094242095947266,0.0
2026-07-10T21:58:27+00:00,37.45523831807077,126.93683328107,2672.0,1.54,271.0,133,62,175,28,1.2210979461669922,1.5962023735046387,0.0
2026-07-10T21:58:28+00:00,37.45522499084473,126.93681668490171,2674.0,1.54,271.0,135,62,173,28,1.8803536891937256,1.6355082988739014,0.02
2026-07-10T21:58:29+00:00,37.45520671829581,126.93680168129504,2677.0,1.78,271.0,135,69,163,28,2.184624433517456,1.924830675125122,0.02
2026-07-10T21:58:30+00:00,37.45518668554723,126.93679003044963,2679.0,1.78,271.0,137,82,167,28,2.750720739364624,1.9675514698028564,0.04
2026-07-10T21:58:31+00:00,,,2682.0,1.9,270.79999999999995,137,84,157,28,3.125377893447876,2.1204020977020264,0.04
2026-07-10T21:58:32+00:00,37.45515667833388,126.93678827024996,2684.0,1.9,270.79999999999995,139,84,153,28,3.659595012664795,2.1666767597198486,0.06
2026-07-10T21:58:33+00:00,37.45513832196593,126.93678173236549,2684.0,1.94,270.79999999999995,140,84,143,28,4.106894016265869,2.253662109375,0.06
2026-07-10T21:58:34+00:00,37.45511166751385,126.93676832132041,2688.0,1.94,271.0,140,83,139,28,4.419827461242676,2.283281087875366,0.08
2026-07-10T21:58:35+00:00,37.4550917185843,126.93676496855915,2690.0,1.92,271.20000000000005,140,83,137,28,4.757724761962891,2.30403995513916,0.08
2026-07-10T21:58:36+00:00,,,2693.0,1.92,271.6,141,83,136,28,5.071659564971924,2.335035562515259,0.08
2026-07-10T21:58:37+00:00,37.45505500584841,126.93677167408168,2693.0,2.06,271.79999999999995,141,83,142,28,5.019289970397949,2.499699592590332,0.1
2026-07-10T21:58:38+00:00,,,2693.0,2.06,272.0,142,83,161,28,5.312475204467773,2.5313093662261963,0.1
2026-07-10T21:58:39+00:00,37.45503170415759,126.93678332492709,2699.0,2.06,272.20000000000005,142,83,170,28,5.605660438537598,2.563561201095581,0.1
2026-07-10T21:58:40+00:00,37.45501326397061,126.93679170683026,2699.0,2.06,272.20000000000005,141,85,174,28,5.89825963973999,2.596386671066284,0.12
2026-07-10T21:58:41+00:00,37.4549899622798,126.9367949757725,2702.0,1.98,272.4,142,85,180,28,6.440994739532471,2.5556931495666504,0.12
2026-07-10T21:58:42+00:00,37.45497168973088,126.93680168129504,2704.0,1.98,272.4,143,87,182,28,6.561633110046387,2.5693438053131104,0.12
2026-07-10T21:58:43+00:00,37.45494998060167,126.93681500852108,2707.0,2.04,272.4,142,89,182,28,6.5174479484558105,2.6290879249572754,0.12
2026-07-10T21:58:44+00:00,37.45493330061436,126.93683328107,2709.0,2.04,272.6,144,90,181,28,6.634997367858887,2.642789125442505,0.12
2026-07-10T21:58:45+00:00,37.45491502806544,126.9368433393538,2712.0,2.08,272.4,145,90,175,28,6.590226650238037,2.7025234699249268,0.12
2026-07-10T21:58:46+00:00,37.4548966716975,126.93684501573443,2714.0,2.08,272.4,145,90,167,28,6.704834938049316,2.716271162033081,0.12
2026-07-10T21:58:47+00:00,37.45487672276795,126.93684669211507,2716.0,2.12,272.4,,88,156,28,6.691000461578369,2.766810417175293,0.14
2026-07-10T21:58:48+00:00,37.45485669001937,126.93684828467667,2718.0,2.12,272.4,146,85,152,28,6.80355978012085,2.7806568145751953,0.14
2026-07-10T21:58:49+00:00,37.454834980890155,126.93685172125697,2721.0,2.14,272.4,147,83,151,28,6.883647918701172,2.8037304878234863,0.14
2026-07-10T21:58:50+00:00,37.45481327176094,126.93685331381857,2723.0,2.14,272.4,148,83,148,28,6.405632495880127,2.745022773742676,0.12
2026-07-10T21:58:51+00:00,37.45479332283139,126.93685499019921,2725.0,2.16,272.6,148,83,147,28,5.871054649353027,2.7066078186035156,0.12
2026-07-10T21:58:52+00:00,37.45477329008281,126.93684501573443,2728.0,2.16,272.6,149,84,150,28,5.397485733032227,2.6515920162200928,0.1
2026-07-10T21:58:53+00:00,37.45475669391453,126.93683328107,2730.0,2.18,272.6,150,84,149,28,4.878066062927246,2.6173818111419678,0.1
2026-07-10T21:58:54+00:00,37.45473833754659,126.93682665936649,2732.0,2.18,272.79999999999995,150,85,151,28,4.407922744750977,2.5659313201904297,0.08
2026-07-10T21:58:55+00:00,,,2734.0,2.18,273.0,150,85,154,28,3.9206511974334717,2.5260486602783203,0.08
2026-07-10T21:58:56+00:00,37.45471000671387,126.93680671043694,2737.0,2.18,273.20000000000005,150,85,163,28,3.453132152557373,2.478228807449341,0.06
2026-07-10T21:58:57+00:00,,,2737.0,2.18,273.4,151,85,169,28,2.9993715286254883,2.4223384857177734,0.06
2026-07-10T21:58:58+00:00,37.45468829758465,126.93679329939187,2740.0,2.18,273.79999999999995,151,84,176,28,3.241511344909668,2.4458909034729004,0.06
2026-07-10T21:58:59+00:00,,,2740.0,2.1,274.0,153,82,186,28,3.59877347946167,2.4014527797698975,0.06
2026-07-10T21:59:00+00:00,,,2743.0,2.1,274.20000000000005,152,81,188,28,3.8487346172332764,2.4261531829833984,0.08
2026-07-10T21:59:01+00:00,37.454664995893836,126.93679170683026,2743.0,1.86,274.4,153,81,193,28,4.62699556350708,2.2197322845458984,0.08
2026-07-10T21:59:02+00:00,,,2743.0,1.86,274.6,152,77,185,28,4.9089274406433105,2.24641752243042,0.08
2026-07-10T21:59:03+00:00,,,2745.0,1.48,274.79999999999995,152,67,191,28,6.569096565246582,1.9081727266311646,0.08
2026-07-10T21:59:04+00:00,37.454644963145256,126.93679329939187,2745.0,1.48,275.0,151,59,172,28,6.924757480621338,1.9385091066360474,0.1
2026-07-10T21:59:05+00:00,,,2745.0,1.2,275.0,151,57,169,28,8.99477767944336,1.7227059602737427,0.1
2026-07-10T21:59:06+00:00,,,2748.0,1.2,275.20000000000005,150,51,150,28,9.060906410217285,1.7278988361358643,0.1
2026-07-10T21:59:07+00:00,,,2748.0,0.92,275.4,150,51,144,28,11.935007095336914,1.5068206787109375,0.1
2026-07-10T21:59:08+00:00,,,2748.0,0.92,275.4,150,51,122,28,12.021223068237305,1.5127652883529663,0.1
2026-07-10T21:59:09+00:00,37.45465502142906,126.93682003766298,2748.0,0.76,275.6,150,48,113,28,14.497272491455078,1.4135230779647827,0.1
2026-07-10T21:59:10+00:00,,,2748.0,0.76,275.6,150,47,98,28,14.600607872009277,1.4200960397720337,0.1
2026-07-10T21:59:11+00:00,,,2750.0,0.78,275.79999999999995,149,47,94,28,14.513187408447266,1.4331461191177368,0.1
2026-07-10T21:59:12+00:00,,,2750.0,0.78,276.0,150,47,92,28,14.61497688293457,1.4397094249725342,0.1
2026-07-10T21:59:13+00:00,,,2750.0,0.82,276.0,149,47,90,28,13.990206718444824,1.4725159406661987,0.1
2026-07-10T21:59:14+00:00,,,2750.0,0.82,276.20000000000005,147,47,90,28,14.590792655944824,1.5128569602966309,0.1
2026-07-10T21:59:15+00:00,37.45465502142906,126.93684828467667,2750.0,0.7,276.20000000000005,147,47,90,28,17.83477020263672,1.4866619110107422,0.12
2026-07-10T21:59:16+00:00,,,2750.0,0.7,276.4,147,47,84,28,18.540512084960938,1.5323141813278198,0.12
2026-07-10T21:59:17+00:00,,,2753.0,0.56,276.6,147,46,84,28,23.715003967285156,1.5349700450897217,0.12
2026-07-10T21:59:18+00:00,,,2753.0,0.56,277.0,146,46,84,28,24.583709716796875,1.586814284324646,0.12
2026-07-10T21:59:19+00:00,,,2753.0,0.54,277.4,147,46,93,28,26.395998001098633,1.6365231275558472,0.14
2026-07-10T21:59:20+00:00,,,2753.0,0.54,277.6,147,48,99,28,27.297779083251953,1.690375566482544,0.14
2026-07-10T21:59:21+00:00,,,2753.0,0.46,277.79999999999995,147,51,104,28,33.839473724365234,1.7432277202606201,0.14
2026-07-10T21:59:22+00:00,37.45463331229985,126.93686001934111,2753.0,0.46,278.0,146,52,95,28,34.727874755859375,1.7890703678131104,0.14
2026-07-10T21:59:23+00:00,,,2753.0,0.5,278.4,146,53,95,28,32.05544662475586,1.834565281867981,0.16
2026-07-10T21:59:24+00:00,37.45459668338299,126.93686169572175,2755.0,0.5,278.6,146,55,106,28,32.85580825805664,1.880468726158142,0.16
2026-07-10T21:59:25+00:00,37.45457832701504,126.93686001934111,2755.0,1.76,279.0,144,55,106,28,9.615362167358398,2.6060845851898193,0.16
2026-07-10T21:59:26+00:00,,,2759.0,1.76,279.20000000000005,143,55,205,28,9.844037055969238,2.6334471702575684,0.16
2026-07-10T21:59:27+00:00,37.45455829426646,126.93685172125697,2761.0,2.0,279.4,143,55,206,28,8.857912063598633,2.8629486560821533,0.16
2026-07-10T21:59:28+00:00,,,2761.0,2.0,279.6,143,55,216,28,9.058404922485352,2.8891823291778564,0.18
2026-07-10T21:59:29+00:00,,,2764.0,1.66,280.0,144,55,212,28,11.100003242492676,2.645738363265991,0.18
2026-07-10T21:59:30+00:00,,,2764.0,1.66,280.0,143,55,192,28,11.220907211303711,2.660414934158325,0.18
2026-07-10T21:59:31+00:00,,,2764.0,1.4,280.20000000000005,143,55,186,28,13.545620918273926,2.4766366481781006,0.18
2026-07-10T21:59:32+00:00,,,2764.0,1.4,280.20000000000005,144,54,166,28,13.690443992614746,2.4929215908050537,0.18
2026-07-10T21:59:33+00:00,,,2764.0,0.34,280.4,144,52,161,28,58.275821685791016,1.986079216003418,0.18
2026-07-10T21:59:34+00:00,,,2764.0,0.34,280.6,144,51,70,28,58.885841369628906,1.9919729232788086,0.18
2026-07-10T21:59:35+00:00,,,2764.0,0.0,280.6,144,51,70,28,58.885841369628906,0.0,0.18
2026-07-10T21:59:36+00:00,,,2764.0,0.0,280.79999999999995,143,51,0,28,58.885841369628906,0.0,0.18
2026-07-10T21:59:37+00:00,,,2764.0,0.0,281.20000000000005,144,53,0,28,58.885841369628906,0.0,0.2
2026-07-10T21:59:38+00:00,,,2764.0,0.0,281.6,144,58,0,28,58.885841369628906,0.0,0.2
2026-07-10T21:59:39+00:00,,,2764.0,0.0,282.0,144,58,0,28,58.885841369628906,0.0,0.2
2026-07-10T21:59:40+00:00,,,2764.0,0.0,282.20000000000005,144,58,0,28,58.885841369628906,0.0,0.2
2026-07-10T21:59:41+00:00,,,2764.0,0.0,282.6,144,58,0,28,58.885841369628906,0.0,0.2
2026-07-10T21:59:42+00:00,,,2764.0,0.0,282.79999999999995,144,58,0,28,58.885841369628906,0.0,0.2
2026-07-10T21:59:43+00:00,,,2764.0,0.0,283.0,143,58,0,28,58.885841369628906,0.0,0.2
2026-07-10T21:59:44+00:00,,,2764.0,0.0,283.20000000000005,144,58,0,28,58.885841369628906,0.0,0.2
2026-07-10T21:59:45+00:00,,,2764.0,0.0,283.4,144,58,0,28,58.885841369628906,0.0,0.2
2026-07-10T21:59:46+00:00,,,2764.0,0.0,283.6,144,59,0,28,58.885841369628906,0.0,0.2
2026-07-10T21:59:47+00:00,,,2764.0,0.0,283.6,144,59,0,28,58.885841369628906,0.0,0.2
2026-07-10T21:59:48+00:00,,,2764.0,0.0,283.79999999999995,143,58,0,28,58.885841369628906,0.0,0.22
2026-07-10T21:59:49+00:00,37.45454002171755,126.93686496466398,2764.0,0.0,283.79999999999995,142,57,0,28,58.885841369628906,0.0,0.22
2026-07-10T21:59:50+00:00,,,2764.0,0.0,284.0,142,56,0,28,58.885841369628906,0.0,0.22
2026-07-10T21:59:51+00:00,37.45451998896897,126.9368983246386,2766.0,1.02,284.20000000000005,143,56,0,28,22.41596794128418,2.6572184562683105,0.22
2026-07-10T21:59:52+00:00,,,2766.0,1.02,284.4,143,56,115,28,22.652910232543945,2.682258367538452,0.22
2026-07-10T21:59:53+00:00,37.454498279839754,126.93692497909069,2770.0,1.42,284.6,144,56,113,28,16.44268798828125,2.8796284198760986,0.22
2026-07-10T21:59:54+00:00,,,2770.0,1.42,285.0,144,56,138,28,16.118085861206055,2.8387598991394043,0.22
2026-07-10T21:59:55+00:00,,,2773.0,1.52,285.20000000000005,144,55,144,28,14.85000228881836,2.8532207012176514,0.22
2026-07-10T21:59:56+00:00,,,2773.0,1.52,285.4,144,55,157,28,14.545052528381348,2.8144795894622803,0.2
2026-07-10T21:59:57+00:00,,,2773.0,1.34,285.79999999999995,145,55,162,28,16.044954299926758,2.6701955795288086,0.2
2026-07-10T21:59:58+00:00,37.45448503643274,126.93695004098117,2773.0,1.34,286.0,145,53,161,28,15.699936866760254,2.629732131958008,0.2
2026-07-10T21:59:59+00:00,,,2773.0,1.14,286.20000000000005,145,53,165,28,18.208486557006836,2.4740893840789795,0.2
2026-07-10T22:00:00+00:00,,,2776.0,1.14,286.4,145,53,153,28,17.79853057861328,2.430878162384033,0.2
2026-07-10T22:00:01+00:00,,,2776.0,1.08,286.6,146,59,155,28,18.364500045776367,2.3584141731262207,0.18
2026-07-10T22:00:02+00:00,,,2776.0,1.08,287.20000000000005,146,56,152,28,18.68788719177246,2.391151189804077,0.18
2026-07-10T22:00:03+00:00,,,2776.0,1.0,287.4,145,58,169,28,20.342063903808594,2.3952016830444336,0.2
2026-07-10T22:00:04+00:00,,,2776.0,1.0,287.79999999999995,144,58,164,28,20.68808937072754,2.429579019546509,0.2
2026-07-10T22:00:05+00:00,37.45447497814894,126.93696998991072,2776.0,0.0,288.0,145,58,163,28,20.68808937072754,0.0,0.2
2026-07-10T22:00:06+00:00,,,2776.0,0.0,288.20000000000005,145,58,0,28,20.68808937072754,0.0,0.2
2026-07-10T22:00:07+00:00,,,2778.0,0.0,288.20000000000005,146,58,0,28,20.68808937072754,0.0,0.2
2026-07-10T22:00:08+00:00,,,2778.0,0.0,288.4,148,58,0,28,20.68808937072754,0.0,0.22
2026-07-10T22:00:09+00:00,37.45446332730353,126.93698826245964,2778.0,0.0,288.6,148,63,0,28,20.68808937072754,0.0,0.22
2026-07-10T22:00:10+00:00,,,2778.0,0.0,288.6,149,63,0,28,20.68808937072754,0.0,0.22
2026-07-10T22:00:11+00:00,37.45443667285144,126.93700829520822,2780.0,1.0,288.79999999999995,148,63,0,28,22.329145431518555,2.5701870918273926,0.22
2026-07-10T22:00:12+00:00,,,2780.0,1.0,289.0,148,65,122,28,22.171627044677734,2.5541181564331055,0.2
2026-07-10T22:00:13+00:00,37.45440825819969,126.93702002987266,2783.0,1.66,289.0,147,65,118,28,13.128612518310547,2.9023072719573975,0.2
2026-07-10T22:00:14+00:00,,,2783.0,1.66,289.0,148,64,152,28,13.03476619720459,2.8899617195129395,0.2
2026-07-10T22:00:15+00:00,37.45438830927014,126.93702497519553,2787.0,1.66,289.0,148,64,144,28,12.940635681152344,2.87762451171875,0.2
2026-07-10T22:00:16+00:00,,,2787.0,1.66,289.0,148,64,139,28,12.846786499023438,2.865370035171509,0.2
2026-07-10T22:00:17+00:00,,,2789.0,1.5,289.20000000000005,148,62,136,28,14.112939834594727,2.742016315460205,0.2
2026-07-10T22:00:18+00:00,,,2789.0,1.5,289.20000000000005,149,60,121,28,13.906147003173828,2.716554880142212,0.2
2026-07-10T22:00:19+00:00,37.45437003672123,126.93703670985997,2789.0,1.36,289.4,148,58,122,28,15.220584869384766,2.593478202819824,0.2
2026-07-10T22:00:20+00:00,,,2789.0,1.36,289.6,148,58,113,28,14.99012565612793,2.5669314861297607,0.2
2026-07-10T22:00:21+00:00,,,2791.0,1.16,289.6,148,58,113,28,17.02985191345215,2.4344229698181152,0.18
2026-07-10T22:00:22+00:00,,,2791.0,1.16,289.79999999999995,147,58,99,28,16.76473617553711,2.406395673751831,0.18
2026-07-10T22:00:23+00:00,,,2791.0,1.06,290.0,148,57,100,28,18.210376739501953,2.3210151195526123,0.18
2026-07-10T22:00:24+00:00,,,2791.0,1.06,290.20000000000005,148,57,102,28,17.91745376586914,2.292003870010376,0.18
2026-07-10T22:00:25+00:00,,,2791.0,0.0,290.4,147,57,111,28,17.91745376586914,0.0,0.18
2026-07-10T22:00:26+00:00,,,2791.0,0.0,290.6,147,57,0,28,17.91745376586914,0.0,0.18
2026-07-10T22:00:27+00:00,,,2791.0,0.0,290.79999999999995,147,55,0,28,17.91745376586914,0.0,0.18
2026-07-10T22:00:28+00:00,,,2791.0,0.0,290.79999999999995,147,50,0,28,17.91745376586914,0.0,0.16
2026-07-10T22:00:29+00:00,,,2791.0,0.0,290.79999999999995,147,50,0,28,17.91745376586914,0.0,0.16
2026-07-10T22:00:30+00:00,,,2791.0,0.0,291.0,146,50,0,28,17.91745376586914,0.0,0.16
2026-07-10T22:00:31+00:00,,,2791.0,0.0,291.0,146,49,0,28,17.91745376586914,0.0,0.16
2026-07-10T22:00:32+00:00,,,2791.0,0.0,291.20000000000005,145,49,0,28,17.91745376586914,0.0,0.16
2026-07-10T22:00:33+00:00,,,2791.0,0.0,291.20000000000005,145,48,0,28,17.91745376586914,0.0,0.16
2026-07-10T22:00:34+00:00,,,2791.0,0.0,291.4,145,48,0,28,17.91745376586914,0.0,0.14
2026-07-10T22:00:35+00:00,,,2791.0,0.0,291.79999999999995,144,48,0,28,17.91745376586914,0.0,0.14
2026-07-10T22:00:36+00:00,,,2791.0,0.0,292.20000000000005,144,48,0,28,17.91745376586914,0.0,0.14
2026-07-10T22:00:37+00:00,37.45436333119869,126.93700670264661,2791.0,0.0,292.4,145,48,0,28,17.91745376586914,0.0,0.12
2026-07-10T22:00:38+00:00,,,2791.0,0.0,292.6,144,48,0,28,17.91745376586914,0.0,0.12
2026-07-10T22:00:39+00:00,37.45434497483075,126.93697669543326,2794.0,1.0,292.79999999999995,144,48,0,28,12.541755676269531,1.7023226022720337,0.12
2026-07-10T22:00:40+00:00,,,2794.0,1.0,293.0,145,48,136,28,11.91604995727539,1.6544135808944702,0.1
2026-07-10T22:00:41+00:00,37.454319996759295,126.93695330992341,2797.0,1.42,293.20000000000005,145,47,139,28,7.9500627517700195,1.9606074094772339,0.1
2026-07-10T22:00:42+00:00,,,2797.0,1.42,293.6,146,47,169,28,8.478588104248047,2.008028030395508,0.12
2026-07-10T22:00:43+00:00,37.454308262094855,126.93693327717483,2801.0,1.54,293.79999999999995,146,47,178,28,8.361015319824219,2.152085065841675,0.12
2026-07-10T22:00:44+00:00,,,2801.0,1.54,294.0,145,75,187,28,8.851051330566406,2.200474977493286,0.12
2026-07-10T22:00:45+00:00,,,2803.0,1.44,294.20000000000005,146,75,178,28,9.99641227722168,2.166940927505493,0.14
2026-07-10T22:00:46+00:00,,,2803.0,1.44,294.4,145,49,170,28,10.52071475982666,2.2195353507995605,0.14
2026-07-10T22:00:47+00:00,,,2803.0,1.22,294.79999999999995,145,49,169,28,12.947441101074219,2.115535259246826,0.14
2026-07-10T22:00:48+00:00,37.45430666953325,126.93690997548401,2803.0,1.22,294.79999999999995,145,49,157,28,13.563225746154785,2.1754722595214844,0.16
2026-07-10T22:00:49+00:00,,,2803.0,1.08,295.0,145,49,156,28,16.167423248291016,2.143726110458374,0.16
2026-07-10T22:00:50+00:00,,,2805.0,1.08,295.0,145,49,143,28,16.328384399414062,2.1589813232421875,0.16
2026-07-10T22:00:51+00:00,37.454286720603704,126.93689497187734,2805.0,1.04,295.20000000000005,145,49,138,28,16.96467399597168,2.1577882766723633,0.16
2026-07-10T22:00:52+00:00,,,2805.0,1.04,295.20000000000005,145,50,126,28,17.130115509033203,2.1734046936035156,0.16
2026-07-10T22:00:53+00:00,37.454266687855124,126.9368932954967,2808.0,1.04,295.20000000000005,146,50,119,28,17.29572105407715,2.189112663269043,0.16
2026-07-10T22:00:54+00:00,,,2808.0,1.04,295.4,146,50,115,28,17.460832595825195,2.2048494815826416,0.18
2026-07-10T22:00:55+00:00,,,2810.0,1.04,295.4,146,50,106,28,17.458898544311523,2.225863456726074,0.18
2026-07-10T22:00:56+00:00,,,2810.0,1.04,295.4,145,52,99,28,17.622434616088867,2.241673707962036,0.18
2026-07-10T22:00:57+00:00,,,2810.0,0.0,295.6,146,52,93,28,17.622434616088867,0.0,0.18
2026-07-10T22:00:58+00:00,,,2810.0,0.0,295.6,146,52,0,28,17.622434616088867,0.0,0.18
2026-07-10T22:00:59+00:00,,,2810.0,0.0,295.79999999999995,145,53,0,28,17.622434616088867,0.0,0.18
2026-07-10T22:01:00+00:00,,,2810.0,0.0,295.79999999999995,145,53,0,28,17.622434616088867,0.0,0.18
2026-07-10T22:01:01+00:00,,,2810.0,0.0,295.79999999999995,146,53,0,28,17.622434616088867,0.0,0.18
2026-07-10T22:01:02+00:00,,,2810.0,0.0,295.79999999999995,,49,0,28,17.622434616088867,0.0,0.18
2026-07-10T22:01:03+00:00,,,2810.0,0.0,296.0,145,53,0,28,17.622434616088867,0.0,0.18
2026-07-10T22:01:04+00:00,,,2810.0,0.0,296.0,145,55,0,28,17.622434616088867,0.0,0.16
2026-07-10T22:01:05+00:00,,,2810.0,0.0,296.20000000000005,144,58,0,28,17.622434616088867,0.0,0.16
2026-07-10T22:01:06+00:00,,,2810.0,0.0,296.4,143,64,0,28,17.622434616088867,0.0,0.16
2026-07-10T22:01:07+00:00,,,2810.0,0.0,296.6,144,66,0,28,17.622434616088867,0.0,0.16
2026-07-10T22:01:08+00:00,,,2810.0,0.0,296.79999999999995,143,67,0,28,17.622434616088867,0.0,0.14
2026-07-10T22:01:09+00:00,,,2810.0,0.0,297.0,144,66,0,28,17.622434616088867,0.0,0.14
2026-07-10T22:01:10+00:00,,,2810.0,0.0,297.4,144,66,0,28,17.622434616088867,0.0,0.14
2026-07-10T22:01:11+00:00,,,2810.0,0.0,297.4,144,59,0,28,17.622434616088867,0.0,0.12
2026-07-10T22:01:12+00:00,,,2810.0,0.0,297.6,143,59,0,28,17.622434616088867,0.0,0.12
2026-07-10T22:01:13+00:00,,,2810.0,0.0,297.79999999999995,143,59,0,28,17.622434616088867,0.0,0.12
2026-07-10T22:01:14+00:00,,,2810.0,0.0,297.79999999999995,143,59,0,28,17.622434616088867,0.0,0.12
2026-07-10T22:01:15+00:00,,,2810.0,0.0,298.0,143,59,0,28,17.622434616088867,0.0,0.12
2026-07-10T22:01:16+00:00,,,2810.0,0.0,298.20000000000005,143,54,0,28,17.622434616088867,0.0,0.12
2026-07-10T22:01:17+00:00,,,2810.0,0.0,298.20000000000005,142,42,0,28,17.622434616088867,0.0,0.12
2026-07-10T22:01:18+00:00,,,2810.0,0.0,298.4,142,42,0,28,17.622434616088867,0.0,0.1
2026-07-10T22:01:19+00:00,,,2810.0,0.0,298.4,142,42,0,28,17.622434616088867,0.0,0.1
2026-07-10T22:01:20+00:00,,,2810.0,0.0,298.6,142,42,0,28,17.622434616088867,0.0,0.1
2026-07-10T22:01:21+00:00,,,2810.0,0.0,298.6,141,42,0,28,17.622434616088867,0.0,0.1
2026-07-10T22:01:22+00:00,,,2810.0,0.0,298.6,142,42,0,28,17.622434616088867,0.0,0.1
2026-07-10T22:01:23+00:00,,,2810.0,0.0,298.6,142,42,0,28,17.622434616088867,0.0,0.1
2026-07-10T22:01:24+00:00,,,2810.0,0.0,298.6,142,42,0,28,17.622434616088867,0.0,0.12
2026-07-10T22:01:25+00:00,,,2810.0,0.0,298.6,142,0,0,28,17.622434616088867,0.0,0.12
2026-07-10T22:01:26+00:00,,,2810.0,0.0,298.4,141,0,0,28,17.622434616088867,0.0,0.12
2026-07-10T22:01:27+00:00,,,2810.0,0.0,298.4,141,0,0,28,17.622434616088867,0.0,0.12
2026-07-10T22:01:28+00:00,,,2810.0,0.0,298.6,142,0,0,28,17.622434616088867,0.0,0.12
2026-07-10T22:01:29+00:00,,,2810.0,0.0,298.6,142,40,0,28,17.622434616088867,0.0,0.12
2026-07-10T22:01:30+00:00,,,2810.0,0.0,298.6,141,40,0,28,17.622434616088867,0.0,0.12
2026-07-10T22:01:31+00:00,,,2810.0,0.0,298.6,141,40,0,28,17.622434616088867,0.0,0.12
2026-07-10T22:01:32+00:00,,,2810.0,0.0,298.6,140,40,0,28,17.622434616088867,0.0,0.1
2026-07-10T22:01:33+00:00,,,2810.0,0.0,298.6,140,40,0,28,17.622434616088867,0.0,0.1
2026-07-10T22:01:34+00:00,,,2810.0,0.0,298.6,139,40,0,28,17.622434616088867,0.0,0.1
2026-07-10T22:01:35+00:00,,,2810.0,0.0,298.6,139,40,0,28,17.622434616088867,0.0,0.1
2026-07-10T22:01:36+00:00,,,2810.0,0.0,298.6,138,0,0,28,17.622434616088867,0.0,0.1
2026-07-10T22:01:37+00:00,,,2810.0,0.0,298.6,137,0,0,29,17.622434616088867,0.0,0.08
2026-07-10T22:01:38+00:00,,,2810.0,0.0,298.6,136,0,0,29,17.622434616088867,0.0,0.08
2026-07-10T22:01:39+00:00,,,2810.0,0.0,298.6,137,41,0,29,17.622434616088867,0.0,0.08
2026-07-10T22:01:40+00:00,,,2810.0,0.0,298.6,136,49,0,29,17.622434616088867,0.0,0.06
2026-07-10T22:01:41+00:00,,,2810.0,0.0,298.6,135,49,0,29,17.622434616088867,0.0,0.06
2026-07-10T22:01:42+00:00,,,2810.0,0.0,298.6,136,49,0,29,17.622434616088867,0.0,0.04
2026-07-10T22:01:43+00:00,,,2810.0,0.0,298.6,136,49,0,29,17.622434616088867,0.0,0.04
2026-07-10T22:01:44+00:00,,,2810.0,0.0,298.6,136,49,0,29,17.622434616088867,0.0,0.04
2026-07-10T22:01:45+00:00,,,2810.0,0.0,298.6,135,49,0,29,17.622434616088867,0.0,0.02
2026-07-10T22:01:46+00:00,,,2810.0,0.0,298.6,134,0,0,29,17.622434616088867,0.0,0.02
2026-07-10T22:01:47+00:00,,,2810.0,0.0,298.6,134,0,0,29,17.622434616088867,0.0,0.02
2026-07-10T22:01:48+00:00,,,2810.0,0.0,298.6,134,0,0,29,17.622434616088867,0.0,0.02
2026-07-10T22:01:49+00:00,,,2810.0,0.0,298.6,134,0,0,29,17.622434616088867,0.0,0.0
2026-07-10T22:01:50+00:00,,,2810.0,0.0,298.6,133,0,0,29,17.622434616088867,0.0,0.0
2026-07-10T22:01:51+00:00,,,2810.0,0.0,298.6,133,0,0,29,17.622434616088867,0.0,0.0
2026-07-10T22:01:52+00:00,,,2810.0,0.0,298.79999999999995,132,0,0,29,17.622434616088867,0.0,0.0
2026-07-10T22:01:53+00:00,,,2810.0,0.0,298.79999999999995,132,49,0,29,17.622434616088867,0.0,0.0
2026-07-10T22:01:54+00:00,,,2810.0,0.0,298.79999999999995,131,49,0,29,17.622434616088867,0.0,0.0
2026-07-10T22:01:55+00:00,,,2810.0,0.0,299.0,130,49,0,29,17.622434616088867,0.0,0.0
2026-07-10T22:01:56+00:00,,,2810.0,0.0,299.0,129,49,0,29,17.622434616088867,0.0,0.0
2026-07-10T22:01:57+00:00,,,2810.0,0.0,299.0,129,49,0,29,17.622434616088867,0.0,0.0
2026-07-10T22:01:58+00:00,,,2810.0,0.0,299.0,129,49,0,29,17.622434616088867,0.0,0.0
2026-07-10T22:01:59+00:00,,,2810.0,0.0,299.20000000000005,129,0,0,29,17.622434616088867,0.0,0.0
2026-07-10T22:02:00+00:00,,,2810.0,0.0,299.20000000000005,129,0,0,29,17.622434616088867,0.0,0.0
2026-07-10T22:02:01+00:00,,,2810.0,0.0,299.20000000000005,128,0,0,29,17.622434616088867,0.0,0.0
2026-07-10T22:02:02+00:00,,,2810.0,0.0,299.20000000000005,127,0,0,29,17.622434616088867,0.0,0.0
2026-07-10T22:02:03+00:00,,,2810.0,0.0,299.4,127,0,0,29,17.622434616088867,0.0,0.0
2026-07-10T22:02:04+00:00,,,2810.0,0.0,299.4,126,0,0,29,17.622434616088867,0.0,0.0
2026-07-10T22:02:05+00:00,,,2810.0,0.0,299.4,127,0,0,29,17.622434616088867,0.0,0.0
2026-07-10T22:02:06+00:00,,,2810.0,0.0,299.4,127,0,0,29,17.622434616088867,0.0,0.0
2026-07-10T22:02:07+00:00,,,2810.0,0.0,299.6,127,0,0,29,17.622434616088867,0.0,0.0
2026-07-10T22:02:08+00:00,,,2810.0,0.0,299.6,126,0,0,29,17.622434616088867,0.0,0.02
2026-07-10T22:02:09+00:00,,,2810.0,0.0,299.79999999999995,126,0,0,29,17.622434616088867,0.0,0.02
2026-07-10T22:02:10+00:00,,,2810.0,0.0,299.79999999999995,125,0,0,29,17.622434616088867,0.0,0.02
2026-07-10T22:02:11+00:00,,,2810.0,0.0,299.79999999999995,126,0,0,29,17.622434616088867,0.0,0.02
2026-07-10T22:02:12+00:00,,,2810.0,0.0,299.6,126,0,0,29,17.622434616088867,0.0,0.02
2026-07-10T22:02:13+00:00,,,2810.0,0.0,299.6,126,29,0,29,17.622434616088867,0.0,0.02
2026-07-10T22:02:14+00:00,,,2810.0,0.0,299.6,126,29,0,29,17.622434616088867,0.0,0.02
2026-07-10T22:02:15+00:00,,,2810.0,0.0,299.6,125,48,0,29,17.622434616088867,0.0,0.04
2026-07-10T22:02:16+00:00,,,2810.0,0.0,299.6,124,48,0,29,17.622434616088867,0.0,0.04
2026-07-10T22:02:17+00:00,,,2810.0,0.0,299.6,125,71,0,29,17.622434616088867,0.0,0.04
2026-07-10T22:02:18+00:00,,,2810.0,0.0,299.4,124,71,0,29,17.622434616088867,0.0,0.04
2026-07-10T22:02:19+00:00,,,2810.0,0.0,299.4,125,71,0,29,17.622434616088867,0.0,0.04
2026-07-10T22:02:20+00:00,,,2810.0,0.0,299.20000000000005,125,71,0,29,17.622434616088867,0.0,0.04
2026-07-10T22:02:21+00:00,,,2810.0,0.0,299.20000000000005,125,71,0,29,17.622434616088867,0.0,0.02
2026-07-10T22:02:22+00:00,,,2810.0,0.0,299.20000000000005,124,71,0,29,17.622434616088867,0.0,0.02
2026-07-10T22:02:23+00:00,,,2810.0,0.0,299.0,123,71,0,29,17.622434616088867,0.0,0.02
2026-07-10T22:02:24+00:00,,,2810.0,0.0,299.0,122,71,0,29,17.622434616088867,0.0,0.02
2026-07-10T22:02:25+00:00,,,2810.0,0.0,299.0,122,71,0,29,17.622434616088867,0.0,0.02
2026-07-10T22:02:26+00:00,,,2810.0,0.0,299.0,122,71,0,29,17.622434616088867,0.0,0.02
2026-07-10T22:02:27+00:00,,,2810.0,0.0,298.79999999999995,122,71,0,29,17.622434616088867,0.0,0.02
2026-07-10T22:02:28+00:00,,,2810.0,0.0,299.0,123,71,0,29,17.622434616088867,0.0,0.0
2026-07-10T22:02:29+00:00,,,2810.0,0.0,299.0,122,62,0,29,17.622434616088867,0.0,0.0
2026-07-10T22:02:30+00:00,,,2810.0,0.0,299.0,122,64,0,29,17.622434616088867,0.0,0.0
2026-07-10T22:02:31+00:00,,,2810.0,0.0,298.79999999999995,123,64,0,30,17.622434616088867,0.0,0.0
2026-07-10T22:02:32+00:00,,,2810.0,0.0,298.79999999999995,123,64,0,30,17.622434616088867,0.0,0.0
2026-07-10T22:02:33+00:00,,,2810.0,0.0,298.79999999999995,123,64,0,30,17.622434616088867,0.0,0.0
2026-07-10T22:02:34+00:00,,,2810.0,0.0,299.0,123,59,0,30,17.622434616088867,0.0,0.0
2026-07-10T22:02:35+00:00,,,2810.0,0.0,299.0,124,59,0,30,17.622434616088867,0.0,0.0
2026-07-10T22:02:36+00:00,,,2810.0,0.0,299.0,124,59,0,30,17.622434616088867,0.0,0.0
2026-07-10T22:02:37+00:00,,,2810.0,0.0,299.0,125,59,0,30,17.622434616088867,0.0,-0.02
2026-07-10T22:02:38+00:00,,,2810.0,0.0,298.79999999999995,125,63,0,30,17.622434616088867,0.0,-0.02
2026-07-10T22:02:39+00:00,,,2810.0,0.0,298.79999999999995,125,63,0,30,17.622434616088867,0.0,-0.02
2026-07-10T22:02:40+00:00,,,2810.0,0.0,298.79999999999995,125,116,0,30,17.622434616088867,0.0,-0.02
2026-07-10T22:02:41+00:00,,,2810.0,0.0,298.79999999999995,125,116,0,30,17.622434616088867,0.0,-0.02
2026-07-10T22:02:42+00:00,,,2810.0,0.0,298.79999999999995,125,116,0,30,17.622434616088867,0.0,-0.02
2026-07-10T22:02:43+00:00,,,2810.0,0.0,298.79999999999995,125,116,0,30,17.622434616088867,0.0,-0.02
2026-07-10T22:02:44+00:00,,,2810.0,0.0,299.0,125,116,0,30,17.622434616088867,0.0,-0.02
2026-07-10T22:02:45+00:00,,,2810.0,0.0,299.0,124,116,0,30,17.622434616088867,0.0,-0.02
2026-07-10T22:02:46+00:00,,,2810.0,0.0,298.79999999999995,124,116,0,30,17.622434616088867,0.0,-0.02
2026-07-10T22:02:47+00:00,,,2810.0,0.0,298.79999999999995,125,116,0,30,17.622434616088867,0.0,-0.02
2026-07-10T22:02:48+00:00,,,2810.0,0.0,298.79999999999995,125,114,0,30,17.622434616088867,0.0,-0.02
2026-07-10T22:02:49+00:00,,,2810.0,0.0,298.79999999999995,125,114,0,30,17.622434616088867,0.0,-0.02
2026-07-10T22:02:50+00:00,,,2810.0,0.0,298.6,124,114,0,30,17.622434616088867,0.0,-0.02
2026-07-10T22:02:51+00:00,,,2810.0,0.0,298.6,125,114,0,30,17.622434616088867,0.0,-0.02
2026-07-10T22:02:52+00:00,,,2810.0,0.0,298.6,126,114,0,30,17.622434616088867,0.0,-0.02
2026-07-10T22:02:53+00:00,,,2810.0,0.0,298.6,126,114,0,30,17.622434616088867,0.0,0.0
2026-07-10T22:02:54+00:00,,,2810.0,0.0,298.6,126,114,0,30,17.622434616088867,0.0,0.0
2026-07-10T22:02:55+00:00,,,2810.0,0.0,298.6,127,114,0,30,17.622434616088867,0.0,0.0
2026-07-10T22:02:56+00:00,,,2810.0,0.0,298.6,127,114,0,30,17.622434616088867,0.0,0.0
2026-07-10T22:02:57+00:00,,,2810.0,0.0,298.6,127,114,0,30,17.622434616088867,0.0,0.0
2026-07-10T22:02:58+00:00,,,2810.0,0.0,298.6,126,114,0,30,17.622434616088867,0.0,0.0
2026-07-10T22:02:59+00:00,,,2810.0,0.0,298.6,126,64,0,30,17.622434616088867,0.0,0.0
2026-07-10T22:03:00+00:00,,,2810.0,0.0,298.4,126,64,0,30,17.622434616088867,0.0,0.0
2026-07-10T22:03:01+00:00,,,2810.0,0.0,298.4,126,65,0,30,17.622434616088867,0.0,0.0
2026-07-10T22:03:02+00:00,,,2810.0,0.0,298.4,126,82,0,30,17.622434616088867,0.0,0.0
2026-07-10T22:03:03+00:00,,,2810.0,0.0,298.4,125,82,0,30,17.622434616088867,0.0,0.0
2026-07-10T22:03:04+00:00,,,2810.0,0.0,298.4,126,82,0,30,17.622434616088867,0.0,0.0
2026-07-10T22:03:05+00:00,,,2810.0,0.0,298.4,126,82,0,30,17.622434616088867,0.0,0.0
2026-07-10T22:03:06+00:00,,,2810.0,0.0,298.4,126,82,0,30,17.622434616088867,0.0,0.0
2026-07-10T22:03:07+00:00,,,2810.0,0.0,298.4,126,57,0,30,17.622434616088867,0.0,0.0
2026-07-10T22:03:08+00:00,,,2810.0,0.0,298.4,125,57,0,30,17.622434616088867,0.0,0.0
2026-07-10T22:03:09+00:00,,,2810.0,0.0,298.4,126,57,0,30,17.622434616088867,0.0,0.0
2026-07-10T22:03:10+00:00,,,2810.0,0.0,298.4,124,57,0,30,17.622434616088867,0.0,0.0
2026-07-10T22:03:11+00:00,,,2810.0,0.0,298.20000000000005,124,57,0,30,17.622434616088867,0.0,0.0
2026-07-10T22:03:12+00:00,,,2810.0,0.0,298.20000000000005,125,54,0,31,17.622434616088867,0.0,0.0
2026-07-10T22:03:13+00:00,,,2810.0,0.0,298.20000000000005,124,54,0,30,17.622434616088867,0.0,0.0
2026-07-10T22:03:14+00:00,,,2810.0,0.0,298.20000000000005,124,50,0,30,17.622434616088867,0.0,0.0
2026-07-10T22:03:15+00:00,,,2810.0,0.0,298.20000000000005,123,46,0,30,17.622434616088867,0.0,0.0
2026-07-10T22:03:16+00:00,,,2810.0,0.0,298.0,123,46,0,30,17.622434616088867,0.0,-0.02
2026-07-10T22:03:17+00:00,,,2810.0,0.0,298.0,123,53,0,30,17.622434616088867,0.0,-0.02
2026-07-10T22:03:18+00:00,,,2810.0,0.0,298.0,123,53,0,30,17.622434616088867,0.0,-0.02
2026-07-10T22:03:19+00:00,,,2810.0,0.0,298.0,124,57,0,30,17.622434616088867,0.0,-0.02
2026-07-10T22:03:20+00:00,37.454266687855124,126.93691827356815,2810.0,0.0,297.79999999999995,123,57,0,30,17.622434616088867,0.0,-0.02
2026-07-10T22:03:21+00:00,,,2810.0,0.0,297.6,122,58,0,30,17.622434616088867,0.0,-0.02
2026-07-10T22:03:22+00:00,37.45426501147449,126.93694828078151,2812.0,0.0,297.4,122,67,0,30,17.622434616088867,0.0,-0.02
2026-07-10T22:03:23+00:00,,,2812.0,0.44,297.20000000000005,122,70,0,30,-6.72571325302124,0.37952277064323425,-0.02
2026-07-10T22:03:24+00:00,,,2815.0,0.44,297.0,122,75,23,30,-7.373956680297852,0.37763795256614685,-0.02
2026-07-10T22:03:25+00:00,,,2815.0,0.66,297.0,124,43,24,30,-5.429535865783691,0.5692704916000366,-0.02
2026-07-10T22:03:26+00:00,,,2815.0,0.66,296.79999999999995,125,75,34,30,-5.867469310760498,0.5659050941467285,-0.02
2026-07-10T22:03:27+00:00,37.45424497872591,126.93696831353009,2815.0,0.44,296.6,127,75,34,30,-9.53274917602539,0.3677041232585907,-0.04
2026-07-10T22:03:28+00:00,,,2815.0,0.44,296.6,128,75,26,30,-10.194742202758789,0.3687448501586914,-0.04
2026-07-10T22:03:29+00:00,,,2818.0,0.42,296.4,129,75,26,30,-11.115907669067383,0.3626757264137268,-0.04
2026-07-10T22:03:30+00:00,37.4542282987386,126.93697828799486,2818.0,0.42,296.4,130,69,25,30,-12.14154052734375,0.36694133281707764,-0.04
2026-07-10T22:03:31+00:00,,,2818.0,0.88,296.4,131,69,23,30,-6.35805606842041,0.753136157989502,-0.04
2026-07-10T22:03:32+00:00,,,2820.0,0.88,296.20000000000005,131,58,46,30,-6.855672836303711,0.7495643496513367,-0.04
2026-07-10T22:03:33+00:00,37.45420826599002,126.93699329160154,2820.0,0.74,296.0,131,58,46,30,-8.643331527709961,0.6322277188301086,-0.06
2026-07-10T22:03:34+00:00,,,2820.0,0.74,295.79999999999995,131,62,39,30,-9.226615905761719,0.6323593258857727,-0.06
2026-07-10T22:03:35+00:00,,,2822.0,0.88,295.6,131,67,38,30,-8.346038818359375,0.7436302304267883,-0.06
2026-07-10T22:03:36+00:00,37.45418328791857,126.93696998991072,2822.0,0.88,295.4,130,67,46,30,-8.841172218322754,0.7432267665863037,-0.06
2026-07-10T22:03:37+00:00,,,2822.0,0.92,295.20000000000005,130,67,45,30,-8.83171558380127,0.7859414219856262,-0.08
2026-07-10T22:03:38+00:00,37.45415168814361,126.9369466882199,2826.0,0.92,295.0,131,72,48,30,-9.380483627319336,0.7864086031913757,-0.08
2026-07-10T22:03:39+00:00,,,2826.0,1.16,295.0,131,75,48,30,-7.806323051452637,1.0018399953842163,-0.08
2026-07-10T22:03:40+00:00,37.454133331775665,126.93691827356815,2830.0,1.16,294.79999999999995,131,78,62,30,-8.237401962280273,1.0003135204315186,-0.08
2026-07-10T22:03:41+00:00,,,2830.0,1.48,294.6,132,78,62,30,-6.898373603820801,1.2660504579544067,-0.1
2026-07-10T22:03:42+00:00,37.45411170646548,126.93689497187734,2833.0,1.48,294.4,131,78,79,30,-7.241819858551025,1.2627521753311157,-0.1
2026-07-10T22:03:43+00:00,,,2833.0,1.44,294.20000000000005,131,77,78,30,-7.796384811401367,1.2245255708694458,-0.1
2026-07-10T22:03:44+00:00,37.45408329181373,126.93688172847033,2836.0,1.44,293.79999999999995,130,77,76,30,-8.14873218536377,1.2229095697402954,-0.1
2026-07-10T22:03:45+00:00,,,2836.0,1.54,293.4,130,74,76,30,-7.945125579833984,1.3093417882919312,-0.12
2026-07-10T22:03:46+00:00,37.45406166650355,126.93686999380589,2840.0,1.54,293.20000000000005,130,73,81,30,-8.334016799926758,1.3077976703643799,-0.12
2026-07-10T22:03:47+00:00,,,2840.0,1.56,293.0,130,72,80,30,-8.609587669372559,1.324303388595581,-0.12
2026-07-10T22:03:48+00:00,37.454041717574,126.93685825914145,2842.0,1.56,292.79999999999995,131,70,82,30,-8.993460655212402,1.3241965770721436,-0.12
2026-07-10T22:03:49+00:00,37.45402327738702,126.9368499610573,2842.0,1.44,292.6,130,70,81,30,-10.092419624328613,1.2341800928115845,-0.14
2026-07-10T22:03:50+00:00,,,2845.0,1.44,292.4,129,70,75,30,-10.506030082702637,1.2372853755950928,-0.14
2026-07-10T22:03:51+00:00,37.453995030373335,126.93682498298585,2847.0,1.54,292.20000000000005,129,70,75,30,-10.209800720214844,1.320733904838562,-0.14
2026-07-10T22:03:52+00:00,37.45397667400539,126.93680997937918,2847.0,1.54,291.79999999999995,130,70,81,30,-10.595008850097656,1.3240448236465454,-0.16
2026-07-10T22:03:53+00:00,37.45395672507584,126.9368000049144,2851.0,1.68,291.4,131,70,80,30,-10.066259384155273,1.4396820068359375,-0.16
2026-07-10T22:03:54+00:00,,,2853.0,1.68,291.20000000000005,130,72,88,30,-10.365365028381348,1.442152500152588,-0.16
2026-07-10T22:03:55+00:00,37.45393333956599,126.93678332492709,2855.0,1.94,291.0,131,72,88,30,-9.23547077178955,1.6578304767608643,-0.16
2026-07-10T22:03:56+00:00,,,2855.0,1.94,290.79999999999995,129,72,104,29,-9.494229316711426,1.6587649583816528,-0.18
2026-07-10T22:03:57+00:00,37.45391498319805,126.93676999770105,2858.0,1.84,290.79999999999995,130,72,104,29,-10.340609550476074,1.5706713199615479,-0.18
2026-07-10T22:03:58+00:00,,,2858.0,1.84,290.6,129,72,98,29,-10.61464786529541,1.5736045837402344,-0.18
2026-07-10T22:03:59+00:00,37.4538950342685,126.93673672154546,2861.0,1.7,290.6,128,68,98,29,-11.792195320129395,1.4699597358703613,-0.18
2026-07-10T22:04:00+00:00,,,2861.0,1.7,290.6,130,66,91,29,-12.089234352111816,1.4754770994186401,-0.2
2026-07-10T22:04:01+00:00,37.45388329960406,126.93669673986733,2865.0,1.72,290.4,130,65,92,29,-12.242873191833496,1.4960309267044067,-0.2
2026-07-10T22:04:02+00:00,,,2865.0,1.72,290.4,129,63,96,29,-12.154427528381348,1.4942336082458496,-0.2
2026-07-10T22:04:03+00:00,37.453861674293876,126.93667997606099,2868.0,1.74,290.4,130,63,99,29,-11.926051139831543,1.5072312355041504,-0.2
2026-07-10T22:04:04+00:00,,,2868.0,1.74,290.4,132,63,103,29,-11.838540077209473,1.5055979490280151,-0.2
2026-07-10T22:04:05+00:00,37.4538466706872,126.93666329607368,2871.0,1.68,290.4,132,63,106,29,-12.100311279296875,1.4669607877731323,-0.2
2026-07-10T22:04:06+00:00,37.45382672175765,126.93666170351207,2871.0,1.68,290.4,132,67,106,29,-12.010285377502441,1.4652384519577026,-0.2
2026-07-10T22:04:07+00:00,,,2873.0,1.62,290.20000000000005,133,71,107,29,-12.43805980682373,1.4124321937561035,-0.2
2026-07-10T22:04:08+00:00,37.45378674007952,126.93666832521558,2876.0,1.62,290.20000000000005,133,71,102,29,-12.343838691711426,1.4105287790298462,-0.18
2026-07-10T22:04:09+00:00,37.45375832542777,126.93667000159621,2876.0,1.7,290.0,134,80,101,29,-11.669663429260254,1.4678348302841187,-0.18
2026-07-10T22:04:10+00:00,37.453739969059825,126.93667167797685,2880.0,1.7,289.79999999999995,133,82,105,29,-11.295851707458496,1.4618998765945435,-0.18
2026-07-10T22:04:11+00:00,37.45371331460774,126.93667829968035,2883.0,2.06,289.6,132,83,102,29,-9.004024505615234,1.7513684034347534,-0.18
2026-07-10T22:04:12+00:00,37.453694958239794,126.93667000159621,2885.0,2.06,289.4,132,84,124,29,-8.696473121643066,1.7513699531555176,-0.16
2026-07-10T22:04:13+00:00,,,2888.0,2.22,289.20000000000005,132,84,123,29,-7.746243000030518,1.9014511108398438,-0.16
2026-07-10T22:04:14+00:00,37.45366503484547,126.93663999438286,2890.0,2.22,289.20000000000005,132,84,133,29,-7.46167516708374,1.9043331146240234,-0.16
2026-07-10T22:04:15+00:00,37.45364332571626,126.93662499077618,2890.0,2.18,289.20000000000005,131,84,131,29,-7.343642234802246,1.8628013134002686,-0.14
2026-07-10T22:04:16+00:00,37.45362329296768,126.93661669269204,2895.0,2.18,289.0,129,84,127,29,-7.052516937255859,1.8666292428970337,-0.14
2026-07-10T22:04:17+00:00,37.45359999127686,126.93661333993077,2897.0,2.3,289.0,130,84,128,29,-6.407358646392822,1.9813672304153442,-0.14
2026-07-10T22:04:18+00:00,37.453578282147646,126.93660001270473,2900.0,2.3,289.0,130,84,137,29,-6.157052516937256,1.9867883920669556,-0.14
2026-07-10T22:04:19+00:00,37.4535583332181,126.93657997995615,2902.0,2.34,288.79999999999995,129,84,139,29,-5.779797554016113,2.0395495891571045,-0.12
2026-07-10T22:04:20+00:00,37.45353830046952,126.93656497634947,2902.0,2.34,288.79999999999995,130,84,144,29,-5.534839153289795,2.04630708694458,-0.12
2026-07-10T22:04:21+00:00,37.45351332239807,126.93655332550406,2908.0,2.46,288.6,130,86,145,29,-5.030670642852783,2.167607307434082,-0.12
2026-07-10T22:04:22+00:00,37.45349328964949,126.93654326722026,2910.0,2.46,288.6,131,87,153,29,-4.797428607940674,2.1759700775146484,-0.1
2026-07-10T22:04:23+00:00,37.45346671901643,126.93653999827802,2913.0,2.56,288.4,130,87,155,29,-4.402647018432617,2.2714390754699707,-0.1
2026-07-10T22:04:24+00:00,37.453443333506584,126.93653832189739,2916.0,2.56,288.4,131,87,161,29,-4.177862167358398,2.2811379432678223,-0.1
2026-07-10T22:04:25+00:00,37.4534217081964,126.93653496913612,2919.0,2.58,288.4,131,87,161,29,-3.9062204360961914,2.320488929748535,-0.1
2026-07-10T22:04:26+00:00,37.45339832268655,126.93652667105198,2921.0,2.58,288.4,130,87,162,29,-3.8502938747406006,2.3231544494628906,-0.08
2026-07-10T22:04:27+00:00,37.45337669737637,126.9365132600069,2924.0,2.58,288.4,131,87,163,29,-3.809131145477295,2.3161234855651855,-0.08
2026-07-10T22:04:28+00:00,37.453358341008425,126.9365000165999,2927.0,2.58,288.4,130,87,164,29,-3.7530431747436523,2.3188393115997314,-0.08
2026-07-10T22:04:29+00:00,37.453330010175705,126.93648501299322,2929.0,2.58,288.4,130,87,166,29,-3.68245792388916,2.331336498260498,-0.08
2026-07-10T22:04:30+00:00,37.45330327190459,126.93647503852844,2932.0,2.58,288.4,130,86,169,29,-3.626642942428589,2.334118127822876,-0.08
2026-07-10T22:04:31+00:00,37.45328173041344,126.93647671490908,2935.0,2.64,288.4,130,86,172,29,-3.489508628845215,2.3955254554748535,-0.08
2026-07-10T22:04:32+00:00,37.45326169766486,126.9364667404443,2938.0,2.64,288.4,130,86,177,29,-3.4348530769348145,2.3984177112579346,-0.08
2026-07-10T22:04:33+00:00,37.453236719593406,126.93645173683763,2940.0,2.66,288.20000000000005,130,86,178,29,-3.3547823429107666,2.420910596847534,-0.08
2026-07-10T22:04:34+00:00,37.45321827940643,126.93642826750875,2943.0,2.66,288.20000000000005,130,86,180,29,-3.259122371673584,2.4261600971221924,-0.08
2026-07-10T22:04:35+00:00,37.45319330133498,126.93640999495983,2946.0,2.68,288.20000000000005,130,86,179,29,-3.151327610015869,2.441329002380371,-0.08
2026-07-10T22:04:36+00:00,37.4531767051667,126.93639172241092,2949.0,2.68,288.20000000000005,131,86,179,29,-3.056121587753296,2.446768283843994,-0.08
2026-07-10T22:04:37+00:00,37.45315667241812,126.93636330775917,2952.0,2.72,288.20000000000005,131,87,181,29,-2.906205654144287,2.50150203704834,-0.06
2026-07-10T22:04:38+00:00,37.453139992430806,126.93634830415249,2955.0,2.72,288.20000000000005,132,87,183,29,-2.8125619888305664,2.507187604904175,-0.06
2026-07-10T22:04:39+00:00,,,2958.0,2.76,288.20000000000005,131,87,183,29,-2.6892576217651367,2.542548418045044,-0.06
2026-07-10T22:04:40+00:00,37.45311828330159,126.93631997331977,2960.0,2.76,288.4,132,87,186,29,-2.5967280864715576,2.548436403274536,-0.06
2026-07-10T22:04:41+00:00,,,2960.0,2.66,288.4,132,87,187,29,-2.588735818862915,2.465528964996338,-0.06
2026-07-10T22:04:42+00:00,37.453090036287904,126.93630002439022,2964.0,2.66,288.6,132,85,185,29,-2.378711462020874,2.478792905807495,-0.06
2026-07-10T22:04:43+00:00,,,2964.0,2.5,288.79999999999995,132,84,189,29,-2.3081517219543457,2.3339741230010986,-0.04
2026-07-10T22:04:44+00:00,37.453061705455184,126.93628996610641,2967.0,2.5,288.79999999999995,132,77,184,29,-2.085131883621216,2.3478171825408936,-0.04
2026-07-10T22:04:45+00:00,,,2967.0,2.34,288.79999999999995,132,75,186,28,-1.9809703826904297,2.213176965713501,-0.04
2026-07-10T22:04:46+00:00,37.45303496718407,126.9362767226994,2970.0,2.34,288.79999999999995,133,75,175,28,-1.7434779405593872,2.2277400493621826,-0.04
2026-07-10T22:04:47+00:00,,,2970.0,1.86,289.0,131,74,178,28,-1.9033229351043701,1.7554309368133545,-0.02
2026-07-10T22:04:48+00:00,,,2974.0,1.86,289.20000000000005,130,67,149,28,-1.603564977645874,1.7702089548110962,-0.02
2026-07-10T22:04:49+00:00,37.453009989112616,126.93626498803496,2974.0,1.66,289.4,131,65,153,28,-1.461228370666504,1.5863240957260132,-0.02
2026-07-10T22:04:50+00:00,,,2974.0,1.66,289.6,131,62,143,28,-0.9531201720237732,1.6104235649108887,0.0
2026-07-10T22:04:51+00:00,,,2977.0,1.38,289.6,130,60,143,28,-0.5367465615272522,1.3463801145553589,0.0
2026-07-10T22:04:52+00:00,,,2977.0,1.38,289.79999999999995,130,59,124,28,0.07768481224775314,1.373542070388794,0.0
2026-07-10T22:04:53+00:00,37.45299004018307,126.93625333718956,2977.0,1.1,290.0,131,59,126,28,0.8722310662269592,1.1230648756027222,0.0
2026-07-10T22:04:54+00:00,,,2977.0,1.1,290.0,132,58,111,28,1.6468216180801392,1.155043601989746,0.0
2026-07-10T22:04:55+00:00,,,2979.0,0.66,290.20000000000005,132,58,113,28,4.064419746398926,0.7576694488525391,0.02
2026-07-10T22:04:56+00:00,,,2979.0,0.66,290.20000000000005,132,58,90,28,5.359452247619629,0.8003310561180115,0.02
2026-07-10T22:04:57+00:00,,,2979.0,0.48,290.20000000000005,131,56,87,28,9.018315315246582,0.69561767578125,0.04
2026-07-10T22:04:58+00:00,37.45299498550594,126.93621503189206,2979.0,0.48,290.20000000000005,132,53,72,28,10.037495613098145,0.7287322282791138,0.04
2026-07-10T22:04:59+00:00,,,2979.0,1.44,290.4,133,49,64,28,3.7120163440704346,1.6428543329238892,0.04
2026-07-10T22:05:00+00:00,,,2983.0,1.44,290.20000000000005,133,48,119,28,4.054803371429443,1.6662087440490723,0.04
2026-07-10T22:05:01+00:00,,,2983.0,1.0,290.20000000000005,133,48,114,28,6.287085056304932,1.2820338010787964,0.06
2026-07-10T22:05:02+00:00,,,2983.0,1.0,290.20000000000005,133,46,81,28,6.7767815589904785,1.3100727796554565,0.06
2026-07-10T22:05:03+00:00,,,2983.0,0.38,290.20000000000005,133,46,76,28,19.63912582397461,0.8606977462768555,0.06
2026-07-10T22:05:04+00:00,,,2983.0,0.38,290.20000000000005,132,46,32,28,20.962631225585938,0.909106433391571,0.06
2026-07-10T22:05:05+00:00,,,2983.0,0.0,290.20000000000005,132,46,28,28,20.962631225585938,0.0,0.08
2026-07-10T22:05:06+00:00,,,2983.0,0.0,290.20000000000005,132,46,0,28,20.962631225585938,0.0,0.08
2026-07-10T22:05:07+00:00,,,2983.0,0.0,290.20000000000005,131,46,0,28,20.962631225585938,0.0,0.08
2026-07-10T22:05:08+00:00,,,2983.0,0.0,290.4,132,46,0,28,20.962631225585938,0.0,0.06
2026-07-10T22:05:09+00:00,,,2983.0,0.0,290.4,132,46,0,28,20.962631225585938,0.0,0.06
2026-07-10T22:05:10+00:00,,,2983.0,0.0,290.4,132,43,0,28,20.962631225585938,0.0,0.06
2026-07-10T22:05:11+00:00,,,2983.0,0.0,290.4,131,0,0,28,20.962631225585938,0.0,0.06
2026-07-10T22:05:12+00:00,37.45299666188657,126.93618670105934,2983.0,0.0,290.4,131,0,0,28,20.962631225585938,0.0,0.06
2026-07-10T22:05:13+00:00,,,2983.0,0.0,290.4,130,0,0,28,20.962631225585938,0.0,0.06
2026-07-10T22:05:14+00:00,,,2985.0,0.0,290.4,130,0,0,28,20.962631225585938,0.0,0.06
2026-07-10T22:05:15+00:00,,,2985.0,0.44,290.4,128,0,0,28,14.893792152404785,0.83303302526474,0.06
2026-07-10T22:05:16+00:00,,,2985.0,0.44,290.4,128,0,33,28,13.947342872619629,0.7983394265174866,0.06
2026-07-10T22:05:17+00:00,,,2985.0,0.44,290.4,128,0,34,28,13.000893592834473,0.7648358345031738,0.04
2026-07-10T22:05:18+00:00,,,2985.0,0.44,290.4,128,0,33,28,12.054443359375,0.7325572371482849,0.04
2026-07-10T22:05:19+00:00,,,2985.0,0.48,290.4,127,0,31,28,10.182328224182129,0.7335745096206665,0.04
2026-07-10T22:05:20+00:00,,,2985.0,0.48,290.4,126,0,33,28,9.314749717712402,0.7050747871398926,0.04
2026-07-10T22:05:21+00:00,,,2985.0,0.5,290.4,125,0,32,28,8.274779319763184,0.6865447759628296,0.04
2026-07-10T22:05:22+00:00,,,2985.0,0.5,290.4,124,0,33,28,7.337550640106201,0.6581818461418152,0.02
2026-07-10T22:05:23+00:00,,,2985.0,0.48,290.4,124,0,33,28,6.6726765632629395,0.6128989458084106,0.02
2026-07-10T22:05:24+00:00,,,2985.0,0.48,290.4,123,0,31,28,5.695566177368164,0.5871759653091431,0.02
2026-07-10T22:05:25+00:00,,,2985.0,0.36,290.4,123,0,31,28,6.160205841064453,0.4589672088623047,0.02
2026-07-10T22:05:26+00:00,,,2985.0,0.36,290.6,123,0,24,28,4.8845343589782715,0.4343394935131073,0.0
2026-07-10T22:05:27+00:00,,,2985.0,0.3,290.6,122,0,25,28,4.479966640472412,0.34395089745521545,0.0
2026-07-10T22:05:28+00:00,37.453001691028476,126.9362132716924,2985.0,0.3,290.4,121,0,21,28,2.896374225616455,0.3224028944969177,0.0
2026-07-10T22:05:29+00:00,,,2985.0,0.0,290.4,120,0,20,28,2.896374225616455,0.0,0.0
2026-07-10T22:05:30+00:00,,,2987.0,0.0,290.4,119,0,0,28,2.896374225616455,0.0,0.0
2026-07-10T22:05:31+00:00,,,2987.0,0.32,290.4,119,0,0,28,1.3410917520523071,0.3248254954814911,0.0
2026-07-10T22:05:32+00:00,,,2987.0,0.32,290.4,118,0,20,28,1.3975943326950073,0.3254961371421814,0.0
2026-07-10T22:05:33+00:00,,,2987.0,0.34,290.4,116,0,22,28,1.3659698963165283,0.34609586000442505,0.0
2026-07-10T22:05:34+00:00,,,2987.0,0.34,290.4,116,0,25,28,1.4190480709075928,0.34676802158355713,0.0
2026-07-10T22:05:35+00:00,,,2987.0,0.34,290.6,114,0,24,28,1.4721262454986572,0.34744369983673096,0.0
2026-07-10T22:05:36+00:00,,,2987.0,0.34,290.6,114,0,22,28,1.5252046585083008,0.34812283515930176,0.0
2026-07-10T22:05:37+00:00,,,2987.0,0.3,290.6,114,0,24,29,1.736111044883728,0.31895989179611206,0.0
2026-07-10T22:05:38+00:00,,,2987.0,0.3,290.6,114,0,25,29,1.9440158605575562,0.32145804166793823,0.0
2026-07-10T22:05:39+00:00,,,2987.0,0.0,290.6,113,0,27,28,1.9440158605575562,0.0,0.0
2026-07-10T22:05:40+00:00,,,2987.0,0.0,290.6,112,0,0,28,1.9440158605575562,0.0,0.0
2026-07-10T22:05:41+00:00,,,2987.0,0.0,290.6,113,0,0,29,1.9440158605575562,0.0,0.0
2026-07-10T22:05:42+00:00,,,2987.0,0.0,290.6,112,0,0,29,1.9440158605575562,0.0,0.0
2026-07-10T22:05:43+00:00,,,2987.0,0.0,290.6,112,0,0,29,1.9440158605575562,0.0,0.0
2026-07-10T22:05:44+00:00,,,2987.0,0.0,290.6,111,0,0,28,1.9440158605575562,0.0,0.0
2026-07-10T22:05:45+00:00,,,2987.0,0.0,290.6,111,0,0,28,1.9440158605575562,0.0,0.0
2026-07-10T22:05:46+00:00,,,2987.0,0.0,290.6,111,0,0,29,1.9440158605575562,0.0,0.0
2026-07-10T22:05:47+00:00,37.453021723777056,126.93622668273747,2987.0,0.0,290.6,111,0,0,29,1.9440158605575562,0.0,0.0
2026-07-10T22:05:48+00:00,,,2987.0,0.0,290.6,111,0,0,29,1.9440158605575562,0.0,0.0
2026-07-10T22:05:49+00:00,,,2990.0,0.0,290.6,110,0,0,29,1.9440158605575562,0.0,0.0
2026-07-10T22:05:50+00:00,,,2990.0,0.0,290.6,110,0,0,29,1.9440158605575562,0.0,0.0
2026-07-10T22:05:51+00:00,,,2990.0,0.0,290.6,109,0,0,29,1.9440158605575562,0.0,0.0
2026-07-10T22:05:52+00:00,,,2990.0,0.0,290.6,109,0,0,29,1.9440158605575562,0.0,0.0
2026-07-10T22:05:53+00:00,,,2990.0,0.0,290.6,109,0,0,29,1.9440158605575562,0.0,0.0
2026-07-10T22:05:54+00:00,37.45302499271929,126.93620002828538,2990.0,0.0,290.6,109,0,0,29,1.9440158605575562,0.0,0.0
2026-07-10T22:05:55+00:00,,,2990.0,0.0,290.6,109,0,0,29,1.9440158605575562,0.0,0.0
2026-07-10T22:05:56+00:00,,,2992.0,0.0,290.6,108,0,0,29,1.9440158605575562,0.0,0.0
2026-07-10T22:05:57+00:00,,,2992.0,0.3,290.6,108,0,0,29,2.837287187576294,0.3327423930168152,0.0
2026-07-10T22:05:58+00:00,,,2992.0,0.3,290.6,107,0,20,29,2.736727237701416,0.33142751455307007,0.0
2026-07-10T22:05:59+00:00,,,2992.0,0.3,290.6,107,0,21,29,2.6361677646636963,0.3301239013671875,0.0
2026-07-10T22:06:00+00:00,,,2992.0,0.3,290.6,107,0,22,29,2.5356080532073975,0.32883161306381226,0.0
2026-07-10T22:06:01+00:00,,,2992.0,0.3,290.6,107,0,22,29,2.5190157890319824,0.3176654577255249,0.0
2026-07-10T22:06:02+00:00,,,2992.0,0.3,290.6,107,0,21,29,2.288489580154419,0.31484705209732056,0.0
2026-07-10T22:06:03+00:00,,,2992.0,0.3,290.79999999999995,106,0,23,29,2.0579633712768555,0.31208616495132446,0.0
2026-07-10T22:06:04+00:00,,,2992.0,0.3,290.79999999999995,106,0,23,29,1.827437400817871,0.3093828856945038,0.0
2026-07-10T22:06:05+00:00,,,2992.0,0.0,290.79999999999995,107,0,24,29,1.827437400817871,0.0,0.0
2026-07-10T22:06:06+00:00,,,2992.0,0.0,290.79999999999995,107,0,0,29,1.827437400817871,0.0,0.0
2026-07-10T22:06:07+00:00,,,2992.0,0.0,290.79999999999995,107,0,0,29,1.827437400817871,0.0,0.0
2026-07-10T22:06:08+00:00,,,2992.0,0.0,290.79999999999995,107,0,0,29,1.827437400817871,0.0,0.0
2026-07-10T22:06:09+00:00,,,2992.0,0.0,290.79999999999995,107,0,0,29,1.827437400817871,0.0,0.0
2026-07-10T22:06:10+00:00,,,2992.0,0.0,290.79999999999995,108,0,0,29,1.827437400817871,0.0,0.0
2026-07-10T22:06:11+00:00,,,2992.0,0.0,290.79999999999995,107,0,0,29,1.827437400817871,0.0,0.0
2026-07-10T22:06:12+00:00,,,2992.0,0.0,290.79999999999995,107,0,0,29,1.827437400817871,0.0,0.0
2026-07-10T22:06:13+00:00,,,2992.0,0.0,290.79999999999995,106,0,0,29,1.827437400817871,0.0,0.0
2026-07-10T22:06:14+00:00,,,2992.0,0.0,290.79999999999995,106,0,0,29,1.827437400817871,0.0,0.0
2026-07-10T22:06:15+00:00,,,2992.0,0.0,290.79999999999995,106,0,0,29,1.827437400817871,0.0,0.0
2026-07-10T22:06:16+00:00,,,2992.0,0.0,290.79999999999995,105,0,0,29,1.827437400817871,0.0,0.0
2026-07-10T22:06:17+00:00,,,2992.0,0.0,290.79999999999995,105,0,0,29,1.827437400817871,0.0,0.0
2026-07-10T22:06:18+00:00,,,2992.0,0.0,290.79999999999995,104,0,0,29,1.827437400817871,0.0,0.0
2026-07-10T22:06:19+00:00,,,2992.0,0.0,291.0,104,0,0,29,1.827437400817871,0.0,0.0
2026-07-10T22:06:20+00:00,,,2992.0,0.0,291.0,104,0,0,29,1.827437400817871,0.0,0.0
2026-07-10T22:06:21+00:00,,,2992.0,0.0,291.0,105,0,0,29,1.827437400817871,0.0,0.0
2026-07-10T22:06:22+00:00,,,2992.0,0.0,291.0,105,0,0,29,1.827437400817871,0.0,0.0
2026-07-10T22:06:23+00:00,,,2992.0,0.0,291.0,105,0,0,29,1.827437400817871,0.0,0.0
2026-07-10T22:06:24+00:00,,,2992.0,0.0,291.0,104,0,0,29,1.827437400817871,0.0,0.0
2026-07-10T22:06:25+00:00,,,2992.0,0.0,291.0,104,0,0,29,1.827437400817871,0.0,0.0
2026-07-10T22:06:26+00:00,,,2992.0,0.0,291.0,105,0,0,29,1.827437400817871,0.0,0.0
2026-07-10T22:06:27+00:00,,,2992.0,0.0,291.0,106,0,0,29,1.827437400817871,0.0,0.0
2026-07-10T22:06:28+00:00,,,2992.0,0.0,291.0,106,0,0,29,1.827437400817871,0.0,0.0
2026-07-10T22:06:29+00:00,,,2992.0,0.0,291.20000000000005,106,0,0,29,1.827437400817871,0.0,0.0
2026-07-10T22:06:30+00:00,,,2992.0,0.0,291.20000000000005,106,0,0,29,1.827437400817871,0.0,0.0
2026-07-10T22:06:31+00:00,,,2992.0,0.0,291.20000000000005,105,0,0,29,1.827437400817871,0.0,0.0
2026-07-10T22:06:32+00:00,,,2992.0,0.0,291.0,105,0,0,29,1.827437400817871,0.0,0.0
2026-07-10T22:06:33+00:00,,,2992.0,0.0,291.0,105,0,0,29,1.827437400817871,0.0,0.0
2026-07-10T22:06:34+00:00,,,2992.0,0.0,291.0,104,0,0,29,1.827437400817871,0.0,0.0
2026-07-10T22:06:35+00:00,,,2992.0,0.0,291.20000000000005,104,0,0,29,1.827437400817871,0.0,0.0
2026-07-10T22:06:36+00:00,,,2992.0,0.0,291.20000000000005,104,0,0,29,1.827437400817871,0.0,0.0
2026-07-10T22:06:37+00:00,,,2992.0,0.0,291.20000000000005,104,0,0,29,1.827437400817871,0.0,0.0
2026-07-10T22:06:38+00:00,,,2992.0,0.0,291.20000000000005,105,0,0,29,1.827437400817871,0.0,0.0
2026-07-10T22:06:39+00:00,,,2992.0,0.0,291.20000000000005,105,0,0,29,1.827437400817871,0.0,0.0
2026-07-10T22:06:40+00:00,,,2992.0,0.0,291.20000000000005,105,0,0,29,1.827437400817871,0.0,0.0
2026-07-10T22:06:41+00:00,,,2992.0,0.0,291.20000000000005,105,0,0,29,1.827437400817871,0.0,0.0
2026-07-10T22:06:42+00:00,,,2992.0,0.0,291.20000000000005,105,0,0,29,1.827437400817871,0.0,0.0
2026-07-10T22:06:43+00:00,,,2992.0,0.0,291.20000000000005,106,0,0,29,1.827437400817871,0.0,0.0
2026-07-10T22:06:44+00:00,37.45300672017038,126.9361749663949,2992.0,0.0,291.20000000000005,105,0,0,29,1.827437400817871,0.0,0.0
2026-07-10T22:06:45+00:00,,,2992.0,0.0,291.20000000000005,105,0,0,29,1.827437400817871,0.0,0.0
2026-07-10T22:06:46+00:00,37.45299666188657,126.93615334108472,2995.0,0.0,291.20000000000005,105,0,0,29,1.827437400817871,0.0,0.0
2026-07-10T22:06:47+00:00,,,2995.0,1.02,291.20000000000005,105,0,0,29,1.4320852756500244,1.0618271827697754,0.0
2026-07-10T22:06:48+00:00,37.45297998189926,126.93613330833614,2998.0,1.02,291.20000000000005,104,50,70,29,1.5575408935546875,1.0667383670806885,0.0
2026-07-10T22:06:49+00:00,37.452964978292584,126.93611168302596,2998.0,0.94,291.0,103,56,68,29,1.8077878952026367,1.002089023590088,0.0
2026-07-10T22:06:50+00:00,37.452953327447176,126.93608829751611,3000.0,0.94,291.0,103,57,61,29,1.6135914325714111,0.9948660731315613,0.0
2026-07-10T22:06:51+00:00,37.45294167660177,126.93606499582529,3003.0,2.02,290.79999999999995,103,59,59,29,0.6621211171150208,2.065986156463623,0.0
2026-07-10T22:06:52+00:00,37.45293170213699,126.93604496307671,3005.0,2.02,290.79999999999995,103,64,130,29,0.5727367401123047,2.0595834255218506,0.0
2026-07-10T22:06:53+00:00,,,3007.0,2.26,290.6,104,96,127,29,0.43378230929374695,2.283137798309326,0.0
2026-07-10T22:06:54+00:00,37.452916698530316,126.93601168692112,3010.0,2.26,290.4,104,99,140,29,0.3535350263118744,2.2768871784210205,0.0
2026-07-10T22:06:55+00:00,,,3010.0,2.04,290.0,104,100,137,29,0.3029051125049591,2.0507254600524902,0.0
2026-07-10T22:06:56+00:00,37.4528949894011,126.93598167970777,3013.0,2.04,289.79999999999995,104,100,119,29,0.21378299593925476,2.0445544719696045,0.0
2026-07-10T22:06:57+00:00,,,3013.0,1.94,289.6,105,100,116,29,0.13130728900432587,1.9384596347808838,0.0
2026-07-10T22:06:58+00:00,37.452879985794425,126.93594999611378,3017.0,1.94,289.20000000000005,106,94,108,29,-0.3027847111225128,1.9109711647033691,0.0
2026-07-10T22:06:59+00:00,,,3017.0,1.78,289.0,108,90,106,29,-0.802541196346283,1.7250856161117554,0.0
2026-07-10T22:07:00+00:00,37.45287328027189,126.93591001443565,3020.0,1.78,288.79999999999995,109,89,95,29,-1.2758731842041016,1.700615644454956,-0.02
2026-07-10T22:07:01+00:00,37.45287001132965,126.93587673828006,3020.0,1.8,288.6,111,89,94,29,-1.7287256717681885,1.6975759267807007,-0.02
2026-07-10T22:07:02+00:00,37.45286665856838,126.93585000000894,3023.0,1.8,288.20000000000005,111,89,95,29,-2.1967692375183105,1.6760334968566895,-0.02
2026-07-10T22:07:03+00:00,37.45286003686488,126.93582326173782,3026.0,2.14,287.79999999999995,112,89,94,29,-2.2390503883361816,1.9921575784683228,-0.04
2026-07-10T22:07:04+00:00,37.45285827666521,126.93579501472414,3029.0,2.14,287.4,112,89,113,29,-2.6319894790649414,1.9721338748931885,-0.04
2026-07-10T22:07:05+00:00,37.45285333134234,126.93576500751078,3031.0,2.28,286.79999999999995,112,88,112,29,-2.8380002975463867,2.0910990238189697,-0.06
2026-07-10T22:07:06+00:00,37.45285173878074,126.93573667667806,3034.0,2.28,286.6,112,86,120,29,-3.4921600818634033,2.059669017791748,-0.06
2026-07-10T22:07:07+00:00,37.452855007722974,126.93571002222598,3036.0,2.42,286.20000000000005,114,86,120,28,-3.889930486679077,2.1773080825805664,-0.08
2026-07-10T22:07:08+00:00,37.45286498218775,126.93568001501262,3039.0,2.42,286.0,116,85,128,28,-4.5047712326049805,2.1516106128692627,-0.1
2026-07-10T22:07:09+00:00,37.45287328027189,126.93565503694117,3041.0,2.44,285.79999999999995,117,85,128,28,-5.097320556640625,2.138903856277466,-0.12
2026-07-10T22:07:10+00:00,37.45287830941379,126.93563173525035,3044.0,2.44,285.4,118,85,128,28,-5.708407878875732,2.1199827194213867,-0.12
2026-07-10T22:07:11+00:00,37.452879985794425,126.93560667335987,3047.0,2.5,285.4,120,85,129,28,-6.144333362579346,2.169299364089966,-0.14
2026-07-10T22:07:12+00:00,37.45290169492364,126.93557825870812,3049.0,2.5,285.20000000000005,121,85,134,28,-6.738309860229492,2.1561341285705566,-0.16
2026-07-10T22:07:13+00:00,37.45291996747255,126.93555328063667,3051.0,2.42,285.20000000000005,122,85,136,28,-7.607339859008789,2.0656254291534424,-0.18
2026-07-10T22:07:14+00:00,37.4529383238405,126.93552503362298,3054.0,2.42,285.20000000000005,123,85,133,28,-7.921036720275879,2.0626220703125,-0.18
2026-07-10T22:07:15+00:00,37.45295500382781,126.93550667725503,3057.0,2.64,285.0,124,85,137,28,-7.545896530151367,2.2549421787261963,-0.18
2026-07-10T22:07:16+00:00,37.45296330191195,126.93548169918358,3061.0,2.64,284.79999999999995,124,85,153,28,-7.833352565765381,2.2517316341400146,-0.2
2026-07-10T22:07:17+00:00,37.45296833105385,126.93544331006706,3063.0,2.68,284.79999999999995,125,85,156,28,-7.969583034515381,2.29327392578125,-0.2
2026-07-10T22:07:18+00:00,37.45297000743449,126.9354117102921,3065.0,2.68,284.79999999999995,124,85,162,28,-8.251394271850586,2.291233539581299,-0.22
2026-07-10T22:07:19+00:00,,,3069.0,2.74,284.6,125,85,165,28,-8.346622467041016,2.3420050144195557,-0.22
2026-07-10T22:07:20+00:00,37.45297830551863,126.93536829203367,3072.0,2.74,284.4,126,86,170,28,-8.622538566589355,2.340996503829956,-0.22
2026-07-10T22:07:21+00:00,37.452981658279896,126.93534331396222,3072.0,2.68,284.4,126,86,171,28,-9.131747245788574,2.2813191413879395,-0.24
2026-07-10T22:07:22+00:00,,,3076.0,2.68,284.4,126,86,167,28,-8.978869438171387,2.2810163497924805,-0.22
2026-07-10T22:07:23+00:00,37.45297998189926,126.9353149831295,3078.0,2.58,284.6,127,86,169,28,-9.134033203125,2.2044267654418945,-0.22
2026-07-10T22:07:24+00:00,,,3078.0,2.58,284.79999999999995,128,86,166,28,-8.976297378540039,2.204124927520752,-0.22
2026-07-10T22:07:25+00:00,,,3080.0,2.34,285.0,129,86,171,28,-9.722332000732422,2.0022401809692383,-0.22
2026-07-10T22:07:26+00:00,37.45297830551863,126.93528832867742,3080.0,2.34,285.20000000000005,129,86,163,28,-9.548418998718262,2.0010857582092285,-0.22
2026-07-10T22:07:27+00:00,,,3080.0,1.96,285.4,130,86,170,28,-11.248985290527344,1.686016321182251,-0.2
2026-07-10T22:07:28+00:00,,,3083.0,1.96,285.4,130,77,150,28,-11.039450645446777,1.682663083076477,-0.2
2026-07-10T22:07:29+00:00,37.452964978292584,126.9352599978447,3083.0,1.64,285.6,130,70,157,28,-12.956787109375,1.4414758682250977,-0.2
2026-07-10T22:07:30+00:00,,,3083.0,1.64,285.4,132,70,140,28,-11.766958236694336,1.4173426628112793,-0.18
2026-07-10T22:07:31+00:00,,,3086.0,1.46,285.4,131,69,140,28,-11.803393363952637,1.2700775861740112,-0.16
2026-07-10T22:07:32+00:00,37.45294997468591,126.93523996509612,3086.0,1.46,285.20000000000005,133,68,125,28,-10.477682113647461,1.254225730895996,-0.14
2026-07-10T22:07:33+00:00,,,3086.0,1.3,285.20000000000005,134,69,117,28,-10.272393226623535,1.1153126955032349,-0.12
2026-07-10T22:07:34+00:00,37.452936731278896,126.93520828150213,3088.0,1.3,285.0,133,70,99,28,-8.777543067932129,1.1105811595916748,-0.1
2026-07-10T22:07:35+00:00,37.45292826555669,126.93518330343068,3088.0,1.24,284.79999999999995,133,75,90,28,-7.63821268081665,1.0626393556594849,-0.08
2026-07-10T22:07:36+00:00,37.45291996747255,126.9351616781205,3091.0,1.24,284.4,133,75,77,28,-6.072597503662109,1.0768712759017944,-0.06
2026-07-10T22:07:37+00:00,37.45290672406554,126.93513829261065,3094.0,1.48,284.0,133,77,70,28,-3.8018085956573486,1.3249884843826294,-0.04
2026-07-10T22:07:38+00:00,,,3096.0,1.48,283.79999999999995,134,79,80,28,-3.72456431388855,1.327135443687439,-0.04
2026-07-10T22:07:39+00:00,37.452883338555694,126.93511172197759,3098.0,1.68,283.6,134,85,78,28,-3.191338062286377,1.5346958637237549,-0.04
2026-07-10T22:07:40+00:00,37.45286171324551,126.93510501645505,3098.0,1.68,283.20000000000005,133,85,90,28,-3.1237499713897705,1.537102460861206,-0.04
2026-07-10T22:07:41+00:00,37.452834974974394,126.93509495817125,3102.0,1.72,282.79999999999995,133,87,88,28,-2.9848897457122803,1.5788553953170776,-0.04
2026-07-10T22:07:42+00:00,37.452815026044846,126.93508498370647,3104.0,1.72,282.4,134,88,90,28,-2.9188733100891113,1.581350326538086,-0.04
2026-07-10T22:07:43+00:00,37.45278996415436,126.93507668562233,3107.0,2.14,282.0,134,88,90,28,-2.2928969860076904,1.998679757118225,-0.04
2026-07-10T22:07:44+00:00,37.452761717140675,126.93507174029946,3110.0,2.14,281.6,134,88,112,28,-2.2397308349609375,2.001474618911743,-0.04
2026-07-10T22:07:45+00:00,37.45274503715336,126.93506327457726,3113.0,2.36,281.4,135,87,112,28,-1.9744144678115845,2.2324111461639404,-0.04
2026-07-10T22:07:46+00:00,37.452721735462546,126.93505330011249,3116.0,2.36,281.0,136,84,125,28,-2.4134669303894043,2.2065653800964355,-0.04
2026-07-10T22:07:47+00:00,,,3118.0,2.44,280.6,135,83,125,28,-2.771110773086548,2.251378297805786,-0.06
2026-07-10T22:07:48+00:00,37.452693320810795,126.93502672947943,3120.0,2.44,280.20000000000005,134,83,129,28,-3.197141170501709,2.2286651134490967,-0.06
2026-07-10T22:07:49+00:00,,,3120.0,2.36,279.79999999999995,136,83,128,28,-3.7301852703094482,2.139413595199585,-0.08
2026-07-10T22:07:50+00:00,37.45267496444285,126.93500326015055,3124.0,2.36,279.6,136,83,124,28,-4.1701154708862305,2.1204349994659424,-0.08
2026-07-10T22:07:51+00:00,37.45266172103584,126.93498498760164,3124.0,2.3,279.20000000000005,136,80,125,28,-4.769278049468994,2.026569366455078,-0.1
2026-07-10T22:07:52+00:00,,,3127.0,2.3,279.0,135,78,120,28,-5.224123001098633,2.011711359024048,-0.1
2026-07-10T22:07:53+00:00,37.45263498276472,126.93496671505272,3130.0,2.18,278.79999999999995,134,78,121,28,-5.992531776428223,1.8863296508789062,-0.12
2026-07-10T22:07:54+00:00,,,3130.0,2.18,278.6,134,78,114,28,-6.8637824058532715,1.8694745302200317,-0.14
2026-07-10T22:07:55+00:00,37.45261671021581,126.93494500592351,3133.0,2.06,278.6,135,78,115,28,-8.152671813964844,1.761653184890747,-0.16
2026-07-10T22:07:56+00:00,,,3133.0,2.06,278.6,135,78,110,28,-9.071365356445312,1.7600057125091553,-0.18
2026-07-10T22:07:57+00:00,37.45262173935771,126.93491332232952,3136.0,1.88,278.79999999999995,134,78,113,28,-10.951597213745117,1.6209907531738281,-0.2
2026-07-10T22:07:58+00:00,37.45262668468058,126.93488666787744,3136.0,1.88,278.79999999999995,135,78,106,28,-11.957242965698242,1.6385606527328491,-0.22
2026-07-10T22:07:59+00:00,,,3139.0,1.78,278.79999999999995,134,82,111,28,-13.696467399597168,1.5948480367660522,-0.24
2026-07-10T22:08:00+00:00,37.45264168828726,126.93484500981867,3141.0,1.78,278.6,134,83,107,28,-14.761805534362793,1.630415678024292,-0.26
2026-07-10T22:08:01+00:00,37.45265828445554,126.93481827154756,3141.0,1.86,278.6,134,85,110,28,-15.147424697875977,1.7188575267791748,-0.28
2026-07-10T22:08:02+00:00,37.452681669965386,126.9347932934761,3145.0,1.86,278.4,133,85,118,28,-14.81286907196045,1.7056491374969482,-0.26
2026-07-10T22:08:03+00:00,37.45270329527557,126.93476672284305,3148.0,2.1,278.0,133,83,118,28,-12.823649406433105,1.8531297445297241,-0.26
2026-07-10T22:08:04+00:00,37.45272332802415,126.93473503924906,3151.0,2.1,277.6,133,83,132,28,-12.527920722961426,1.844730257987976,-0.26
2026-07-10T22:08:05+00:00,37.4527432769537,126.93469832651317,3151.0,2.54,277.20000000000005,134,83,126,28,-10.153447151184082,2.169093608856201,-0.24
2026-07-10T22:08:06+00:00,37.45276004076004,126.93466831929982,3158.0,2.54,276.79999999999995,134,83,149,28,-9.906997680664062,2.1664416790008545,-0.24
2026-07-10T22:08:07+00:00,37.45276498608291,126.9346399884671,3162.0,2.9,276.6,134,84,143,28,-8.428852081298828,2.4783620834350586,-0.24
2026-07-10T22:08:08+00:00,37.452774960547686,126.93461174145341,3165.0,2.9,276.4,135,84,164,28,-8.214703559875488,2.4795596599578857,-0.22
2026-07-10T22:08:09+00:00,,,3168.0,2.9,276.20000000000005,136,84,162,28,-8.028023719787598,2.472445487976074,-0.22
2026-07-10T22:08:10+00:00,37.452778313308954,126.93457502871752,3171.0,2.9,276.20000000000005,135,84,161,27,-7.950196743011475,2.4731531143188477,-0.22
2026-07-10T22:08:11+00:00,,,3171.0,2.78,276.20000000000005,135,84,161,27,-8.183706283569336,2.377161741256714,-0.22
2026-07-10T22:08:12+00:00,37.45276330970228,126.93453999236226,3174.0,2.78,276.20000000000005,134,84,157,27,-8.102556228637695,2.377744197845459,-0.22
2026-07-10T22:08:13+00:00,37.45274503715336,126.93451669067144,3174.0,2.58,276.4,134,84,161,27,-8.677116394042969,2.1956496238708496,-0.22
2026-07-10T22:08:14+00:00,37.45272332802415,126.93450671620667,3178.0,2.58,276.6,134,84,154,27,-8.589335441589355,2.1958281993865967,-0.22
2026-07-10T22:08:15+00:00,37.452689968049526,126.93450830876827,3180.0,2.54,276.79999999999995,134,85,163,27,-8.601880073547363,2.170166254043579,-0.2
2026-07-10T22:08:16+00:00,37.452664989978075,126.93450671620667,3183.0,2.54,277.0,134,86,173,27,-8.51332950592041,2.1704063415527344,-0.2
2026-07-10T22:08:17+00:00,37.45264504104853,126.93449003621936,3187.0,2.62,277.0,133,88,183,27,-8.167189598083496,2.2404532432556152,-0.2
2026-07-10T22:08:18+00:00,,,3189.0,2.62,276.79999999999995,133,91,193,27,-7.509785175323486,2.246826171875,-0.18
2026-07-10T22:08:19+00:00,37.45263330638409,126.93447000347078,3192.0,2.64,276.6,134,92,196,27,-6.8263258934021,2.2664942741394043,-0.16
2026-07-10T22:08:20+00:00,,,3192.0,2.64,276.4,134,90,193,27,-6.172730922698975,2.2813620567321777,-0.16
2026-07-10T22:08:21+00:00,37.452631713822484,126.93443002179265,3194.0,2.44,276.20000000000005,134,89,185,27,-5.945374965667725,2.1222567558288574,-0.14
2026-07-10T22:08:22+00:00,,,3194.0,2.44,275.79999999999995,133,87,165,27,-5.241591930389404,2.1429126262664795,-0.12
2026-07-10T22:08:23+00:00,37.45261503383517,126.9344116654247,3198.0,2.38,275.4,132,86,156,27,-4.64786434173584,2.1106510162353516,-0.1
2026-07-10T22:08:24+00:00,,,3198.0,2.38,275.0,132,85,143,27,-3.9263381958007812,2.139728546142578,-0.08
2026-07-10T22:08:25+00:00,37.45258167386055,126.9343949854374,3200.0,2.26,274.6,133,83,135,27,-3.3861515522003174,2.046323537826538,-0.06
2026-07-10T22:08:26+00:00,,,3200.0,2.26,274.20000000000005,134,83,122,27,-3.8549304008483887,2.025813102722168,-0.08
2026-07-10T22:08:27+00:00,37.452559964731336,126.93437671288848,3204.0,2.22,273.79999999999995,133,83,120,27,-4.384521007537842,1.9781533479690552,-0.08
2026-07-10T22:08:28+00:00,37.45253833942115,126.93437000736594,3204.0,2.22,273.4,134,83,117,27,-4.860111713409424,1.961607575416565,-0.1
2026-07-10T22:08:29+00:00,37.45251000858843,126.93436497822404,3207.0,2.14,273.20000000000005,135,83,116,27,-5.5636372566223145,1.861916422843933,-0.1
2026-07-10T22:08:30+00:00,37.45249173603952,126.93435332737863,3210.0,2.14,273.0,136,83,111,27,-6.059323310852051,1.8500772714614868,-0.12
2026-07-10T22:08:31+00:00,37.45247329585254,126.93434167653322,3213.0,2.2,272.79999999999995,137,83,111,27,-6.347883701324463,1.9046880006790161,-0.12
2026-07-10T22:08:32+00:00,37.452458292245865,126.93432172760367,3215.0,2.2,272.6,136,83,115,27,-6.82875919342041,1.8958868980407715,-0.14
2026-07-10T22:08:33+00:00,,,3217.0,2.2,272.6,135,83,116,27,-7.310115814208984,1.8889660835266113,-0.16
2026-07-10T22:08:34+00:00,37.45244001969695,126.9343016948551,3220.0,2.2,272.79999999999995,136,81,119,27,-7.231569290161133,1.8899667263031006,-0.14
2026-07-10T22:08:35+00:00,,,3220.0,2.14,272.79999999999995,137,78,122,27,-7.3882598876953125,1.8279470205307007,-0.14
2026-07-10T22:08:36+00:00,37.45241998694837,126.93428669124842,3223.0,2.14,273.0,137,77,123,27,-7.307130813598633,1.8288986682891846,-0.14
2026-07-10T22:08:37+00:00,,,3223.0,1.82,273.20000000000005,136,70,132,27,-8.456995010375977,1.555309772491455,-0.14
2026-07-10T22:08:38+00:00,,,3225.0,1.82,273.4,136,70,120,27,-8.362143516540527,1.5555871725082397,-0.14
2026-07-10T22:08:39+00:00,,,3225.0,1.6,273.4,136,70,129,27,-9.404151916503906,1.367741346359253,-0.14
2026-07-10T22:08:40+00:00,,,3225.0,1.6,273.6,135,70,122,27,-9.296257019042969,1.3674291372299194,-0.14
2026-07-10T22:08:41+00:00,,,3225.0,0.3,273.6,135,70,131,27,-49.004024505615234,0.796406090259552,-0.14
2026-07-10T22:08:42+00:00,,,3225.0,0.3,273.79999999999995,135,70,57,27,-48.61436080932617,0.7910746932029724,-0.14
2026-07-10T22:08:43+00:00,,,3225.0,0.0,273.79999999999995,135,66,59,27,-48.61436080932617,0.0,-0.14
2026-07-10T22:08:44+00:00,,,3225.0,0.0,273.79999999999995,135,0,0,27,-48.61436080932617,0.0,-0.14
2026-07-10T22:08:45+00:00,,,3225.0,0.0,273.79999999999995,134,0,0,27,-48.61436080932617,0.0,-0.14
2026-07-10T22:08:46+00:00,,,3225.0,0.0,273.79999999999995,135,0,0,27,-48.61436080932617,0.0,-0.14
2026-07-10T22:08:47+00:00,,,3225.0,0.0,274.0,134,43,0,27,-48.61436080932617,0.0,-0.12
2026-07-10T22:08:48+00:00,37.45240171439946,126.93427671678364,3225.0,0.0,274.0,135,49,0,27,-48.61436080932617,0.0,-0.12
2026-07-10T22:08:49+00:00,,,3225.0,0.52,274.20000000000005,135,49,0,27,-26.471311569213867,0.7043208479881287,-0.12
2026-07-10T22:08:50+00:00,37.45238168165088,126.93427830934525,3227.0,0.52,274.20000000000005,136,52,54,27,-23.69944953918457,0.6338427066802979,-0.12
2026-07-10T22:08:51+00:00,,,3227.0,0.76,274.4,135,56,54,27,-14.515546798706055,0.6832587122917175,-0.1
2026-07-10T22:08:52+00:00,37.45235997252166,126.9342649821192,3230.0,0.76,274.4,134,56,69,27,-12.597559928894043,0.6595184206962585,-0.08
2026-07-10T22:08:53+00:00,,,3230.0,1.22,274.6,133,56,72,27,-6.6207594871521,1.0447040796279907,-0.08
2026-07-10T22:08:54+00:00,,,3232.0,1.22,274.79999999999995,133,56,106,27,-5.429545879364014,1.0597187280654907,-0.06
2026-07-10T22:08:55+00:00,,,3232.0,1.12,274.79999999999995,132,56,112,27,-4.6253485679626465,0.9847694635391235,-0.04
2026-07-10T22:08:56+00:00,,,3232.0,1.12,275.0,132,56,108,27,-3.329411029815674,1.0108067989349365,-0.02
2026-07-10T22:08:57+00:00,37.452344968914986,126.93423170596361,3232.0,0.0,275.0,131,56,107,27,-3.329411029815674,0.0,-0.02
2026-07-10T22:08:58+00:00,37.45232996530831,126.93420832045376,3232.0,0.0,275.20000000000005,131,56,0,27,-3.329411029815674,0.0,0.0
2026-07-10T22:08:59+00:00,37.4523167219013,126.93418669514358,3236.0,1.6,275.4,131,56,0,27,0.5226283669471741,1.6285310983657837,0.0
2026-07-10T22:09:00+00:00,37.45230498723686,126.93416833877563,3238.0,1.6,275.79999999999995,130,56,145,27,1.4868907928466797,1.6854896545410156,0.02
2026-07-10T22:09:01+00:00,,,3241.0,2.46,276.0,130,54,152,27,1.5948740243911743,2.6017820835113525,0.02
2026-07-10T22:09:02+00:00,37.45228327810764,126.93414830602705,3243.0,2.46,276.20000000000005,130,53,210,27,2.2226643562316895,2.664034366607666,0.04
2026-07-10T22:09:03+00:00,,,3243.0,2.2,276.4,130,53,211,27,3.186624765396118,2.474250555038452,0.06
2026-07-10T22:09:04+00:00,37.45227003470063,126.93413170985878,3246.0,2.2,276.4,131,52,194,27,3.88860821723938,2.5458590984344482,0.08
2026-07-10T22:09:05+00:00,,,3246.0,1.88,276.4,133,52,193,27,5.371148109436035,2.3159704208374023,0.1
2026-07-10T22:09:06+00:00,37.45225000195205,126.93410002626479,3248.0,1.88,276.4,132,52,169,27,5.451271057128906,2.323988199234009,0.1
2026-07-10T22:09:07+00:00,37.452263329178095,126.93407831713557,3248.0,1.74,276.20000000000005,131,52,163,27,6.010647296905518,2.1911911964416504,0.1
2026-07-10T22:09:08+00:00,37.4522749800235,126.93405669182539,3251.0,1.74,276.0,132,52,147,27,6.097630500793457,2.199549913406372,0.1
2026-07-10T22:09:09+00:00,,,3254.0,1.98,275.79999999999995,133,60,134,27,5.403804302215576,2.442596435546875,0.1
2026-07-10T22:09:10+00:00,37.452288307249546,126.9340199790895,3256.0,1.98,275.6,133,72,139,27,5.479577541351318,2.450598955154419,0.1
2026-07-10T22:09:11+00:00,37.452313285321,126.93398502655327,3256.0,1.94,275.20000000000005,133,76,128,27,5.699426651000977,2.411573648452759,0.1
2026-07-10T22:09:12+00:00,,,3260.0,1.94,275.0,134,79,116,27,5.777396202087402,2.4197614192962646,0.1
2026-07-10T22:09:13+00:00,37.45233331806958,126.93394169211388,3264.0,2.62,274.6,134,79,110,27,4.329657077789307,3.076115369796753,0.1
2026-07-10T22:09:14+00:00,37.452336670830846,126.93391830660403,3264.0,2.62,274.20000000000005,132,79,150,27,3.9002926349639893,3.021768808364868,0.1
2026-07-10T22:09:15+00:00,,,3268.0,2.44,273.79999999999995,133,79,146,27,3.710453510284424,2.8030128479003906,0.08
2026-07-10T22:09:16+00:00,37.452336670830846,126.93389332853258,3270.0,2.44,273.4,135,79,132,27,3.250713586807251,2.751235246658325,0.06
2026-07-10T22:09:17+00:00,,,3270.0,2.14,273.20000000000005,136,76,131,27,3.197171926498413,2.3965375423431396,0.06
2026-07-10T22:09:18+00:00,37.452348321676254,126.9338682666421,3273.0,2.14,273.20000000000005,136,74,112,27,2.6694672107696533,2.346935749053955,0.04
2026-07-10T22:09:19+00:00,,,3273.0,1.96,273.20000000000005,136,74,113,27,2.341191291809082,2.1213736534118652,0.04
2026-07-10T22:09:20+00:00,37.452365001663566,126.9338299613446,3275.0,1.96,273.20000000000005,137,80,104,27,1.764775276184082,2.0754592418670654,0.02
2026-07-10T22:09:21+00:00,37.45237003080547,126.93380003795028,3275.0,1.88,273.20000000000005,139,83,105,27,1.2326072454452515,1.9621635675430298,0.02
2026-07-10T22:09:22+00:00,37.45238000527024,126.93376667797565,3279.0,1.88,273.0,140,85,102,27,0.5405610799789429,1.9147087335586548,0.0
2026-07-10T22:09:23+00:00,37.45237832888961,126.9337416999042,3282.0,2.02,272.79999999999995,140,85,104,27,-0.14034275710582733,2.0106818675994873,0.0
2026-07-10T22:09:24+00:00,37.45238327421248,126.93371831439435,3285.0,2.02,272.6,140,85,116,27,-0.7831382751464844,1.9699230194091797,0.0
2026-07-10T22:09:25+00:00,37.45239827781916,126.93368503823876,3287.0,2.22,272.6,141,85,120,27,-1.30510675907135,2.121541976928711,-0.02
2026-07-10T22:09:26+00:00,37.4524100124836,126.93365167826414,3289.0,2.22,272.4,139,84,135,27,-1.8926392793655396,2.086366891860962,-0.04
2026-07-10T22:09:27+00:00,37.452416718006134,126.93362326361239,3293.0,2.36,272.4,138,84,137,27,-2.3132827281951904,2.212310791015625,-0.04
2026-07-10T22:09:28+00:00,37.452421663329005,126.93359669297934,3296.0,2.36,272.4,138,85,148,27,-2.861698865890503,2.181962251663208,-0.06
2026-07-10T22:09:29+00:00,37.452425016090274,126.93357003852725,3298.0,2.5,272.4,138,85,147,27,-3.232269287109375,2.281625986099243,-0.08
2026-07-10T22:09:30+00:00,37.452429961413145,126.93354673683643,3301.0,2.5,272.4,137,86,156,27,-3.6501963138580322,2.26060152053833,-0.08
2026-07-10T22:09:31+00:00,37.452438259497285,126.93351999856532,3303.0,2.48,272.4,136,86,157,27,-4.102195739746094,2.2218000888824463,-0.1
2026-07-10T22:09:32+00:00,,,3305.0,2.48,272.4,136,85,158,27,-4.523492813110352,2.204209804534912,-0.1
2026-07-10T22:09:33+00:00,37.452458292245865,126.93348999135196,3308.0,2.44,272.6,135,84,162,27,-5.026280403137207,2.1501359939575195,-0.12
2026-07-10T22:09:34+00:00,37.452466674149036,126.93346668966115,3308.0,2.44,272.6,135,83,163,27,-5.4540557861328125,2.136200189590454,-0.12
2026-07-10T22:09:35+00:00,37.452474972233176,126.9334417115897,3311.0,2.26,272.6,136,83,166,27,-6.380377769470215,1.9473072290420532,-0.14
2026-07-10T22:09:36+00:00,37.45248503051698,126.93341673351824,3314.0,2.26,272.6,136,83,156,27,-6.8447418212890625,1.9387092590332031,-0.14
2026-07-10T22:09:37+00:00,37.452483270317316,126.93338328972459,3316.0,2.28,272.6,137,83,157,27,-7.245628833770752,1.9499133825302124,-0.16
2026-07-10T22:09:38+00:00,37.452486706897616,126.93334666080773,3318.0,2.28,272.6,138,83,158,27,-6.827307224273682,1.9562350511550903,-0.14
2026-07-10T22:09:39+00:00,37.452495004981756,126.93331497721374,3321.0,2.36,272.6,137,83,158,27,-6.138564586639404,2.0566320419311523,-0.14
2026-07-10T22:09:40+00:00,37.452503303065896,126.93328497000039,3325.0,2.36,272.6,137,83,166,27,-5.73829460144043,2.066819667816162,-0.12
2026-07-10T22:09:41+00:00,37.45251327753067,126.9332567229867,3328.0,2.52,272.6,137,84,166,27,-5.0191545486450195,2.220886707305908,-0.12
2026-07-10T22:09:42+00:00,37.45253833942115,126.93322830833495,3330.0,2.52,272.6,136,84,176,27,-4.643086910247803,2.234994411468506,-0.1
2026-07-10T22:09:43+00:00,37.452555019408464,126.93320173770189,3333.0,2.56,272.79999999999995,137,84,177,27,-4.215702056884766,2.2794713973999023,-0.1
2026-07-10T22:09:44+00:00,,,3337.0,2.56,272.79999999999995,137,84,178,27,-3.8433139324188232,2.2964718341827393,-0.08
2026-07-10T22:09:45+00:00,37.45256499387324,126.93317332305014,3340.0,2.68,272.79999999999995,136,84,179,27,-3.3149290084838867,2.4321956634521484,-0.08
2026-07-10T22:09:46+00:00,,,3340.0,2.68,272.79999999999995,136,82,187,27,-2.9747345447540283,2.451490640640259,-0.06
2026-07-10T22:09:47+00:00,,,3343.0,2.44,272.6,137,82,187,27,-2.8813862800598145,2.2453384399414062,-0.06
2026-07-10T22:09:48+00:00,37.4525582883507,126.93312831223011,3343.0,2.44,272.6,137,82,171,27,-2.509124279022217,2.266177177429199,-0.06
2026-07-10T22:09:49+00:00,,,3343.0,1.92,272.6,138,78,168,27,-2.728384494781494,1.764204740524292,-0.04
2026-07-10T22:09:50+00:00,,,3347.0,1.92,272.6,137,78,130,27,-2.2513954639434814,1.7858136892318726,-0.04
2026-07-10T22:09:51+00:00,,,3347.0,1.66,272.6,137,78,128,27,-2.055664539337158,1.550789713859558,-0.02
2026-07-10T22:09:52+00:00,,,3347.0,1.66,272.6,136,78,110,27,-1.5040650367736816,1.574822187423706,-0.02
2026-07-10T22:09:53+00:00,,,3347.0,0.44,272.6,135,78,110,27,-3.650576591491699,0.3888202905654907,0.0
2026-07-10T22:09:54+00:00,,,3347.0,0.44,272.6,136,77,25,27,-2.999934196472168,0.3945727050304413,0.0
2026-07-10T22:09:55+00:00,37.452579997479916,126.93312998861074,3347.0,0.86,272.4,135,63,25,27,-1.1881359815597534,0.8188036680221558,0.0
2026-07-10T22:09:56+00:00,,,3347.0,0.86,272.4,135,60,53,27,-0.8593166470527649,0.8269833922386169,0.0
2026-07-10T22:09:57+00:00,,,3349.0,1.54,272.4,134,54,52,27,-0.29398924112319946,1.5153456926345825,0.0
2026-07-10T22:09:58+00:00,37.452600030228496,126.93312328308821,3349.0,1.54,272.20000000000005,134,54,98,27,-0.11167755722999573,1.5243744850158691,0.0
2026-07-10T22:09:59+00:00,,,3349.0,1.16,272.20000000000005,134,53,98,27,0.09332436323165894,1.17363703250885,0.0
2026-07-10T22:10:00+00:00,,,3351.0,1.16,272.20000000000005,133,51,74,27,0.33268848061561584,1.1831415891647339,0.0
2026-07-10T22:10:01+00:00,,,3351.0,0.86,272.20000000000005,133,49,74,27,0.7864260077476501,0.8731400370597839,0.0
2026-07-10T22:10:02+00:00,,,3351.0,0.86,272.4,134,49,52,27,0.5392791032791138,0.865654468536377,0.0
2026-07-10T22:10:03+00:00,,,3351.0,0.56,272.4,133,48,54,27,0.45071229338645935,0.5584244132041931,0.0
2026-07-10T22:10:04+00:00,,,3351.0,0.56,272.4,132,48,35,27,0.06875785440206528,0.5512579679489136,0.0
2026-07-10T22:10:05+00:00,,,3351.0,0.38,272.4,131,47,35,27,-0.45441746711730957,0.37442654371261597,0.0
2026-07-10T22:10:06+00:00,,,3351.0,0.38,272.20000000000005,130,47,24,27,-1.0072461366653442,0.3680458664894104,0.0
2026-07-10T22:10:07+00:00,,,3351.0,0.3,272.20000000000005,130,47,24,27,-2.045686721801758,0.2726364731788635,0.0
2026-07-10T22:10:08+00:00,,,3351.0,0.3,272.20000000000005,129,47,18,27,-2.770082950592041,0.2675885856151581,0.0
2026-07-10T22:10:09+00:00,,,3351.0,0.0,272.20000000000005,129,47,18,27,-2.770082950592041,0.0,0.0
2026-07-10T22:10:10+00:00,,,3351.0,0.0,272.20000000000005,128,47,0,27,-2.770082950592041,0.0,0.0
2026-07-10T22:10:11+00:00,,,3351.0,0.0,272.20000000000005,127,50,0,27,-2.770082950592041,0.0,0.0
2026-07-10T22:10:12+00:00,,,3351.0,0.0,272.20000000000005,127,51,0,27,-2.770082950592041,0.0,0.0
2026-07-10T22:10:13+00:00,,,3351.0,0.0,272.20000000000005,127,51,0,27,-2.770082950592041,0.0,0.0
2026-07-10T22:10:14+00:00,,,3351.0,0.0,272.20000000000005,127,51,0,27,-2.770082950592041,0.0,-0.02
2026-07-10T22:10:15+00:00,37.45261671021581,126.93311330862343,3351.0,0.34,272.20000000000005,125,51,0,27,-6.87762975692749,0.2842647433280945,-0.02
2026-07-10T22:10:16+00:00,,,3351.0,0.34,272.20000000000005,124,51,22,27,-7.511871337890625,0.2829938232898712,-0.02
2026-07-10T22:10:17+00:00,,,3353.0,0.42,272.20000000000005,122,51,24,27,-6.55662727355957,0.354209303855896,-0.02
2026-07-10T22:10:18+00:00,,,3353.0,0.42,272.20000000000005,121,51,32,27,-6.087978363037109,0.35599789023399353,-0.02
2026-07-10T22:10:19+00:00,,,3353.0,0.38,272.4,121,0,32,27,-6.225264072418213,0.3207622170448303,-0.02
2026-07-10T22:10:20+00:00,,,3353.0,0.38,272.20000000000005,120,49,29,27,-5.705430507659912,0.32280850410461426,-0.02
2026-07-10T22:10:21+00:00,,,3353.0,0.0,272.20000000000005,120,0,27,27,-5.705430507659912,0.0,0.0
2026-07-10T22:10:22+00:00,,,3353.0,0.0,272.20000000000005,120,0,0,27,-5.705430507659912,0.0,0.0
2026-07-10T22:10:23+00:00,,,3353.0,0.0,272.20000000000005,119,0,0,27,-5.705430507659912,0.0,0.0
2026-07-10T22:10:24+00:00,,,3353.0,0.0,272.20000000000005,118,0,0,27,-5.705430507659912,0.0,0.0
2026-07-10T22:10:25+00:00,,,3353.0,0.0,272.20000000000005,118,0,0,27,-5.705430507659912,0.0,0.0
2026-07-10T22:10:26+00:00,,,3353.0,0.0,272.4,118,0,0,27,-5.705430507659912,0.0,0.0
2026-07-10T22:10:27+00:00,,,3353.0,0.0,272.4,117,0,0,27,-5.705430507659912,0.0,0.0
2026-07-10T22:10:28+00:00,,,3353.0,0.0,272.4,117,0,0,27,-5.705430507659912,0.0,0.0
2026-07-10T22:10:29+00:00,,,3353.0,0.0,272.4,117,0,0,27,-5.705430507659912,0.0,0.0
2026-07-10T22:10:30+00:00,,,3353.0,0.0,272.4,116,0,0,27,-5.705430507659912,0.0,0.0
2026-07-10T22:10:31+00:00,,,3353.0,0.0,272.4,116,0,0,27,-5.705430507659912,0.0,0.0
2026-07-10T22:10:32+00:00,,,3353.0,0.0,272.4,116,0,0,27,-5.705430507659912,0.0,0.0
2026-07-10T22:10:33+00:00,,,3353.0,0.0,272.4,116,0,0,27,-5.705430507659912,0.0,0.0
2026-07-10T22:10:34+00:00,,,3353.0,0.0,272.6,116,0,0,27,-5.705430507659912,0.0,0.0
2026-07-10T22:10:35+00:00,,,3353.0,0.0,272.6,116,0,0,27,-5.705430507659912,0.0,0.0
2026-07-10T22:10:36+00:00,,,3353.0,0.0,272.6,115,0,0,27,-5.705430507659912,0.0,0.0
2026-07-10T22:10:37+00:00,,,3353.0,0.0,272.6,114,0,0,27,-5.705430507659912,0.0,0.0
2026-07-10T22:10:38+00:00,,,3353.0,0.0,272.6,114,0,0,27,-5.705430507659912,0.0,0.0
2026-07-10T22:10:39+00:00,,,3353.0,0.0,272.6,114,0,0,27,-5.705430507659912,0.0,0.0
2026-07-10T22:10:40+00:00,,,3353.0,0.0,272.4,114,0,0,27,-5.705430507659912,0.0,0.0
2026-07-10T22:10:41+00:00,,,3353.0,0.0,272.6,113,0,0,27,-5.705430507659912,0.0,0.0
2026-07-10T22:10:42+00:00,,,3353.0,0.0,272.4,113,0,0,27,-5.705430507659912,0.0,0.0
2026-07-10T22:10:43+00:00,,,3353.0,0.0,272.4,113,0,0,27,-5.705430507659912,0.0,0.0
2026-07-10T22:10:44+00:00,,,3353.0,0.0,272.4,112,0,0,27,-5.705430507659912,0.0,0.0
2026-07-10T22:10:45+00:00,,,3353.0,0.0,272.4,112,0,0,27,-5.705430507659912,0.0,0.0
2026-07-10T22:10:46+00:00,,,3353.0,0.0,272.4,112,0,0,27,-5.705430507659912,0.0,0.0
2026-07-10T22:10:47+00:00,,,3353.0,0.0,272.4,112,0,0,27,-5.705430507659912,0.0,0.0
2026-07-10T22:10:48+00:00,,,3353.0,0.0,272.4,111,0,0,27,-5.705430507659912,0.0,0.0
2026-07-10T22:10:49+00:00,,,3353.0,0.0,272.4,110,0,0,27,-5.705430507659912,0.0,0.0
2026-07-10T22:10:50+00:00,,,3353.0,0.0,272.4,109,0,0,27,-5.705430507659912,0.0,0.0
2026-07-10T22:10:51+00:00,,,3353.0,0.0,272.4,108,0,0,27,-5.705430507659912,0.0,0.0
2026-07-10T22:10:52+00:00,,,3353.0,0.0,272.4,107,0,0,27,-5.705430507659912,0.0,0.0
2026-07-10T22:10:53+00:00,,,3353.0,0.0,272.6,107,0,0,27,-5.705430507659912,0.0,0.0
2026-07-10T22:10:54+00:00,,,3353.0,0.0,272.6,107,0,0,27,-5.705430507659912,0.0,0.0
2026-07-10T22:10:55+00:00,,,3353.0,0.0,272.6,108,0,0,27,-5.705430507659912,0.0,0.0
2026-07-10T22:10:56+00:00,,,3353.0,0.0,272.6,108,0,0,27,-5.705430507659912,0.0,0.0
2026-07-10T22:10:57+00:00,,,3353.0,0.0,272.6,109,0,0,27,-5.705430507659912,0.0,0.0
2026-07-10T22:10:58+00:00,,,3353.0,0.0,272.6,109,0,0,27,-5.705430507659912,0.0,0.0
2026-07-10T22:10:59+00:00,,,3353.0,0.0,272.6,109,0,0,27,-5.705430507659912,0.0,0.0
2026-07-10T22:11:00+00:00,,,3353.0,0.0,272.6,109,0,0,27,-5.705430507659912,0.0,0.0
2026-07-10T22:11:01+00:00,,,3353.0,0.0,272.6,109,0,0,27,-5.705430507659912,0.0,0.0
2026-07-10T22:11:02+00:00,,,3353.0,0.0,272.6,109,0,0,27,-5.705430507659912,0.0,0.0
2026-07-10T22:11:03+00:00,,,3353.0,0.0,272.6,109,0,0,27,-5.705430507659912,0.0,0.0
2026-07-10T22:11:04+00:00,,,3353.0,0.0,272.6,109,0,0,27,-5.705430507659912,0.0,0.0
2026-07-10T22:11:05+00:00,,,3353.0,0.0,272.6,109,0,0,27,-5.705430507659912,0.0,0.0
2026-07-10T22:11:06+00:00,,,3353.0,0.0,272.79999999999995,108,0,0,27,-5.705430507659912,0.0,0.0
2026-07-10T22:11:07+00:00,,,3353.0,0.0,272.79999999999995,108,0,0,27,-5.705430507659912,0.0,0.0
2026-07-10T22:11:08+00:00,,,3353.0,0.0,272.79999999999995,108,0,0,27,-5.705430507659912,0.0,0.0
2026-07-10T22:11:09+00:00,,,3353.0,0.0,272.79999999999995,108,0,0,27,-5.705430507659912,0.0,0.0
2026-07-10T22:11:10+00:00,,,3353.0,0.0,272.79999999999995,108,0,0,27,-5.705430507659912,0.0,0.0
2026-07-10T22:11:11+00:00,,,3353.0,0.0,272.79999999999995,107,0,0,27,-5.705430507659912,0.0,0.0
2026-07-10T22:11:12+00:00,,,3353.0,0.0,272.79999999999995,106,0,0,27,-5.705430507659912,0.0,0.0
2026-07-10T22:11:13+00:00,,,3353.0,0.0,272.79999999999995,105,0,0,27,-5.705430507659912,0.0,0.0
2026-07-10T22:11:14+00:00,,,3353.0,0.0,272.79999999999995,105,0,0,27,-5.705430507659912,0.0,0.0
2026-07-10T22:11:15+00:00,,,3353.0,0.0,272.79999999999995,105,55,0,27,-5.705430507659912,0.0,0.0
2026-07-10T22:11:16+00:00,,,3353.0,0.0,272.79999999999995,105,61,0,27,-5.705430507659912,0.0,0.0
2026-07-10T22:11:17+00:00,37.452600030228496,126.93314826115966,3353.0,0.0,272.79999999999995,106,61,0,27,-5.705430507659912,0.0,0.0
2026-07-10T22:11:18+00:00,37.45258670300245,126.93316670134664,3353.0,0.0,272.79999999999995,107,61,0,27,-5.705430507659912,0.0,0.0
2026-07-10T22:11:19+00:00,,,3357.0,1.64,272.79999999999995,107,62,0,27,0.8467822670936584,1.6779367923736572,0.0
2026-07-10T22:11:20+00:00,,,3359.0,1.64,272.79999999999995,107,62,110,27,0.9121311902999878,1.681819200515747,0.0
2026-07-10T22:11:21+00:00,37.452559964731336,126.93319503217936,3359.0,2.02,273.0,107,62,111,27,0.7927358746528625,2.0651772022247314,0.0
2026-07-10T22:11:22+00:00,,,3359.0,2.02,273.0,107,62,140,27,0.7966897487640381,2.0654642581939697,0.0
2026-07-10T22:11:23+00:00,,,3363.0,0.76,273.20000000000005,107,62,141,27,2.1175127029418945,0.819735586643219,0.0
2026-07-10T22:11:24+00:00,,,3363.0,0.76,273.20000000000005,106,62,59,27,2.127948522567749,0.8200616240501404,0.0
2026-07-10T22:11:25+00:00,,,3363.0,0.48,273.20000000000005,106,0,62,27,3.457864284515381,0.5343994498252869,0.0
2026-07-10T22:11:26+00:00,,,3363.0,0.48,273.4,105,0,47,27,3.4747567176818848,0.5347655415534973,0.0
2026-07-10T22:11:27+00:00,37.45258167386055,126.93318673409522,3363.0,0.48,273.4,105,62,49,27,3.4189391136169434,0.544910192489624,0.0
2026-07-10T22:11:28+00:00,,,3363.0,0.48,273.4,105,62,53,27,3.4354794025421143,0.5452750325202942,0.0
2026-07-10T22:11:29+00:00,37.45259500108659,126.93315831944346,3366.0,0.88,273.4,106,0,54,27,1.904571771621704,0.9308429956436157,0.0
2026-07-10T22:11:30+00:00,,,3366.0,0.88,273.4,105,0,76,27,2.1064302921295166,0.9379855990409851,0.0
2026-07-10T22:11:31+00:00,37.452611681073904,126.93312998861074,3368.0,1.56,273.20000000000005,105,0,71,27,1.2960741519927979,1.6214690208435059,0.02
2026-07-10T22:11:32+00:00,,,3368.0,1.56,273.20000000000005,106,49,112,27,1.4093754291534424,1.6281821727752686,0.02
2026-07-10T22:11:33+00:00,37.452631713822484,126.9331050105393,3372.0,1.56,273.0,105,55,107,27,1.5230172872543335,1.6349905729293823,0.02
2026-07-10T22:11:34+00:00,37.452631713822484,126.93307827226818,3372.0,1.56,273.0,106,55,102,27,1.6364320516586304,1.6418601274490356,0.02
2026-07-10T22:11:35+00:00,37.45263330638409,126.93305497057736,3375.0,1.56,273.0,106,55,100,27,1.7390810251235962,1.6587750911712646,0.02
2026-07-10T22:11:36+00:00,,,3377.0,1.56,273.0,106,55,100,27,1.8516559600830078,1.665779709815979,0.02
2026-07-10T22:11:37+00:00,37.45263003744185,126.933024963364,3379.0,1.74,273.20000000000005,106,55,101,27,1.7613377571105957,1.8517104387283325,0.02
2026-07-10T22:11:38+00:00,,,3379.0,1.74,273.20000000000005,106,56,115,27,1.6385470628738403,1.8432650566101074,0.02
2026-07-10T22:11:39+00:00,,,3382.0,1.66,273.20000000000005,107,57,116,27,1.5977853536605835,1.7452857494354248,0.02
2026-07-10T22:11:40+00:00,37.452628277242184,126.93299830891192,3382.0,1.66,273.4,108,57,110,27,1.4684267044067383,1.7369823455810547,0.02
2026-07-10T22:11:41+00:00,,,3382.0,1.48,273.4,110,57,114,27,1.492445945739746,1.5593963861465454,0.02
2026-07-10T22:11:42+00:00,,,3384.0,1.48,273.6,111,57,109,27,1.3475053310394287,1.5511423349380493,0.0
2026-07-10T22:11:43+00:00,,,3384.0,0.62,273.6,110,57,116,27,2.8720195293426514,0.688611626625061,0.0
2026-07-10T22:11:44+00:00,37.452608328312635,126.93301498889923,3384.0,0.62,273.79999999999995,110,57,65,27,2.5267226696014404,0.6793504357337952,0.0
2026-07-10T22:11:45+00:00,,,3384.0,0.88,273.79999999999995,111,57,67,27,1.5540872812271118,0.9187565445899963,0.0
2026-07-10T22:11:46+00:00,37.45259332470596,126.93304667249322,3387.0,0.88,273.79999999999995,111,57,80,27,1.8616857528686523,0.9293425679206848,0.0
2026-07-10T22:11:47+00:00,,,3387.0,1.6,273.79999999999995,111,57,77,27,1.1862949132919312,1.6567142009735107,0.0
2026-07-10T22:11:48+00:00,,,3390.0,1.6,273.79999999999995,111,57,124,27,1.3544354438781738,1.6668510437011719,0.02
2026-07-10T22:11:49+00:00,,,3390.0,1.5,273.79999999999995,111,57,124,27,1.6135746240615845,1.587551236152649,0.02
2026-07-10T22:11:50+00:00,,,3390.0,1.5,273.79999999999995,111,57,116,27,1.7916256189346313,1.5981109142303467,0.02
2026-07-10T22:11:51+00:00,,,3390.0,1.42,273.79999999999995,111,57,112,27,2.095400810241699,1.5195454359054565,0.02
2026-07-10T22:11:52+00:00,,,3390.0,1.42,274.0,111,57,102,27,2.2848167419433594,1.5305920839309692,0.02
2026-07-10T22:11:53+00:00,,,3390.0,0.0,274.0,111,57,102,27,2.2848167419433594,0.0,0.02
2026-07-10T22:11:54+00:00,,,3390.0,0.0,274.0,111,57,0,27,2.2848167419433594,0.0,0.02
2026-07-10T22:11:55+00:00,,,3390.0,0.0,274.0,111,57,0,27,2.2848167419433594,0.0,0.02
2026-07-10T22:11:56+00:00,,,3390.0,0.0,274.0,111,57,0,27,2.2848167419433594,0.0,0.02
2026-07-10T22:11:57+00:00,,,3390.0,0.0,274.0,110,57,0,27,2.2848167419433594,0.0,0.02
2026-07-10T22:11:58+00:00,,,3390.0,0.0,274.0,111,57,0,27,2.2848167419433594,0.0,0.02
2026-07-10T22:11:59+00:00,,,3390.0,0.0,274.0,112,57,0,27,2.2848167419433594,0.0,0.02
2026-07-10T22:12:00+00:00,,,3390.0,0.0,274.20000000000005,112,57,0,27,2.2848167419433594,0.0,0.02
2026-07-10T22:12:01+00:00,,,3390.0,0.0,274.20000000000005,112,57,0,27,2.2848167419433594,0.0,0.02
2026-07-10T22:12:02+00:00,,,3390.0,0.0,274.20000000000005,113,57,0,27,2.2848167419433594,0.0,0.02
2026-07-10T22:12:03+00:00,,,3390.0,0.0,274.20000000000005,114,57,0,27,2.2848167419433594,0.0,0.02
2026-07-10T22:12:04+00:00,,,3390.0,0.0,274.20000000000005,114,0,0,27,2.2848167419433594,0.0,0.02
2026-07-10T22:12:05+00:00,,,3390.0,0.0,274.20000000000005,115,0,0,27,2.2848167419433594,0.0,0.02
2026-07-10T22:12:06+00:00,,,3390.0,0.0,274.20000000000005,115,0,0,27,2.2848167419433594,0.0,0.02
2026-07-10T22:12:07+00:00,,,3390.0,0.0,274.20000000000005,114,0,0,27,2.2848167419433594,0.0,0.02
2026-07-10T22:12:08+00:00,,,3390.0,0.0,274.20000000000005,115,0,0,27,2.2848167419433594,0.0,0.02
2026-07-10T22:12:09+00:00,,,3390.0,0.0,274.20000000000005,115,57,0,27,2.2848167419433594,0.0,0.02
2026-07-10T22:12:10+00:00,,,3390.0,0.0,274.20000000000005,115,0,0,27,2.2848167419433594,0.0,0.02
2026-07-10T22:12:11+00:00,,,3390.0,0.0,274.20000000000005,116,0,0,27,2.2848167419433594,0.0,0.02
2026-07-10T22:12:12+00:00,,,3390.0,0.0,274.20000000000005,115,0,0,27,2.2848167419433594,0.0,0.02
2026-07-10T22:12:13+00:00,,,3390.0,0.0,274.20000000000005,114,0,0,27,2.2848167419433594,0.0,0.02
2026-07-10T22:12:14+00:00,,,3390.0,0.0,274.20000000000005,114,0,0,27,2.2848167419433594,0.0,0.02
2026-07-10T22:12:15+00:00,,,3390.0,0.0,274.20000000000005,114,0,0,27,2.2848167419433594,0.0,0.02
2026-07-10T22:12:16+00:00,,,3390.0,0.0,274.20000000000005,114,0,0,27,2.2848167419433594,0.0,0.02
2026-07-10T22:12:17+00:00,,,3390.0,0.0,274.20000000000005,114,0,0,27,2.2848167419433594,0.0,0.0
2026-07-10T22:12:18+00:00,,,3390.0,0.0,274.20000000000005,114,0,0,27,2.2848167419433594,0.0,0.0
2026-07-10T22:12:19+00:00,,,3390.0,0.0,274.20000000000005,114,0,0,28,2.2848167419433594,0.0,0.0
2026-07-10T22:12:20+00:00,,,3390.0,0.0,274.20000000000005,113,0,0,28,2.2848167419433594,0.0,0.0
2026-07-10T22:12:21+00:00,,,3390.0,0.0,274.20000000000005,113,0,0,28,2.2848167419433594,0.0,0.0
2026-07-10T22:12:22+00:00,,,3390.0,0.0,274.4,112,0,0,28,2.2848167419433594,0.0,0.0
2026-07-10T22:12:23+00:00,,,3390.0,0.0,274.4,112,0,0,28,2.2848167419433594,0.0,0.0
2026-07-10T22:12:24+00:00,,,3390.0,0.0,274.4,111,0,0,28,2.2848167419433594,0.0,0.0
2026-07-10T22:12:25+00:00,,,3390.0,0.0,274.20000000000005,111,0,0,28,2.2848167419433594,0.0,0.0
2026-07-10T22:12:26+00:00,,,3390.0,0.0,274.20000000000005,111,0,0,28,2.2848167419433594,0.0,0.0
2026-07-10T22:12:27+00:00,,,3390.0,0.0,274.20000000000005,111,0,0,28,2.2848167419433594,0.0,0.0
2026-07-10T22:12:28+00:00,,,3390.0,0.0,274.20000000000005,111,0,0,28,2.2848167419433594,0.0,0.0
2026-07-10T22:12:29+00:00,,,3390.0,0.0,274.4,111,0,0,28,2.2848167419433594,0.0,0.0
2026-07-10T22:12:30+00:00,,,3390.0,0.0,274.4,112,0,0,28,2.2848167419433594,0.0,0.0
2026-07-10T22:12:31+00:00,,,3390.0,0.0,274.4,112,0,0,28,2.2848167419433594,0.0,0.0
2026-07-10T22:12:32+00:00,,,3390.0,0.0,274.4,111,0,0,28,2.2848167419433594,0.0,0.0
2026-07-10T22:12:33+00:00,,,3390.0,0.0,274.4,110,0,0,28,2.2848167419433594,0.0,0.0
2026-07-10T22:12:34+00:00,,,3390.0,0.0,274.4,110,0,0,28,2.2848167419433594,0.0,0.0
2026-07-10T22:12:35+00:00,,,3390.0,0.0,274.4,110,0,0,28,2.2848167419433594,0.0,0.0
2026-07-10T22:12:36+00:00,,,3390.0,0.0,274.4,110,0,0,28,2.2848167419433594,0.0,0.0
2026-07-10T22:12:37+00:00,,,3390.0,0.0,274.4,110,0,0,28,2.2848167419433594,0.0,0.0
2026-07-10T22:12:38+00:00,,,3390.0,0.0,274.4,109,0,0,28,2.2848167419433594,0.0,0.0
2026-07-10T22:12:39+00:00,,,3390.0,0.0,274.4,108,0,0,28,2.2848167419433594,0.0,0.0
2026-07-10T22:12:40+00:00,,,3390.0,0.0,274.4,108,0,0,28,2.2848167419433594,0.0,0.0
2026-07-10T22:12:41+00:00,,,3390.0,0.0,274.6,108,0,0,28,2.2848167419433594,0.0,0.0
2026-07-10T22:12:42+00:00,,,3390.0,0.0,274.4,108,0,0,28,2.2848167419433594,0.0,0.0
2026-07-10T22:12:43+00:00,,,3390.0,0.0,274.4,108,0,0,28,2.2848167419433594,0.0,0.0
2026-07-10T22:12:44+00:00,,,3390.0,0.0,274.4,108,0,0,28,2.2848167419433594,0.0,0.0
2026-07-10T22:12:45+00:00,,,3390.0,0.0,274.4,107,0,0,28,2.2848167419433594,0.0,0.0
2026-07-10T22:12:46+00:00,,,3390.0,0.0,274.4,107,0,0,28,2.2848167419433594,0.0,0.0
2026-07-10T22:12:47+00:00,,,3390.0,0.0,274.4,106,0,0,28,2.2848167419433594,0.0,0.0
2026-07-10T22:12:48+00:00,,,3390.0,0.0,274.4,106,0,0,28,2.2848167419433594,0.0,0.0
2026-07-10T22:12:49+00:00,,,3390.0,0.0,274.4,106,0,0,28,2.2848167419433594,0.0,0.0
2026-07-10T22:12:50+00:00,,,3390.0,0.0,274.6,107,0,0,28,2.2848167419433594,0.0,0.0
2026-07-10T22:12:51+00:00,,,3390.0,0.0,274.6,106,0,0,28,2.2848167419433594,0.0,0.0
2026-07-10T22:12:52+00:00,,,3390.0,0.0,274.6,106,0,0,28,2.2848167419433594,0.0,0.0
2026-07-10T22:12:53+00:00,,,3390.0,0.0,274.6,106,0,0,28,2.2848167419433594,0.0,0.0
2026-07-10T22:12:54+00:00,,,3390.0,0.0,274.4,106,0,0,28,2.2848167419433594,0.0,0.0
2026-07-10T22:12:55+00:00,,,3390.0,0.0,274.4,105,0,0,28,2.2848167419433594,0.0,0.0
2026-07-10T22:12:56+00:00,,,3390.0,0.0,274.6,105,0,0,28,2.2848167419433594,0.0,0.0
2026-07-10T22:12:57+00:00,,,3390.0,0.0,274.4,105,0,0,28,2.2848167419433594,0.0,0.0
2026-07-10T22:12:58+00:00,,,3390.0,0.0,274.4,104,0,0,28,2.2848167419433594,0.0,0.0
2026-07-10T22:12:59+00:00,,,3390.0,0.0,274.4,104,0,0,28,2.2848167419433594,0.0,0.0
2026-07-10T22:13:00+00:00,,,3390.0,0.0,274.6,103,0,0,28,2.2848167419433594,0.0,0.0
2026-07-10T22:13:01+00:00,,,3390.0,0.0,274.6,103,0,0,28,2.2848167419433594,0.0,0.0
2026-07-10T22:13:02+00:00,,,3390.0,0.0,274.6,103,0,0,28,2.2848167419433594,0.0,0.0
2026-07-10T22:13:03+00:00,,,3390.0,0.0,274.6,102,0,0,28,2.2848167419433594,0.0,0.0
2026-07-10T22:13:04+00:00,,,3390.0,0.0,274.6,103,0,0,28,2.2848167419433594,0.0,0.0
2026-07-10T22:13:05+00:00,,,3390.0,0.0,274.6,102,0,0,28,2.2848167419433594,0.0,0.0
2026-07-10T22:13:06+00:00,,,3390.0,0.0,274.6,102,0,0,28,2.2848167419433594,0.0,0.0
2026-07-10T22:13:07+00:00,,,3390.0,0.0,274.6,100,0,0,28,2.2848167419433594,0.0,0.0
2026-07-10T22:13:08+00:00,,,3390.0,0.0,274.4,100,0,0,28,2.2848167419433594,0.0,0.0
2026-07-10T22:13:09+00:00,,,3390.0,0.0,274.6,100,0,0,28,2.2848167419433594,0.0,0.0
2026-07-10T22:13:10+00:00,,,3390.0,0.0,274.6,101,0,0,28,2.2848167419433594,0.0,0.0
2026-07-10T22:13:11+00:00,,,3390.0,0.0,274.6,102,0,0,28,2.2848167419433594,0.0,0.0
2026-07-10T22:13:12+00:00,,,3390.0,0.0,274.6,102,0,0,28,2.2848167419433594,0.0,0.0
2026-07-10T22:13:13+00:00,,,3390.0,0.0,274.6,101,0,0,28,2.2848167419433594,0.0,0.0
2026-07-10T22:13:14+00:00,,,3390.0,0.0,274.6,101,0,0,28,2.2848167419433594,0.0,0.0
2026-07-10T22:13:15+00:00,,,3390.0,0.0,274.6,100,0,0,28,2.2848167419433594,0.0,0.0
2026-07-10T22:13:16+00:00,,,3390.0,0.0,274.6,100,0,0,28,2.2848167419433594,0.0,0.0
2026-07-10T22:13:17+00:00,,,3390.0,0.0,274.6,101,0,0,28,2.2848167419433594,0.0,0.0
2026-07-10T22:13:18+00:00,,,3390.0,0.0,274.6,101,0,0,28,2.2848167419433594,0.0,0.0
2026-07-10T22:13:19+00:00,,,3390.0,0.0,274.6,100,0,0,28,2.2848167419433594,0.0,0.0
2026-07-10T22:13:20+00:00,,,3390.0,0.0,274.6,101,0,0,28,2.2848167419433594,0.0,0.0
2026-07-10T22:13:21+00:00,,,3390.0,0.0,274.6,101,0,0,28,2.2848167419433594,0.0,0.0
2026-07-10T22:13:22+00:00,,,3390.0,0.0,274.6,101,0,0,28,2.2848167419433594,0.0,0.0
2026-07-10T22:13:23+00:00,,,3390.0,0.0,274.6,100,0,0,28,2.2848167419433594,0.0,0.0
2026-07-10T22:13:24+00:00,,,3390.0,0.0,274.6,100,0,0,28,2.2848167419433594,0.0,0.0
2026-07-10T22:13:25+00:00,,,3390.0,0.0,274.6,100,0,0,28,2.2848167419433594,0.0,0.0
2026-07-10T22:13:26+00:00,,,3390.0,0.0,274.6,99,0,0,28,2.2848167419433594,0.0,0.0
2026-07-10T22:13:27+00:00,,,3390.0,0.0,274.6,100,0,0,28,2.2848167419433594,0.0,0.0
2026-07-10T22:13:28+00:00,,,3390.0,0.0,274.6,100,0,0,28,2.2848167419433594,0.0,0.0
2026-07-10T22:13:29+00:00,,,3390.0,0.0,274.6,100,0,0,28,2.2848167419433594,0.0,0.0
2026-07-10T22:13:30+00:00,,,3390.0,0.0,274.6,100,0,0,28,2.2848167419433594,0.0,0.0
2026-07-10T22:13:31+00:00,,,3390.0,0.0,274.6,100,0,0,28,2.2848167419433594,0.0,0.0
2026-07-10T22:13:32+00:00,,,3390.0,0.0,274.6,101,0,0,28,2.2848167419433594,0.0,0.0
2026-07-10T22:13:33+00:00,,,3390.0,0.0,274.6,100,0,0,28,2.2848167419433594,0.0,0.0
2026-07-10T22:13:34+00:00,,,3390.0,0.0,274.6,101,0,0,28,2.2848167419433594,0.0,0.0
2026-07-10T22:13:35+00:00,,,3390.0,0.0,274.79999999999995,101,0,0,28,2.2848167419433594,0.0,0.0
2026-07-10T22:13:36+00:00,,,3390.0,0.0,274.79999999999995,101,0,0,28,2.2848167419433594,0.0,0.0
2026-07-10T22:13:37+00:00,,,3390.0,0.0,274.79999999999995,102,0,0,28,2.2848167419433594,0.0,0.0
2026-07-10T22:13:38+00:00,,,3390.0,0.0,274.79999999999995,102,0,0,28,2.2848167419433594,0.0,0.0
2026-07-10T22:13:39+00:00,,,3390.0,0.0,274.79999999999995,102,0,0,29,2.2848167419433594,0.0,0.0
2026-07-10T22:13:40+00:00,,,3390.0,0.0,274.79999999999995,102,0,0,29,2.2848167419433594,0.0,0.0
2026-07-10T22:13:41+00:00,,,3390.0,0.0,274.79999999999995,102,0,0,29,2.2848167419433594,0.0,0.0
2026-07-10T22:13:42+00:00,,,3390.0,0.0,274.6,103,0,0,29,2.2848167419433594,0.0,0.0
2026-07-10T22:13:43+00:00,,,3390.0,0.0,274.6,103,0,0,29,2.2848167419433594,0.0,0.0
2026-07-10T22:13:44+00:00,,,3390.0,0.0,274.79999999999995,104,0,0,29,2.2848167419433594,0.0,0.0
2026-07-10T22:13:45+00:00,37.452611681073904,126.93305832333863,3390.0,0.0,274.79999999999995,104,0,0,29,2.2848167419433594,0.0,0.0
2026-07-10T22:13:46+00:00,,,3390.0,0.0,274.79999999999995,105,39,0,29,2.2848167419433594,0.0,0.0
2026-07-10T22:13:47+00:00,37.452628277242184,126.93310174159706,3392.0,1.2,274.79999999999995,105,53,0,29,0.845256507396698,1.224931001663208,0.0
2026-07-10T22:13:48+00:00,,,3392.0,1.2,274.79999999999995,106,63,81,29,0.7784199714660645,1.2220522165298462,0.0
2026-07-10T22:13:49+00:00,37.45264168828726,126.93313828669488,3397.0,2.06,274.6,106,63,81,29,0.41287094354629517,2.0787034034729004,0.0
2026-07-10T22:13:50+00:00,,,3397.0,2.06,274.6,107,63,138,29,0.3740730881690979,2.0759499073028564,0.0
2026-07-10T22:13:51+00:00,,,3400.0,1.92,274.4,106,63,136,29,0.3595580458641052,1.9332207441329956,0.0
2026-07-10T22:13:52+00:00,37.45265333913267,126.93316167220473,3400.0,1.92,274.4,107,64,125,29,0.3179164230823517,1.9304838180541992,0.0
2026-07-10T22:13:53+00:00,,,3400.0,1.52,274.20000000000005,106,64,123,29,0.34700363874435425,1.537821650505066,0.0
2026-07-10T22:13:54+00:00,37.45264504104853,126.93319000303745,3403.0,1.52,274.0,106,63,94,29,0.1740768551826477,1.5288540124893188,0.0
2026-07-10T22:13:55+00:00,,,3403.0,1.34,274.0,105,61,91,29,0.0018918358255177736,1.3400840759277344,0.0
2026-07-10T22:13:56+00:00,37.45261830277741,126.93321330472827,3405.0,1.34,273.79999999999995,105,61,77,29,-0.1938723772764206,1.3314871788024902,0.0
2026-07-10T22:13:57+00:00,,,3405.0,1.48,273.79999999999995,104,61,77,29,-0.3526017367839813,1.463056206703186,0.0
2026-07-10T22:13:58+00:00,,,3409.0,1.48,274.0,105,61,86,29,-0.5302022695541382,1.4547851085662842,0.0
2026-07-10T22:13:59+00:00,37.45259827002883,126.93321003578603,3409.0,1.48,274.0,105,61,88,29,-0.7119039297103882,1.4367318153381348,0.0
2026-07-10T22:14:00+00:00,,,3409.0,1.48,274.0,105,61,90,29,-0.89035564661026,1.4288338422775269,0.0
2026-07-10T22:14:01+00:00,,,3411.0,1.4,274.0,105,59,92,29,-1.1303213834762573,1.3412954807281494,0.0
2026-07-10T22:14:02+00:00,37.45259827002883,126.93318497389555,3411.0,1.4,274.0,105,50,88,29,-1.2952543497085571,1.3347499370574951,0.0
2026-07-10T22:14:03+00:00,,,3411.0,1.32,274.0,105,50,91,29,-1.5498857498168945,1.2486709356307983,-0.02
2026-07-10T22:14:04+00:00,37.45258670300245,126.93315831944346,3413.0,1.32,274.20000000000005,106,46,89,29,-1.725768804550171,1.2424631118774414,-0.02
2026-07-10T22:14:05+00:00,,,3413.0,1.28,274.20000000000005,106,46,94,29,-1.9455032348632812,1.2066423892974854,-0.02
2026-07-10T22:14:06+00:00,37.45257672853768,126.93312998861074,3416.0,1.28,274.4,106,46,98,29,-2.125328540802002,1.20078706741333,-0.02
2026-07-10T22:14:07+00:00,,,3416.0,1.28,274.6,106,71,102,29,-2.304795026779175,1.1950997114181519,-0.02
2026-07-10T22:14:08+00:00,37.452563317492604,126.93309503607452,3419.0,1.28,274.6,108,73,106,29,-2.484800100326538,1.189551830291748,-0.02
2026-07-10T22:14:09+00:00,,,3419.0,1.32,274.79999999999995,108,73,107,28,-2.6036038398742676,1.2137725353240967,-0.02
2026-07-10T22:14:10+00:00,37.4525532592088,126.9330616760999,3422.0,1.32,275.0,109,45,113,28,-2.2621355056762695,1.2244789600372314,-0.02
2026-07-10T22:14:11+00:00,,,3422.0,1.38,275.20000000000005,111,45,121,28,-1.8378534317016602,1.2953163385391235,-0.02
2026-07-10T22:14:12+00:00,37.45254496112466,126.93303326144814,3425.0,1.38,275.6,112,48,134,28,-1.511339783668518,1.307306170463562,-0.02
2026-07-10T22:14:13+00:00,,,3425.0,1.38,275.6,113,48,140,28,-1.177210807800293,1.3297839164733887,0.0
2026-07-10T22:14:14+00:00,,,3428.0,1.38,276.0,112,48,145,28,-0.8537101149559021,1.3428632020950317,0.0
2026-07-10T22:14:15+00:00,37.452534986659884,126.93300501443446,3428.0,1.34,276.20000000000005,113,48,150,28,-0.5460367202758789,1.3165103197097778,0.0
2026-07-10T22:14:16+00:00,,,3428.0,1.34,276.4,114,48,152,28,-0.21321244537830353,1.330648422241211,0.0
2026-07-10T22:14:17+00:00,,,3431.0,1.3,276.79999999999995,115,48,153,28,0.12459373474121094,1.2953633069992065,0.0
2026-07-10T22:14:18+00:00,,,3431.0,1.3,277.0,115,48,159,28,1.1222398281097412,1.3410295248031616,0.0
2026-07-10T22:14:19+00:00,37.45251998305321,126.93298833444715,3431.0,1.16,277.20000000000005,115,48,164,28,2.359683036804199,1.2628452777862549,0.02
2026-07-10T22:14:20+00:00,,,3431.0,1.16,277.20000000000005,116,48,156,28,3.471357583999634,1.3196648359298706,0.04
2026-07-10T22:14:21+00:00,,,3433.0,1.14,277.4,116,48,150,28,4.7069878578186035,1.3531135320663452,0.04
2026-07-10T22:14:22+00:00,37.45249668136239,126.9329750072211,3433.0,1.14,277.4,116,48,140,28,5.845893859863281,1.4209834337234497,0.06
2026-07-10T22:14:23+00:00,,,3433.0,1.12,277.6,117,48,136,28,7.114136219024658,1.476172924041748,0.06
2026-07-10T22:14:24+00:00,,,3436.0,1.12,277.79999999999995,117,51,131,28,8.27704906463623,1.5553938150405884,0.08
2026-07-10T22:14:25+00:00,,,3436.0,1.08,277.79999999999995,117,51,126,28,9.79164981842041,1.6063154935836792,0.1
2026-07-10T22:14:26+00:00,,,3436.0,1.08,277.79999999999995,117,52,119,28,10.433136940002441,1.6541296243667603,0.1
2026-07-10T22:14:27+00:00,,,3436.0,0.38,278.0,117,52,110,28,32.02661895751953,1.3563556671142578,0.1
2026-07-10T22:14:28+00:00,,,3436.0,0.38,278.0,117,52,61,28,33.88172912597656,1.4351146221160889,0.12
2026-07-10T22:14:29+00:00,,,3436.0,0.0,278.0,118,49,55,28,33.88172912597656,0.0,0.12
2026-07-10T22:14:30+00:00,,,3436.0,0.0,278.0,119,49,0,28,33.88172912597656,0.0,0.12
2026-07-10T22:14:31+00:00,,,3436.0,0.0,278.0,120,49,0,28,33.88172912597656,0.0,0.14
2026-07-10T22:14:32+00:00,,,3436.0,0.0,278.0,120,49,0,28,33.88172912597656,0.0,0.14
2026-07-10T22:14:33+00:00,,,3436.0,0.0,278.0,121,49,0,28,33.88172912597656,0.0,0.14
2026-07-10T22:14:34+00:00,,,3436.0,0.0,277.79999999999995,121,48,0,28,33.88172912597656,0.0,0.14
2026-07-10T22:14:35+00:00,,,3436.0,0.0,277.6,121,48,0,28,33.88172912597656,0.0,0.14
2026-07-10T22:14:36+00:00,,,3436.0,0.0,277.4,122,47,0,28,33.88172912597656,0.0,0.14
2026-07-10T22:14:37+00:00,,,3436.0,0.0,277.20000000000005,123,47,0,28,33.88172912597656,0.0,0.14
2026-07-10T22:14:38+00:00,,,3436.0,0.0,277.20000000000005,123,47,0,28,33.88172912597656,0.0,0.14
2026-07-10T22:14:39+00:00,,,3436.0,0.0,277.0,123,47,0,28,33.88172912597656,0.0,0.12
2026-07-10T22:14:40+00:00,,,3436.0,0.0,277.0,123,47,0,28,33.88172912597656,0.0,0.12
2026-07-10T22:14:41+00:00,,,3436.0,0.0,276.79999999999995,123,47,0,28,33.88172912597656,0.0,0.12
2026-07-10T22:14:42+00:00,,,3436.0,0.0,276.79999999999995,122,0,0,28,33.88172912597656,0.0,0.1
2026-07-10T22:14:43+00:00,,,3436.0,0.0,276.6,121,0,0,28,33.88172912597656,0.0,0.08
2026-07-10T22:14:44+00:00,,,3436.0,0.0,276.6,121,45,0,28,33.88172912597656,0.0,0.08
2026-07-10T22:14:45+00:00,,,3436.0,0.0,276.6,121,45,0,28,33.88172912597656,0.0,0.06
2026-07-10T22:14:46+00:00,,,3436.0,0.0,276.6,119,45,0,28,33.88172912597656,0.0,0.04
2026-07-10T22:14:47+00:00,37.45249173603952,126.93294667638838,3436.0,0.0,276.6,119,0,0,28,33.88172912597656,0.0,0.02
2026-07-10T22:14:48+00:00,37.45249827392399,126.93292169831693,3436.0,0.0,276.79999999999995,118,0,0,28,33.88172912597656,0.0,0.0
2026-07-10T22:14:49+00:00,37.45251168496907,126.93289169110358,3438.0,1.22,276.79999999999995,118,0,0,28,0.25914719700813293,1.2205431461334229,0.0
2026-07-10T22:14:50+00:00,37.45253171771765,126.93286327645183,3441.0,1.22,276.79999999999995,118,47,80,28,-0.2039542943239212,1.2019180059432983,0.0
2026-07-10T22:14:51+00:00,37.452546721324325,126.93284332752228,3444.0,2.56,277.0,116,47,85,28,-0.315946102142334,2.5336825847625732,0.0
2026-07-10T22:14:52+00:00,,,3447.0,2.56,277.0,115,51,180,28,-0.5352725386619568,2.5159809589385986,0.0
2026-07-10T22:14:53+00:00,37.452568262815475,126.9328283239156,3449.0,2.72,277.0,115,52,184,28,-0.7102108597755432,2.6585826873779297,0.0
2026-07-10T22:14:54+00:00,,,3449.0,2.72,277.20000000000005,115,52,196,28,-0.9162229895591736,2.641737461090088,-0.02
2026-07-10T22:14:55+00:00,37.452591732144356,126.93283000029624,3452.0,2.28,277.20000000000005,115,52,198,28,-1.3397916555404663,2.1865150928497314,-0.02
2026-07-10T22:14:56+00:00,,,3452.0,2.28,277.20000000000005,115,52,168,28,-1.58556067943573,2.171046257019043,-0.02
2026-07-10T22:14:57+00:00,37.45261830277741,126.9328232947737,3455.0,2.04,277.4,114,52,169,28,-2.0481557846069336,1.9177286624908447,-0.04
2026-07-10T22:14:58+00:00,,,3455.0,2.04,277.4,113,52,154,28,-1.9537103176116943,1.9226549863815308,-0.02
2026-07-10T22:14:59+00:00,37.452636659145355,126.93281667307019,3458.0,1.94,277.6,113,52,156,28,-1.954604983329773,1.8283625841140747,-0.02
2026-07-10T22:15:00+00:00,,,3458.0,1.94,277.79999999999995,113,53,151,28,-1.8553905487060547,1.833353877067566,-0.02
2026-07-10T22:15:01+00:00,37.45265828445554,126.9328182656318,3460.0,1.8,278.0,113,53,154,28,-1.8922312259674072,1.6993223428726196,-0.02
2026-07-10T22:15:02+00:00,,,3460.0,1.8,278.20000000000005,113,53,149,28,-1.7851927280426025,1.7043670415878296,-0.02
2026-07-10T22:15:03+00:00,37.45268326252699,126.93281499668956,3462.0,1.72,278.6,113,51,157,28,-1.7556464672088623,1.6299611330032349,-0.02
2026-07-10T22:15:04+00:00,,,3462.0,1.72,279.0,114,50,161,28,-1.6436294317245483,1.635107159614563,-0.02
2026-07-10T22:15:05+00:00,37.45270673185587,126.93280326202512,3465.0,1.7,279.20000000000005,114,50,172,28,-1.5584580898284912,1.6104860305786133,-0.02
2026-07-10T22:15:06+00:00,,,3465.0,1.7,279.4,115,59,180,28,-0.617857813835144,1.6566200256347656,0.0
2026-07-10T22:15:07+00:00,37.45273330248892,126.93279169499874,3468.0,1.66,279.6,116,67,185,28,0.3314509093761444,1.6785746812820435,0.0
2026-07-10T22:15:08+00:00,,,3468.0,1.66,280.0,117,67,188,28,1.287132978439331,1.735977053642273,0.02
2026-07-10T22:15:09+00:00,37.452749982476234,126.93276998586953,3471.0,1.66,280.20000000000005,118,67,193,28,2.2612292766571045,1.7894965410232544,0.02
2026-07-10T22:15:10+00:00,,,3471.0,1.66,280.4,119,67,195,28,3.223668098449707,1.858446717262268,0.04
2026-07-10T22:15:11+00:00,,,3474.0,1.64,280.79999999999995,119,66,197,28,4.2423505783081055,1.9141080379486084,0.06
2026-07-10T22:15:12+00:00,37.452774960547686,126.93275665864348,3474.0,1.64,281.0,120,65,197,28,5.216598033905029,1.9946939945220947,0.08
2026-07-10T22:15:13+00:00,,,3474.0,1.58,281.4,121,65,196,28,6.430478096008301,2.0255441665649414,0.1
2026-07-10T22:15:14+00:00,37.45278996415436,126.9327350333333,3477.0,1.58,281.6,122,65,192,28,7.13871431350708,2.0902111530303955,0.1
2026-07-10T22:15:15+00:00,,,3477.0,1.56,281.79999999999995,124,59,192,28,7.946053981781006,2.1397128105163574,0.12
2026-07-10T22:15:16+00:00,,,3479.0,1.56,282.20000000000005,126,57,190,28,8.661996841430664,2.210174560546875,0.12
2026-07-10T22:15:17+00:00,37.452815026044846,126.93271826952696,3479.0,1.54,282.4,127,53,190,28,9.500526428222656,2.2665510177612305,0.14
2026-07-10T22:15:18+00:00,,,3479.0,1.54,282.6,128,51,188,28,10.225103378295898,2.3428478240966797,0.14
2026-07-10T22:15:19+00:00,37.45283673517406,126.93270167335868,3482.0,1.52,283.0,128,49,190,28,11.097648620605469,2.4064064025878906,0.16
2026-07-10T22:15:20+00:00,,,3482.0,1.52,283.20000000000005,129,49,190,28,11.830351829528809,2.488403081893921,0.16
2026-07-10T22:15:21+00:00,37.452855007722974,126.93269002251327,3485.0,1.5,283.4,131,49,187,28,12.649027824401855,2.565990686416626,0.18
2026-07-10T22:15:22+00:00,,,3485.0,1.5,283.79999999999995,132,49,185,28,13.178506851196289,2.628514289855957,0.18
2026-07-10T22:15:23+00:00,,,3488.0,1.48,284.0,133,49,185,28,13.98990535736084,2.6723074913024902,0.2
2026-07-10T22:15:24+00:00,,,3488.0,1.48,284.20000000000005,133,49,186,28,14.53018856048584,2.738095998764038,0.2
2026-07-10T22:15:25+00:00,,,3488.0,1.38,284.4,133,49,185,28,16.05448341369629,2.7510602474212646,0.22
2026-07-10T22:15:26+00:00,,,3488.0,1.38,284.6,133,49,178,28,16.63115882873535,2.8217568397521973,0.22
2026-07-10T22:15:27+00:00,,,3488.0,1.3,284.79999999999995,133,49,173,28,18.266775131225586,2.8534111976623535,0.22
2026-07-10T22:15:28+00:00,,,3488.0,1.3,284.79999999999995,132,0,161,28,18.878936767578125,2.928793430328369,0.24
2026-07-10T22:15:29+00:00,,,3488.0,0.0,284.79999999999995,131,0,152,28,18.878936767578125,0.0,0.24
2026-07-10T22:15:30+00:00,,,3488.0,0.0,285.0,132,0,0,28,18.878936767578125,0.0,0.24
2026-07-10T22:15:31+00:00,,,3488.0,0.0,285.0,131,0,0,28,18.878936767578125,0.0,0.24
2026-07-10T22:15:32+00:00,,,3488.0,0.0,285.0,132,0,0,28,18.878936767578125,0.0,0.24
2026-07-10T22:15:33+00:00,,,3488.0,0.0,285.0,133,0,0,28,18.878936767578125,0.0,0.24
2026-07-10T22:15:34+00:00,,,3488.0,0.0,285.0,132,0,0,28,18.878936767578125,0.0,0.24
2026-07-10T22:15:35+00:00,,,3488.0,0.0,285.0,133,0,0,28,18.878936767578125,0.0,0.24
2026-07-10T22:15:36+00:00,,,3488.0,0.0,285.0,133,47,0,28,18.878936767578125,0.0,0.22
2026-07-10T22:15:37+00:00,,,3488.0,0.0,285.0,133,47,0,28,18.878936767578125,0.0,0.22
2026-07-10T22:15:38+00:00,,,3488.0,0.0,285.0,132,47,0,28,18.878936767578125,0.0,0.22
2026-07-10T22:15:39+00:00,,,3488.0,0.0,285.0,131,47,0,28,18.878936767578125,0.0,0.2
2026-07-10T22:15:40+00:00,,,3488.0,0.0,285.0,131,47,0,28,18.878936767578125,0.0,0.2
2026-07-10T22:15:41+00:00,,,3488.0,0.0,285.0,131,0,0,28,18.878936767578125,0.0,0.18
2026-07-10T22:15:42+00:00,,,3488.0,0.0,285.0,130,0,0,28,18.878936767578125,0.0,0.18
2026-07-10T22:15:43+00:00,,,3488.0,0.0,285.0,130,0,0,28,18.878936767578125,0.0,0.16
2026-07-10T22:15:44+00:00,,,3488.0,0.0,285.0,131,0,0,28,18.878936767578125,0.0,0.16
2026-07-10T22:15:45+00:00,,,3488.0,0.0,285.0,132,0,0,28,18.878936767578125,0.0,0.14
2026-07-10T22:15:46+00:00,,,3488.0,0.0,285.0,132,0,0,28,18.878936767578125,0.0,0.14
2026-07-10T22:15:47+00:00,,,3488.0,0.0,285.0,132,0,0,28,18.878936767578125,0.0,0.12
2026-07-10T22:15:48+00:00,,,3488.0,0.0,285.0,132,0,0,28,18.878936767578125,0.0,0.1
2026-07-10T22:15:49+00:00,,,3488.0,0.0,285.0,131,0,0,28,18.878936767578125,0.0,0.1
2026-07-10T22:15:50+00:00,,,3488.0,0.0,285.0,130,0,0,28,18.878936767578125,0.0,0.08
2026-07-10T22:15:51+00:00,,,3488.0,0.0,285.0,129,0,0,28,18.878936767578125,0.0,0.08
2026-07-10T22:15:52+00:00,,,3488.0,0.0,285.20000000000005,127,0,0,28,18.878936767578125,0.0,0.06
2026-07-10T22:15:53+00:00,,,3488.0,0.0,285.20000000000005,127,0,0,28,18.878936767578125,0.0,0.06
2026-07-10T22:15:54+00:00,,,3488.0,0.0,285.20000000000005,127,0,0,28,18.878936767578125,0.0,0.04
2026-07-10T22:15:55+00:00,,,3488.0,0.0,285.20000000000005,125,0,0,28,18.878936767578125,0.0,0.04
2026-07-10T22:15:56+00:00,,,3488.0,0.0,285.20000000000005,125,0,0,28,18.878936767578125,0.0,0.04
2026-07-10T22:15:57+00:00,,,3488.0,0.0,285.20000000000005,124,0,0,28,18.878936767578125,0.0,0.02
2026-07-10T22:15:58+00:00,,,3488.0,0.0,285.20000000000005,123,0,0,28,18.878936767578125,0.0,0.02
2026-07-10T22:15:59+00:00,,,3488.0,0.0,285.20000000000005,122,0,0,28,18.878936767578125,0.0,0.02
2026-07-10T22:16:00+00:00,,,3488.0,0.0,285.20000000000005,122,0,0,28,18.878936767578125,0.0,0.0
2026-07-10T22:16:01+00:00,,,3488.0,0.0,285.20000000000005,122,0,0,28,18.878936767578125,0.0,0.0
2026-07-10T22:16:02+00:00,,,3488.0,0.0,285.20000000000005,120,0,0,28,18.878936767578125,0.0,0.0
2026-07-10T22:16:03+00:00,,,3488.0,0.0,285.20000000000005,120,0,0,28,18.878936767578125,0.0,0.0
2026-07-10T22:16:04+00:00,,,3488.0,0.0,285.20000000000005,119,0,0,28,18.878936767578125,0.0,0.0
2026-07-10T22:16:05+00:00,37.45283329859376,126.93270997144282,3488.0,0.0,285.20000000000005,118,0,0,28,18.878936767578125,0.0,0.0
2026-07-10T22:16:06+00:00,,,3488.0,0.0,285.20000000000005,117,0,0,28,18.878936767578125,0.0,0.0
2026-07-10T22:16:07+00:00,37.45280999690294,126.93271332420409,3491.0,0.0,285.20000000000005,116,0,0,28,18.878936767578125,0.0,0.0
2026-07-10T22:16:08+00:00,,,3491.0,0.0,285.20000000000005,115,0,0,28,18.878936767578125,0.0,0.0
2026-07-10T22:16:09+00:00,37.452778313308954,126.93271667696536,3493.0,1.26,285.20000000000005,114,0,0,28,0.6728197932243347,1.2891650199890137,0.0
2026-07-10T22:16:10+00:00,,,3493.0,1.26,285.20000000000005,114,0,84,28,0.629738450050354,1.2872331142425537,0.0
2026-07-10T22:16:11+00:00,37.4527533352375,126.93271332420409,3497.0,1.7,285.20000000000005,114,0,86,28,0.4346885085105896,1.7250909805297852,0.0
2026-07-10T22:16:12+00:00,,,3497.0,1.7,285.4,113,0,119,28,0.4027576446533203,1.7232067584991455,0.0
2026-07-10T22:16:13+00:00,37.45273497886956,126.93270167335868,3499.0,1.52,285.4,113,41,119,28,0.41459736227989197,1.5413734912872314,0.0
2026-07-10T22:16:14+00:00,,,3499.0,1.52,285.6,112,41,108,28,0.3788852393627167,1.5394936800003052,0.0
2026-07-10T22:16:15+00:00,,,3502.0,1.4,285.79999999999995,111,42,111,28,0.3723936975002289,1.4176406860351562,0.0
2026-07-10T22:16:16+00:00,37.45271326974034,126.93269832059741,3502.0,1.4,286.0,110,42,109,28,0.3336593508720398,1.415771722793579,0.0
2026-07-10T22:16:17+00:00,,,3502.0,1.24,286.20000000000005,110,44,116,28,0.3354659378528595,1.243933081626892,0.0
2026-07-10T22:16:18+00:00,,,3504.0,1.24,286.4,110,44,115,28,0.7277559638023376,1.2608879804611206,0.0
2026-07-10T22:16:19+00:00,,,3504.0,1.1,286.6,110,49,123,28,1.251538634300232,1.1488618850708008,0.0
2026-07-10T22:16:20+00:00,37.452698266133666,126.93267669528723,3504.0,1.1,286.79999999999995,110,49,121,28,1.6893137693405151,1.1674823760986328,0.0
2026-07-10T22:16:21+00:00,,,3504.0,0.96,287.20000000000005,111,49,130,28,2.4377918243408203,1.0482732057571411,0.02
2026-07-10T22:16:22+00:00,,,3507.0,0.96,287.4,112,49,131,28,2.94091534614563,1.069149374961853,0.02
2026-07-10T22:16:23+00:00,37.452685022726655,126.93265004083514,3507.0,0.96,287.6,113,49,137,28,3.4787702560424805,1.081084966659546,0.02
2026-07-10T22:16:24+00:00,,,3507.0,0.96,287.79999999999995,114,49,140,28,3.9856677055358887,1.103759527206421,0.02
2026-07-10T22:16:25+00:00,37.45266825892031,126.9326383061707,3509.0,0.98,288.0,114,49,140,28,4.400928497314453,1.1466468572616577,0.04
2026-07-10T22:16:26+00:00,,,3509.0,0.98,288.4,115,49,147,28,5.397109508514404,1.1962801218032837,0.04
2026-07-10T22:16:27+00:00,,,3512.0,1.0,288.6,115,49,150,28,6.269028186798096,1.2682061195373535,0.06
2026-07-10T22:16:28+00:00,37.45264328084886,126.93262673914433,3512.0,1.0,288.79999999999995,116,49,153,28,7.246063709259033,1.3243657350540161,0.06
2026-07-10T22:16:29+00:00,,,3512.0,1.0,289.0,117,49,153,28,8.225056648254395,1.3839843273162842,0.08
2026-07-10T22:16:30+00:00,,,3515.0,1.0,289.20000000000005,117,49,150,28,9.206008911132812,1.4470272064208984,0.08
2026-07-10T22:16:31+00:00,,,3515.0,0.96,289.4,118,49,149,28,10.61180305480957,1.4806753396987915,0.1
2026-07-10T22:16:32+00:00,,,3515.0,0.96,289.6,119,49,144,28,11.632017135620117,1.5514246225357056,0.1
2026-07-10T22:16:33+00:00,37.45262173935771,126.93263503722847,3515.0,0.86,289.79999999999995,119,49,143,28,13.979682922363281,1.5626698732376099,0.12
2026-07-10T22:16:34+00:00,,,3515.0,0.86,290.0,120,49,138,28,15.104780197143555,1.6436272859573364,0.12
2026-07-10T22:16:35+00:00,37.452600030228496,126.9326383061707,3517.0,0.82,290.20000000000005,121,49,132,28,17.025121688842773,1.705824851989746,0.12
2026-07-10T22:16:36+00:00,,,3517.0,0.82,290.20000000000005,121,49,123,28,18.203920364379883,1.7950056791305542,0.14
2026-07-10T22:16:37+00:00,37.45257832109928,126.93264668807387,3520.0,0.88,290.4,121,49,115,28,18.06557273864746,1.9149501323699951,0.14
2026-07-10T22:16:38+00:00,,,3520.0,0.88,290.6,121,48,115,28,19.16399574279785,2.0066089630126953,0.16
2026-07-10T22:16:39+00:00,37.452559964731336,126.93264501169324,3522.0,0.94,290.79999999999995,121,48,115,28,18.97319793701172,2.126214027404785,0.16
2026-07-10T22:16:40+00:00,,,3522.0,0.94,291.20000000000005,121,48,120,28,20.00151252746582,2.219935894012451,0.18
2026-07-10T22:16:41+00:00,37.45253833942115,126.93264828063548,3524.0,0.96,291.20000000000005,122,48,123,28,20.8115177154541,2.3198108673095703,0.18
2026-07-10T22:16:42+00:00,,,3524.0,0.96,291.4,122,48,122,28,21.030040740966797,2.340622663497925,0.18
2026-07-10T22:16:43+00:00,37.45251168496907,126.93265004083514,3527.0,0.98,291.6,122,48,121,28,20.59915542602539,2.3723032474517822,0.2
2026-07-10T22:16:44+00:00,,,3527.0,0.98,291.79999999999995,122,48,120,28,20.810775756835938,2.3929953575134277,0.2
2026-07-10T22:16:45+00:00,37.45249668136239,126.93263000808656,3529.0,1.04,291.79999999999995,123,48,120,28,20.00290298461914,2.4326236248016357,0.2
2026-07-10T22:16:46+00:00,,,3529.0,1.04,292.0,124,50,128,28,20.204452514648438,2.4530534744262695,0.2
2026-07-10T22:16:47+00:00,37.45247673243284,126.93260326981544,3532.0,1.04,292.0,124,52,125,28,20.21078872680664,2.4775197505950928,0.2
2026-07-10T22:16:48+00:00,,,3532.0,1.04,292.20000000000005,125,54,119,28,20.41020393371582,2.498027801513672,0.2
2026-07-10T22:16:49+00:00,37.45245326310396,126.93259832449257,3535.0,1.1,292.20000000000005,125,55,115,28,19.665172576904297,2.5383331775665283,0.2
2026-07-10T22:16:50+00:00,,,3535.0,1.1,292.4,125,55,111,28,19.21293830871582,2.490593433380127,0.2
2026-07-10T22:16:51+00:00,37.45242828503251,126.9325949717313,3538.0,1.12,292.4,125,56,109,28,18.42000389099121,2.4523873329162598,0.2
2026-07-10T22:16:52+00:00,,,3538.0,1.12,292.6,124,56,107,28,17.975919723510742,2.4061615467071533,0.18
2026-07-10T22:16:53+00:00,37.45240665972233,126.93257326260209,3541.0,1.14,292.79999999999995,125,56,107,28,17.21935272216797,2.3706743717193604,0.18
2026-07-10T22:16:54+00:00,,,3541.0,1.14,292.79999999999995,125,56,108,28,16.78268814086914,2.3259520530700684,0.18
2026-07-10T22:16:55+00:00,37.45237832888961,126.93254828453064,3544.0,1.16,293.0,125,56,107,28,15.921154975891113,2.298898935317993,0.18
2026-07-10T22:16:56+00:00,,,3544.0,1.16,293.20000000000005,124,56,109,28,15.496211051940918,2.2559847831726074,0.16
2026-07-10T22:16:57+00:00,37.45235829614103,126.93252330645919,3547.0,1.22,293.20000000000005,124,56,111,28,14.327627182006836,2.251838445663452,0.16
2026-07-10T22:16:58+00:00,37.452344968914986,126.93250671029091,3547.0,1.22,293.4,125,61,114,28,13.98559856414795,2.217402458190918,0.16
2026-07-10T22:16:59+00:00,37.45232501998544,126.932501681149,3551.0,1.26,293.6,126,64,117,28,13.209444999694824,2.211054801940918,0.16
2026-07-10T22:17:00+00:00,,,3553.0,1.26,293.79999999999995,126,75,122,28,12.878273963928223,2.1780364513397217,0.16
2026-07-10T22:17:01+00:00,37.452288307249546,126.93250327371061,3555.0,1.44,294.0,128,77,128,28,11.054905891418457,2.2744617462158203,0.14
2026-07-10T22:17:02+00:00,,,3555.0,1.44,294.20000000000005,129,80,140,28,10.763688087463379,2.244351625442505,0.14
2026-07-10T22:17:03+00:00,37.45225670747459,126.93248667754233,3559.0,1.58,294.4,129,82,142,28,9.476662635803223,2.338073968887329,0.14
2026-07-10T22:17:04+00:00,,,3559.0,1.58,294.79999999999995,131,82,157,28,9.213092803955078,2.3101425170898438,0.14
2026-07-10T22:17:05+00:00,37.45223332196474,126.93245499394834,3563.0,1.66,295.0,131,82,163,28,8.516963958740234,2.3515007495880127,0.14
2026-07-10T22:17:06+00:00,,,3563.0,1.66,295.4,133,82,175,28,8.623530387878418,2.36289644241333,0.14
2026-07-10T22:17:07+00:00,37.45221328921616,126.93242666311562,3567.0,1.74,295.6,134,82,182,28,8.377368927001953,2.435206413269043,0.14
2026-07-10T22:17:08+00:00,,,3567.0,1.74,295.79999999999995,134,82,190,28,8.479521751403809,2.4465041160583496,0.14
2026-07-10T22:17:09+00:00,,,3570.0,1.74,296.0,135,82,195,28,8.582084655761719,2.4579098224639893,0.14
2026-07-10T22:17:10+00:00,37.45218831114471,126.93243001587689,3570.0,1.74,296.20000000000005,136,82,194,28,8.68433952331543,2.469343900680542,0.14
2026-07-10T22:17:11+00:00,,,3570.0,1.6,296.6,137,82,195,28,9.560704231262207,2.3619134426116943,0.14
2026-07-10T22:17:12+00:00,,,3573.0,1.6,296.79999999999995,137,82,190,28,9.672296524047852,2.3739776611328125,0.14
2026-07-10T22:17:13+00:00,,,3573.0,0.64,297.20000000000005,137,82,190,28,24.692394256591797,1.7925195693969727,0.14
2026-07-10T22:17:14+00:00,,,3573.0,0.64,297.4,136,82,129,28,25.63866424560547,1.8570388555526733,0.16
2026-07-10T22:17:15+00:00,,,3573.0,0.44,297.6,137,82,129,28,38.067501068115234,1.9162425994873047,0.16
2026-07-10T22:17:16+00:00,37.452161740511656,126.93242498673499,3573.0,0.44,297.79999999999995,137,76,93,28,39.422386169433594,1.9826455116271973,0.16
2026-07-10T22:17:17+00:00,,,3573.0,0.9,298.0,136,70,93,28,20.160890579223633,2.1158063411712646,0.16
2026-07-10T22:17:18+00:00,,,3576.0,0.9,298.20000000000005,136,70,142,28,20.831392288208008,2.175065755844116,0.18
2026-07-10T22:17:19+00:00,,,3576.0,0.88,298.4,136,68,139,28,21.746231079101562,2.2319741249084473,0.18
2026-07-10T22:17:20+00:00,37.452133325859904,126.93241828121245,3576.0,0.88,298.6,137,67,136,28,22.423673629760742,2.293203353881836,0.18
2026-07-10T22:17:21+00:00,,,3576.0,0.8,298.6,137,47,134,28,25.4127197265625,2.338482141494751,0.2
2026-07-10T22:17:22+00:00,,,3579.0,0.8,298.79999999999995,138,44,124,28,25.785356521606445,2.3709423542022705,0.2
2026-07-10T22:17:23+00:00,37.452116729691625,126.93238173611462,3579.0,0.94,299.0,138,44,119,28,22.500219345092773,2.4308643341064453,0.2
2026-07-10T22:17:24+00:00,,,3579.0,0.94,299.4,138,48,123,28,22.820127487182617,2.4617621898651123,0.2
2026-07-10T22:17:25+00:00,37.45208999142051,126.93236832506955,3583.0,1.12,299.6,137,59,124,28,19.388134002685547,2.5550613403320312,0.2
2026-07-10T22:17:26+00:00,,,3583.0,1.12,299.79999999999995,137,59,135,28,19.65536117553711,2.5838475227355957,0.2
2026-07-10T22:17:27+00:00,,,3586.0,1.2,299.79999999999995,136,59,134,28,18.42963409423828,2.65231990814209,0.22
2026-07-10T22:17:28+00:00,37.45206828229129,126.93235332146287,3586.0,1.2,300.0,136,59,138,28,18.67731285095215,2.680459499359131,0.22
2026-07-10T22:17:29+00:00,,,3586.0,1.16,300.0,137,57,136,28,19.410507202148438,2.6957054138183594,0.22
2026-07-10T22:17:30+00:00,37.452048333361745,126.93234829232097,3589.0,1.16,300.20000000000005,137,54,129,28,19.203832626342773,2.672363042831421,0.22
2026-07-10T22:17:31+00:00,,,3589.0,1.16,300.4,137,54,127,28,18.99818992614746,2.6492576599121094,0.22
2026-07-10T22:17:32+00:00,,,3591.0,1.16,300.6,138,54,127,28,18.79151153564453,2.6261579990386963,0.2
2026-07-10T22:17:33+00:00,37.45203332975507,126.93233169615269,3591.0,1.14,301.0,138,55,131,28,19.24334716796875,2.585301637649536,0.2
2026-07-10T22:17:34+00:00,,,3591.0,1.14,301.20000000000005,136,56,130,28,19.029783248901367,2.562105655670166,0.2
2026-07-10T22:17:35+00:00,,,3593.0,1.08,301.4,136,56,131,28,19.686893463134766,2.5173308849334717,0.2
2026-07-10T22:17:36+00:00,,,3593.0,1.08,301.79999999999995,136,59,134,28,19.46388816833496,2.493927001953125,0.2
2026-07-10T22:17:37+00:00,,,3593.0,0.44,302.0,137,66,140,28,47.226531982421875,2.3335299491882324,0.2
2026-07-10T22:17:38+00:00,37.452020002529025,126.93230998702347,3593.0,0.44,302.4,137,66,93,28,47.07181167602539,2.3273115158081055,0.2
2026-07-10T22:17:39+00:00,,,3593.0,0.66,302.6,137,67,93,28,31.75926399230957,2.36287522315979,0.2
2026-07-10T22:17:40+00:00,,,3596.0,0.66,302.79999999999995,137,67,132,28,31.654321670532227,2.3550634384155273,0.2
2026-07-10T22:17:41+00:00,37.451999969780445,126.9323116634041,3596.0,0.6,303.0,137,67,134,28,34.17894744873047,2.3476717472076416,0.2
2026-07-10T22:17:42+00:00,,,3596.0,0.6,303.4,137,67,126,28,34.06548309326172,2.339862585067749,0.2
2026-07-10T22:17:43+00:00,,,3598.0,0.68,303.6,137,67,125,28,30.40459632873535,2.331874370574951,0.2
2026-07-10T22:17:44+00:00,37.4519800208509,126.93230328150094,3598.0,0.68,303.79999999999995,138,67,134,28,30.303192138671875,2.324136972427368,0.2
2026-07-10T22:17:45+00:00,,,3598.0,0.92,304.0,138,67,134,28,22.236330032348633,2.3537864685058594,0.2
2026-07-10T22:17:46+00:00,,,3600.0,0.92,304.4,139,68,152,28,22.545164108276367,2.382824420928955,0.2
2026-07-10T22:17:47+00:00,37.451966693624854,126.93227671086788,3600.0,0.84,304.6,139,70,152,28,24.757158279418945,2.395876169204712,0.2
2026-07-10T22:17:48+00:00,,,3600.0,0.84,305.0,139,72,147,28,25.0910587310791,2.426126480102539,0.2
2026-07-10T22:17:49+00:00,37.45197666808963,126.93224670365453,3603.0,0.9,305.20000000000005,139,72,148,28,23.99721908569336,2.466146945953369,0.2
2026-07-10T22:17:50+00:00,,,3603.0,0.9,305.6,139,44,153,28,24.311731338500977,2.495981454849243,0.2
2026-07-10T22:17:51+00:00,,,3606.0,1.04,305.79999999999995,140,44,154,28,21.075191497802734,2.567086935043335,0.2
2026-07-10T22:17:52+00:00,37.45196166448295,126.93222667090595,3606.0,1.04,306.0,140,44,166,28,21.344608306884766,2.5953526496887207,0.22
2026-07-10T22:17:53+00:00,,,3606.0,1.02,306.4,140,45,164,28,22.038105010986328,2.6175215244293213,0.22
2026-07-10T22:17:54+00:00,,,3608.0,1.02,306.6,141,48,163,28,22.507326126098633,2.6668598651885986,0.22
2026-07-10T22:17:55+00:00,37.451943308115005,126.9322067219764,3608.0,1.02,306.79999999999995,141,49,164,28,22.974668502807617,2.7164394855499268,0.22
2026-07-10T22:17:56+00:00,,,3608.0,1.02,307.20000000000005,142,55,164,28,23.442951202392578,2.7665421962738037,0.22
2026-07-10T22:17:57+00:00,,,3611.0,0.98,307.4,142,56,163,28,24.8881778717041,2.809016466140747,0.24
2026-07-10T22:17:58+00:00,,,3611.0,0.98,307.6,142,62,159,28,25.374597549438477,2.860584020614624,0.24
2026-07-10T22:17:59+00:00,37.45192503556609,126.93220496177673,3611.0,0.94,308.0,142,77,159,28,26.96250343322754,2.907540798187256,0.24
2026-07-10T22:18:00+00:00,,,3611.0,0.94,308.4,142,83,158,28,27.470640182495117,2.9605820178985596,0.24
2026-07-10T22:18:01+00:00,,,3613.0,0.88,308.6,141,83,160,28,29.88641929626465,3.0108888149261475,0.26
2026-07-10T22:18:02+00:00,37.45190500281751,126.9322032853961,3613.0,0.88,309.0,141,83,160,28,30.106191635131836,3.032870292663574,0.26
2026-07-10T22:18:03+00:00,,,3613.0,0.88,309.4,142,82,164,28,30.32640266418457,3.0549232959747314,0.26
2026-07-10T22:18:04+00:00,,,3615.0,0.88,309.79999999999995,143,81,165,28,30.547056198120117,3.0770468711853027,0.26
2026-07-10T22:18:05+00:00,,,3615.0,0.72,310.0,143,81,167,28,37.60389709472656,3.098133087158203,0.26
2026-07-10T22:18:06+00:00,37.45188497006893,126.93219171836972,3615.0,0.72,310.4,144,81,150,28,37.873046875,3.1199450492858887,0.26
2026-07-10T22:18:07+00:00,,,3615.0,0.58,310.79999999999995,143,81,151,28,47.348934173583984,3.0824661254882812,0.26
2026-07-10T22:18:08+00:00,,,3618.0,0.58,311.0,144,81,123,28,47.6837158203125,3.0999438762664795,0.26
2026-07-10T22:18:09+00:00,37.45187499560416,126.93217168562114,3618.0,1.08,311.20000000000005,144,45,123,28,26.02835464477539,3.1995632648468018,0.26
2026-07-10T22:18:10+00:00,,,3618.0,1.08,311.6,143,43,184,28,26.277456283569336,3.2287967205047607,0.28
2026-07-10T22:18:11+00:00,,,3620.0,0.5,311.79999999999995,144,41,182,28,57.92642593383789,2.9434120655059814,0.28
2026-07-10T22:18:12+00:00,37.45186502113938,126.93214327096939,3620.0,0.5,312.20000000000005,144,41,104,28,58.46928405761719,2.9519481658935547,0.28
2026-07-10T22:18:13+00:00,,,3620.0,0.8,312.4,145,41,104,28,36.603145599365234,3.309887647628784,0.28
2026-07-10T22:18:14+00:00,,,3622.0,0.8,312.79999999999995,145,41,154,28,36.94120788574219,3.3401808738708496,0.28
2026-07-10T22:18:15+00:00,37.451850017532706,126.93211996927857,3622.0,0.74,313.0,145,74,153,28,40.341495513916016,3.363054037094116,0.28
2026-07-10T22:18:16+00:00,,,3622.0,0.74,313.4,145,41,145,28,40.70697784423828,3.3920681476593018,0.28
2026-07-10T22:18:17+00:00,,,3625.0,0.84,313.6,145,41,146,28,36.123653411865234,3.43221378326416,0.28
2026-07-10T22:18:18+00:00,37.4518399592489,126.93209172226489,3625.0,0.84,314.0,146,41,155,28,36.21324920654297,3.440680980682373,0.3
2026-07-10T22:18:19+00:00,,,3625.0,0.88,314.20000000000005,146,41,157,28,34.633914947509766,3.4495038986206055,0.3
2026-07-10T22:18:20+00:00,,,3628.0,0.88,314.4,146,41,161,28,34.7197380065918,3.4580585956573486,0.3
2026-07-10T22:18:21+00:00,,,3628.0,0.86,314.79999999999995,146,41,161,28,35.20992660522461,3.4665684700012207,0.3
2026-07-10T22:18:22+00:00,,,3628.0,0.86,315.0,146,41,159,28,35.29648208618164,3.475081443786621,0.3
2026-07-10T22:18:23+00:00,37.45182671584189,126.93207001313567,3628.0,0.84,315.20000000000005,147,41,155,28,36.66212844848633,3.48303484916687,0.3
2026-07-10T22:18:24+00:00,,,3628.0,0.84,315.6,147,41,151,28,36.75181579589844,3.4914824962615967,0.3
2026-07-10T22:18:25+00:00,,,3630.0,0.7,315.6,147,41,152,28,43.68391799926758,3.4723167419433594,0.3
2026-07-10T22:18:26+00:00,37.45181171223521,126.93204671144485,3630.0,0.7,315.79999999999995,147,41,135,28,43.43928527832031,3.4547998905181885,0.3
2026-07-10T22:18:27+00:00,,,3630.0,0.7,316.20000000000005,147,41,132,28,43.194419860839844,3.4371609687805176,0.3
2026-07-10T22:18:28+00:00,37.451793272048235,126.93203497678041,3633.0,0.7,316.4,148,41,130,28,42.94856643676758,3.4193484783172607,0.3
2026-07-10T22:18:29+00:00,,,3633.0,0.76,316.79999999999995,148,41,130,28,39.85700988769531,3.4154205322265625,0.28
2026-07-10T22:18:30+00:00,,,3635.0,0.76,317.0,148,75,136,28,39.62800598144531,3.3965251445770264,0.28
2026-07-10T22:18:31+00:00,37.45178170502186,126.93201502785087,3635.0,0.78,317.4,149,75,137,28,37.88409423828125,3.380908727645874,0.28
2026-07-10T22:18:32+00:00,,,3635.0,0.78,317.79999999999995,149,42,143,28,37.66411590576172,3.361602306365967,0.28
2026-07-10T22:18:33+00:00,,,3637.0,0.78,318.0,149,42,148,28,37.92998123168945,3.3415346145629883,0.28
2026-07-10T22:18:34+00:00,,,3637.0,0.78,318.4,148,42,147,28,37.75011444091797,3.325960397720337,0.28
2026-07-10T22:18:35+00:00,,,3637.0,0.76,318.6,148,42,150,28,38.57175064086914,3.3086490631103516,0.28
2026-07-10T22:18:36+00:00,,,3637.0,0.76,318.79999999999995,148,41,148,28,38.38671875,3.2931432723999023,0.28
2026-07-10T22:18:37+00:00,,,3637.0,0.74,319.0,149,41,147,28,38.717918395996094,3.276597499847412,0.28
2026-07-10T22:18:38+00:00,,,3637.0,0.74,319.0,148,41,143,28,38.53057098388672,3.261131763458252,0.28
2026-07-10T22:18:39+00:00,,,3637.0,0.72,319.20000000000005,148,41,137,28,39.40793228149414,3.2431790828704834,0.28
2026-07-10T22:18:40+00:00,,,3637.0,0.72,319.20000000000005,148,41,128,28,39.21537780761719,3.2278389930725098,0.28
2026-07-10T22:18:41+00:00,,,3637.0,0.68,319.4,148,44,123,28,41.317474365234375,3.204516887664795,0.28
2026-07-10T22:18:42+00:00,,,3637.0,0.68,319.4,148,46,109,28,40.54448318481445,3.147737503051758,0.26
2026-07-10T22:18:43+00:00,,,3637.0,0.64,319.6,148,49,99,28,42.92795944213867,3.0760657787323,0.26
2026-07-10T22:18:44+00:00,37.451771730557084,126.93204000592232,3637.0,0.64,319.6,148,50,88,29,42.093624114990234,3.0209789276123047,0.26
2026-07-10T22:18:45+00:00,,,3637.0,0.3,319.79999999999995,149,55,82,29,86.64448547363281,1.8184829950332642,0.24
2026-07-10T22:18:46+00:00,,,3640.0,0.3,320.0,150,57,59,29,84.88887023925781,1.8184829950332642,0.24
2026-07-10T22:18:47+00:00,,,3640.0,0.3,320.20000000000005,149,57,58,29,86.0071792602539,1.7578668594360352,0.24
2026-07-10T22:18:48+00:00,,,3640.0,0.3,320.4,149,57,59,29,84.19646453857422,1.7578668594360352,0.24
2026-07-10T22:18:49+00:00,,,3640.0,0.0,320.6,149,48,61,29,84.19646453857422,0.0,0.22
2026-07-10T22:18:50+00:00,,,3640.0,0.0,321.0,149,48,0,29,84.19646453857422,0.0,0.22
2026-07-10T22:18:51+00:00,,,3640.0,0.0,321.4,150,48,0,29,84.19646453857422,0.0,0.22
2026-07-10T22:18:52+00:00,37.451739963144064,126.93202827125788,3640.0,0.0,321.6,150,47,0,29,84.19646453857422,0.0,0.22
2026-07-10T22:18:53+00:00,37.45172328315675,126.9320182967931,3640.0,1.06,321.79999999999995,151,47,0,29,21.07650375366211,2.616593837738037,0.22
2026-07-10T22:18:54+00:00,,,3643.0,1.06,322.0,152,46,152,29,20.71027374267578,2.5776994228363037,0.2
2026-07-10T22:18:55+00:00,37.451695036143064,126.93199499510229,3646.0,1.84,322.20000000000005,151,45,154,29,11.72056770324707,3.017051935195923,0.2
2026-07-10T22:18:56+00:00,,,3646.0,1.84,322.4,151,45,199,29,11.510429382324219,2.988205909729004,0.2
2026-07-10T22:18:57+00:00,37.451675003394485,126.93196498788893,3649.0,1.86,322.6,150,45,199,29,11.178156852722168,2.9751222133636475,0.2
2026-07-10T22:18:58+00:00,,,3649.0,1.86,322.79999999999995,150,45,198,29,11.058504104614258,2.9588780403137207,0.2
2026-07-10T22:18:59+00:00,37.451663268730044,126.93194000981748,3653.0,1.82,323.0,150,54,196,29,11.178529739379883,2.9111907482147217,0.2
2026-07-10T22:19:00+00:00,,,3653.0,1.82,323.4,151,54,191,29,11.05624771118164,2.8949475288391113,0.2
2026-07-10T22:19:01+00:00,,,3655.0,1.7,323.6,151,54,189,29,11.704987525939941,2.7855093479156494,0.18
2026-07-10T22:19:02+00:00,,,3655.0,1.7,324.0,151,54,184,29,11.573941230773926,2.768871784210205,0.18
2026-07-10T22:19:03+00:00,,,3655.0,1.56,324.4,151,54,190,29,12.5499849319458,2.639589309692383,0.18
2026-07-10T22:19:04+00:00,,,3655.0,1.56,324.6,151,53,187,29,12.405970573425293,2.622321367263794,0.18
2026-07-10T22:19:05+00:00,37.45165673084557,126.93191830068827,3655.0,0.0,324.79999999999995,152,52,189,29,12.405970573425293,0.0,0.18
2026-07-10T22:19:06+00:00,,,3655.0,0.0,324.79999999999995,151,52,0,29,12.405970573425293,0.0,0.18
2026-07-10T22:19:07+00:00,,,3657.0,0.0,325.0,151,52,0,29,12.405970573425293,0.0,0.18
2026-07-10T22:19:08+00:00,,,3657.0,0.0,325.0,151,51,0,29,12.405970573425293,0.0,0.2
2026-07-10T22:19:09+00:00,,,3657.0,0.52,325.0,152,51,0,29,40.46297073364258,2.35628080368042,0.2
2026-07-10T22:19:10+00:00,,,3657.0,0.52,325.0,151,48,96,29,41.261451721191406,2.400320291519165,0.2
2026-07-10T22:19:11+00:00,,,3657.0,0.34,325.0,151,48,83,29,63.09109115600586,2.0609474182128906,0.2
2026-07-10T22:19:12+00:00,,,3657.0,0.34,325.0,151,48,58,29,64.29000854492188,2.0609474182128906,0.2
2026-07-10T22:19:13+00:00,,,3657.0,0.0,325.0,151,47,46,29,64.29000854492188,0.0,0.22
2026-07-10T22:19:14+00:00,,,3657.0,0.0,325.20000000000005,151,46,0,29,64.29000854492188,0.0,0.2
2026-07-10T22:19:15+00:00,,,3657.0,0.0,325.0,151,46,0,29,64.29000854492188,0.0,0.2
2026-07-10T22:19:16+00:00,,,3657.0,0.0,325.0,150,46,0,29,64.29000854492188,0.0,0.2
2026-07-10T22:19:17+00:00,,,3657.0,0.0,325.0,150,46,0,29,64.29000854492188,0.0,0.2
2026-07-10T22:19:18+00:00,,,3657.0,0.0,325.0,150,46,0,29,64.29000854492188,0.0,0.18
2026-07-10T22:19:19+00:00,,,3657.0,0.0,325.20000000000005,148,46,0,29,64.29000854492188,0.0,0.18
2026-07-10T22:19:20+00:00,,,3657.0,0.0,325.20000000000005,148,46,0,29,64.29000854492188,0.0,0.18
2026-07-10T22:19:21+00:00,,,3657.0,0.0,325.20000000000005,147,0,0,29,64.29000854492188,0.0,0.18
2026-07-10T22:19:22+00:00,,,3657.0,0.0,325.20000000000005,146,0,0,29,64.29000854492188,0.0,0.16
2026-07-10T22:19:23+00:00,,,3657.0,0.0,325.4,146,0,0,29,64.29000854492188,0.0,0.16
2026-07-10T22:19:24+00:00,,,3657.0,0.0,325.4,145,0,0,29,64.29000854492188,0.0,0.14
2026-07-10T22:19:25+00:00,,,3657.0,0.0,325.4,144,0,0,29,64.29000854492188,0.0,0.14
2026-07-10T22:19:26+00:00,,,3657.0,0.0,325.20000000000005,144,0,0,29,64.29000854492188,0.0,0.12
2026-07-10T22:19:27+00:00,,,3657.0,0.0,325.20000000000005,143,0,0,29,64.29000854492188,0.0,0.12
2026-07-10T22:19:28+00:00,,,3657.0,0.0,325.0,143,0,0,29,64.29000854492188,0.0,0.12
2026-07-10T22:19:29+00:00,,,3657.0,0.0,325.0,143,0,0,29,64.29000854492188,0.0,0.1
2026-07-10T22:19:30+00:00,,,3657.0,0.0,325.0,142,0,0,29,64.29000854492188,0.0,0.08
2026-07-10T22:19:31+00:00,,,3657.0,0.0,325.0,142,0,0,29,64.29000854492188,0.0,0.08
2026-07-10T22:19:32+00:00,,,3657.0,0.0,324.79999999999995,141,0,0,29,64.29000854492188,0.0,0.06
2026-07-10T22:19:33+00:00,,,3657.0,0.0,324.79999999999995,141,0,0,29,64.29000854492188,0.0,0.06
2026-07-10T22:19:34+00:00,,,3657.0,0.0,324.79999999999995,140,0,0,29,64.29000854492188,0.0,0.04
2026-07-10T22:19:35+00:00,,,3657.0,0.0,324.79999999999995,139,43,0,29,64.29000854492188,0.0,0.02
2026-07-10T22:19:36+00:00,,,3657.0,0.0,324.79999999999995,139,43,0,29,64.29000854492188,0.0,0.02
2026-07-10T22:19:37+00:00,37.45163996703923,126.93190832622349,3657.0,0.0,324.79999999999995,139,0,0,29,64.29000854492188,0.0,0.0
2026-07-10T22:19:38+00:00,,,3657.0,0.0,324.79999999999995,138,0,0,29,64.29000854492188,0.0,0.0
2026-07-10T22:19:39+00:00,,,3659.0,0.0,324.79999999999995,138,0,0,29,64.29000854492188,0.0,0.0
2026-07-10T22:19:40+00:00,37.451614988967776,126.93190002813935,3659.0,0.0,325.0,137,41,0,29,64.29000854492188,0.0,0.0
2026-07-10T22:19:41+00:00,,,3659.0,0.98,325.0,137,52,0,29,0.024271225556731224,0.9707812070846558,0.0
2026-07-10T22:19:42+00:00,,,3662.0,0.98,325.20000000000005,136,52,71,29,-0.28388330340385437,0.9610235095024109,0.0
2026-07-10T22:19:43+00:00,,,3662.0,0.96,325.4,136,55,76,29,-0.5975828766822815,0.9416388273239136,0.0
2026-07-10T22:19:44+00:00,37.45158833451569,126.93189667537808,3662.0,0.96,325.6,134,55,79,29,-0.9083253145217896,0.9326029419898987,0.0
2026-07-10T22:19:45+00:00,,,3662.0,0.52,326.0,134,56,86,29,-2.2953009605407715,0.47629085183143616,0.0
2026-07-10T22:19:46+00:00,,,3665.0,0.52,326.20000000000005,133,56,75,29,-1.3659359216690063,0.4887152910232544,0.0
2026-07-10T22:19:47+00:00,37.45157500728965,126.93187496624887,3665.0,0.96,326.6,133,56,92,29,-0.23242202401161194,0.9527047872543335,0.0
2026-07-10T22:19:48+00:00,,,3665.0,0.96,326.79999999999995,133,56,128,29,0.2608094811439514,0.9684191942214966,0.0
2026-07-10T22:19:49+00:00,,,3668.0,1.04,327.0,133,56,133,29,0.70463627576828,1.0550121068954468,0.0
2026-07-10T22:19:50+00:00,,,3668.0,1.04,327.20000000000005,133,56,143,29,1.1638869047164917,1.0723505020141602,0.0
2026-07-10T22:19:51+00:00,37.451561680063605,126.93184831179678,3668.0,0.86,327.6,133,55,151,29,1.9679759740829468,0.9116222858428955,0.0
2026-07-10T22:19:52+00:00,,,3668.0,0.86,328.0,133,55,149,29,2.52559494972229,0.931326687335968,0.02
2026-07-10T22:19:53+00:00,,,3670.0,0.86,328.20000000000005,133,55,157,29,3.083771228790283,0.9520369172096252,0.02
2026-07-10T22:19:54+00:00,,,3670.0,0.86,328.6,132,55,161,29,4.676159381866455,1.0165026187896729,0.02
2026-07-10T22:19:55+00:00,37.45153997093439,126.93183498457074,3670.0,0.52,329.0,133,55,159,29,10.450237274169922,0.7890339493751526,0.04
2026-07-10T22:19:56+00:00,,,3670.0,0.52,329.20000000000005,133,55,108,29,13.106874465942383,0.8907929062843323,0.06
2026-07-10T22:19:57+00:00,,,3673.0,0.94,329.4,134,55,108,29,8.555427551269531,1.333897590637207,0.08
2026-07-10T22:19:58+00:00,,,3673.0,0.94,329.79999999999995,135,53,166,29,9.993910789489746,1.424259901046753,0.08
2026-07-10T22:19:59+00:00,,,3673.0,0.6,330.0,136,52,172,29,17.915267944335938,1.297238826751709,0.1
2026-07-10T22:20:00+00:00,,,3673.0,0.6,330.4,137,52,127,29,20.173412322998047,1.4271268844604492,0.12
2026-07-10T22:20:01+00:00,,,3673.0,0.38,330.6,138,51,127,29,35.421810150146484,1.540945053100586,0.12
2026-07-10T22:20:02+00:00,,,3673.0,0.38,330.79999999999995,139,51,80,29,38.97512435913086,1.6934528350830078,0.14
2026-07-10T22:20:03+00:00,,,3673.0,0.36,330.79999999999995,139,51,80,29,46.181453704833984,1.8222379684448242,0.16
2026-07-10T22:20:04+00:00,,,3673.0,0.36,331.0,139,51,74,29,50.03934097290039,1.9404900074005127,0.16
2026-07-10T22:20:05+00:00,,,3673.0,0.0,331.0,139,51,74,29,50.03934097290039,0.0,0.18
2026-07-10T22:20:06+00:00,,,3673.0,0.0,331.0,139,51,0,29,50.03934097290039,0.0,0.2
2026-07-10T22:20:07+00:00,,,3673.0,0.0,331.0,139,50,0,29,50.03934097290039,0.0,0.2
2026-07-10T22:20:08+00:00,,,3673.0,0.0,331.0,139,50,0,29,50.03934097290039,0.0,0.22
2026-07-10T22:20:09+00:00,,,3673.0,0.0,331.0,139,50,0,29,50.03934097290039,0.0,0.24
2026-07-10T22:20:10+00:00,,,3673.0,0.0,331.0,139,50,0,29,50.03934097290039,0.0,0.22
2026-07-10T22:20:11+00:00,,,3673.0,0.0,331.0,139,51,0,29,50.03934097290039,0.0,0.22
2026-07-10T22:20:12+00:00,,,3673.0,0.0,331.0,139,51,0,29,50.03934097290039,0.0,0.22
2026-07-10T22:20:13+00:00,,,3673.0,0.0,331.0,138,52,0,29,50.03934097290039,0.0,0.22
2026-07-10T22:20:14+00:00,,,3673.0,0.0,331.20000000000005,138,52,0,29,50.03934097290039,0.0,0.22
2026-07-10T22:20:15+00:00,,,3673.0,0.0,331.20000000000005,138,52,0,29,50.03934097290039,0.0,0.2
2026-07-10T22:20:16+00:00,,,3673.0,0.0,331.0,139,61,0,29,50.03934097290039,0.0,0.2
2026-07-10T22:20:17+00:00,,,3673.0,0.0,331.0,138,61,0,29,50.03934097290039,0.0,0.2
2026-07-10T22:20:18+00:00,,,3673.0,0.0,331.0,138,61,0,29,50.03934097290039,0.0,0.18
2026-07-10T22:20:19+00:00,,,3673.0,0.0,331.0,138,61,0,29,50.03934097290039,0.0,0.18
2026-07-10T22:20:20+00:00,,,3673.0,0.0,331.0,137,61,0,29,50.03934097290039,0.0,0.16
2026-07-10T22:20:21+00:00,,,3673.0,0.0,331.0,136,0,0,29,50.03934097290039,0.0,0.16
2026-07-10T22:20:22+00:00,,,3673.0,0.0,331.0,136,61,0,29,50.03934097290039,0.0,0.14
2026-07-10T22:20:23+00:00,,,3673.0,0.0,331.0,136,61,0,29,50.03934097290039,0.0,0.12
2026-07-10T22:20:24+00:00,,,3673.0,0.0,331.0,135,61,0,29,50.03934097290039,0.0,0.12
2026-07-10T22:20:25+00:00,,,3673.0,0.0,331.0,134,0,0,29,50.03934097290039,0.0,0.1
2026-07-10T22:20:26+00:00,,,3673.0,0.0,330.79999999999995,133,0,0,29,50.03934097290039,0.0,0.1
2026-07-10T22:20:27+00:00,,,3673.0,0.0,330.79999999999995,132,0,0,29,50.03934097290039,0.0,0.08
2026-07-10T22:20:28+00:00,,,3673.0,0.0,330.79999999999995,132,0,0,29,50.03934097290039,0.0,0.06
2026-07-10T22:20:29+00:00,,,3673.0,0.0,330.79999999999995,131,0,0,29,50.03934097290039,0.0,0.06
2026-07-10T22:20:30+00:00,,,3673.0,0.0,330.6,131,0,0,29,50.03934097290039,0.0,0.04
2026-07-10T22:20:31+00:00,,,3673.0,0.0,330.79999999999995,131,0,0,29,50.03934097290039,0.0,0.04
2026-07-10T22:20:32+00:00,,,3673.0,0.0,330.79999999999995,131,0,0,29,50.03934097290039,0.0,0.02
2026-07-10T22:20:33+00:00,,,3673.0,0.0,330.79999999999995,129,0,0,29,50.03934097290039,0.0,0.0
2026-07-10T22:20:34+00:00,,,3673.0,0.0,330.79999999999995,129,0,0,29,50.03934097290039,0.0,0.0
2026-07-10T22:20:35+00:00,,,3673.0,0.0,331.0,128,0,0,29,50.03934097290039,0.0,0.0
2026-07-10T22:20:36+00:00,,,3673.0,0.0,331.0,127,0,0,29,50.03934097290039,0.0,0.0
2026-07-10T22:20:37+00:00,,,3673.0,0.0,331.0,127,0,0,29,50.03934097290039,0.0,0.0
2026-07-10T22:20:38+00:00,,,3673.0,0.0,331.0,126,0,0,29,50.03934097290039,0.0,0.0
2026-07-10T22:20:39+00:00,,,3673.0,0.0,331.0,125,0,0,29,50.03934097290039,0.0,0.0
2026-07-10T22:20:40+00:00,,,3673.0,0.0,330.79999999999995,124,0,0,29,50.03934097290039,0.0,0.0
2026-07-10T22:20:41+00:00,,,3673.0,0.0,330.6,123,0,0,29,50.03934097290039,0.0,0.0
2026-07-10T22:20:42+00:00,,,3673.0,0.0,330.6,123,0,0,29,50.03934097290039,0.0,0.0
2026-07-10T22:20:43+00:00,,,3673.0,0.0,330.4,122,42,0,29,50.03934097290039,0.0,0.0
2026-07-10T22:20:44+00:00,37.45152169838548,126.9318317156285,3673.0,0.0,330.4,122,54,0,29,50.03934097290039,0.0,0.0
2026-07-10T22:20:45+00:00,,,3673.0,0.0,330.4,121,72,0,29,50.03934097290039,0.0,0.0
2026-07-10T22:20:46+00:00,,,3675.0,0.0,330.4,122,72,0,29,50.03934097290039,0.0,0.0
2026-07-10T22:20:47+00:00,,,3675.0,0.0,330.4,121,72,0,29,50.03934097290039,0.0,0.0
2026-07-10T22:20:48+00:00,,,3675.0,0.0,330.4,121,72,0,29,50.03934097290039,0.0,0.0
2026-07-10T22:20:49+00:00,,,3675.0,0.0,330.4,121,72,0,29,50.03934097290039,0.0,0.0
2026-07-10T22:20:50+00:00,,,3675.0,0.0,330.6,120,72,0,29,50.03934097290039,0.0,0.0
2026-07-10T22:20:51+00:00,,,3675.0,0.0,330.6,119,72,0,29,50.03934097290039,0.0,0.0
2026-07-10T22:20:52+00:00,,,3675.0,0.0,330.6,120,72,0,29,50.03934097290039,0.0,0.0
2026-07-10T22:20:53+00:00,,,3675.0,0.0,330.6,120,72,0,29,50.03934097290039,0.0,0.0
2026-07-10T22:20:54+00:00,,,3675.0,0.0,330.4,123,72,0,29,50.03934097290039,0.0,0.0
2026-07-10T22:20:55+00:00,,,3675.0,0.0,330.4,122,69,0,29,50.03934097290039,0.0,0.0
2026-07-10T22:20:56+00:00,,,3675.0,0.0,330.4,122,66,0,29,50.03934097290039,0.0,0.0
2026-07-10T22:20:57+00:00,,,3675.0,0.0,330.6,123,66,0,29,50.03934097290039,0.0,0.0
2026-07-10T22:20:58+00:00,37.451505018398166,126.93181998096406,3675.0,0.0,330.6,124,66,0,29,50.03934097290039,0.0,0.0
2026-07-10T22:20:59+00:00,,,3675.0,0.0,330.6,124,62,0,29,50.03934097290039,0.0,0.0
2026-07-10T22:21:00+00:00,,,3677.0,0.0,330.6,124,46,0,29,50.03934097290039,0.0,0.0
2026-07-10T22:21:01+00:00,,,3677.0,0.98,330.6,124,44,0,29,-1.5047301054000854,0.9353310465812683,0.0
2026-07-10T22:21:02+00:00,,,3677.0,0.98,330.4,124,44,68,29,-1.375886082649231,0.938827395439148,0.0
2026-07-10T22:21:03+00:00,,,3677.0,0.66,330.20000000000005,125,43,65,30,-1.8512852191925049,0.6237891316413879,0.0
2026-07-10T22:21:04+00:00,,,3677.0,0.66,330.20000000000005,125,43,41,29,-1.6599712371826172,0.6271347999572754,0.0
2026-07-10T22:21:05+00:00,37.451488338410854,126.93180330097675,3677.0,0.4,330.20000000000005,127,43,39,29,-2.422968626022339,0.37232494354248047,0.0
2026-07-10T22:21:06+00:00,,,3677.0,0.4,330.0,127,43,21,29,-2.7981996536254883,0.3688334822654724,0.0
2026-07-10T22:21:07+00:00,,,3680.0,0.34,330.0,128,45,21,30,-3.7343311309814453,0.3068932890892029,0.0
2026-07-10T22:21:08+00:00,,,3680.0,0.34,329.79999999999995,129,43,17,30,-4.174896240234375,0.304169237613678,0.0
2026-07-10T22:21:09+00:00,,,3680.0,0.0,329.79999999999995,131,44,18,30,-4.174896240234375,0.0,0.0
2026-07-10T22:21:10+00:00,,,3680.0,0.0,329.6,132,44,0,30,-4.174896240234375,0.0,0.0
2026-07-10T22:21:11+00:00,,,3680.0,0.0,329.4,132,44,0,30,-4.174896240234375,0.0,0.0
2026-07-10T22:21:12+00:00,,,3680.0,0.0,329.4,131,44,0,30,-4.174896240234375,0.0,-0.02
2026-07-10T22:21:13+00:00,,,3680.0,0.0,329.4,131,46,0,30,-4.174896240234375,0.0,-0.02
2026-07-10T22:21:14+00:00,,,3680.0,0.0,329.4,131,52,0,30,-4.174896240234375,0.0,-0.02
2026-07-10T22:21:15+00:00,,,3680.0,0.0,329.4,131,52,0,30,-4.174896240234375,0.0,-0.02
2026-07-10T22:21:16+00:00,,,3680.0,0.0,329.6,131,52,0,30,-4.174896240234375,0.0,-0.02
2026-07-10T22:21:17+00:00,,,3680.0,0.0,329.6,131,52,0,30,-4.174896240234375,0.0,-0.02
2026-07-10T22:21:18+00:00,,,3680.0,0.0,329.6,131,47,0,30,-4.174896240234375,0.0,-0.02
2026-07-10T22:21:19+00:00,37.45147165842354,126.93178829737008,3680.0,0.0,329.6,131,47,0,30,-4.174896240234375,0.0,-0.02
2026-07-10T22:21:20+00:00,,,3680.0,0.0,329.6,132,47,0,30,-4.174896240234375,0.0,-0.04
2026-07-10T22:21:21+00:00,37.45144332759082,126.93176172673702,3682.0,0.52,329.6,133,47,0,30,-8.29180908203125,0.45307180285453796,-0.04
2026-07-10T22:21:22+00:00,37.45142329484224,126.93174169398844,3682.0,0.52,329.79999999999995,132,50,43,30,-8.12602710723877,0.45327749848365784,-0.04
2026-07-10T22:21:23+00:00,37.45140502229333,126.93172166123986,3686.0,2.24,329.6,132,52,44,30,-1.8916995525360107,2.105302572250366,-0.04
2026-07-10T22:21:24+00:00,37.451388258486986,126.93170498125255,3689.0,2.24,329.6,131,52,158,30,-1.8522988557815552,2.1075918674468994,-0.04
2026-07-10T22:21:25+00:00,,,3691.0,2.56,329.4,131,52,155,30,-1.5791009664535522,2.438114881515503,-0.04
2026-07-10T22:21:26+00:00,37.451366716995835,126.9316749740392,3694.0,2.56,329.20000000000005,131,52,171,30,-1.5447102785110474,2.4405124187469482,-0.02
2026-07-10T22:21:27+00:00,,,3694.0,2.36,329.20000000000005,131,53,166,30,-1.638350248336792,2.243854522705078,-0.02
2026-07-10T22:21:28+00:00,37.451346684247255,126.93164672702551,3697.0,2.36,329.0,131,53,151,30,-1.6010452508926392,2.246232509613037,-0.02
2026-07-10T22:21:29+00:00,,,3697.0,2.18,329.0,130,53,151,30,-1.6928156614303589,2.0695266723632812,-0.02
2026-07-10T22:21:30+00:00,37.45133327320218,126.93162669427693,3701.0,2.18,328.79999999999995,130,53,136,30,-1.754738450050354,2.0659334659576416,-0.02
2026-07-10T22:21:31+00:00,,,3701.0,2.02,328.79999999999995,130,53,134,30,-1.9602887630462646,1.9034634828567505,-0.02
2026-07-10T22:21:32+00:00,37.45132497511804,126.93160171620548,3703.0,2.02,328.79999999999995,129,53,122,30,-2.0270495414733887,1.900011658668518,-0.04
2026-07-10T22:21:33+00:00,,,3703.0,1.86,328.79999999999995,128,53,123,30,-2.2737784385681152,1.7380414009094238,-0.04
2026-07-10T22:21:34+00:00,,,3705.0,1.86,328.79999999999995,128,54,114,29,-2.3463549613952637,1.7347476482391357,-0.04
2026-07-10T22:21:35+00:00,37.451301673427224,126.9315867125988,3705.0,1.7,328.79999999999995,127,55,117,29,-2.646357297897339,1.5734379291534424,-0.04
2026-07-10T22:21:36+00:00,,,3705.0,1.7,328.79999999999995,127,56,107,29,-2.7255265712738037,1.5703455209732056,-0.04
2026-07-10T22:21:37+00:00,37.451281724497676,126.93158503621817,3708.0,1.64,329.0,126,56,110,29,-2.9252254962921143,1.498376488685608,-0.04
2026-07-10T22:21:38+00:00,,,3708.0,1.64,329.20000000000005,125,58,108,29,-2.7276253700256348,1.5056060552597046,-0.04
2026-07-10T22:21:39+00:00,37.45125666260719,126.9315816834569,3711.0,1.58,329.6,124,58,116,29,-2.625685453414917,1.45386803150177,-0.04
2026-07-10T22:21:40+00:00,,,3711.0,1.58,329.79999999999995,123,58,123,29,-2.42032790184021,1.461474895477295,-0.02
2026-07-10T22:21:41+00:00,37.45123503729701,126.93156500346959,3713.0,1.56,330.0,123,58,135,29,-2.2283408641815186,1.4594573974609375,-0.02
2026-07-10T22:21:42+00:00,,,3713.0,1.56,330.20000000000005,123,58,141,29,-2.021667003631592,1.4675496816635132,-0.02
2026-07-10T22:21:43+00:00,37.451216680929065,126.931531727314,3716.0,1.56,330.4,124,58,148,29,-1.825869083404541,1.465990662574768,-0.02
2026-07-10T22:21:44+00:00,,,3716.0,1.56,330.4,124,59,156,29,-1.6178621053695679,1.4745748043060303,-0.02
2026-07-10T22:21:45+00:00,37.45119673199952,126.93151328712702,3720.0,1.58,330.6,124,59,160,29,-1.3908661603927612,1.5033835172653198,-0.02
2026-07-10T22:21:46+00:00,,,3720.0,1.58,330.4,124,59,162,29,-0.9397770762443542,1.523730754852295,0.0
2026-07-10T22:21:47+00:00,37.45117669925094,126.93151001818478,3722.0,1.58,330.4,124,59,157,29,-0.4873320758342743,1.545352578163147,0.0
2026-07-10T22:21:48+00:00,,,3722.0,1.58,330.4,125,59,146,29,-0.03579102084040642,1.5681419372558594,0.0
2026-07-10T22:21:49+00:00,,,3725.0,1.52,330.4,125,59,132,29,0.4308265745639801,1.542230248451233,0.0
2026-07-10T22:21:50+00:00,37.45115825906396,126.93149995990098,3725.0,1.52,330.4,125,59,119,29,0.8967542052268982,1.5674681663513184,0.0
2026-07-10T22:21:51+00:00,,,3725.0,0.44,330.6,125,59,115,29,4.710671424865723,0.526958167552948,0.02
2026-07-10T22:21:52+00:00,,,3727.0,0.44,330.6,125,59,39,29,6.326691150665283,0.5650786757469177,0.02
2026-07-10T22:21:53+00:00,,,3727.0,1.0,330.6,125,59,35,29,3.493372678756714,1.1386585235595703,0.02
2026-07-10T22:21:54+00:00,37.45113671757281,126.9314950145781,3727.0,1.0,330.6,125,59,73,29,3.932126522064209,1.159286379814148,0.02
2026-07-10T22:21:55+00:00,,,3727.0,0.84,330.6,125,0,71,29,5.26664924621582,1.0178886651992798,0.04
2026-07-10T22:21:56+00:00,,,3729.0,0.84,330.79999999999995,124,0,61,29,5.795797348022461,1.0414564609527588,0.04
2026-07-10T22:21:57+00:00,,,3729.0,0.76,330.79999999999995,123,0,65,29,6.99785041809082,0.992257833480835,0.04
2026-07-10T22:21:58+00:00,,,3729.0,0.76,330.79999999999995,122,0,61,29,7.582855224609375,1.018560767173767,0.04
2026-07-10T22:21:59+00:00,,,3729.0,0.66,330.79999999999995,121,0,61,29,9.281660079956055,0.968016505241394,0.06
2026-07-10T22:22:00+00:00,,,3729.0,0.66,330.79999999999995,121,0,53,29,9.946438789367676,0.9978446960449219,0.06
2026-07-10T22:22:01+00:00,,,3729.0,0.48,330.6,121,0,51,29,14.900856971740723,0.890112042427063,0.06
2026-07-10T22:22:02+00:00,,,3729.0,0.48,330.6,121,0,34,29,15.016413688659668,0.8947230577468872,0.06
2026-07-10T22:22:03+00:00,,,3729.0,0.36,330.6,121,0,33,29,20.32007598876953,0.837559163570404,0.06
2026-07-10T22:22:04+00:00,,,3729.0,0.36,330.6,122,0,24,29,20.475252151489258,0.842940628528595,0.06
2026-07-10T22:22:05+00:00,,,3729.0,0.0,330.6,123,0,23,29,20.475252151489258,0.0,0.06
2026-07-10T22:22:06+00:00,,,3729.0,0.0,330.6,124,0,0,29,20.475252151489258,0.0,0.06
2026-07-10T22:22:07+00:00,,,3729.0,0.0,330.79999999999995,124,0,0,29,20.475252151489258,0.0,0.06
2026-07-10T22:22:08+00:00,,,3729.0,0.0,330.79999999999995,124,0,0,29,20.475252151489258,0.0,0.06
2026-07-10T22:22:09+00:00,,,3729.0,0.0,330.79999999999995,124,57,0,29,20.475252151489258,0.0,0.06
2026-07-10T22:22:10+00:00,,,3729.0,0.0,330.79999999999995,124,0,0,29,20.475252151489258,0.0,0.06
2026-07-10T22:22:11+00:00,,,3729.0,0.0,330.79999999999995,124,0,0,29,20.475252151489258,0.0,0.04
2026-07-10T22:22:12+00:00,,,3729.0,0.0,331.0,125,0,0,29,20.475252151489258,0.0,0.04
2026-07-10T22:22:13+00:00,,,3729.0,0.0,331.0,125,0,0,29,20.475252151489258,0.0,0.04
2026-07-10T22:22:14+00:00,,,3729.0,0.0,331.0,125,0,0,29,20.475252151489258,0.0,0.02
2026-07-10T22:22:15+00:00,,,3729.0,0.0,331.0,124,0,0,29,20.475252151489258,0.0,0.02
2026-07-10T22:22:16+00:00,,,3729.0,0.0,331.0,123,0,0,29,20.475252151489258,0.0,0.0
2026-07-10T22:22:17+00:00,,,3729.0,0.0,331.0,122,0,0,29,20.475252151489258,0.0,0.0
2026-07-10T22:22:18+00:00,,,3729.0,0.0,331.20000000000005,121,0,0,29,20.475252151489258,0.0,0.0
2026-07-10T22:22:19+00:00,,,3729.0,0.0,331.0,120,0,0,29,20.475252151489258,0.0,0.0
2026-07-10T22:22:20+00:00,,,3729.0,0.0,331.20000000000005,119,0,0,29,20.475252151489258,0.0,0.0
2026-07-10T22:22:21+00:00,,,3729.0,0.0,331.20000000000005,119,0,0,29,20.475252151489258,0.0,0.0
2026-07-10T22:22:22+00:00,,,3729.0,0.0,331.20000000000005,118,0,0,29,20.475252151489258,0.0,0.0
2026-07-10T22:22:23+00:00,,,3729.0,0.0,331.4,117,0,0,29,20.475252151489258,0.0,0.0
2026-07-10T22:22:24+00:00,,,3729.0,0.0,331.4,116,0,0,29,20.475252151489258,0.0,0.0
2026-07-10T22:22:25+00:00,,,3729.0,0.0,331.4,115,0,0,29,20.475252151489258,0.0,0.0
2026-07-10T22:22:26+00:00,,,3729.0,0.0,331.4,114,0,0,29,20.475252151489258,0.0,0.02
2026-07-10T22:22:27+00:00,,,3729.0,0.0,331.4,114,0,0,29,20.475252151489258,0.0,0.02
2026-07-10T22:22:28+00:00,,,3729.0,0.0,331.6,114,0,0,29,20.475252151489258,0.0,0.02
2026-07-10T22:22:29+00:00,,,3729.0,0.0,331.6,115,0,0,29,20.475252151489258,0.0,0.02
2026-07-10T22:22:30+00:00,37.4511200375855,126.93148327991366,3729.0,0.0,331.79999999999995,114,0,0,29,20.475252151489258,0.0,0.02
2026-07-10T22:22:31+00:00,,,3729.0,0.0,331.79999999999995,114,0,0,29,20.475252151489258,0.0,0.02
2026-07-10T22:22:32+00:00,,,3732.0,0.0,331.79999999999995,113,51,0,29,20.475252151489258,0.0,0.02
2026-07-10T22:22:33+00:00,37.45114501565695,126.93149333819747,3732.0,0.36,331.79999999999995,113,57,0,29,7.995676040649414,0.49807921051979065,0.02
2026-07-10T22:22:34+00:00,,,3732.0,0.36,331.79999999999995,112,57,41,29,8.625044822692871,0.5124706029891968,0.02
2026-07-10T22:22:35+00:00,37.451164964586496,126.93150331266224,3734.0,0.96,331.79999999999995,112,68,40,29,3.4713504314422607,1.0921361446380615,0.02
2026-07-10T22:22:36+00:00,,,3734.0,0.96,331.6,111,69,75,29,3.7068912982940674,1.1026639938354492,0.02
2026-07-10T22:22:37+00:00,,,3737.0,1.06,331.4,111,69,69,29,3.5715749263763428,1.2108200788497925,0.02
2026-07-10T22:22:38+00:00,,,3737.0,1.06,331.4,111,69,71,29,3.7851085662841797,1.2214329242706299,0.04
2026-07-10T22:22:39+00:00,,,3737.0,1.02,331.20000000000005,110,69,66,29,4.1558966636657715,1.1934815645217896,0.04
2026-07-10T22:22:40+00:00,,,3737.0,1.02,331.20000000000005,110,69,61,29,4.378249645233154,1.2046072483062744,0.04
2026-07-10T22:22:41+00:00,,,3737.0,0.0,331.20000000000005,110,0,60,29,4.378249645233154,0.0,0.04
2026-07-10T22:22:42+00:00,,,3737.0,0.0,331.20000000000005,109,0,0,29,4.378249645233154,0.0,0.04
2026-07-10T22:22:43+00:00,,,3737.0,0.0,331.0,108,0,0,29,4.378249645233154,0.0,0.02
2026-07-10T22:22:44+00:00,,,3737.0,0.0,331.0,109,0,0,29,4.378249645233154,0.0,0.02
2026-07-10T22:22:45+00:00,,,3737.0,0.0,331.0,109,69,0,29,4.378249645233154,0.0,0.02
2026-07-10T22:22:46+00:00,,,3737.0,0.0,330.79999999999995,109,0,0,29,4.378249645233154,0.0,0.0
2026-07-10T22:22:47+00:00,,,3737.0,0.0,330.79999999999995,110,56,0,29,4.378249645233154,0.0,0.0
2026-07-10T22:22:48+00:00,37.451168317347765,126.9315333198756,3737.0,0.0,330.79999999999995,110,103,0,29,4.378249645233154,0.0,0.0
2026-07-10T22:22:49+00:00,,,3737.0,0.82,330.6,110,103,0,29,0.3065713942050934,0.8284749388694763,0.0
2026-07-10T22:22:50+00:00,37.45114669203758,126.93155997432768,3739.0,0.82,330.20000000000005,110,103,46,29,-0.26916658878326416,0.8127988576889038,0.0
2026-07-10T22:22:51+00:00,,,3739.0,1.46,330.0,110,103,44,29,-0.4765082895755768,1.4277279376983643,0.0
2026-07-10T22:22:52+00:00,37.45111668482423,126.93157673813403,3743.0,1.46,329.6,112,100,81,29,-0.8017731308937073,1.4132392406463623,0.0
2026-07-10T22:22:53+00:00,37.45109673589468,126.93157330155373,3743.0,1.62,329.20000000000005,112,75,79,29,-1.008477807044983,1.5689791440963745,0.0
2026-07-10T22:22:54+00:00,37.4510767031461,126.93156667985022,3746.0,1.62,329.0,112,66,87,29,-1.2996097803115845,1.5554087162017822,-0.02
2026-07-10T22:22:55+00:00,37.45105826295912,126.93156667985022,3749.0,1.82,328.79999999999995,112,66,86,29,-1.415676236152649,1.7415192127227783,-0.02
2026-07-10T22:22:56+00:00,,,3751.0,1.82,328.4,113,68,97,29,-1.6742980480194092,1.7286721467971802,-0.02
2026-07-10T22:22:57+00:00,37.45103328488767,126.9315883051604,3753.0,1.98,328.20000000000005,113,74,96,29,-1.785742998123169,1.8653064966201782,-0.02
2026-07-10T22:22:58+00:00,,,3753.0,1.98,328.0,114,76,104,29,-2.5273773670196533,1.8288103342056274,-0.04
2026-07-10T22:22:59+00:00,37.45102004148066,126.93161671981215,3756.0,1.84,327.6,115,78,104,29,-3.5047531127929688,1.6690500974655151,-0.06
2026-07-10T22:23:00+00:00,,,3756.0,1.84,327.4,115,78,97,29,-4.29878568649292,1.6421892642974854,-0.06
2026-07-10T22:23:01+00:00,37.451009983196855,126.93164496682584,3759.0,1.7,327.20000000000005,116,77,97,29,-5.517398357391357,1.4869976043701172,-0.08
2026-07-10T22:23:02+00:00,,,3759.0,1.7,327.0,115,77,89,29,-6.376821994781494,1.4713537693023682,-0.1
2026-07-10T22:23:03+00:00,,,3762.0,1.62,327.0,114,77,90,29,-7.6453070640563965,1.3796666860580444,-0.12
2026-07-10T22:23:04+00:00,,,3762.0,1.62,326.79999999999995,114,77,85,29,-8.553683280944824,1.3756550550460815,-0.12
2026-07-10T22:23:05+00:00,37.45099497959018,126.93166173063219,3762.0,0.52,326.79999999999995,113,77,86,29,-28.757061004638672,0.7830572128295898,-0.14
2026-07-10T22:23:06+00:00,,,3762.0,0.52,326.6,112,0,33,29,-29.509113311767578,0.8055017590522766,-0.14
2026-07-10T22:23:07+00:00,,,3764.0,0.56,326.6,112,0,31,29,-29.16221046447754,0.8250964283943176,-0.16
2026-07-10T22:23:08+00:00,,,3764.0,0.56,326.6,112,0,30,29,-29.885465621948242,0.8477240204811096,-0.16
2026-07-10T22:23:09+00:00,,,3764.0,0.48,326.6,111,75,29,29,-35.07498550415039,0.8896498084068298,-0.16
2026-07-10T22:23:10+00:00,37.45098332874477,126.93168670870364,3764.0,0.48,326.6,110,74,25,29,-35.90454864501953,0.9144138097763062,-0.16
2026-07-10T22:23:11+00:00,,,3764.0,0.76,326.6,111,0,25,29,-23.201539993286133,0.9092517495155334,-0.16
2026-07-10T22:23:12+00:00,,,3767.0,0.76,326.4,111,0,43,29,-23.725997924804688,0.9273114800453186,-0.18
2026-07-10T22:23:13+00:00,37.45097327046096,126.93171671591699,3767.0,0.62,326.4,110,0,43,29,-29.72572135925293,0.9499426484107971,-0.18
2026-07-10T22:23:14+00:00,,,3767.0,0.62,326.20000000000005,110,41,35,29,-29.52557945251465,0.9428657293319702,-0.18
2026-07-10T22:23:15+00:00,37.45096329599619,126.93174001760781,3770.0,1.12,326.20000000000005,109,49,35,29,-16.233388900756836,1.0636093616485596,-0.18
2026-07-10T22:23:16+00:00,,,3770.0,1.12,326.4,110,51,69,29,-16.122928619384766,1.060508370399475,-0.18
2026-07-10T22:23:17+00:00,,,3772.0,1.14,326.4,110,52,71,29,-15.731002807617188,1.068602204322815,-0.16
2026-07-10T22:23:18+00:00,37.45095499791205,126.93176331929862,3772.0,1.14,326.4,109,52,74,29,-15.622370719909668,1.0656952857971191,-0.16
2026-07-10T22:23:19+00:00,,,3772.0,1.02,326.6,110,50,77,29,-17.510189056396484,0.9942566156387329,-0.16
2026-07-10T22:23:20+00:00,37.4509300198406,126.9317717012018,3774.0,1.02,326.6,110,50,68,29,-17.387205123901367,0.990654468536377,-0.16
2026-07-10T22:23:21+00:00,,,3774.0,1.04,326.79999999999995,109,50,70,29,-16.766572952270508,1.0020960569381714,-0.16
2026-07-10T22:23:22+00:00,37.45090998709202,126.93174999207258,3777.0,1.04,326.79999999999995,109,50,77,29,-15.41508674621582,0.9672620296478271,-0.16
2026-07-10T22:23:23+00:00,,,3777.0,1.16,326.79999999999995,109,50,83,29,-12.720827102661133,1.013170838356018,-0.14
2026-07-10T22:23:24+00:00,37.45089498348534,126.93173666484654,3780.0,1.16,327.0,110,50,95,29,-11.497392654418945,0.996891438961029,-0.12
2026-07-10T22:23:25+00:00,,,3780.0,1.16,327.0,110,50,97,29,-10.278841018676758,0.9866607785224915,-0.1
2026-07-10T22:23:26+00:00,37.45088174007833,126.93170833401382,3782.0,1.16,327.20000000000005,110,67,98,29,-9.056625366210938,0.9825143814086914,-0.1
2026-07-10T22:23:27+00:00,,,3782.0,1.16,327.20000000000005,111,67,100,29,-7.769294738769531,0.9934441447257996,-0.08
2026-07-10T22:23:28+00:00,37.45085827074945,126.93168830126524,3785.0,1.16,327.4,111,67,100,29,-6.556405544281006,1.0021553039550781,-0.06
2026-07-10T22:23:29+00:00,37.450839998200536,126.93168830126524,3785.0,1.2,327.6,111,67,103,29,-5.170080184936523,1.0550482273101807,-0.06
2026-07-10T22:23:30+00:00,,,3788.0,1.2,327.6,112,54,108,29,-4.184756278991699,1.0733333826065063,-0.04
2026-07-10T22:23:31+00:00,37.450819965451956,126.93164831958711,3790.0,1.28,327.79999999999995,112,52,110,29,-3.000389575958252,1.1745293140411377,-0.02
2026-07-10T22:23:32+00:00,37.450811667367816,126.93162669427693,3790.0,1.28,327.79999999999995,113,52,115,29,-2.0812578201293945,1.2022075653076172,-0.02
2026-07-10T22:23:33+00:00,,,3794.0,1.4,328.0,112,52,115,29,-1.0583003759384155,1.353869080543518,0.0
2026-07-10T22:23:34+00:00,37.45079666376114,126.93161001428962,3797.0,1.4,328.0,113,52,124,29,-0.21542255580425262,1.390129566192627,0.0
2026-07-10T22:23:35+00:00,,,3797.0,1.44,328.20000000000005,113,52,126,29,0.6083872318267822,1.4700331687927246,0.0
2026-07-10T22:23:36+00:00,,,3799.0,1.44,328.4,114,52,131,29,1.4286710023880005,1.5137029886245728,0.02
2026-07-10T22:23:37+00:00,37.45077000930905,126.93160171620548,3799.0,1.4,328.6,114,52,133,29,2.3115251064300537,1.5212984085083008,0.02
2026-07-10T22:23:38+00:00,,,3799.0,1.4,328.6,115,52,130,29,2.837851047515869,1.5528323650360107,0.02
2026-07-10T22:23:39+00:00,37.45074997656047,126.93159501068294,3802.0,1.38,328.79999999999995,115,52,131,29,3.4394586086273193,1.5565567016601562,0.04
2026-07-10T22:23:40+00:00,,,3802.0,1.38,329.0,115,52,130,29,3.975158929824829,1.5910464525222778,0.04
2026-07-10T22:23:41+00:00,37.450738325715065,126.93157003261149,3804.0,1.36,329.20000000000005,116,52,133,29,4.581507205963135,1.6080076694488525,0.06
2026-07-10T22:23:42+00:00,,,3804.0,1.36,329.4,117,52,133,29,5.126235008239746,1.6456600427627563,0.06
2026-07-10T22:23:43+00:00,37.45072667486966,126.93154673092067,3807.0,1.36,329.6,117,52,135,29,5.673146724700928,1.684928297996521,0.06
2026-07-10T22:23:44+00:00,,,3807.0,1.36,329.79999999999995,117,53,137,29,6.217874050140381,1.7254891395568848,0.08
2026-07-10T22:23:45+00:00,37.450709994882345,126.931531727314,3809.0,1.34,330.0,118,53,140,29,6.814168930053711,1.7584131956100464,0.08
2026-07-10T22:23:46+00:00,,,3809.0,1.34,330.20000000000005,118,54,142,29,7.227725982666016,1.7911072969436646,0.08
2026-07-10T22:23:47+00:00,37.4506966676563,126.93151169456542,3811.0,1.34,330.4,119,54,145,29,7.700406074523926,1.8158137798309326,0.1
2026-07-10T22:23:48+00:00,,,3811.0,1.34,330.6,119,54,148,29,8.117072105407715,1.8502389192581177,0.1
2026-07-10T22:23:49+00:00,,,3814.0,1.34,330.79999999999995,120,54,147,29,8.534991264343262,1.8855746984481812,0.1
2026-07-10T22:23:50+00:00,37.450681664049625,126.93149828352034,3814.0,1.34,331.0,121,54,147,29,8.952075004577637,1.9216398000717163,0.1
2026-07-10T22:23:51+00:00,,,3814.0,1.3,331.20000000000005,121,54,152,29,9.586225509643555,1.9333751201629639,0.12
2026-07-10T22:23:52+00:00,,,3816.0,1.3,331.4,122,54,154,29,10.013789176940918,1.971511960029602,0.12
2026-07-10T22:23:53+00:00,37.45066003873944,126.93150331266224,3816.0,1.28,331.79999999999995,122,54,157,29,10.68756103515625,1.9863033294677734,0.12
2026-07-10T22:23:54+00:00,,,3816.0,1.28,332.0,123,54,157,29,11.095168113708496,2.0237014293670654,0.14
2026-07-10T22:23:55+00:00,37.450636737048626,126.93150172010064,3818.0,1.26,332.20000000000005,122,53,159,29,11.6884765625,2.046623468399048,0.14
2026-07-10T22:23:56+00:00,,,3818.0,1.26,332.4,123,52,157,29,12.102191925048828,2.085669994354248,0.14
2026-07-10T22:23:57+00:00,,,3821.0,1.26,332.6,124,52,155,29,12.517149925231934,2.125518798828125,0.14
2026-07-10T22:23:58+00:00,,,3821.0,1.26,332.79999999999995,124,48,159,28,12.931278228759766,2.165964365005493,0.16
2026-07-10T22:23:59+00:00,,,3821.0,1.22,333.0,124,48,160,28,13.787004470825195,2.1795918941497803,0.16
2026-07-10T22:24:00+00:00,,,3821.0,1.22,333.20000000000005,124,47,155,28,14.215251922607422,2.2221124172210693,0.16
2026-07-10T22:24:01+00:00,37.45061829686165,126.93151496350765,3821.0,1.16,333.20000000000005,124,46,151,28,15.144132614135742,2.2400286197662354,0.16
2026-07-10T22:24:02+00:00,,,3821.0,1.16,333.4,125,46,142,28,15.355494499206543,2.261232614517212,0.16
2026-07-10T22:24:03+00:00,,,3823.0,1.12,333.6,124,51,133,28,16.262910842895508,2.2533631324768066,0.18
2026-07-10T22:24:04+00:00,,,3823.0,1.12,333.79999999999995,124,51,128,28,16.48304557800293,2.2752866744995117,0.18
2026-07-10T22:24:05+00:00,,,3823.0,1.04,334.0,125,51,129,28,17.989233016967773,2.2557122707366943,0.18
2026-07-10T22:24:06+00:00,,,3823.0,1.04,334.4,126,51,128,28,18.22725486755371,2.278869390487671,0.18
2026-07-10T22:24:07+00:00,37.45062173344195,126.93148168735206,3823.0,1.0,334.6,127,51,132,28,19.203886032104492,2.28407621383667,0.18
2026-07-10T22:24:08+00:00,,,3823.0,1.0,334.79999999999995,127,51,133,28,19.45117950439453,2.307960033416748,0.18
2026-07-10T22:24:09+00:00,,,3826.0,1.08,335.0,126,51,135,28,18.23978614807129,2.367788791656494,0.18
2026-07-10T22:24:10+00:00,,,3826.0,1.08,335.20000000000005,126,51,140,28,18.400001525878906,2.3840692043304443,0.18
2026-07-10T22:24:11+00:00,,,3826.0,1.02,335.4,127,51,144,28,19.652673721313477,2.374079465866089,0.2
2026-07-10T22:24:12+00:00,,,3826.0,1.02,335.4,126,51,143,28,19.822656631469727,2.3909943103790283,0.2
2026-07-10T22:24:13+00:00,,,3826.0,0.92,335.4,126,51,140,28,22.16612434387207,2.3730030059814453,0.2
2026-07-10T22:24:14+00:00,,,3826.0,0.92,335.6,127,0,124,28,22.35477066040039,2.39089035987854,0.2
2026-07-10T22:24:15+00:00,,,3826.0,0.0,335.6,127,0,115,28,22.35477066040039,0.0,0.2
2026-07-10T22:24:16+00:00,,,3826.0,0.0,335.6,127,0,0,28,22.35477066040039,0.0,0.2
2026-07-10T22:24:17+00:00,,,3826.0,0.0,335.6,127,49,0,28,22.35477066040039,0.0,0.2
2026-07-10T22:24:18+00:00,,,3826.0,0.0,335.79999999999995,128,49,0,28,22.35477066040039,0.0,0.2
2026-07-10T22:24:19+00:00,,,3826.0,0.0,335.79999999999995,128,49,0,28,22.35477066040039,0.0,0.18
2026-07-10T22:24:20+00:00,,,3826.0,0.0,336.0,128,49,0,28,22.35477066040039,0.0,0.18
2026-07-10T22:24:21+00:00,,,3826.0,0.0,336.0,129,0,0,28,22.35477066040039,0.0,0.18
2026-07-10T22:24:22+00:00,,,3826.0,0.0,336.0,129,0,0,28,22.35477066040039,0.0,0.18
2026-07-10T22:24:23+00:00,,,3826.0,0.0,336.20000000000005,129,0,0,28,22.35477066040039,0.0,0.16
2026-07-10T22:24:24+00:00,,,3826.0,0.0,336.20000000000005,129,0,0,28,22.35477066040039,0.0,0.16
2026-07-10T22:24:25+00:00,,,3826.0,0.0,336.20000000000005,129,46,0,28,22.35477066040039,0.0,0.16
2026-07-10T22:24:26+00:00,,,3826.0,0.0,336.20000000000005,129,0,0,28,22.35477066040039,0.0,0.14
2026-07-10T22:24:27+00:00,,,3826.0,0.0,336.20000000000005,129,0,0,28,22.35477066040039,0.0,0.14
2026-07-10T22:24:28+00:00,37.45060672983527,126.93146827630699,3826.0,0.0,336.0,129,0,0,28,22.35477066040039,0.0,0.14
2026-07-10T22:24:29+00:00,,,3826.0,0.0,336.0,129,55,0,28,22.35477066040039,0.0,0.14
2026-07-10T22:24:30+00:00,37.450588289648294,126.93146827630699,3828.0,0.0,336.0,129,55,0,28,22.35477066040039,0.0,0.12
2026-07-10T22:24:31+00:00,,,3828.0,0.82,336.0,128,48,0,28,16.681293487548828,1.6598913669586182,0.12
2026-07-10T22:24:32+00:00,37.450568340718746,126.93147833459079,3830.0,0.82,336.0,128,47,54,28,16.086164474487305,1.6170129776000977,0.12
2026-07-10T22:24:33+00:00,,,3830.0,1.14,336.0,128,47,52,28,11.105045318603516,1.801430344581604,0.12
2026-07-10T22:24:34+00:00,,,3833.0,1.14,336.0,127,47,72,28,10.173762321472168,1.7262803316116333,0.1
2026-07-10T22:24:35+00:00,37.450551660731435,126.93145830184221,3833.0,1.04,336.20000000000005,126,47,72,28,10.044330596923828,1.5794132947921753,0.1
2026-07-10T22:24:36+00:00,,,3833.0,1.04,336.20000000000005,125,47,69,28,9.033466339111328,1.5082112550735474,0.08
2026-07-10T22:24:37+00:00,37.45054168626666,126.93142670206726,3835.0,1.04,336.4,125,48,75,28,8.097429275512695,1.4316208362579346,0.08
2026-07-10T22:24:38+00:00,,,3835.0,1.04,336.6,124,53,79,28,7.078792572021484,1.3676245212554932,0.06
2026-07-10T22:24:39+00:00,37.45053003542125,126.93140499293804,3838.0,1.16,336.79999999999995,124,53,86,28,5.3782806396484375,1.429442286491394,0.06
2026-07-10T22:24:40+00:00,,,3838.0,1.16,336.79999999999995,124,56,101,28,4.47289514541626,1.3753949403762817,0.04
2026-07-10T22:24:41+00:00,,,3840.0,1.16,337.0,123,56,104,28,3.567509651184082,1.3248291015625,0.04
2026-07-10T22:24:42+00:00,,,3840.0,1.16,337.20000000000005,123,56,110,28,3.723860025405884,1.3333112001419067,0.04
2026-07-10T22:24:43+00:00,,,3840.0,0.36,337.4,123,56,117,28,12.503402709960938,0.6117660999298096,0.04
2026-07-10T22:24:44+00:00,,,3840.0,0.36,337.4,122,56,72,28,13.007197380065918,0.6259540915489197,0.04
2026-07-10T22:24:45+00:00,,,3840.0,0.4,337.6,121,56,72,28,12.472616195678711,0.6618173718452454,0.04
2026-07-10T22:24:46+00:00,37.45051167905331,126.93140331655741,3840.0,0.4,337.79999999999995,121,57,74,28,12.93812370300293,0.6759912371635437,0.04
2026-07-10T22:24:47+00:00,,,3840.0,0.38,337.79999999999995,120,57,75,28,14.128150939941406,0.6768279075622559,0.04
2026-07-10T22:24:48+00:00,,,3842.0,0.38,337.79999999999995,119,57,69,28,14.619311332702637,0.6919429898262024,0.04
2026-07-10T22:24:49+00:00,,,3842.0,0.4,337.79999999999995,117,57,63,28,14.335111618041992,0.7200922966003418,0.04
2026-07-10T22:24:50+00:00,,,3842.0,0.4,337.79999999999995,117,57,62,28,14.606311798095703,0.7289199829101562,0.04
2026-07-10T22:24:51+00:00,,,3842.0,0.4,337.79999999999995,116,56,57,28,14.506101608276367,0.7442545890808105,0.04
2026-07-10T22:24:52+00:00,,,3842.0,0.4,337.79999999999995,116,56,50,28,14.77052116394043,0.7531347870826721,0.04
2026-07-10T22:24:53+00:00,,,3842.0,0.34,337.79999999999995,116,56,44,28,18.22481346130371,0.723027229309082,0.06
2026-07-10T22:24:54+00:00,,,3842.0,0.34,338.0,116,56,38,28,18.545320510864258,0.7329961061477661,0.06
2026-07-10T22:24:55+00:00,,,3842.0,0.0,338.0,116,56,34,28,18.545320510864258,0.0,0.06
2026-07-10T22:24:56+00:00,,,3842.0,0.0,338.0,116,55,0,28,18.545320510864258,0.0,0.06
2026-07-10T22:24:57+00:00,,,3842.0,0.0,338.0,116,48,0,28,18.545320510864258,0.0,0.06
2026-07-10T22:24:58+00:00,,,3842.0,0.0,338.20000000000005,116,48,0,28,18.545320510864258,0.0,0.06
2026-07-10T22:24:59+00:00,,,3842.0,0.0,338.20000000000005,115,48,0,28,18.545320510864258,0.0,0.06
2026-07-10T22:25:00+00:00,,,3842.0,0.0,338.0,114,48,0,28,18.545320510864258,0.0,0.06
2026-07-10T22:25:01+00:00,,,3842.0,0.0,338.0,113,48,0,28,18.545320510864258,0.0,0.06
2026-07-10T22:25:02+00:00,,,3842.0,0.0,337.79999999999995,112,48,0,28,18.545320510864258,0.0,0.06
2026-07-10T22:25:03+00:00,,,3842.0,0.0,337.79999999999995,112,48,0,28,18.545320510864258,0.0,0.08
2026-07-10T22:25:04+00:00,,,3842.0,0.0,337.6,111,48,0,28,18.545320510864258,0.0,0.08
2026-07-10T22:25:05+00:00,,,3842.0,0.0,337.79999999999995,111,48,0,28,18.545320510864258,0.0,0.08
2026-07-10T22:25:06+00:00,,,3842.0,0.0,338.0,111,48,0,28,18.545320510864258,0.0,0.06
2026-07-10T22:25:07+00:00,,,3842.0,0.0,338.0,109,0,0,28,18.545320510864258,0.0,0.06
2026-07-10T22:25:08+00:00,,,3842.0,0.0,338.20000000000005,109,46,0,28,18.545320510864258,0.0,0.06
2026-07-10T22:25:09+00:00,,,3842.0,0.0,338.20000000000005,109,46,0,28,18.545320510864258,0.0,0.04
2026-07-10T22:25:10+00:00,,,3842.0,0.0,338.20000000000005,109,42,0,28,18.545320510864258,0.0,0.04
2026-07-10T22:25:11+00:00,,,3842.0,0.0,338.4,108,42,0,28,18.545320510864258,0.0,0.04
2026-07-10T22:25:12+00:00,,,3842.0,0.0,338.6,107,42,0,28,18.545320510864258,0.0,0.02
2026-07-10T22:25:13+00:00,,,3842.0,0.0,338.79999999999995,106,0,0,28,18.545320510864258,0.0,0.02
2026-07-10T22:25:14+00:00,,,3842.0,0.0,338.79999999999995,105,0,0,28,18.545320510864258,0.0,0.02
2026-07-10T22:25:15+00:00,,,3842.0,0.0,338.79999999999995,104,0,0,28,18.545320510864258,0.0,0.02
2026-07-10T22:25:16+00:00,37.45048829354346,126.9313982874155,3842.0,0.0,339.0,104,0,0,28,18.545320510864258,0.0,0.02
2026-07-10T22:25:17+00:00,,,3842.0,0.0,339.0,104,0,0,28,18.545320510864258,0.0,0.02
2026-07-10T22:25:18+00:00,37.450458286330104,126.9313982874155,3845.0,0.0,338.79999999999995,104,41,0,28,18.545320510864258,0.0,0.02
2026-07-10T22:25:19+00:00,,,3845.0,1.58,338.4,103,41,0,28,2.255483627319336,1.7132008075714111,0.02
2026-07-10T22:25:20+00:00,,,3848.0,1.58,338.0,103,41,110,28,2.3126368522644043,1.7169674634933472,0.02
2026-07-10T22:25:21+00:00,,,3848.0,0.96,338.0,103,41,101,28,3.899998426437378,1.111441731452942,0.02
2026-07-10T22:25:22+00:00,,,3848.0,0.96,338.20000000000005,102,50,56,28,3.403144359588623,1.089124321937561,0.02
2026-07-10T22:25:23+00:00,,,3848.0,0.7,338.20000000000005,102,50,56,28,4.042842864990234,0.8035765886306763,0.02
2026-07-10T22:25:24+00:00,,,3848.0,0.7,337.79999999999995,101,50,38,28,3.3508758544921875,0.7811572551727295,0.02
2026-07-10T22:25:25+00:00,,,3848.0,0.58,337.4,101,50,36,28,3.218679904937744,0.6418803930282593,0.0
2026-07-10T22:25:26+00:00,,,3848.0,0.58,337.0,101,50,32,28,2.3810360431671143,0.6210476756095886,0.0
2026-07-10T22:25:27+00:00,,,3848.0,0.56,336.4,101,50,34,28,1.598646640777588,0.5817804932594299,0.0
2026-07-10T22:25:28+00:00,,,3848.0,0.56,336.0,101,50,37,28,0.7314110994338989,0.5638838410377502,0.0
2026-07-10T22:25:29+00:00,,,3848.0,0.44,335.6,101,42,37,28,-0.17195038497447968,0.4375176727771759,0.0
2026-07-10T22:25:30+00:00,37.450478319078684,126.9313966948539,3848.0,0.44,336.4,100,42,30,28,-2.6802403926849365,0.4068989157676697,0.0
2026-07-10T22:25:31+00:00,,,3848.0,0.42,336.79999999999995,100,42,29,28,-5.570873260498047,0.35836106538772583,-0.02
2026-07-10T22:25:32+00:00,,,3851.0,0.42,337.20000000000005,99,42,25,28,-8.268085479736328,0.35050976276397705,-0.02
2026-07-10T22:25:33+00:00,,,3851.0,0.44,337.6,99,37,22,28,-10.452713966369629,0.3693329095840454,-0.04
2026-07-10T22:25:34+00:00,,,3851.0,0.44,337.79999999999995,100,37,25,28,-13.019336700439453,0.3806591033935547,-0.04
2026-07-10T22:25:35+00:00,,,3851.0,0.42,338.0,101,37,43,27,-15.959683418273926,0.3960017263889313,-0.06
2026-07-10T22:25:36+00:00,,,3851.0,0.42,338.0,101,37,61,27,-18.59004783630371,0.42742371559143066,-0.06
2026-07-10T22:25:37+00:00,,,3851.0,0.38,338.20000000000005,102,37,85,27,-23.457042694091797,0.4589943289756775,-0.08
2026-07-10T22:25:38+00:00,,,3851.0,0.38,338.20000000000005,102,37,80,27,-21.363895416259766,0.4249989092350006,-0.08
2026-07-10T22:25:39+00:00,,,3851.0,0.34,338.20000000000005,102,37,80,27,-21.537893295288086,0.3826475143432617,-0.06
2026-07-10T22:25:40+00:00,,,3851.0,0.34,338.4,103,37,72,27,-19.19849395751953,0.3528952896595001,-0.06
2026-07-10T22:25:41+00:00,,,3851.0,0.32,338.4,102,37,72,27,-18.48805046081543,0.3144596517086029,-0.04
2026-07-10T22:25:42+00:00,,,3851.0,0.32,338.4,102,37,63,27,-15.924822807312012,0.292024165391922,-0.04
2026-07-10T22:25:43+00:00,,,3851.0,0.3,338.4,102,37,57,27,-14.280341148376465,0.26287567615509033,-0.04
2026-07-10T22:25:44+00:00,,,3851.0,0.3,338.4,103,37,43,27,-11.540338516235352,0.25150859355926514,-0.02
2026-07-10T22:25:45+00:00,,,3851.0,0.0,338.4,103,37,35,27,-11.540338516235352,0.0,-0.02
2026-07-10T22:25:46+00:00,,,3851.0,0.0,338.4,104,37,0,27,-11.540338516235352,0.0,-0.02
2026-07-10T22:25:47+00:00,,,3851.0,0.0,338.20000000000005,103,37,0,27,-11.540338516235352,0.0,0.0
2026-07-10T22:25:48+00:00,,,3851.0,0.0,338.20000000000005,103,37,0,27,-11.540338516235352,0.0,0.0
2026-07-10T22:25:49+00:00,,,3851.0,0.0,338.20000000000005,103,37,0,27,-11.540338516235352,0.0,0.0
2026-07-10T22:25:50+00:00,,,3851.0,0.0,338.20000000000005,103,39,0,27,-11.540338516235352,0.0,0.0
2026-07-10T22:25:51+00:00,,,3851.0,0.0,338.20000000000005,103,39,0,27,-11.540338516235352,0.0,0.0
2026-07-10T22:25:52+00:00,,,3851.0,0.0,338.20000000000005,103,39,0,27,-11.540338516235352,0.0,0.0
2026-07-10T22:25:53+00:00,,,3851.0,0.0,338.20000000000005,104,40,0,27,-11.540338516235352,0.0,0.0
2026-07-10T22:25:54+00:00,,,3851.0,0.0,338.20000000000005,104,77,0,27,-11.540338516235352,0.0,0.02
2026-07-10T22:25:55+00:00,,,3851.0,0.0,338.20000000000005,104,77,0,27,-11.540338516235352,0.0,0.02
2026-07-10T22:25:56+00:00,,,3851.0,0.0,338.20000000000005,104,77,0,27,-11.540338516235352,0.0,0.04
2026-07-10T22:25:57+00:00,,,3851.0,0.0,338.20000000000005,104,77,0,27,-11.540338516235352,0.0,0.06
2026-07-10T22:25:58+00:00,,,3851.0,0.0,338.20000000000005,106,77,0,27,-11.540338516235352,0.0,0.06
2026-07-10T22:25:59+00:00,,,3851.0,0.0,338.20000000000005,106,77,0,27,-11.540338516235352,0.0,0.08
2026-07-10T22:26:00+00:00,,,3851.0,0.0,338.20000000000005,106,77,0,27,-11.540338516235352,0.0,0.08
2026-07-10T22:26:01+00:00,,,3851.0,0.0,338.20000000000005,105,76,0,27,-11.540338516235352,0.0,0.1
2026-07-10T22:26:02+00:00,,,3851.0,0.0,338.20000000000005,106,76,0,27,-11.540338516235352,0.0,0.08
2026-07-10T22:26:03+00:00,,,3851.0,0.0,338.20000000000005,107,76,0,27,-11.540338516235352,0.0,0.08
2026-07-10T22:26:04+00:00,,,3851.0,0.0,338.20000000000005,105,76,0,27,-11.540338516235352,0.0,0.06
2026-07-10T22:26:05+00:00,,,3851.0,0.0,338.20000000000005,105,76,0,27,-11.540338516235352,0.0,0.04
2026-07-10T22:26:06+00:00,,,3851.0,0.0,338.20000000000005,105,0,0,27,-11.540338516235352,0.0,0.04
2026-07-10T22:26:07+00:00,,,3851.0,0.0,338.20000000000005,105,0,0,27,-11.540338516235352,0.0,0.02
2026-07-10T22:26:08+00:00,,,3851.0,0.0,338.20000000000005,106,0,0,27,-11.540338516235352,0.0,0.0
2026-07-10T22:26:09+00:00,,,3851.0,0.0,338.20000000000005,107,73,0,27,-11.540338516235352,0.0,0.0
2026-07-10T22:26:10+00:00,,,3851.0,0.0,338.20000000000005,106,73,0,27,-11.540338516235352,0.0,0.0
2026-07-10T22:26:11+00:00,,,3851.0,0.0,338.20000000000005,105,0,0,27,-11.540338516235352,0.0,0.0
2026-07-10T22:26:12+00:00,37.45049667544663,126.93138998933136,3851.0,0.0,338.20000000000005,106,0,0,27,-11.540338516235352,0.0,0.0
2026-07-10T22:26:13+00:00,,,3851.0,0.0,338.20000000000005,106,44,0,27,-11.540338516235352,0.0,0.0
2026-07-10T22:26:14+00:00,,,3853.0,0.0,338.20000000000005,105,44,0,27,-11.540338516235352,0.0,0.0
2026-07-10T22:26:15+00:00,37.45051167905331,126.93137004040182,3853.0,0.82,338.20000000000005,104,50,0,27,-0.7213486433029175,0.8012065887451172,0.0
2026-07-10T22:26:16+00:00,,,3853.0,0.82,338.20000000000005,104,50,57,27,-0.9600517153739929,0.7953426837921143,0.0
2026-07-10T22:26:17+00:00,,,3855.0,0.82,338.20000000000005,105,50,57,27,-1.1989935636520386,0.7896498441696167,0.0
2026-07-10T22:26:18+00:00,,,3855.0,0.82,338.20000000000005,105,50,56,27,-1.1052289009094238,0.7918626666069031,0.0
2026-07-10T22:26:19+00:00,37.45053171180189,126.9313982874155,3855.0,0.72,338.20000000000005,106,42,55,27,-1.1678446531295776,0.6843550801277161,0.0
2026-07-10T22:26:20+00:00,,,3855.0,0.72,338.0,105,49,47,27,-1.0594446659088135,0.6865813136100769,0.0
2026-07-10T22:26:21+00:00,37.45054327882826,126.93143173120916,3859.0,0.92,338.0,105,54,45,27,-0.7336235046386719,0.8985715508460999,0.0
2026-07-10T22:26:22+00:00,,,3859.0,0.92,338.0,103,61,58,27,-0.6501345634460449,0.9009158611297607,0.0
2026-07-10T22:26:23+00:00,,,3862.0,1.1,337.79999999999995,105,61,57,27,-0.4735715389251709,1.083205223083496,0.0
2026-07-10T22:26:24+00:00,,,3862.0,1.1,337.79999999999995,105,61,68,27,-0.4036743640899658,1.085625410079956,0.0
2026-07-10T22:26:25+00:00,,,3862.0,1.18,337.79999999999995,106,62,68,27,-0.31088706851005554,1.168060064315796,0.0
2026-07-10T22:26:26+00:00,,,3862.0,1.18,337.79999999999995,106,62,73,27,-0.47918757796287537,1.161776065826416,0.0
2026-07-10T22:26:27+00:00,,,3862.0,0.94,337.6,107,62,73,27,-0.8217577934265137,0.9058635830879211,0.0
2026-07-10T22:26:28+00:00,,,3862.0,0.94,337.4,109,63,55,27,-1.0355141162872314,0.8999742269515991,0.0
2026-07-10T22:26:29+00:00,,,3862.0,0.72,337.4,109,65,53,27,-1.6366485357284546,0.675090491771698,0.0
2026-07-10T22:26:30+00:00,,,3862.0,0.72,337.20000000000005,108,65,38,27,-1.9163591861724854,0.6698439717292786,0.0
2026-07-10T22:26:31+00:00,37.450559958815575,126.93145830184221,3862.0,0.0,337.0,107,65,38,27,-1.9163591861724854,0.0,0.0
2026-07-10T22:26:32+00:00,,,3862.0,0.0,337.0,107,65,0,27,-1.9163591861724854,0.0,0.0
2026-07-10T22:26:33+00:00,37.45058326050639,126.93144329823554,3865.0,0.54,336.79999999999995,107,65,0,27,-3.6244335174560547,0.4885595738887787,0.0
2026-07-10T22:26:34+00:00,37.450600024312735,126.93142829462886,3865.0,0.54,336.6,108,65,28,27,-4.449826717376709,0.48059260845184326,-0.02
2026-07-10T22:26:35+00:00,37.45061997324228,126.93141496740282,3868.0,1.64,336.4,108,65,28,27,-1.7487150430679321,1.5449719429016113,-0.02
2026-07-10T22:26:36+00:00,37.45063832961023,126.93140666931868,3870.0,1.64,336.20000000000005,110,65,91,27,-2.0227062702178955,1.533358097076416,-0.02
2026-07-10T22:26:37+00:00,,,3872.0,2.12,336.0,111,65,90,27,-1.7658571004867554,2.008448600769043,-0.02
2026-07-10T22:26:38+00:00,37.45066666044295,126.93139996379614,3875.0,2.12,335.6,111,64,121,27,-1.9767308235168457,1.9967987537384033,-0.04
2026-07-10T22:26:39+00:00,,,3875.0,2.08,335.4,110,64,119,27,-2.2181508541107178,1.9558252096176147,-0.04
2026-07-10T22:26:40+00:00,37.45068669319153,126.93139501847327,3878.0,2.08,335.0,111,65,115,27,-2.432265281677246,1.9449323415756226,-0.04
2026-07-10T22:26:41+00:00,,,3878.0,1.8,334.6,110,66,113,27,-3.0894076824188232,1.6390608549118042,-0.04
2026-07-10T22:26:42+00:00,37.45071502402425,126.93142167292535,3880.0,1.8,334.4,109,66,94,27,-3.722012996673584,1.6161226034164429,-0.06
2026-07-10T22:26:43+00:00,,,3880.0,1.72,334.20000000000005,109,66,94,27,-4.529868125915527,1.528550386428833,-0.06
2026-07-10T22:26:44+00:00,37.450718292966485,126.93147003650665,3884.0,1.72,333.79999999999995,109,66,90,27,-5.1882195472717285,1.5118120908737183,-0.08
2026-07-10T22:26:45+00:00,,,3884.0,1.8,333.6,109,66,90,27,-5.6173014640808105,1.5635524988174438,-0.1
2026-07-10T22:26:46+00:00,37.45072667486966,126.93151672370732,3888.0,1.8,333.4,109,66,94,27,-6.249907493591309,1.5513710975646973,-0.1
2026-07-10T22:26:47+00:00,,,3888.0,1.86,333.20000000000005,110,65,94,27,-6.658073425292969,1.5967135429382324,-0.12
2026-07-10T22:26:48+00:00,37.450743271037936,126.93154832348228,3893.0,1.86,333.0,111,65,97,27,-7.270162105560303,1.5888714790344238,-0.12
2026-07-10T22:26:49+00:00,,,3893.0,1.88,332.79999999999995,111,65,98,27,-7.7552666664123535,1.6101696491241455,-0.14
2026-07-10T22:26:50+00:00,37.45076674036682,126.93157170899212,3896.0,1.88,332.4,111,65,100,27,-8.175739288330078,1.6076136827468872,-0.14
2026-07-10T22:26:51+00:00,,,3896.0,1.86,332.20000000000005,112,65,100,27,-8.6869478225708,1.5890581607818604,-0.16
2026-07-10T22:26:52+00:00,37.45079171843827,126.9315883051604,3899.0,1.86,332.0,112,65,99,27,-9.11194133758545,1.5891973972320557,-0.16
2026-07-10T22:26:53+00:00,,,3899.0,1.84,331.79999999999995,111,65,99,27,-9.638883590698242,1.5739506483078003,-0.16
2026-07-10T22:26:54+00:00,37.45080831460655,126.93160666152835,3902.0,1.84,331.6,112,66,98,27,-10.068496704101562,1.5768126249313354,-0.18
2026-07-10T22:26:55+00:00,,,3902.0,1.78,331.4,112,66,98,27,-10.8506498336792,1.533447027206421,-0.18
2026-07-10T22:26:56+00:00,37.450823318213224,126.93163331598043,3905.0,1.78,331.0,113,66,95,27,-11.293858528137207,1.5397214889526367,-0.2
2026-07-10T22:26:57+00:00,,,3905.0,1.76,330.79999999999995,114,66,95,27,-11.937822341918945,1.5248816013336182,-0.2
2026-07-10T22:26:58+00:00,37.45084326714277,126.93165326490998,3908.0,1.76,330.6,114,66,92,27,-12.232194900512695,1.5308011770248413,-0.2
2026-07-10T22:26:59+00:00,,,3908.0,1.72,330.4,116,66,93,27,-12.74415397644043,1.5159016847610474,-0.2
2026-07-10T22:27:00+00:00,37.45086673647165,126.93165829405189,3911.0,1.72,330.20000000000005,116,65,92,27,-13.043956756591797,1.5232605934143066,-0.22
2026-07-10T22:27:01+00:00,,,3911.0,1.7,330.0,115,64,92,27,-13.579720497131348,1.5108972787857056,-0.22
2026-07-10T22:27:02+00:00,,,3913.0,1.7,329.79999999999995,116,64,91,27,-13.884541511535645,1.5197081565856934,-0.22
2026-07-10T22:27:03+00:00,37.450888277962804,126.93165829405189,3913.0,1.64,329.79999999999995,116,64,90,27,-14.711040496826172,1.4913305044174194,-0.22
2026-07-10T22:27:04+00:00,,,3913.0,1.64,329.6,116,63,87,27,-15.02645206451416,1.50205659866333,-0.24
2026-07-10T22:27:05+00:00,,,3916.0,1.5,329.4,117,63,88,27,-16.672178268432617,1.4415420293807983,-0.24
2026-07-10T22:27:06+00:00,37.45090504176915,126.93164672702551,3916.0,1.5,329.20000000000005,116,63,80,27,-16.42133140563965,1.4316755533218384,-0.24
2026-07-10T22:27:07+00:00,,,3916.0,1.32,329.20000000000005,114,63,81,27,-18.374692916870117,1.3342108726501465,-0.24
2026-07-10T22:27:08+00:00,,,3918.0,1.32,329.0,114,63,71,27,-18.088211059570312,1.322357177734375,-0.22
2026-07-10T22:27:09+00:00,37.45092172175646,126.93161001428962,3918.0,1.26,329.0,114,62,71,27,-18.79953384399414,1.2806589603424072,-0.22
2026-07-10T22:27:10+00:00,,,3918.0,1.26,328.79999999999995,114,55,67,27,-18.497915267944336,1.268378496170044,-0.22
2026-07-10T22:27:11+00:00,37.45092172175646,126.9315816834569,3921.0,1.32,328.6,115,55,68,27,-17.361726760864258,1.2839479446411133,-0.22
2026-07-10T22:27:12+00:00,,,3921.0,1.32,328.4,116,56,72,27,-17.074499130249023,1.2733010053634644,-0.22
2026-07-10T22:27:13+00:00,,,3924.0,1.3,328.20000000000005,115,56,71,27,-16.914661407470703,1.2578439712524414,-0.2
2026-07-10T22:27:14+00:00,37.450936725363135,126.93156173452735,3924.0,1.3,328.20000000000005,116,57,70,27,-16.6005802154541,1.246869683265686,-0.2
2026-07-10T22:27:15+00:00,37.45096170343459,126.93154329434037,3924.0,1.14,328.0,117,86,71,27,-18.7363224029541,1.1553642749786377,-0.2
2026-07-10T22:27:16+00:00,37.45098173618317,126.93151999264956,3926.0,1.14,328.0,115,86,61,27,-18.374265670776367,1.1421499252319336,-0.2
2026-07-10T22:27:17+00:00,37.451001685112715,126.93150172010064,3930.0,1.5,328.0,116,86,61,27,-13.569472312927246,1.3407782316207886,-0.2
2026-07-10T22:27:18+00:00,37.45102004148066,126.9314899854362,3933.0,1.5,328.20000000000005,114,84,86,27,-13.297269821166992,1.3342046737670898,-0.18
2026-07-10T22:27:19+00:00,,,3935.0,1.94,328.20000000000005,114,83,89,27,-10.12247371673584,1.6544066667556763,-0.18
2026-07-10T22:27:20+00:00,37.45105331763625,126.93149828352034,3938.0,1.94,328.4,113,83,121,27,-9.911128997802734,1.65269136428833,-0.18
2026-07-10T22:27:21+00:00,37.4510716740042,126.93151169456542,3938.0,1.98,328.4,114,82,126,27,-9.454219818115234,1.692787528038025,-0.18
2026-07-10T22:27:22+00:00,,,3941.0,1.98,328.6,113,82,136,27,-8.888410568237305,1.6914863586425781,-0.16
2026-07-10T22:27:23+00:00,37.45110503397882,126.93151328712702,3944.0,2.06,328.79999999999995,113,82,144,27,-7.999936103820801,1.7625426054000854,-0.16
2026-07-10T22:27:24+00:00,,,3944.0,2.06,329.0,113,82,160,27,-7.457728862762451,1.7671252489089966,-0.14
2026-07-10T22:27:25+00:00,37.451139986515045,126.93149995990098,3947.0,2.02,329.4,114,82,172,27,-7.085322856903076,1.7285665273666382,-0.14
2026-07-10T22:27:26+00:00,,,3947.0,2.02,329.6,115,82,178,27,-6.529628276824951,1.736950159072876,-0.12
2026-07-10T22:27:27+00:00,37.451168317347765,126.93147665821016,3952.0,2.04,329.79999999999995,115,82,185,27,-5.883886814117432,1.7757039070129395,-0.12
2026-07-10T22:27:28+00:00,,,3952.0,2.04,330.20000000000005,116,82,192,27,-5.336364269256592,1.789069414138794,-0.1
2026-07-10T22:27:29+00:00,37.45119002647698,126.93146500736475,3955.0,2.02,330.4,117,81,200,27,-4.834593772888184,1.7856502532958984,-0.08
2026-07-10T22:27:30+00:00,,,3955.0,2.02,330.79999999999995,118,44,204,27,-3.9522852897644043,1.8151158094406128,-0.06
2026-07-10T22:27:31+00:00,,,3958.0,1.88,331.20000000000005,118,44,211,27,-3.313366413116455,1.7035081386566162,-0.06
2026-07-10T22:27:32+00:00,,,3958.0,1.88,331.4,119,77,209,27,-2.35932993888855,1.7434861660003662,-0.04
2026-07-10T22:27:33+00:00,,,3958.0,1.58,331.6,119,77,213,27,-1.6632263660430908,1.5011845827102661,-0.02
2026-07-10T22:27:34+00:00,,,3958.0,1.58,332.0,119,77,199,27,-0.5329515337944031,1.5529462099075317,0.0
2026-07-10T22:27:35+00:00,,,3958.0,1.1,332.20000000000005,117,74,198,27,0.8674836158752441,1.122876524925232,0.0
2026-07-10T22:27:36+00:00,37.451168317347765,126.93146500736475,3958.0,1.1,332.20000000000005,118,74,168,27,2.504225492477417,1.1932978630065918,0.02
2026-07-10T22:27:37+00:00,,,3958.0,0.58,332.20000000000005,119,74,161,27,7.794478893280029,0.7952172756195068,0.04
2026-07-10T22:27:38+00:00,,,3960.0,0.58,332.4,120,73,117,27,10.431143760681152,0.8965491652488708,0.06
2026-07-10T22:27:39+00:00,,,3960.0,0.54,332.4,120,70,111,27,14.027314186096191,0.9833220839500427,0.06
2026-07-10T22:27:40+00:00,,,3960.0,0.54,332.4,121,69,99,27,16.8536319732666,1.1149702072143555,0.08
2026-07-10T22:27:41+00:00,,,3960.0,0.36,332.4,123,69,88,27,29.515689849853516,1.2165861129760742,0.1
2026-07-10T22:27:42+00:00,,,3960.0,0.36,332.6,122,69,65,27,33.75516891479492,1.3910993337631226,0.12
2026-07-10T22:27:43+00:00,,,3960.0,0.0,332.6,122,48,56,27,33.75516891479492,0.0,0.12
2026-07-10T22:27:44+00:00,,,3960.0,0.0,332.6,123,48,0,27,33.75516891479492,0.0,0.14
2026-07-10T22:27:45+00:00,,,3960.0,0.0,332.6,123,74,0,27,33.75516891479492,0.0,0.16
2026-07-10T22:27:46+00:00,,,3960.0,0.0,332.6,121,74,0,27,33.75516891479492,0.0,0.16
2026-07-10T22:27:47+00:00,,,3960.0,0.0,332.79999999999995,121,74,0,27,33.75516891479492,0.0,0.16
2026-07-10T22:27:48+00:00,,,3960.0,0.0,332.79999999999995,122,74,0,27,33.75516891479492,0.0,0.16
2026-07-10T22:27:49+00:00,,,3960.0,0.0,332.79999999999995,121,76,0,27,33.75516891479492,0.0,0.16
2026-07-10T22:27:50+00:00,,,3960.0,0.0,333.0,120,76,0,27,33.75516891479492,0.0,0.16
2026-07-10T22:27:51+00:00,,,3960.0,0.0,333.0,120,77,0,27,33.75516891479492,0.0,0.16
2026-07-10T22:27:52+00:00,,,3960.0,0.0,333.20000000000005,119,77,0,27,33.75516891479492,0.0,0.16
2026-07-10T22:27:53+00:00,,,3960.0,0.0,333.20000000000005,120,77,0,27,33.75516891479492,0.0,0.16
2026-07-10T22:27:54+00:00,,,3960.0,0.0,333.4,120,78,0,27,33.75516891479492,0.0,0.16
2026-07-10T22:27:55+00:00,,,3960.0,0.0,333.4,120,46,0,27,33.75516891479492,0.0,0.14
2026-07-10T22:27:56+00:00,37.45114996097982,126.93144497461617,3960.0,0.0,333.4,120,46,0,27,33.75516891479492,0.0,0.14
2026-07-10T22:27:57+00:00,37.451131688430905,126.93143173120916,3960.0,0.74,333.4,120,46,0,27,19.701257705688477,1.702551007270813,0.14
2026-07-10T22:27:58+00:00,37.45110997930169,126.93141329102218,3963.0,0.74,333.4,118,46,67,27,18.746721267700195,1.6354299783706665,0.12
2026-07-10T22:27:59+00:00,37.45108827017248,126.9313966948539,3965.0,1.54,333.6,118,46,66,27,8.43486213684082,2.1734092235565186,0.12
2026-07-10T22:28:00+00:00,37.4510732665658,126.93138328380883,3968.0,1.54,333.6,118,48,121,27,7.9832916259765625,2.129481792449951,0.12
2026-07-10T22:28:01+00:00,37.45106169953942,126.93136501125991,3971.0,2.04,333.79999999999995,119,50,120,27,5.686392307281494,2.5475783348083496,0.1
2026-07-10T22:28:02+00:00,,,3973.0,2.04,333.79999999999995,119,50,154,27,5.344805717468262,2.5102243423461914,0.1
2026-07-10T22:28:03+00:00,37.45104166679084,126.9313417095691,3975.0,2.04,334.0,120,51,154,27,5.002535343170166,2.473661184310913,0.1
2026-07-10T22:28:04+00:00,,,3975.0,2.04,334.0,121,53,155,27,4.660606384277344,2.4380030632019043,0.08
2026-07-10T22:28:05+00:00,,,3978.0,1.94,334.20000000000005,121,54,158,27,4.56337308883667,2.2970993518829346,0.08
2026-07-10T22:28:06+00:00,37.451054994016886,126.93132167682052,3978.0,1.94,334.6,120,54,157,27,4.202679634094238,2.2626545429229736,0.08
2026-07-10T22:28:07+00:00,,,3978.0,1.72,334.79999999999995,121,53,165,27,4.334643363952637,2.0158064365386963,0.06
2026-07-10T22:28:08+00:00,37.451066728681326,126.9312999676913,3981.0,1.72,335.0,123,52,157,27,3.925503969192505,1.981838345527649,0.06
2026-07-10T22:28:09+00:00,37.45107997208834,126.93127666600049,3981.0,1.62,335.20000000000005,122,52,161,27,3.7125797271728516,1.8611786365509033,0.06
2026-07-10T22:28:10+00:00,,,3983.0,1.62,335.6,122,51,162,27,4.103446960449219,1.891404390335083,0.06
2026-07-10T22:28:11+00:00,37.45107997208834,126.93124833516777,3985.0,1.66,335.79999999999995,123,51,167,27,4.41298246383667,1.9514676332473755,0.06
2026-07-10T22:28:12+00:00,,,3985.0,1.66,336.20000000000005,123,60,177,27,4.7952094078063965,1.983183741569519,0.06
2026-07-10T22:28:13+00:00,,,3988.0,1.6,336.6,122,60,189,27,5.341208457946777,1.9684984683990479,0.08
2026-07-10T22:28:14+00:00,37.45106002315879,126.93122997879982,3988.0,1.6,337.0,122,54,195,27,5.735774993896484,2.002392053604126,0.08
2026-07-10T22:28:15+00:00,,,3988.0,1.52,337.20000000000005,122,53,201,27,6.454239845275879,1.9630929231643677,0.08
2026-07-10T22:28:16+00:00,37.45104166679084,126.9312117062509,3991.0,1.52,337.4,122,53,200,27,6.870822429656982,1.9996438026428223,0.1
2026-07-10T22:28:17+00:00,,,3991.0,1.5,337.79999999999995,122,54,201,27,7.432856559753418,2.0099709033966064,0.1
2026-07-10T22:28:18+00:00,,,3993.0,1.5,338.0,122,55,200,27,8.080106735229492,2.069365978240967,0.12
2026-07-10T22:28:19+00:00,37.45102498680353,126.93119829520583,3993.0,1.46,338.20000000000005,121,55,200,27,8.906026840209961,2.105055332183838,0.12
2026-07-10T22:28:20+00:00,,,3993.0,1.46,338.4,122,55,197,27,9.566576957702637,2.169382333755493,0.12
2026-07-10T22:28:21+00:00,,,3995.0,1.4,338.6,123,55,194,27,10.666810035705566,2.187547445297241,0.14
2026-07-10T22:28:22+00:00,37.45101501233876,126.93117172457278,3995.0,1.4,338.79999999999995,125,55,182,27,11.354291915893555,2.2574565410614014,0.14
2026-07-10T22:28:23+00:00,,,3995.0,1.34,339.20000000000005,125,55,176,27,12.58311653137207,2.285414457321167,0.16
2026-07-10T22:28:24+00:00,,,3998.0,1.34,339.4,124,55,169,27,13.30353832244873,2.361499309539795,0.16
2026-07-10T22:28:25+00:00,,,3998.0,0.42,339.6,124,55,164,27,45.8297119140625,2.12088680267334,0.18
2026-07-10T22:28:26+00:00,,,3998.0,0.42,339.79999999999995,124,55,87,27,47.4907341003418,2.1842384338378906,0.18
2026-07-10T22:28:27+00:00,37.450998332351446,126.93115001544356,3998.0,0.52,340.0,125,52,87,27,38.7542724609375,2.304579973220825,0.2
2026-07-10T22:28:28+00:00,,,3998.0,0.52,340.4,126,50,109,27,40.06392288208008,2.3798255920410156,0.2
2026-07-10T22:28:29+00:00,,,4001.0,0.94,340.6,127,47,108,27,23.142398834228516,2.493072509765625,0.2
2026-07-10T22:28:30+00:00,37.450978299602866,126.93113501183689,4001.0,0.94,340.79999999999995,128,47,141,27,23.865154266357422,2.563941717147827,0.22
2026-07-10T22:28:31+00:00,,,4001.0,0.9,341.0,129,45,145,27,25.419618606567383,2.631466865539551,0.22
2026-07-10T22:28:32+00:00,,,4003.0,0.9,341.20000000000005,130,47,144,27,26.176305770874023,2.7058162689208984,0.22
2026-07-10T22:28:33+00:00,37.45096329599619,126.93111673928797,4003.0,1.02,341.4,130,49,142,27,23.998350143432617,2.7987825870513916,0.24
2026-07-10T22:28:34+00:00,,,4003.0,1.02,341.6,130,49,148,27,24.197093963623047,2.820158004760742,0.24
2026-07-10T22:28:35+00:00,37.450945023447275,126.93112000823021,4006.0,0.88,341.79999999999995,130,48,147,27,28.322298049926758,2.822960615158081,0.24
2026-07-10T22:28:36+00:00,,,4006.0,0.88,342.20000000000005,130,48,137,27,28.55210304260254,2.8454270362854004,0.24
2026-07-10T22:28:37+00:00,,,4008.0,0.9,342.4,131,49,135,27,27.824296951293945,2.870103597640991,0.24
2026-07-10T22:28:38+00:00,37.450924990698695,126.93113828077912,4008.0,0.9,342.6,131,49,139,27,28.04644012451172,2.892467737197876,0.24
2026-07-10T22:28:39+00:00,,,4008.0,0.9,342.79999999999995,132,49,139,27,28.58733558654785,2.9143667221069336,0.24
2026-07-10T22:28:40+00:00,,,4010.0,0.9,343.0,132,52,136,27,28.81332778930664,2.937018632888794,0.24
2026-07-10T22:28:41+00:00,37.45090998709202,126.93112503737211,4010.0,0.94,343.4,131,52,137,27,27.49382209777832,2.9630086421966553,0.24
2026-07-10T22:28:42+00:00,,,4010.0,0.94,343.6,131,52,142,27,27.171905517578125,2.92936372756958,0.24
2026-07-10T22:28:43+00:00,,,4012.0,0.56,344.0,131,52,147,27,45.887977600097656,2.8481593132019043,0.24
2026-07-10T22:28:44+00:00,37.45090998709202,126.93109670653939,4012.0,0.56,344.20000000000005,131,51,116,27,45.338890075683594,2.8190207481384277,0.24
2026-07-10T22:28:45+00:00,,,4012.0,0.84,344.6,132,47,116,27,29.32594108581543,2.8206520080566406,0.24
2026-07-10T22:28:46+00:00,,,4015.0,0.84,344.79999999999995,132,47,151,27,28.965343475341797,2.7864201068878174,0.24
2026-07-10T22:28:47+00:00,,,4015.0,0.84,344.79999999999995,132,47,148,27,28.950105667114258,2.751821279525757,0.24
2026-07-10T22:28:48+00:00,37.45088500902057,126.93109326995909,4015.0,0.84,345.0,133,45,145,27,28.585525512695312,2.7177236080169678,0.22
2026-07-10T22:28:49+00:00,,,4015.0,0.84,345.20000000000005,133,45,142,27,28.220947265625,2.683730125427246,0.22
2026-07-10T22:28:50+00:00,,,4018.0,0.84,345.4,132,45,139,27,28.26551055908203,2.6878795623779297,0.22
2026-07-10T22:28:51+00:00,,,4018.0,0.86,345.79999999999995,131,45,136,27,27.64373207092285,2.693518877029419,0.22
2026-07-10T22:28:52+00:00,,,4018.0,0.86,346.0,131,45,135,27,27.687114715576172,2.6976327896118164,0.22
2026-07-10T22:28:53+00:00,,,4018.0,0.7,346.4,132,45,135,27,33.67274856567383,2.698293924331665,0.22
2026-07-10T22:28:54+00:00,,,4018.0,0.7,346.79999999999995,132,44,127,27,33.72542953491211,2.702526092529297,0.22
2026-07-10T22:28:55+00:00,,,4018.0,0.64,347.0,132,44,130,27,36.94480895996094,2.706230401992798,0.22
2026-07-10T22:28:56+00:00,,,4018.0,0.64,347.4,132,44,127,27,37.00242614746094,2.710407018661499,0.22
2026-07-10T22:28:57+00:00,,,4018.0,0.58,347.6,133,69,131,27,41.611209869384766,2.70405650138855,0.22
2026-07-10T22:28:58+00:00,,,4018.0,0.58,347.79999999999995,133,72,121,27,42.018638610839844,2.7287445068359375,0.22
2026-07-10T22:28:59+00:00,,,4018.0,0.0,348.20000000000005,132,72,121,27,42.018638610839844,0.0,0.24
2026-07-10T22:29:00+00:00,,,4018.0,0.0,348.6,133,54,0,27,42.018638610839844,0.0,0.24
2026-07-10T22:29:01+00:00,,,4018.0,0.0,348.79999999999995,133,53,0,27,42.018638610839844,0.0,0.24
2026-07-10T22:29:02+00:00,,,4018.0,0.0,349.20000000000005,134,53,0,27,42.018638610839844,0.0,0.24
2026-07-10T22:29:03+00:00,,,4018.0,0.0,349.6,135,53,0,27,42.018638610839844,0.0,0.24
2026-07-10T22:29:04+00:00,,,4018.0,0.0,349.79999999999995,134,53,0,27,42.018638610839844,0.0,0.24
2026-07-10T22:29:05+00:00,,,4018.0,0.0,350.0,134,53,0,27,42.018638610839844,0.0,0.24
2026-07-10T22:29:06+00:00,,,4018.0,0.0,350.4,134,53,0,27,42.018638610839844,0.0,0.24
2026-07-10T22:29:07+00:00,,,4018.0,0.0,350.4,134,52,0,27,42.018638610839844,0.0,0.26
2026-07-10T22:29:08+00:00,37.45086497627199,126.93109000101686,4018.0,0.0,350.4,134,52,0,27,42.018638610839844,0.0,0.26
2026-07-10T22:29:09+00:00,,,4018.0,0.0,350.6,134,52,0,27,42.018638610839844,0.0,0.26
2026-07-10T22:29:10+00:00,37.45083496905863,126.93109503015876,4020.0,0.0,350.6,134,52,0,27,42.018638610839844,0.0,0.26
2026-07-10T22:29:11+00:00,37.450815020129085,126.93109670653939,4020.0,1.14,350.79999999999995,135,54,0,27,24.280879974365234,3.1653311252593994,0.26
2026-07-10T22:29:12+00:00,,,4023.0,1.14,350.79999999999995,135,54,126,27,24.55561065673828,3.1985580921173096,0.26
2026-07-10T22:29:13+00:00,37.45078501291573,126.9311033282429,4026.0,2.18,350.79999999999995,135,60,115,27,12.870346069335938,3.7669901847839355,0.28
2026-07-10T22:29:14+00:00,,,4026.0,2.18,350.79999999999995,138,60,172,27,12.58112621307373,3.7177252769470215,0.26
2026-07-10T22:29:15+00:00,37.45076498016715,126.93110668100417,4029.0,1.88,351.0,137,61,167,27,14.25203800201416,3.458261728286743,0.26
2026-07-10T22:29:16+00:00,,,4029.0,1.88,351.0,137,61,144,27,13.916330337524414,3.4063146114349365,0.26
2026-07-10T22:29:17+00:00,37.45073673315346,126.93111171014607,4031.0,1.6,351.0,136,62,144,27,15.956048011779785,3.1757917404174805,0.24
2026-07-10T22:29:18+00:00,,,4031.0,1.6,350.79999999999995,137,62,123,27,15.56238079071045,3.120866298675537,0.24
2026-07-10T22:29:19+00:00,,,4034.0,1.6,350.79999999999995,136,68,116,27,15.167134284973145,3.0664329528808594,0.24
2026-07-10T22:29:20+00:00,37.45071670040488,126.93109997548163,4034.0,1.6,350.79999999999995,137,69,112,27,14.77267837524414,3.0128302574157715,0.22
2026-07-10T22:29:21+00:00,,,4034.0,1.46,350.6,137,69,110,27,15.864316940307617,2.866405725479126,0.22
2026-07-10T22:29:22+00:00,,,4037.0,1.46,350.6,138,69,97,27,14.988027572631836,2.7568161487579346,0.2
2026-07-10T22:29:23+00:00,37.45069172233343,126.93109326995909,4037.0,1.34,350.4,136,68,95,27,15.387834548950195,2.574164628982544,0.2
2026-07-10T22:29:24+00:00,,,4037.0,1.34,350.20000000000005,135,63,83,27,14.435342788696289,2.466791868209839,0.18
2026-07-10T22:29:25+00:00,37.45067168958485,126.93107499741018,4040.0,1.26,350.0,136,63,78,27,14.341692924499512,2.308671712875366,0.16
2026-07-10T22:29:26+00:00,,,4040.0,1.26,349.79999999999995,138,63,69,27,13.330268859863281,2.2055633068084717,0.16
2026-07-10T22:29:27+00:00,,,4042.0,1.28,349.79999999999995,139,62,68,27,12.025168418884277,2.1282289028167725,0.14
2026-07-10T22:29:28+00:00,,,4042.0,1.28,349.6,139,60,71,27,11.036458969116211,2.0341641902923584,0.14
2026-07-10T22:29:29+00:00,,,4042.0,1.2,349.6,137,59,70,27,10.805530548095703,1.8712570667266846,0.12
2026-07-10T22:29:30+00:00,,,4042.0,1.2,349.6,137,59,65,27,9.246670722961426,1.7425819635391235,0.1
2026-07-10T22:29:31+00:00,,,4042.0,0.3,349.79999999999995,137,58,66,27,30.482608795166016,1.046789526939392,0.08
2026-07-10T22:29:32+00:00,37.45064998045564,126.93106326274574,4042.0,0.3,349.79999999999995,136,57,17,27,24.29913330078125,0.8409383893013,0.06
2026-07-10T22:29:33+00:00,,,4042.0,0.38,349.6,137,39,16,27,14.292064666748047,0.7002708315849304,0.04
2026-07-10T22:29:34+00:00,,,4045.0,0.38,349.6,137,39,20,27,9.400599479675293,0.5603737235069275,0.02
2026-07-10T22:29:35+00:00,,,4045.0,0.5,349.6,136,39,20,27,3.5082502365112305,0.5582796931266785,0.0
2026-07-10T22:29:36+00:00,,,4045.0,0.5,349.6,136,50,29,27,-0.2813415229320526,0.48550543189048767,0.0
2026-07-10T22:29:37+00:00,37.45066171512008,126.93103996105492,4045.0,0.7,349.6,136,39,30,27,-2.893641471862793,0.6347644329071045,0.0
2026-07-10T22:29:38+00:00,,,4045.0,0.7,349.6,136,49,44,27,-3.480255365371704,0.6262306571006775,-0.02
2026-07-10T22:29:39+00:00,,,4047.0,0.8,349.6,135,49,45,27,-3.554126739501953,0.7158311605453491,-0.02
2026-07-10T22:29:40+00:00,,,4047.0,0.8,349.79999999999995,136,49,53,27,-4.065459728240967,0.7082644701004028,-0.02
2026-07-10T22:29:41+00:00,,,4047.0,0.64,349.79999999999995,135,49,54,27,-5.6513776779174805,0.5587765574455261,-0.02
2026-07-10T22:29:42+00:00,,,4047.0,0.64,349.79999999999995,135,49,46,27,-6.284453868865967,0.5544698238372803,-0.04
2026-07-10T22:29:43+00:00,,,4047.0,0.5,350.0,135,49,49,27,-9.035139083862305,0.41862910985946655,-0.04
2026-07-10T22:29:44+00:00,,,4047.0,0.5,350.0,135,49,43,27,-9.862015724182129,0.4195052683353424,-0.04
2026-07-10T22:29:45+00:00,,,4047.0,0.38,350.0,135,50,45,27,-13.784107208251953,0.34104371070861816,-0.04
2026-07-10T22:29:46+00:00,,,4047.0,0.38,350.0,136,50,39,27,-13.020899772644043,0.3364051580429077,-0.04
2026-07-10T22:29:47+00:00,,,4047.0,0.32,350.20000000000005,134,50,45,27,-15.022744178771973,0.2856426537036896,-0.04
2026-07-10T22:29:48+00:00,,,4047.0,0.32,350.0,132,50,41,27,-14.085322380065918,0.27988019585609436,-0.04
2026-07-10T22:29:49+00:00,,,4047.0,0.0,350.0,131,50,37,27,-14.085322380065918,0.0,-0.04
2026-07-10T22:29:50+00:00,,,4047.0,0.0,350.0,131,50,0,27,-14.085322380065918,0.0,-0.02
2026-07-10T22:29:51+00:00,,,4047.0,0.0,350.0,130,50,0,27,-14.085322380065918,0.0,-0.02
2026-07-10T22:29:52+00:00,,,4047.0,0.0,350.0,130,50,0,27,-14.085322380065918,0.0,-0.02
2026-07-10T22:29:53+00:00,,,4047.0,0.0,350.20000000000005,129,72,0,27,-14.085322380065918,0.0,-0.02
2026-07-10T22:29:54+00:00,,,4047.0,0.0,350.0,129,72,0,27,-14.085322380065918,0.0,-0.02
2026-07-10T22:29:55+00:00,,,4047.0,0.0,350.0,130,42,0,27,-14.085322380065918,0.0,0.0
2026-07-10T22:29:56+00:00,,,4047.0,0.0,350.0,129,42,0,27,-14.085322380065918,0.0,0.0
2026-07-10T22:29:57+00:00,,,4047.0,0.0,350.0,130,42,0,27,-14.085322380065918,0.0,0.0
2026-07-10T22:29:58+00:00,,,4047.0,0.0,350.0,128,73,0,27,-14.085322380065918,0.0,0.0
2026-07-10T22:29:59+00:00,37.45066330768168,126.93106326274574,4047.0,0.34,350.0,127,73,0,27,2.511439561843872,0.36137497425079346,0.0
2026-07-10T22:30:00+00:00,,,4047.0,0.34,350.0,128,73,23,27,4.401303768157959,0.3901025056838989,0.0
2026-07-10T22:30:01+00:00,37.450681664049625,126.93107826635242,4049.0,0.58,350.0,127,55,22,27,3.6422553062438965,0.6529797315597534,0.02
2026-07-10T22:30:02+00:00,,,4049.0,0.58,350.0,127,55,37,27,3.5921621322631836,0.6516473889350891,0.02
2026-07-10T22:30:03+00:00,,,4052.0,1.18,350.0,125,55,35,27,1.7108783721923828,1.253395915031433,0.02
2026-07-10T22:30:04+00:00,,,4052.0,1.18,349.79999999999995,125,55,77,27,1.6867051124572754,1.2522685527801514,0.0
2026-07-10T22:30:05+00:00,,,4052.0,0.0,349.79999999999995,124,55,77,27,1.6867051124572754,0.0,0.0
2026-07-10T22:30:06+00:00,,,4052.0,0.0,349.79999999999995,124,53,0,27,1.6867051124572754,0.0,0.0
2026-07-10T22:30:07+00:00,,,4052.0,0.0,349.79999999999995,123,53,0,27,1.6867051124572754,0.0,0.0
2026-07-10T22:30:08+00:00,37.45069499127567,126.93109503015876,4052.0,0.0,349.79999999999995,122,52,0,27,1.6867051124572754,0.0,0.0
2026-07-10T22:30:09+00:00,,,4052.0,0.0,349.79999999999995,122,52,0,27,1.6867051124572754,0.0,0.0
2026-07-10T22:30:10+00:00,37.450721729546785,126.93111003376544,4054.0,0.0,349.79999999999995,121,52,0,27,1.6867051124572754,0.0,0.0
2026-07-10T22:30:11+00:00,37.4507400020957,126.93111003376544,4054.0,1.34,349.79999999999995,120,51,0,27,0.826140820980072,1.3681179285049438,0.0
2026-07-10T22:30:12+00:00,37.45075827464461,126.93110500462353,4057.0,1.34,350.0,120,51,90,27,0.5446332693099976,1.3547451496124268,0.0
2026-07-10T22:30:13+00:00,,,4059.0,1.88,350.20000000000005,119,51,95,27,0.18734285235404968,1.8817317485809326,0.0
2026-07-10T22:30:14+00:00,37.450786689296365,126.931098299101,4061.0,1.88,350.4,119,58,137,27,-0.012473746202886105,1.869227647781372,0.0
2026-07-10T22:30:15+00:00,,,4061.0,1.84,350.6,118,58,143,27,-0.21575164794921875,1.8270080089569092,0.0
2026-07-10T22:30:16+00:00,37.45080999098718,126.93108832463622,4065.0,1.84,350.79999999999995,117,58,149,27,-0.41943588852882385,1.8150393962860107,0.0
2026-07-10T22:30:17+00:00,,,4065.0,1.74,351.0,116,58,155,27,-0.6618757247924805,1.693490743637085,0.0
2026-07-10T22:30:18+00:00,37.450819965451956,126.93106829188764,4067.0,1.74,351.0,116,62,154,27,-0.33179330825805664,1.7113404273986816,0.0
2026-07-10T22:30:19+00:00,,,4067.0,1.64,351.0,115,68,156,27,-0.00215256679803133,1.639883041381836,0.0
2026-07-10T22:30:20+00:00,37.4508367292583,126.93105169571936,4069.0,1.64,351.0,116,68,149,27,0.34604403376579285,1.6591744422912598,0.0
2026-07-10T22:30:21+00:00,,,4069.0,1.52,351.0,115,68,143,27,0.7479233145713806,1.5592713356018066,0.0
2026-07-10T22:30:22+00:00,,,4072.0,1.52,351.0,116,68,129,27,1.1236093044281006,1.5802055597305298,0.0
2026-07-10T22:30:23+00:00,,,4072.0,1.42,351.0,117,68,122,27,1.6040759086608887,1.502353310585022,0.02
2026-07-10T22:30:24+00:00,,,4072.0,1.42,351.0,116,69,110,27,2.00581693649292,1.5251270532608032,0.02
2026-07-10T22:30:25+00:00,37.45081669650972,126.93104825913906,4072.0,1.28,351.0,116,69,105,27,2.670884132385254,1.4104434251785278,0.02
2026-07-10T22:30:26+00:00,,,4072.0,1.28,351.20000000000005,116,68,94,27,2.786496162414551,1.4168611764907837,0.02
2026-07-10T22:30:27+00:00,,,4074.0,1.24,351.4,115,66,94,27,3.020080089569092,1.3741618394851685,0.02
2026-07-10T22:30:28+00:00,37.45079331099987,126.93104331381619,4074.0,1.24,351.6,116,63,94,27,3.140151262283325,1.380759596824646,0.02
2026-07-10T22:30:29+00:00,,,4074.0,1.22,352.0,117,63,101,27,3.314232349395752,1.3678332567214966,0.04
2026-07-10T22:30:30+00:00,,,4077.0,1.22,352.20000000000005,118,60,109,27,3.436654806137085,1.3746130466461182,0.04
2026-07-10T22:30:31+00:00,37.45077000930905,126.93104666657746,4077.0,1.18,352.4,118,53,119,27,3.649186849594116,1.3521651029586792,0.04
2026-07-10T22:30:32+00:00,,,4077.0,1.18,352.79999999999995,119,50,130,27,3.774345636367798,1.3591080904006958,0.04
2026-07-10T22:30:33+00:00,,,4079.0,1.16,352.79999999999995,119,47,142,27,4.001230716705322,1.3369899988174438,0.04
2026-07-10T22:30:34+00:00,,,4079.0,1.16,353.0,119,46,147,27,4.9461283683776855,1.3911160230636597,0.04
2026-07-10T22:30:35+00:00,,,4079.0,1.08,353.20000000000005,119,46,150,27,6.274867534637451,1.3838529586791992,0.06
2026-07-10T22:30:36+00:00,,,4079.0,1.08,353.4,119,46,148,27,7.282017230987549,1.4470869302749634,0.06
2026-07-10T22:30:37+00:00,,,4079.0,0.98,353.6,119,46,148,27,9.137221336364746,1.427929162979126,0.08
2026-07-10T22:30:38+00:00,,,4079.0,0.98,353.79999999999995,119,46,141,27,10.24714183807373,1.5021610260009766,0.1
2026-07-10T22:30:39+00:00,37.450763303786516,126.93102504126728,4079.0,0.88,354.0,121,46,138,27,12.650110244750977,1.505455493927002,0.1
2026-07-10T22:30:40+00:00,,,4079.0,0.88,354.20000000000005,121,46,132,27,13.887394905090332,1.5923632383346558,0.12
2026-07-10T22:30:41+00:00,37.45076498016715,126.93099503405392,4081.0,0.88,354.4,121,44,126,27,15.301029205322266,1.6773558855056763,0.12
2026-07-10T22:30:42+00:00,,,4081.0,0.88,354.79999999999995,122,44,122,27,15.500080108642578,1.6922796964645386,0.12
2026-07-10T22:30:43+00:00,37.45077000930905,126.9309667032212,4084.0,0.92,355.20000000000005,122,43,132,28,15.009631156921387,1.7318111658096313,0.12
2026-07-10T22:30:44+00:00,,,4084.0,0.92,355.6,124,43,145,28,15.200121879577637,1.746601939201355,0.12
2026-07-10T22:30:45+00:00,,,4087.0,0.94,356.0,123,42,150,28,14.899978637695312,1.7801541090011597,0.14
2026-07-10T22:30:46+00:00,37.45077168568969,126.93093669600785,4087.0,0.94,356.20000000000005,123,46,158,28,15.084206581115723,1.7948732376098633,0.14
2026-07-10T22:30:47+00:00,,,4087.0,0.94,356.4,123,46,163,28,15.268617630004883,1.8097000122070312,0.14
2026-07-10T22:30:48+00:00,,,4089.0,0.94,356.6,124,46,163,28,15.453583717346191,1.8246639966964722,0.14
2026-07-10T22:30:49+00:00,,,4089.0,0.94,356.6,126,46,159,28,15.806520462036133,1.833754539489746,0.14
2026-07-10T22:30:50+00:00,,,4089.0,0.94,356.79999999999995,126,46,156,28,16.985795974731445,1.9313397407531738,0.14
2026-07-10T22:30:51+00:00,,,4089.0,0.88,356.79999999999995,126,47,150,28,19.41783332824707,2.0051157474517822,0.16
2026-07-10T22:30:52+00:00,,,4089.0,0.88,357.0,127,48,135,28,20.678436279296875,2.112896203994751,0.16
2026-07-10T22:30:53+00:00,37.45075332932174,126.93092496134341,4089.0,0.82,357.0,128,48,121,28,23.27678871154785,2.2097525596618652,0.18
2026-07-10T22:30:54+00:00,,,4089.0,0.82,357.0,129,48,106,28,24.6129207611084,2.326120376586914,0.2
2026-07-10T22:30:55+00:00,,,4091.0,0.82,357.20000000000005,130,48,92,28,26.273473739624023,2.4438748359680176,0.2
2026-07-10T22:30:56+00:00,37.45073329657316,126.9309066887945,4091.0,0.82,357.20000000000005,131,48,83,28,27.62474822998047,2.565049886703491,0.22
2026-07-10T22:30:57+00:00,,,4091.0,0.82,357.4,131,48,79,28,28.980083465576172,2.6882529258728027,0.22
2026-07-10T22:30:58+00:00,,,4094.0,0.82,357.4,132,48,78,28,28.216203689575195,2.61863112449646,0.22
2026-07-10T22:30:59+00:00,,,4094.0,0.8,357.4,133,48,76,28,27.79779624938965,2.5488345623016357,0.22
2026-07-10T22:31:00+00:00,,,4094.0,0.8,357.20000000000005,132,0,71,28,27.0251407623291,2.4800539016723633,0.2
2026-07-10T22:31:01+00:00,,,4094.0,0.32,357.20000000000005,131,0,65,28,65.63121795654297,1.9397151470184326,0.2
2026-07-10T22:31:02+00:00,,,4094.0,0.32,357.4,131,0,31,28,63.69957733154297,1.9397151470184326,0.2
2026-07-10T22:31:03+00:00,,,4094.0,0.0,357.4,132,0,32,28,63.69957733154297,0.0,0.18
2026-07-10T22:31:04+00:00,,,4094.0,0.0,357.6,132,0,0,28,63.69957733154297,0.0,0.18
2026-07-10T22:31:05+00:00,,,4094.0,0.0,357.6,132,0,0,28,63.69957733154297,0.0,0.18
2026-07-10T22:31:06+00:00,,,4094.0,0.0,357.79999999999995,131,0,0,28,63.69957733154297,0.0,0.16
2026-07-10T22:31:07+00:00,,,4094.0,0.0,357.79999999999995,131,51,0,28,63.69957733154297,0.0,0.16
2026-07-10T22:31:08+00:00,,,4094.0,0.0,357.79999999999995,130,75,0,28,63.69957733154297,0.0,0.16
2026-07-10T22:31:09+00:00,,,4094.0,0.0,357.79999999999995,130,91,0,28,63.69957733154297,0.0,0.14
2026-07-10T22:31:10+00:00,,,4094.0,0.0,358.0,130,91,0,28,63.69957733154297,0.0,0.14
2026-07-10T22:31:11+00:00,37.45071502402425,126.93091666325927,4094.0,0.0,358.0,130,91,0,28,63.69957733154297,0.0,0.14
2026-07-10T22:31:12+00:00,,,4094.0,0.0,357.79999999999995,129,91,0,28,63.69957733154297,0.0,0.12
2026-07-10T22:31:13+00:00,,,4096.0,0.5,357.79999999999995,130,76,0,28,27.232786178588867,1.5303210020065308,0.12
2026-07-10T22:31:14+00:00,37.450693314895034,126.93091498687863,4096.0,0.5,357.6,129,76,40,28,24.98375701904297,1.4095604419708252,0.12
2026-07-10T22:31:15+00:00,,,4096.0,0.94,357.79999999999995,129,63,34,28,11.846378326416016,1.5502067804336548,0.1
2026-07-10T22:31:16+00:00,,,4099.0,0.94,357.79999999999995,129,61,63,28,10.66930866241455,1.468949794769287,0.1
2026-07-10T22:31:17+00:00,37.45067998766899,126.93089830689132,4099.0,0.9,358.20000000000005,128,54,64,28,10.027994155883789,1.3506042957305908,0.08
2026-07-10T22:31:18+00:00,,,4099.0,0.9,358.4,130,53,67,28,8.786038398742676,1.2762380838394165,0.06
2026-07-10T22:31:19+00:00,,,4101.0,0.82,358.6,129,53,75,28,8.18674373626709,1.1443462371826172,0.06
2026-07-10T22:31:20+00:00,,,4101.0,0.82,359.0,129,50,79,28,6.840114116668701,1.077284336090088,0.04
2026-07-10T22:31:21+00:00,,,4101.0,0.74,359.0,129,50,89,28,6.166223049163818,0.9309291839599609,0.04
2026-07-10T22:31:22+00:00,,,4101.0,0.74,359.20000000000005,130,49,93,28,6.642014980316162,0.950657844543457,0.04
2026-07-10T22:31:23+00:00,,,4101.0,0.58,359.4,130,49,103,28,9.115788459777832,0.8297198414802551,0.04
2026-07-10T22:31:24+00:00,,,4101.0,0.58,359.6,130,47,104,28,9.725135803222656,0.8531047105789185,0.04
2026-07-10T22:31:25+00:00,,,4101.0,0.48,359.6,130,47,106,28,12.272199630737305,0.807134747505188,0.04
2026-07-10T22:31:26+00:00,,,4101.0,0.48,359.6,130,46,95,28,12.995800018310547,0.8341732025146484,0.06
2026-07-10T22:31:27+00:00,,,4101.0,0.42,359.6,130,46,90,28,16.061737060546875,0.8176057934761047,0.06
2026-07-10T22:31:28+00:00,,,4101.0,0.42,359.79999999999995,130,46,76,28,16.908031463623047,0.8485656976699829,0.06
2026-07-10T22:31:29+00:00,,,4101.0,0.36,359.79999999999995,129,46,67,28,20.799909591674805,0.8542608618736267,0.06
2026-07-10T22:31:30+00:00,,,4101.0,0.36,359.79999999999995,130,46,55,28,21.300132751464844,0.8718619346618652,0.06
2026-07-10T22:31:31+00:00,,,4101.0,0.32,359.79999999999995,131,46,49,28,24.613872528076172,0.879418671131134,0.06
2026-07-10T22:31:32+00:00,,,4101.0,0.32,359.6,130,46,38,28,25.179208755493164,0.8983125686645508,0.06
2026-07-10T22:31:33+00:00,,,4101.0,0.0,359.6,129,0,30,28,25.179208755493164,0.0,0.06
2026-07-10T22:31:34+00:00,,,4101.0,0.0,359.6,129,0,0,28,25.179208755493164,0.0,0.08
2026-07-10T22:31:35+00:00,,,4101.0,0.0,359.4,129,0,0,28,25.179208755493164,0.0,0.08
2026-07-10T22:31:36+00:00,,,4101.0,0.0,359.6,130,0,0,28,25.179208755493164,0.0,0.08
2026-07-10T22:31:37+00:00,,,4101.0,0.0,359.6,130,0,0,28,25.179208755493164,0.0,0.08
2026-07-10T22:31:38+00:00,,,4101.0,0.0,359.4,130,0,0,28,25.179208755493164,0.0,0.08
2026-07-10T22:31:39+00:00,,,4101.0,0.0,359.4,129,0,0,28,25.179208755493164,0.0,0.08
2026-07-10T22:31:40+00:00,,,4101.0,0.0,359.4,129,45,0,28,25.179208755493164,0.0,0.08
2026-07-10T22:31:41+00:00,,,4101.0,0.0,359.20000000000005,129,45,0,28,25.179208755493164,0.0,0.06
2026-07-10T22:31:42+00:00,,,4101.0,0.0,359.0,129,0,0,28,25.179208755493164,0.0,0.06
2026-07-10T22:31:43+00:00,37.45066330768168,126.93088497966528,4101.0,0.0,359.0,128,0,0,28,25.179208755493164,0.0,0.06
2026-07-10T22:31:44+00:00,,,4101.0,0.0,359.0,127,0,0,28,25.179208755493164,0.0,0.06
2026-07-10T22:31:45+00:00,37.450648304075,126.9308699760586,4103.0,0.0,359.20000000000005,127,0,0,28,25.179208755493164,0.0,0.06
2026-07-10T22:31:46+00:00,,,4103.0,0.0,359.20000000000005,127,0,0,28,25.179208755493164,0.0,0.06
2026-07-10T22:31:47+00:00,,,4105.0,0.3,359.20000000000005,127,0,0,28,18.861610412597656,0.6528666019439697,0.04
2026-07-10T22:31:48+00:00,37.450633300468326,126.93084667436779,4105.0,0.3,359.20000000000005,127,53,15,28,15.754091262817383,0.5704891681671143,0.04
2026-07-10T22:31:49+00:00,,,4105.0,0.38,359.20000000000005,127,53,15,28,9.644194602966309,0.5666381120681763,0.02
2026-07-10T22:31:50+00:00,37.45062667876482,126.93081825971603,4108.0,0.38,359.20000000000005,127,53,23,28,7.260770797729492,0.5086767077445984,0.02
2026-07-10T22:31:51+00:00,,,4108.0,1.36,359.4,128,52,26,28,1.3647825717926025,1.4262725114822388,0.0
2026-07-10T22:31:52+00:00,37.45061829686165,126.93079168908298,4111.0,1.36,359.4,128,57,98,28,0.7001555562019348,1.3928077220916748,0.0
2026-07-10T22:31:53+00:00,,,4111.0,1.08,359.4,128,58,100,28,0.04515840858221054,1.0716052055358887,0.0
2026-07-10T22:31:54+00:00,37.45059826411307,126.93076671101153,4113.0,1.08,359.4,126,61,79,28,-0.16077062487602234,1.0643523931503296,0.0
2026-07-10T22:31:55+00:00,,,4113.0,1.4,359.20000000000005,125,63,78,28,-0.2799488604068756,1.387220859527588,0.0
2026-07-10T22:31:56+00:00,,,4116.0,1.4,359.20000000000005,124,63,98,28,-0.4371802508831024,1.3802251815795898,0.0
2026-07-10T22:31:57+00:00,37.45057672262192,126.93076000548899,4116.0,1.32,359.20000000000005,126,63,97,28,-0.6350810527801514,1.2834312915802002,0.0
2026-07-10T22:31:58+00:00,,,4116.0,1.32,359.20000000000005,126,61,90,28,-0.8031145334243774,1.276735544204712,0.0
2026-07-10T22:31:59+00:00,,,4119.0,1.16,359.20000000000005,125,60,89,28,-1.0879184007644653,1.1304399967193604,0.0
2026-07-10T22:32:00+00:00,37.4505550134927,126.93075329996645,4119.0,1.16,359.20000000000005,125,59,78,28,-1.27549409866333,1.1241482496261597,0.0
2026-07-10T22:32:01+00:00,,,4119.0,1.1,359.20000000000005,124,58,78,28,-1.5569745302200317,1.0482897758483887,0.0
2026-07-10T22:32:02+00:00,37.450546715408564,126.93072999827564,4121.0,1.1,359.20000000000005,125,58,72,28,-1.5227618217468262,1.049317717552185,0.0
2026-07-10T22:32:03+00:00,,,4121.0,1.08,359.0,125,57,71,28,-1.5162190198898315,1.0304327011108398,0.0
2026-07-10T22:32:04+00:00,37.450540009886026,126.93069999106228,4123.0,1.08,359.20000000000005,125,53,69,28,-1.4814423322677612,1.0314644575119019,0.0
2026-07-10T22:32:05+00:00,37.450526682659984,126.9306799583137,4123.0,1.1,359.20000000000005,125,53,71,28,-1.4334279298782349,1.0424607992172241,0.0
2026-07-10T22:32:06+00:00,,,4126.0,1.1,359.20000000000005,125,56,74,28,-1.398901343345642,1.043506383895874,0.0
2026-07-10T22:32:07+00:00,37.45051327161491,126.93064827471972,4128.0,1.32,359.0,126,63,75,28,-1.1266995668411255,1.2738863229751587,0.0
2026-07-10T22:32:08+00:00,,,4128.0,1.32,359.0,129,65,89,28,-1.0983028411865234,1.2749707698822021,0.0
2026-07-10T22:32:09+00:00,37.450486700981855,126.9306300021708,4132.0,1.4,358.79999999999995,129,71,85,28,-1.0159718990325928,1.3459174633026123,0.0
2026-07-10T22:32:10+00:00,,,4132.0,1.4,358.6,130,71,87,28,-0.9976738691329956,1.346663475036621,0.0
2026-07-10T22:32:11+00:00,,,4135.0,1.5,358.4,129,71,85,28,-0.9074699282646179,1.4572302103042603,0.0
2026-07-10T22:32:12+00:00,37.450466668233275,126.93061499856412,4135.0,1.5,358.0,128,83,89,28,-0.8904967308044434,1.4579873085021973,0.0
2026-07-10T22:32:13+00:00,,,4135.0,1.32,357.79999999999995,129,83,86,28,-1.0001789331436157,1.2690612077713013,0.0
2026-07-10T22:32:14+00:00,37.450441690161824,126.93059002049267,4138.0,1.32,357.79999999999995,130,83,72,28,-0.9806661605834961,1.2698125839233398,0.0
2026-07-10T22:32:15+00:00,,,4138.0,1.28,357.6,131,65,70,28,-0.9914860129356384,1.230635643005371,0.0
2026-07-10T22:32:16+00:00,37.450418304651976,126.93057669326663,4141.0,1.28,357.6,132,60,67,28,-0.9713987708091736,1.2313863039016724,0.0
2026-07-10T22:32:17+00:00,,,4141.0,1.38,357.4,133,60,67,28,-0.8818354606628418,1.331981897354126,0.0
2026-07-10T22:32:18+00:00,37.450398271903396,126.93056001327932,4144.0,1.38,357.4,133,60,74,28,-1.482867956161499,1.3083778619766235,-0.02
2026-07-10T22:32:19+00:00,,,4144.0,1.38,357.20000000000005,133,60,74,28,-2.0670113563537598,1.2966272830963135,-0.02
2026-07-10T22:32:20+00:00,,,4147.0,1.38,357.20000000000005,133,60,75,28,-2.6636886596679688,1.276708960533142,-0.02
2026-07-10T22:32:21+00:00,37.45037002488971,126.93055330775678,4147.0,1.38,357.0,133,60,76,28,-3.2829627990722656,1.2488853931427002,-0.04
2026-07-10T22:32:22+00:00,,,4147.0,1.38,357.0,133,60,77,28,-3.883394956588745,1.2327733039855957,-0.04
2026-07-10T22:32:23+00:00,37.45034831576049,126.93053000606596,4150.0,1.34,357.20000000000005,133,60,79,28,-4.586052894592285,1.1896493434906006,-0.06
2026-07-10T22:32:24+00:00,,,4150.0,1.34,357.20000000000005,131,59,80,28,-5.198085784912109,1.1776282787322998,-0.06
2026-07-10T22:32:25+00:00,37.45032333768904,126.93052170798182,4153.0,1.38,357.20000000000005,131,59,83,28,-5.685291290283203,1.1955852508544922,-0.06
2026-07-10T22:32:26+00:00,,,4153.0,1.38,357.20000000000005,131,58,87,28,-5.737569332122803,1.1947554349899292,-0.06
2026-07-10T22:32:27+00:00,37.450304981321096,126.93050997331738,4156.0,1.4,357.4,130,57,89,28,-5.7067975997924805,1.2126909494400024,-0.06
2026-07-10T22:32:28+00:00,,,4156.0,1.4,357.4,129,55,95,28,-5.75827169418335,1.2118675708770752,-0.08
2026-07-10T22:32:29+00:00,37.45027673430741,126.93048826418817,4158.0,1.36,357.6,129,55,101,28,-5.938165187835693,1.1830023527145386,-0.08
2026-07-10T22:32:30+00:00,,,4158.0,1.36,357.6,128,55,104,28,-5.990827560424805,1.1822402477264404,-0.08
2026-07-10T22:32:31+00:00,37.450255025178194,126.93047502078116,4162.0,1.42,357.79999999999995,127,55,110,28,-5.829385280609131,1.2281734943389893,-0.08
2026-07-10T22:32:32+00:00,,,4162.0,1.42,357.79999999999995,126,55,115,28,-5.8801798820495605,1.2273820638656616,-0.08
2026-07-10T22:32:33+00:00,37.450234992429614,126.93045666441321,4164.0,1.4,357.79999999999995,125,57,115,28,-5.973543643951416,1.2172678709030151,-0.08
2026-07-10T22:32:34+00:00,,,4164.0,1.4,358.0,123,57,117,28,-5.569065570831299,1.2237025499343872,-0.06
2026-07-10T22:32:35+00:00,37.450214959681034,126.93043671548367,4167.0,1.42,358.0,123,57,119,28,-5.126349449157715,1.2405260801315308,-0.06
2026-07-10T22:32:36+00:00,,,4167.0,1.42,358.0,122,58,119,28,-4.724739074707031,1.2487549781799316,-0.06
2026-07-10T22:32:37+00:00,37.45019827969372,126.93042674101889,4170.0,1.42,358.20000000000005,122,60,117,28,-4.321922302246094,1.2578672170639038,-0.06
2026-07-10T22:32:38+00:00,,,4170.0,1.42,358.20000000000005,121,62,116,28,-3.919910192489624,1.267820119857788,-0.04
2026-07-10T22:32:39+00:00,37.450186712667346,126.93040327169001,4172.0,1.38,358.4,120,62,115,28,-3.619368076324463,1.239628553390503,-0.04
2026-07-10T22:32:40+00:00,,,4172.0,1.38,358.6,120,64,113,28,-3.2060325145721436,1.2510844469070435,-0.04
2026-07-10T22:32:41+00:00,37.45018000714481,126.93036831915379,4175.0,1.36,358.79999999999995,118,64,116,28,-2.8115627765655518,1.253624439239502,-0.02
2026-07-10T22:32:42+00:00,,,4175.0,1.36,358.79999999999995,115,64,119,28,-1.983187198638916,1.2807400226593018,-0.02
2026-07-10T22:32:43+00:00,,,4178.0,1.42,359.20000000000005,114,70,122,28,-1.1098579168319702,1.3614286184310913,0.0
2026-07-10T22:32:44+00:00,37.450174978002906,126.9303416647017,4178.0,1.42,359.4,114,78,128,28,-0.31165799498558044,1.395698070526123,0.0
2026-07-10T22:32:45+00:00,,,4178.0,1.36,359.6,114,80,136,28,0.5115106105804443,1.3735466003417969,0.0
2026-07-10T22:32:46+00:00,37.45015326887369,126.93032330833375,4180.0,1.36,359.79999999999995,115,70,139,28,1.3493674993515015,1.4149894714355469,0.0
2026-07-10T22:32:47+00:00,,,4180.0,1.34,360.20000000000005,114,70,149,28,2.200176239013672,1.4498919248580933,0.02
2026-07-10T22:32:48+00:00,37.45013172738254,126.9302967377007,4183.0,1.34,360.4,114,79,157,28,3.043443441390991,1.498447299003601,0.04
2026-07-10T22:32:49+00:00,,,4183.0,1.36,360.6,113,79,160,28,3.8570826053619385,1.5602056980133057,0.04
2026-07-10T22:32:50+00:00,37.45011328719556,126.93027167581022,4186.0,1.36,361.0,113,79,165,28,4.721908092498779,1.6175726652145386,0.06
2026-07-10T22:32:51+00:00,,,4186.0,1.4,361.4,113,79,172,28,5.422610759735107,1.7161437273025513,0.06
2026-07-10T22:32:52+00:00,37.450093338266015,126.93026002496481,4189.0,1.4,361.6,113,79,181,28,6.261710166931152,1.78003990650177,0.08
2026-07-10T22:32:53+00:00,,,4189.0,1.4,362.0,115,68,185,28,7.099133491516113,1.847304105758667,0.08
2026-07-10T22:32:54+00:00,,,4192.0,1.4,362.20000000000005,115,66,188,28,7.9390716552734375,1.9182353019714355,0.1
2026-07-10T22:32:55+00:00,37.450098283588886,126.93023328669369,4192.0,1.36,362.4,118,65,190,28,9.035676956176758,1.9579713344573975,0.12
2026-07-10T22:32:56+00:00,,,4192.0,1.36,362.79999999999995,119,65,187,28,9.898775100708008,2.036604404449463,0.12
2026-07-10T22:32:57+00:00,37.450089985504746,126.93020998500288,4194.0,1.3,363.20000000000005,118,64,187,28,11.262426376342773,2.071361780166626,0.14
2026-07-10T22:32:58+00:00,,,4194.0,1.3,363.4,119,55,189,28,11.960793495178223,2.138559579849243,0.14
2026-07-10T22:32:59+00:00,,,4197.0,1.28,363.79999999999995,120,51,189,28,12.860652923583984,2.19356369972229,0.16
2026-07-10T22:33:00+00:00,,,4197.0,1.28,364.0,121,51,189,28,13.57072925567627,2.2654001712799072,0.16
2026-07-10T22:33:01+00:00,,,4197.0,1.22,364.4,120,51,189,28,14.989690780639648,2.3006865978240967,0.18
2026-07-10T22:33:02+00:00,37.45008001103997,126.93019003607333,4197.0,1.22,364.6,119,51,184,28,15.734231948852539,2.3782224655151367,0.18
2026-07-10T22:33:03+00:00,,,4197.0,1.18,364.79999999999995,118,51,181,28,16.900787353515625,2.4414408206939697,0.18
2026-07-10T22:33:04+00:00,,,4199.0,1.18,365.20000000000005,121,50,178,28,17.66655158996582,2.524021625518799,0.2
2026-07-10T22:33:05+00:00,37.45006173849106,126.93017670884728,4199.0,1.16,365.4,121,50,178,28,18.75011444091797,2.599139928817749,0.2
2026-07-10T22:33:06+00:00,,,4199.0,1.16,365.6,122,50,173,28,19.37047004699707,2.668172597885132,0.22
2026-07-10T22:33:07+00:00,,,4201.0,1.14,365.79999999999995,124,50,168,28,20.342802047729492,2.7306132316589355,0.22
2026-07-10T22:33:08+00:00,,,4201.0,1.14,366.0,124,51,163,28,20.972776412963867,2.8021912574768066,0.22
2026-07-10T22:33:09+00:00,,,4201.0,1.12,366.20000000000005,124,52,157,28,21.990442276000977,2.868666172027588,0.24
2026-07-10T22:33:10+00:00,37.45005830191076,126.93015173077583,4201.0,1.12,366.6,126,52,153,28,22.631668090820312,2.9427549839019775,0.24
2026-07-10T22:33:11+00:00,,,4201.0,0.0,366.79999999999995,126,53,156,28,22.631668090820312,0.0,0.26
2026-07-10T22:33:12+00:00,37.45006173849106,126.93012172356248,4203.0,0.0,367.20000000000005,130,53,0,28,22.631668090820312,0.0,0.26
2026-07-10T22:33:13+00:00,,,4203.0,1.06,367.4,131,54,0,28,25.95001983642578,3.160572052001953,0.26
2026-07-10T22:33:14+00:00,37.450076658278704,126.93008827976882,4206.0,1.06,367.6,132,54,157,28,26.01046371459961,3.16758394241333,0.26
2026-07-10T22:33:15+00:00,,,4206.0,1.8,368.0,134,54,158,28,15.352832794189453,3.478407382965088,0.26
2026-07-10T22:33:16+00:00,37.45008168742061,126.9300482980907,4209.0,1.8,368.20000000000005,135,54,202,28,15.388463020324707,3.483928918838501,0.26
2026-07-10T22:33:17+00:00,,,4209.0,1.68,368.4,136,54,204,28,16.624696731567383,3.4137675762176514,0.26
2026-07-10T22:33:18+00:00,37.45007833465934,126.93001996725798,4213.0,1.68,368.79999999999995,136,49,202,28,16.66309928894043,3.419518232345581,0.26
2026-07-10T22:33:19+00:00,,,4213.0,1.66,369.0,137,49,203,28,16.802038192749023,3.419778347015381,0.26
2026-07-10T22:33:20+00:00,,,4215.0,1.66,369.4,136,47,201,28,16.840713500976562,3.4255659580230713,0.26
2026-07-10T22:33:21+00:00,,,4215.0,1.46,369.6,137,47,200,28,19.323854446411133,3.3286845684051514,0.28
2026-07-10T22:33:22+00:00,37.45005997829139,126.9300150219351,4215.0,1.46,369.79999999999995,138,46,187,28,19.232378005981445,3.315889835357666,0.26
2026-07-10T22:33:23+00:00,,,4215.0,1.28,370.0,139,43,186,28,21.68305206298828,3.2382631301879883,0.26
2026-07-10T22:33:24+00:00,,,4217.0,1.28,370.20000000000005,138,41,176,28,21.5792236328125,3.2247371673583984,0.26
2026-07-10T22:33:25+00:00,37.45003500021994,126.93000328727067,4217.0,1.14,370.4,138,41,174,28,24.113182067871094,3.172952651977539,0.26
2026-07-10T22:33:26+00:00,,,4217.0,1.14,370.6,138,41,163,28,23.996944427490234,3.1588516235351562,0.26
2026-07-10T22:33:27+00:00,,,4220.0,1.22,370.79999999999995,138,42,157,28,22.498855590820312,3.162566900253296,0.26
2026-07-10T22:33:28+00:00,37.4500232655555,126.92997998557985,4220.0,1.22,370.79999999999995,138,42,154,28,22.38934326171875,3.1488614082336426,0.26
2026-07-10T22:33:29+00:00,,,4220.0,1.16,371.0,138,42,147,27,23.041423797607422,3.1240792274475098,0.26
2026-07-10T22:33:30+00:00,,,4223.0,1.16,371.20000000000005,139,43,139,28,22.703950881958008,3.082911968231201,0.26
2026-07-10T22:33:31+00:00,37.45000499300659,126.92996833473444,4223.0,1.16,371.4,138,44,136,27,22.75648307800293,3.0364949703216553,0.26
2026-07-10T22:33:32+00:00,,,4223.0,1.16,371.6,138,46,131,27,22.414167404174805,2.995669364929199,0.24
2026-07-10T22:33:33+00:00,,,4225.0,1.12,372.0,139,51,133,27,22.661653518676758,2.946241855621338,0.24
2026-07-10T22:33:34+00:00,,,4225.0,1.12,372.20000000000005,138,51,134,27,22.311222076416016,2.9056148529052734,0.24
2026-07-10T22:33:35+00:00,37.44999501854181,126.92994000390172,4225.0,1.06,372.6,139,51,139,27,23.201997756958008,2.848188877105713,0.24
2026-07-10T22:33:36+00:00,37.449980014935136,126.9299182947725,4225.0,1.06,372.79999999999995,139,51,140,27,22.830615997314453,2.807037115097046,0.24
2026-07-10T22:33:37+00:00,,,4228.0,1.06,373.20000000000005,139,48,148,27,22.458492279052734,2.766084671020508,0.22
2026-07-10T22:33:38+00:00,37.44996501132846,126.92990496754646,4230.0,1.06,373.4,140,48,155,27,22.47753143310547,2.7681729793548584,0.22
2026-07-10T22:33:39+00:00,,,4230.0,1.12,373.6,139,48,163,27,21.48320960998535,2.785627603530884,0.22
2026-07-10T22:33:40+00:00,,,4232.0,1.12,374.0,140,48,167,27,21.501428604125977,2.787679672241211,0.22
2026-07-10T22:33:41+00:00,,,4232.0,1.1,374.20000000000005,139,48,171,27,21.71524429321289,2.7864913940429688,0.22
2026-07-10T22:33:42+00:00,37.44996501132846,126.92987998947501,4232.0,1.1,374.4,139,48,169,27,21.733591079711914,2.7885494232177734,0.22
2026-07-10T22:33:43+00:00,,,4232.0,1.08,374.6,139,48,166,27,22.361839294433594,2.7814905643463135,0.22
2026-07-10T22:33:44+00:00,,,4235.0,1.08,374.79999999999995,139,46,164,27,22.380760192871094,2.783581495285034,0.22
2026-07-10T22:33:45+00:00,37.44994003325701,126.9298566877842,4235.0,1.06,375.20000000000005,139,48,161,27,22.610960006713867,2.7828292846679688,0.22
2026-07-10T22:33:46+00:00,,,4235.0,1.06,375.4,140,50,157,27,22.49803352355957,2.7704224586486816,0.22
2026-07-10T22:33:47+00:00,37.44993332773447,126.92983497865498,4238.0,1.1,375.4,140,52,153,27,21.7686710357666,2.7671000957489014,0.22
2026-07-10T22:33:48+00:00,,,4238.0,1.1,375.6,140,52,147,27,21.659292221069336,2.7549455165863037,0.22
2026-07-10T22:33:49+00:00,37.44992502965033,126.92981000058353,4240.0,1.1,375.79999999999995,140,51,145,27,21.54925537109375,2.7427453994750977,0.22
2026-07-10T22:33:50+00:00,,,4240.0,1.1,376.0,140,50,142,27,21.439546585083008,2.730609178543091,0.22
2026-07-10T22:33:51+00:00,37.44990826584399,126.92978326231241,4243.0,1.1,376.4,141,50,139,27,21.329618453979492,2.7184767723083496,0.22
2026-07-10T22:33:52+00:00,,,4243.0,1.1,376.6,141,50,141,27,21.21990966796875,2.7063965797424316,0.22
2026-07-10T22:33:53+00:00,37.44988831691444,126.92976666614413,4246.0,1.12,376.79999999999995,140,50,143,27,20.54464340209961,2.7051303386688232,0.22
2026-07-10T22:33:54+00:00,,,4246.0,1.12,377.20000000000005,141,50,148,27,20.69719123840332,2.7221453189849854,0.22
2026-07-10T22:33:55+00:00,37.44986501522362,126.92977999337018,4248.0,1.12,377.4,141,50,150,27,20.850046157836914,2.7392523288726807,0.22
2026-07-10T22:33:56+00:00,,,4248.0,1.12,377.79999999999995,140,50,152,27,21.002593994140625,2.756382942199707,0.22
2026-07-10T22:33:57+00:00,,,4251.0,1.14,377.79999999999995,142,50,159,27,20.784299850463867,2.7806708812713623,0.22
2026-07-10T22:33:58+00:00,37.44984833523631,126.9297649897635,4251.0,1.14,378.20000000000005,142,50,160,27,20.934022903442383,2.7977590560913086,0.22
2026-07-10T22:33:59+00:00,,,4251.0,1.14,378.4,142,50,161,27,21.270780563354492,2.8115172386169434,0.24
2026-07-10T22:34:00+00:00,37.449825033545494,126.92974830977619,4253.0,1.14,378.6,142,50,164,27,21.422283172607422,2.8288378715515137,0.24
2026-07-10T22:34:01+00:00,,,4253.0,1.14,378.79999999999995,142,51,163,27,21.573633193969727,2.846195936203003,0.24
2026-07-10T22:34:02+00:00,37.44981002993882,126.92972333170474,4256.0,1.14,379.0,141,51,160,27,21.50922966003418,2.8388030529022217,0.24
2026-07-10T22:34:03+00:00,,,4256.0,1.16,379.4,142,53,158,27,20.89034652709961,2.841764211654663,0.24
2026-07-10T22:34:04+00:00,37.449793266132474,126.92970497533679,4259.0,1.16,379.6,143,54,158,27,20.827547073364258,2.8344709873199463,0.24
2026-07-10T22:34:05+00:00,,,4259.0,1.16,379.79999999999995,142,54,157,27,20.764999389648438,2.8272171020507812,0.24
2026-07-10T22:34:06+00:00,,,4262.0,1.16,380.0,141,57,152,27,20.70226287841797,2.8199515342712402,0.24
2026-07-10T22:34:07+00:00,37.44977172464132,126.92968829534948,4262.0,1.16,380.20000000000005,141,59,156,27,20.46318244934082,2.8164284229278564,0.22
2026-07-10T22:34:08+00:00,,,4262.0,1.16,380.6,141,66,158,27,20.401105880737305,2.8092262744903564,0.22
2026-07-10T22:34:09+00:00,37.44975831359625,126.92966331727803,4264.0,1.16,380.79999999999995,142,66,159,27,20.51430320739746,2.7982444763183594,0.22
2026-07-10T22:34:10+00:00,,,4264.0,1.16,381.20000000000005,141,62,161,27,20.53598976135254,2.8007442951202393,0.22
2026-07-10T22:34:11+00:00,37.449756721034646,126.92963666282594,4267.0,1.16,381.4,141,62,163,27,20.5577449798584,2.803253173828125,0.22
2026-07-10T22:34:12+00:00,,,4267.0,1.16,381.6,140,62,164,27,20.57943344116211,2.805755615234375,0.22
2026-07-10T22:34:13+00:00,37.44974330998957,126.92960673943162,4269.0,1.16,382.0,140,58,163,27,20.60123062133789,2.808271884918213,0.22
2026-07-10T22:34:14+00:00,,,4269.0,1.16,382.20000000000005,140,57,167,27,20.62291717529297,2.810776948928833,0.22
2026-07-10T22:34:15+00:00,37.44974330998957,126.92958327010274,4272.0,1.18,382.4,140,57,169,27,20.294761657714844,2.820817232131958,0.22
2026-07-10T22:34:16+00:00,37.44975998997688,126.92956499755383,4272.0,1.18,382.4,140,56,164,27,20.316104888916016,2.823307514190674,0.22
2026-07-10T22:34:17+00:00,37.44977499358356,126.92954672500491,4274.0,1.2,382.6,141,55,158,27,19.998550415039062,2.8336119651794434,0.22
2026-07-10T22:34:18+00:00,37.44979167357087,126.92953499034047,4277.0,1.2,382.6,142,55,153,27,19.970563888549805,2.8303163051605225,0.22
2026-07-10T22:34:19+00:00,37.44980667717755,126.9295199867338,4279.0,1.26,382.79999999999995,141,57,144,27,18.992904663085938,2.8524091243743896,0.22
2026-07-10T22:34:20+00:00,,,4281.0,1.26,383.0,140,57,141,27,18.966224670410156,2.8491907119750977,0.22
2026-07-10T22:34:21+00:00,37.4498366843909,126.92950833588839,4283.0,1.3,383.0,140,57,135,27,18.35676383972168,2.8644156455993652,0.22
2026-07-10T22:34:22+00:00,,,4283.0,1.3,383.20000000000005,140,57,134,27,18.330982208251953,2.861260175704956,0.22
2026-07-10T22:34:23+00:00,37.44985998608172,126.92949500866234,4287.0,1.32,383.4,139,57,127,27,18.027694702148438,2.8677561283111572,0.22
2026-07-10T22:34:24+00:00,37.4498749896884,126.92948000505567,4287.0,1.32,383.4,139,57,125,27,18.002304077148438,2.864628791809082,0.22
2026-07-10T22:34:25+00:00,,,4290.0,1.32,383.6,139,58,124,27,17.976760864257812,2.8614847660064697,0.22
2026-07-10T22:34:26+00:00,37.44988999329507,126.92946667782962,4292.0,1.32,383.79999999999995,139,58,125,27,17.606525421142578,2.816166639328003,0.22
2026-07-10T22:34:27+00:00,,,4292.0,1.34,384.0,139,58,128,27,16.97939682006836,2.7820138931274414,0.22
2026-07-10T22:34:28+00:00,37.44991329498589,126.92944496870041,4294.0,1.34,384.20000000000005,139,58,134,27,16.614322662353516,2.737945318222046,0.22
2026-07-10T22:34:29+00:00,,,4294.0,1.34,384.4,139,58,138,27,16.250343322753906,2.694495916366577,0.2
2026-07-10T22:34:30+00:00,37.44992829859257,126.92941831424832,4297.0,1.34,384.6,139,58,139,27,15.884903907775879,2.6513688564300537,0.2
2026-07-10T22:34:31+00:00,,,4297.0,1.34,384.79999999999995,139,58,141,27,15.520560264587402,2.6088736057281494,0.2
2026-07-10T22:34:32+00:00,37.449943302199244,126.92938830703497,4300.0,1.34,385.0,138,58,145,27,15.155486106872559,2.566803216934204,0.2
2026-07-10T22:34:33+00:00,,,4300.0,1.36,385.20000000000005,138,58,145,27,14.573265075683594,2.5381081104278564,0.18
2026-07-10T22:34:34+00:00,,,4303.0,1.36,385.4,137,58,149,27,14.399494171142578,2.5183722972869873,0.18
2026-07-10T22:34:35+00:00,,,4303.0,1.36,385.6,137,58,153,27,14.331793785095215,2.492255449295044,0.18
2026-07-10T22:34:36+00:00,,,4303.0,1.36,385.6,138,58,150,27,14.157258987426758,2.4727485179901123,0.18
2026-07-10T22:34:37+00:00,,,4303.0,1.32,385.79999999999995,138,57,144,27,14.300153732299805,2.4334053993225098,0.18
2026-07-10T22:34:38+00:00,,,4303.0,1.32,385.79999999999995,137,57,138,27,14.121651649475098,2.413922071456909,0.18
2026-07-10T22:34:39+00:00,37.44995830580592,126.92937330342829,4303.0,0.0,385.79999999999995,137,55,133,27,14.121651649475098,0.0,0.18
2026-07-10T22:34:40+00:00,,,4303.0,0.0,385.79999999999995,137,55,0,27,14.121651649475098,0.0,0.18
2026-07-10T22:34:41+00:00,,,4305.0,0.3,385.79999999999995,137,55,0,27,59.775882720947266,1.8171873092651367,0.16
2026-07-10T22:34:42+00:00,37.449971716850996,126.92935167811811,4305.0,0.3,385.79999999999995,136,55,54,27,58.031612396240234,1.8031517267227173,0.16
2026-07-10T22:34:43+00:00,,,4305.0,1.04,385.79999999999995,135,52,47,27,16.08060073852539,2.0956130027770996,0.16
2026-07-10T22:34:44+00:00,,,4308.0,1.04,385.79999999999995,135,52,84,27,15.58073902130127,2.049739122390747,0.16
2026-07-10T22:34:45+00:00,,,4308.0,0.7,385.79999999999995,135,52,79,27,22.951440811157227,1.835917592048645,0.14
2026-07-10T22:34:46+00:00,,,4308.0,0.7,385.79999999999995,136,52,52,27,22.19154167175293,1.7815568447113037,0.14
2026-07-10T22:34:47+00:00,,,4308.0,0.62,385.79999999999995,135,52,48,27,24.24234962463379,1.7062091827392578,0.14
2026-07-10T22:34:48+00:00,,,4308.0,0.62,385.79999999999995,134,52,42,27,23.38279151916504,1.6506376266479492,0.14
2026-07-10T22:34:49+00:00,,,4308.0,0.5,385.6,133,50,40,27,28.0369873046875,1.5742695331573486,0.12
2026-07-10T22:34:50+00:00,,,4308.0,0.5,385.6,134,50,30,27,26.753686904907227,1.5043154954910278,0.12
2026-07-10T22:34:51+00:00,,,4308.0,0.0,385.6,133,50,28,27,26.753686904907227,0.0,0.12
2026-07-10T22:34:52+00:00,,,4308.0,0.0,385.6,133,50,0,27,26.753686904907227,0.0,0.1
2026-07-10T22:34:53+00:00,,,4308.0,0.0,385.6,131,50,0,27,26.753686904907227,0.0,0.1
2026-07-10T22:34:54+00:00,,,4308.0,0.0,385.6,131,50,0,27,26.753686904907227,0.0,0.1
2026-07-10T22:34:55+00:00,,,4308.0,0.0,385.6,130,50,0,27,26.753686904907227,0.0,0.08
2026-07-10T22:34:56+00:00,,,4308.0,0.0,385.6,129,59,0,27,26.753686904907227,0.0,0.08
2026-07-10T22:34:57+00:00,,,4308.0,0.0,385.6,129,59,0,27,26.753686904907227,0.0,0.08
2026-07-10T22:34:58+00:00,,,4308.0,0.0,385.4,128,59,0,27,26.753686904907227,0.0,0.06
2026-07-10T22:34:59+00:00,,,4308.0,0.0,385.4,127,59,0,27,26.753686904907227,0.0,0.06
2026-07-10T22:35:00+00:00,,,4308.0,0.0,385.20000000000005,128,59,0,27,26.753686904907227,0.0,0.06
2026-07-10T22:35:01+00:00,37.44998672045767,126.9293299689889,4308.0,0.3,385.4,128,56,0,27,17.755672454833984,0.6227016448974609,0.04
2026-07-10T22:35:02+00:00,37.45000499300659,126.92930666729808,4308.0,0.3,385.20000000000005,129,56,16,27,14.7005615234375,0.5443134903907776,0.04
2026-07-10T22:35:03+00:00,37.4500267021358,126.92927498370409,4310.0,1.62,385.20000000000005,129,65,16,27,2.082489252090454,1.7450034618377686,0.02
2026-07-10T22:35:04+00:00,37.45005000382662,126.92923500202596,4313.0,1.62,385.0,129,74,104,27,1.5355862379074097,1.709620714187622,0.02
2026-07-10T22:35:05+00:00,37.45007171295583,126.92919166758657,4317.0,2.76,384.79999999999995,128,78,101,27,0.5827470421791077,2.8048603534698486,0.0
2026-07-10T22:35:06+00:00,37.45008671656251,126.92915168590844,4321.0,2.76,384.4,127,85,172,27,0.2919515073299408,2.7770445346832275,0.0
2026-07-10T22:35:07+00:00,37.450096691027284,126.92912167869508,4326.0,3.62,384.0,128,85,167,27,0.000878153252415359,3.620105266571045,0.0
2026-07-10T22:35:08+00:00,37.45010834187269,126.92910172976553,4330.0,3.62,383.79999999999995,127,85,223,27,-0.21980918943881989,3.5939648151397705,0.0
2026-07-10T22:35:09+00:00,,,4333.0,3.54,383.6,128,81,219,27,-0.45240697264671326,3.4784486293792725,0.0
2026-07-10T22:35:10+00:00,37.4501199927181,126.92907331511378,4335.0,3.54,383.4,128,76,211,27,-0.6787207722663879,3.4536845684051514,-0.02
2026-07-10T22:35:11+00:00,,,4335.0,3.04,383.20000000000005,129,74,208,27,-1.0509120225906372,2.9404845237731934,-0.02
2026-07-10T22:35:12+00:00,37.450121669098735,126.92903827875853,4338.0,3.04,383.0,128,69,174,27,-1.3142303228378296,2.9175384044647217,-0.02
2026-07-10T22:35:13+00:00,,,4338.0,2.7,383.0,127,68,173,27,-1.7759064435958862,2.5572125911712646,-0.04
2026-07-10T22:35:14+00:00,37.45012502186,126.92901170812547,4341.0,2.7,383.0,127,64,152,27,-2.0796725749969482,2.5360147953033447,-0.04
2026-07-10T22:35:15+00:00,,,4341.0,2.42,383.0,128,63,155,27,-2.658531427383423,2.239154577255249,-0.06
2026-07-10T22:35:16+00:00,,,4343.0,2.42,383.0,129,59,141,27,-2.9974441528320312,2.220749855041504,-0.06
2026-07-10T22:35:17+00:00,37.45013172738254,126.92898496985435,4343.0,2.12,383.0,130,55,145,27,-3.8077101707458496,1.9106330871582031,-0.08
2026-07-10T22:35:18+00:00,,,4343.0,2.12,383.0,132,54,130,27,-4.1938090324401855,1.8958901166915894,-0.08
2026-07-10T22:35:19+00:00,,,4345.0,1.92,383.0,132,54,135,27,-5.085174083709717,1.6815185546875,-0.08
2026-07-10T22:35:20+00:00,37.450138265267015,126.92895001731813,4345.0,1.92,383.20000000000005,130,53,125,27,-5.512866020202637,1.6707921028137207,-0.1
2026-07-10T22:35:21+00:00,,,4345.0,1.76,383.20000000000005,131,52,130,27,-6.485567092895508,1.5129345655441284,-0.1
2026-07-10T22:35:22+00:00,37.450158298015594,126.92893828265369,4349.0,1.76,383.20000000000005,130,52,123,27,-6.388049602508545,1.5144504308700562,-0.1
2026-07-10T22:35:23+00:00,,,4349.0,1.7,383.4,131,51,127,27,-6.514065742492676,1.460646152496338,-0.1
2026-07-10T22:35:24+00:00,,,4351.0,1.7,383.6,131,51,127,27,-6.413187026977539,1.4621434211730957,-0.1
2026-07-10T22:35:25+00:00,37.45017170906067,126.92891674116254,4351.0,1.62,383.6,131,51,131,27,-6.62606954574585,1.3899906873703003,-0.1
2026-07-10T22:35:26+00:00,,,4351.0,1.62,383.79999999999995,129,51,129,27,-6.520177841186523,1.3914185762405396,-0.1
2026-07-10T22:35:27+00:00,,,4354.0,1.54,384.20000000000005,127,51,135,27,-6.74945068359375,1.3194221258163452,-0.1
2026-07-10T22:35:28+00:00,37.45018830522895,126.9289050064981,4354.0,1.54,384.4,124,51,137,27,-6.638245582580566,1.3207708597183228,-0.1
2026-07-10T22:35:29+00:00,,,4354.0,1.48,384.6,123,51,146,27,-6.793102264404297,1.267189860343933,-0.08
2026-07-10T22:35:30+00:00,,,4356.0,1.48,385.0,115,51,150,27,-5.956784248352051,1.2783933877944946,-0.08
2026-07-10T22:35:31+00:00,,,4356.0,1.38,385.20000000000005,114,51,157,27,-5.497805118560791,1.198676586151123,-0.06
2026-07-10T22:35:32+00:00,,,4356.0,1.38,385.4,112,51,156,27,-4.602232933044434,1.2159334421157837,-0.06
2026-07-10T22:35:33+00:00,37.45017170906067,126.92888832651079,4356.0,1.32,385.4,111,51,159,27,-3.8754947185516357,1.1789743900299072,-0.04
2026-07-10T22:35:34+00:00,,,4356.0,1.32,385.6,112,51,156,27,-2.939840793609619,1.2037945985794067,-0.02
2026-07-10T22:35:35+00:00,37.450141701847315,126.92888002842665,4358.0,1.26,385.79999999999995,112,51,158,27,-2.097442626953125,1.1735203266143799,-0.02
2026-07-10T22:35:36+00:00,,,4358.0,1.26,385.79999999999995,111,51,151,27,-1.1178584098815918,1.206650972366333,0.0
2026-07-10T22:35:37+00:00,37.45012669824064,126.92889327183366,4361.0,1.28,385.79999999999995,111,51,142,27,-0.13311704993247986,1.2743970155715942,0.0
2026-07-10T22:35:38+00:00,,,4361.0,1.28,386.0,112,51,134,27,1.0743259191513062,1.328348159790039,0.0
2026-07-10T22:35:39+00:00,,,4363.0,1.26,386.0,112,51,125,27,2.3241326808929443,1.36983323097229,0.02
2026-07-10T22:35:40+00:00,,,4363.0,1.26,386.0,111,51,116,27,3.5495121479034424,1.4379853010177612,0.04
2026-07-10T22:35:41+00:00,,,4363.0,1.2,386.20000000000005,111,51,110,27,5.018797874450684,1.4561052322387695,0.06
2026-07-10T22:35:42+00:00,,,4363.0,1.2,386.20000000000005,111,51,104,27,6.308027744293213,1.5398585796356201,0.06
2026-07-10T22:35:43+00:00,,,4363.0,0.0,386.20000000000005,112,0,102,27,6.308027744293213,0.0,0.08
2026-07-10T22:35:44+00:00,,,4363.0,0.0,386.20000000000005,113,0,0,27,6.308027744293213,0.0,0.1
2026-07-10T22:35:45+00:00,,,4363.0,0.0,386.20000000000005,115,0,0,27,6.308027744293213,0.0,0.12
2026-07-10T22:35:46+00:00,,,4363.0,0.0,386.20000000000005,116,0,0,27,6.308027744293213,0.0,0.12
2026-07-10T22:35:47+00:00,,,4363.0,0.0,386.20000000000005,117,49,0,27,6.308027744293213,0.0,0.12
2026-07-10T22:35:48+00:00,,,4363.0,0.0,386.20000000000005,119,0,0,27,6.308027744293213,0.0,0.12
2026-07-10T22:35:49+00:00,37.450138265267015,126.92891171202064,4363.0,0.0,386.20000000000005,118,0,0,27,6.308027744293213,0.0,0.12
2026-07-10T22:35:50+00:00,,,4363.0,0.0,386.20000000000005,119,0,0,27,6.308027744293213,0.0,0.12
2026-07-10T22:35:51+00:00,,,4366.0,0.3,386.20000000000005,118,0,0,27,44.199989318847656,1.4536925554275513,0.12
2026-07-10T22:35:52+00:00,,,4366.0,0.3,386.20000000000005,118,0,21,27,44.543663024902344,1.4636733531951904,0.12
2026-07-10T22:35:53+00:00,37.45016500353813,126.92891498096287,4366.0,0.38,386.4,118,0,20,27,34.25665283203125,1.4902453422546387,0.12
2026-07-10T22:35:54+00:00,,,4366.0,0.38,386.4,118,0,27,27,32.194889068603516,1.4003443717956543,0.12
2026-07-10T22:35:55+00:00,37.450183276087046,126.92890173755586,4368.0,1.08,386.4,118,0,26,27,10.699283599853516,1.6743978261947632,0.1
2026-07-10T22:35:56+00:00,,,4368.0,1.08,386.20000000000005,117,0,75,27,9.967803001403809,1.6192984580993652,0.1
2026-07-10T22:35:57+00:00,,,4371.0,1.26,386.20000000000005,116,52,74,27,7.903153896331787,1.722240686416626,0.08
2026-07-10T22:35:58+00:00,,,4371.0,1.26,386.20000000000005,115,55,86,27,7.2776336669921875,1.6745407581329346,0.08
2026-07-10T22:35:59+00:00,,,4371.0,1.32,386.4,115,55,87,27,6.345040798187256,1.6837527751922607,0.08
2026-07-10T22:36:00+00:00,,,4371.0,1.32,386.4,114,55,92,27,5.74697208404541,1.640256643295288,0.06
2026-07-10T22:36:01+00:00,37.450203308835626,126.92887499928474,4371.0,0.0,386.6,115,54,94,27,5.74697208404541,0.0,0.06
2026-07-10T22:36:02+00:00,,,4371.0,0.0,386.79999999999995,115,54,0,27,5.74697208404541,0.0,0.06
2026-07-10T22:36:03+00:00,37.450223341584206,126.92885831929743,4374.0,0.0,386.79999999999995,114,53,0,27,5.74697208404541,0.0,0.04
2026-07-10T22:36:04+00:00,37.45024002157152,126.92884499207139,4374.0,0.0,387.0,114,52,0,27,5.74697208404541,0.0,0.04
2026-07-10T22:36:05+00:00,37.45025670155883,126.92883334122598,4377.0,1.48,387.20000000000005,113,52,0,27,3.301795244216919,1.6609156131744385,0.04
2026-07-10T22:36:06+00:00,37.45027329772711,126.92882169038057,4379.0,1.48,387.20000000000005,113,50,123,27,2.9808733463287354,1.6397331953048706,0.04
2026-07-10T22:36:07+00:00,,,4381.0,2.1,387.4,112,50,130,27,1.861741065979004,2.2432453632354736,0.02
2026-07-10T22:36:08+00:00,37.450300035998225,126.92880333401263,4383.0,2.1,387.6,112,50,174,27,1.6368706226348877,2.224491834640503,0.02
2026-07-10T22:36:09+00:00,,,4383.0,2.02,387.6,112,50,175,27,1.475459098815918,2.116507053375244,0.02
2026-07-10T22:36:10+00:00,37.45032828301191,126.92879998125136,4387.0,2.02,387.79999999999995,112,49,169,27,1.6364240646362305,2.1291213035583496,0.02
2026-07-10T22:36:11+00:00,,,4387.0,1.82,388.0,112,49,170,27,1.9846731424331665,1.9531768560409546,0.02
2026-07-10T22:36:12+00:00,37.45036331936717,126.92878330126405,4390.0,1.82,388.20000000000005,112,49,160,27,2.162264347076416,1.966404676437378,0.02
2026-07-10T22:36:13+00:00,37.450381675735116,126.92877332679927,4390.0,1.86,388.4,112,60,162,27,2.3019120693206787,2.0095438957214355,0.04
2026-07-10T22:36:14+00:00,37.450401708483696,126.92876502871513,4394.0,1.86,388.6,112,75,168,27,2.4767982959747314,2.0231666564941406,0.04
2026-07-10T22:36:15+00:00,37.45041998103261,126.9287532940507,4396.0,2.02,388.79999999999995,112,76,169,27,2.4406051635742188,2.195061206817627,0.04
2026-07-10T22:36:16+00:00,37.45043666101992,126.92874172702432,4398.0,2.02,389.20000000000005,113,78,182,27,2.601248264312744,2.208814859390259,0.04
2026-07-10T22:36:17+00:00,,,4401.0,2.14,389.4,114,79,188,27,2.5941128730773926,2.3510189056396484,0.04
2026-07-10T22:36:18+00:00,37.450470020994544,126.92873326130211,4403.0,2.14,389.79999999999995,116,79,205,27,3.0308849811553955,2.3918464183807373,0.06
2026-07-10T22:36:19+00:00,37.45048829354346,126.92872831597924,4403.0,2.04,390.20000000000005,117,79,214,27,3.654179811477661,2.3266568183898926,0.06
2026-07-10T22:36:20+00:00,,,4407.0,2.04,390.4,117,79,214,27,4.114619731903076,2.371192455291748,0.08
2026-07-10T22:36:21+00:00,37.450523329898715,126.92873669788241,4409.0,2.04,390.6,117,79,216,27,4.552631855010986,2.426923990249634,0.08
2026-07-10T22:36:22+00:00,37.45054327882826,126.92874499596655,4409.0,2.04,390.79999999999995,118,79,219,27,5.008983612060547,2.474341869354248,0.1
2026-07-10T22:36:23+00:00,37.45056331157684,126.92874826490879,4413.0,2.06,391.0,117,79,220,27,5.441408157348633,2.53305721282959,0.1
2026-07-10T22:36:24+00:00,,,4415.0,2.06,391.4,119,79,222,27,5.896444797515869,2.58357834815979,0.12
2026-07-10T22:36:25+00:00,37.450591726228595,126.92875170148909,4417.0,2.12,391.6,120,79,223,27,6.142202854156494,2.7006733417510986,0.12
2026-07-10T22:36:26+00:00,,,4417.0,2.12,391.79999999999995,122,78,224,27,6.595119476318359,2.7550911903381348,0.12
2026-07-10T22:36:27+00:00,37.45061502791941,126.9287583231926,4420.0,2.0,392.0,121,75,221,27,7.472360134124756,2.7027289867401123,0.14
2026-07-10T22:36:28+00:00,,,4420.0,2.0,392.20000000000005,122,75,207,27,7.95149040222168,2.761596918106079,0.14
2026-07-10T22:36:29+00:00,37.45063497684896,126.92876502871513,4423.0,1.88,392.4,124,75,201,27,8.971814155578613,2.718743324279785,0.16
2026-07-10T22:36:30+00:00,,,4423.0,1.88,392.6,125,71,190,27,9.482038497924805,2.7826945781707764,0.16
2026-07-10T22:36:31+00:00,37.45066171512008,126.92878170870245,4425.0,1.76,392.6,125,71,186,27,10.675739288330078,2.75118350982666,0.18
2026-07-10T22:36:32+00:00,,,4425.0,1.76,392.79999999999995,126,67,176,27,11.220751762390137,2.8206610679626465,0.18
2026-07-10T22:36:33+00:00,37.45068669319153,126.92879671230912,4429.0,1.74,393.0,128,66,172,27,11.90265941619873,2.8769195079803467,0.2
2026-07-10T22:36:34+00:00,,,4429.0,1.74,393.0,128,63,166,27,11.997207641601562,2.8893697261810303,0.2
2026-07-10T22:36:35+00:00,37.45071326382458,126.92881498485804,4432.0,1.72,393.20000000000005,130,61,163,27,12.304276466369629,2.8796279430389404,0.2
2026-07-10T22:36:36+00:00,,,4432.0,1.72,393.20000000000005,131,60,157,27,12.400483131408691,2.89228892326355,0.2
2026-07-10T22:36:37+00:00,37.4507400020957,126.92883166484535,4435.0,1.7,393.4,130,60,154,27,12.570489883422852,2.8977391719818115,0.2
2026-07-10T22:36:38+00:00,,,4435.0,1.7,393.4,130,60,151,27,12.667359352111816,2.9105513095855713,0.2
2026-07-10T22:36:39+00:00,37.45076498016715,126.92884826101363,4438.0,1.7,393.6,130,60,148,27,12.840048789978027,2.916260004043579,0.2
2026-07-10T22:36:40+00:00,,,4438.0,1.7,393.6,130,60,145,27,12.937295913696289,2.929185152053833,0.2
2026-07-10T22:36:41+00:00,37.4507899582386,126.92886997014284,4442.0,1.68,393.6,130,60,142,27,13.112719535827637,2.9351556301116943,0.22
2026-07-10T22:36:42+00:00,,,4442.0,1.68,393.79999999999995,130,60,139,27,12.789629936218262,2.892361640930176,0.2
2026-07-10T22:36:43+00:00,37.45080999098718,126.92889327183366,4445.0,1.68,393.79999999999995,129,60,136,27,12.465243339538574,2.849947690963745,0.2
2026-07-10T22:36:44+00:00,,,4445.0,1.68,393.79999999999995,130,60,134,27,12.14215087890625,2.808257818222046,0.2
2026-07-10T22:36:45+00:00,37.45082499459386,126.92891833372414,4448.0,1.68,394.0,129,60,133,27,11.888531684875488,2.759399652481079,0.18
2026-07-10T22:36:46+00:00,,,4448.0,1.68,394.0,128,60,131,27,11.563179969787598,2.7186713218688965,0.18
2026-07-10T22:36:47+00:00,37.450848296284676,126.92893995903432,4451.0,1.66,394.0,128,60,130,27,11.373055458068848,2.662858247756958,0.18
2026-07-10T22:36:48+00:00,,,4451.0,1.66,394.0,128,60,126,27,11.044419288635254,2.623120069503784,0.18
2026-07-10T22:36:49+00:00,37.45087000541389,126.92895328626037,4454.0,1.66,393.79999999999995,128,60,123,27,10.714136123657227,2.583770751953125,0.16
2026-07-10T22:36:50+00:00,,,4454.0,1.66,393.79999999999995,128,60,119,27,10.100035667419434,2.512190580368042,0.16
2026-07-10T22:36:51+00:00,37.45088333263993,126.92897172644734,4457.0,1.62,393.79999999999995,128,60,116,27,9.659722328186035,2.4173810482025146,0.14
2026-07-10T22:36:52+00:00,,,4457.0,1.62,393.79999999999995,127,60,112,27,9.034875869750977,2.349479913711548,0.14
2026-07-10T22:36:53+00:00,37.450891714543104,126.92899502813816,4459.0,1.58,393.79999999999995,127,60,111,27,8.67527961730957,2.2400436401367188,0.12
2026-07-10T22:36:54+00:00,,,4459.0,1.58,393.6,128,60,105,27,8.030533790588379,2.175598382949829,0.12
2026-07-10T22:36:55+00:00,37.45089498348534,126.92902168259025,4461.0,1.54,393.4,128,60,101,27,7.575564861297607,2.077183961868286,0.1
2026-07-10T22:36:56+00:00,,,4461.0,1.54,393.4,127,60,95,27,6.9146246910095215,2.0167226791381836,0.1
2026-07-10T22:36:57+00:00,37.45090168900788,126.92904330790043,4463.0,1.52,393.20000000000005,128,60,93,27,6.333829402923584,1.9398566484451294,0.08
2026-07-10T22:36:58+00:00,,,4463.0,1.52,393.20000000000005,127,58,90,27,5.669703960418701,1.8843419551849365,0.08
2026-07-10T22:36:59+00:00,37.45091166347265,126.92906996235251,4466.0,1.48,393.0,126,57,90,27,5.138366222381592,1.7928721904754639,0.06
2026-07-10T22:37:00+00:00,,,4466.0,1.48,393.0,125,57,87,27,4.456852912902832,1.7417834997177124,0.06
2026-07-10T22:37:01+00:00,,,4468.0,1.46,393.20000000000005,125,57,88,27,3.823948860168457,1.6734950542449951,0.04
2026-07-10T22:37:02+00:00,,,4468.0,1.46,393.20000000000005,125,57,87,27,3.132342576980591,1.6272166967391968,0.04
2026-07-10T22:37:03+00:00,,,4468.0,0.36,393.20000000000005,124,57,90,27,9.82516098022461,0.5412706732749939,0.02
2026-07-10T22:37:04+00:00,,,4468.0,0.36,393.20000000000005,123,57,19,27,7.033941268920898,0.4770500957965851,0.02
2026-07-10T22:37:05+00:00,,,4468.0,0.0,393.4,121,57,21,27,7.033941268920898,0.0,0.0
2026-07-10T22:37:06+00:00,,,4468.0,0.0,393.4,121,57,0,27,7.033941268920898,0.0,0.0
2026-07-10T22:37:07+00:00,,,4468.0,0.0,393.4,121,57,0,28,7.033941268920898,0.0,0.0
2026-07-10T22:37:08+00:00,,,4468.0,0.0,393.6,120,57,0,28,7.033941268920898,0.0,0.0
2026-07-10T22:37:09+00:00,,,4468.0,0.0,393.6,120,57,0,28,7.033941268920898,0.0,0.0
2026-07-10T22:37:10+00:00,,,4468.0,0.0,393.79999999999995,119,51,0,28,7.033941268920898,0.0,0.0
2026-07-10T22:37:11+00:00,,,4468.0,0.0,393.79999999999995,119,51,0,28,7.033941268920898,0.0,0.0
2026-07-10T22:37:12+00:00,,,4468.0,0.0,393.79999999999995,118,51,0,28,7.033941268920898,0.0,0.0
2026-07-10T22:37:13+00:00,,,4468.0,0.0,393.79999999999995,117,51,0,28,7.033941268920898,0.0,0.0
2026-07-10T22:37:14+00:00,,,4468.0,0.0,394.0,117,51,0,28,7.033941268920898,0.0,0.0
2026-07-10T22:37:15+00:00,,,4468.0,0.0,394.0,117,0,0,28,7.033941268920898,0.0,0.0
2026-07-10T22:37:16+00:00,,,4468.0,0.0,394.0,116,0,0,28,7.033941268920898,0.0,0.0
2026-07-10T22:37:17+00:00,,,4468.0,0.0,394.0,116,51,0,28,7.033941268920898,0.0,0.0
2026-07-10T22:37:18+00:00,,,4468.0,0.0,394.0,116,51,0,28,7.033941268920898,0.0,0.0
2026-07-10T22:37:19+00:00,,,4468.0,0.0,394.0,115,0,0,28,7.033941268920898,0.0,0.0
2026-07-10T22:37:20+00:00,,,4468.0,0.0,393.79999999999995,115,0,0,28,7.033941268920898,0.0,0.0
2026-07-10T22:37:21+00:00,,,4468.0,0.0,393.79999999999995,115,0,0,28,7.033941268920898,0.0,0.0
2026-07-10T22:37:22+00:00,,,4468.0,0.0,393.79999999999995,114,0,0,28,7.033941268920898,0.0,0.0
2026-07-10T22:37:23+00:00,,,4468.0,0.0,394.0,114,0,0,28,7.033941268920898,0.0,0.0
2026-07-10T22:37:24+00:00,,,4468.0,0.0,394.0,114,0,0,28,7.033941268920898,0.0,0.0
2026-07-10T22:37:25+00:00,,,4468.0,0.0,394.0,113,0,0,28,7.033941268920898,0.0,0.0
2026-07-10T22:37:26+00:00,,,4468.0,0.0,394.0,112,0,0,28,7.033941268920898,0.0,0.0
2026-07-10T22:37:27+00:00,,,4468.0,0.0,393.79999999999995,111,0,0,28,7.033941268920898,0.0,0.0
2026-07-10T22:37:28+00:00,37.450916692614555,126.929095024243,4468.0,0.0,393.6,111,0,0,28,7.033941268920898,0.0,0.0
2026-07-10T22:37:29+00:00,,,4468.0,0.0,393.6,110,53,0,28,7.033941268920898,0.0,0.02
2026-07-10T22:37:30+00:00,37.45093169622123,126.92911832593381,4470.0,0.0,393.6,110,53,0,28,7.033941268920898,0.0,0.02
2026-07-10T22:37:31+00:00,,,4470.0,1.42,393.6,110,53,0,28,1.321264386177063,1.486836314201355,0.0
2026-07-10T22:37:32+00:00,,,4473.0,1.42,393.79999999999995,110,52,92,28,1.2075365781784058,1.480716586112976,0.0
2026-07-10T22:37:33+00:00,,,4473.0,1.04,393.79999999999995,110,52,93,28,1.508595585823059,1.0859006643295288,0.0
2026-07-10T22:37:34+00:00,,,4473.0,1.04,393.79999999999995,110,58,67,28,1.352118968963623,1.0796928405761719,0.0
2026-07-10T22:37:35+00:00,37.45095172896981,126.9291066750884,4473.0,0.7,394.0,109,58,67,28,1.7847992181777954,0.7349432706832886,0.0
2026-07-10T22:37:36+00:00,,,4473.0,0.7,394.20000000000005,109,58,48,29,1.5512181520462036,0.728591799736023,0.0
2026-07-10T22:37:37+00:00,,,4475.0,0.82,394.4,111,58,58,28,1.1224315166473389,0.8420476317405701,0.0
2026-07-10T22:37:38+00:00,,,4475.0,0.82,394.6,112,58,77,28,1.3318593502044678,0.8484521508216858,0.0
2026-07-10T22:37:39+00:00,,,4475.0,0.42,394.79999999999995,111,58,89,29,2.973292350769043,0.46835416555404663,0.0
2026-07-10T22:37:40+00:00,,,4475.0,0.42,395.0,112,58,75,29,3.377593755722046,0.4760001599788666,0.0
2026-07-10T22:37:41+00:00,,,4475.0,0.0,395.0,111,0,78,29,3.377593755722046,0.0,0.0
2026-07-10T22:37:42+00:00,,,4475.0,0.0,395.0,111,56,0,29,3.377593755722046,0.0,0.0
2026-07-10T22:37:43+00:00,,,4475.0,0.0,395.20000000000005,112,56,0,29,3.377593755722046,0.0,0.0
2026-07-10T22:37:44+00:00,,,4475.0,0.0,395.20000000000005,112,0,0,29,3.377593755722046,0.0,0.02
2026-07-10T22:37:45+00:00,,,4475.0,0.0,395.4,112,0,0,29,3.377593755722046,0.0,0.02
2026-07-10T22:37:46+00:00,,,4475.0,0.0,395.6,112,0,0,29,3.377593755722046,0.0,0.02
2026-07-10T22:37:47+00:00,,,4475.0,0.0,395.79999999999995,112,0,0,29,3.377593755722046,0.0,0.02
2026-07-10T22:37:48+00:00,,,4475.0,0.0,396.0,111,0,0,28,3.377593755722046,0.0,0.02
2026-07-10T22:37:49+00:00,,,4475.0,0.0,396.0,110,0,0,28,3.377593755722046,0.0,0.04
2026-07-10T22:37:50+00:00,,,4475.0,0.0,396.20000000000005,110,0,0,29,3.377593755722046,0.0,0.04
2026-07-10T22:37:51+00:00,,,4475.0,0.0,396.20000000000005,109,0,0,28,3.377593755722046,0.0,0.04
2026-07-10T22:37:52+00:00,,,4475.0,0.0,396.20000000000005,108,0,0,29,3.377593755722046,0.0,0.06
2026-07-10T22:37:53+00:00,,,4475.0,0.0,396.20000000000005,109,0,0,28,3.377593755722046,0.0,0.06
2026-07-10T22:37:54+00:00,,,4475.0,0.0,396.0,108,0,0,28,3.377593755722046,0.0,0.06
2026-07-10T22:37:55+00:00,,,4475.0,0.0,396.0,108,0,0,28,3.377593755722046,0.0,0.06
2026-07-10T22:37:56+00:00,,,4475.0,0.0,396.20000000000005,108,0,0,28,3.377593755722046,0.0,0.08
2026-07-10T22:37:57+00:00,,,4475.0,0.0,396.20000000000005,108,0,0,28,3.377593755722046,0.0,0.08
2026-07-10T22:37:58+00:00,,,4475.0,0.0,396.4,107,0,0,28,3.377593755722046,0.0,0.08
2026-07-10T22:37:59+00:00,,,4475.0,0.0,396.4,107,0,0,28,3.377593755722046,0.0,0.08
2026-07-10T22:38:00+00:00,,,4475.0,0.0,396.20000000000005,107,0,0,28,3.377593755722046,0.0,0.1
2026-07-10T22:38:01+00:00,,,4475.0,0.0,396.0,107,0,0,28,3.377593755722046,0.0,0.1
2026-07-10T22:38:02+00:00,,,4475.0,0.0,396.0,106,0,0,28,3.377593755722046,0.0,0.1
2026-07-10T22:38:03+00:00,,,4475.0,0.0,396.0,106,0,0,28,3.377593755722046,0.0,0.08
2026-07-10T22:38:04+00:00,,,4475.0,0.0,396.0,107,0,0,28,3.377593755722046,0.0,0.08
2026-07-10T22:38:05+00:00,,,4475.0,0.0,396.20000000000005,107,0,0,28,3.377593755722046,0.0,0.08
2026-07-10T22:38:06+00:00,,,4475.0,0.0,396.20000000000005,107,0,0,28,3.377593755722046,0.0,0.08
2026-07-10T22:38:07+00:00,,,4475.0,0.0,396.20000000000005,107,0,0,28,3.377593755722046,0.0,0.06
2026-07-10T22:38:08+00:00,,,4475.0,0.0,396.4,106,0,0,28,3.377593755722046,0.0,0.06
2026-07-10T22:38:09+00:00,,,4475.0,0.0,396.4,106,0,0,28,3.377593755722046,0.0,0.06
2026-07-10T22:38:10+00:00,,,4475.0,0.0,396.20000000000005,106,0,0,28,3.377593755722046,0.0,0.06
2026-07-10T22:38:11+00:00,,,4475.0,0.0,396.20000000000005,106,0,0,28,3.377593755722046,0.0,0.06
2026-07-10T22:38:12+00:00,,,4475.0,0.0,396.0,107,0,0,28,3.377593755722046,0.0,0.04
2026-07-10T22:38:13+00:00,,,4475.0,0.0,396.0,106,0,0,28,3.377593755722046,0.0,0.04
2026-07-10T22:38:14+00:00,,,4475.0,0.0,396.0,106,0,0,28,3.377593755722046,0.0,0.04
2026-07-10T22:38:15+00:00,,,4475.0,0.0,396.20000000000005,106,0,0,28,3.377593755722046,0.0,0.04
2026-07-10T22:38:16+00:00,,,4475.0,0.0,396.20000000000005,105,0,0,28,3.377593755722046,0.0,0.04
2026-07-10T22:38:17+00:00,,,4475.0,0.0,396.20000000000005,105,0,0,28,3.377593755722046,0.0,0.02
2026-07-10T22:38:18+00:00,,,4475.0,0.0,396.20000000000005,105,0,0,28,3.377593755722046,0.0,0.02
2026-07-10T22:38:19+00:00,,,4475.0,0.0,396.4,105,0,0,28,3.377593755722046,0.0,0.02
2026-07-10T22:38:20+00:00,,,4475.0,0.0,396.4,105,0,0,29,3.377593755722046,0.0,0.02
2026-07-10T22:38:21+00:00,,,4475.0,0.0,396.4,105,0,0,29,3.377593755722046,0.0,0.02
2026-07-10T22:38:22+00:00,,,4475.0,0.0,396.4,105,0,0,29,3.377593755722046,0.0,0.0
2026-07-10T22:38:23+00:00,,,4475.0,0.0,396.4,105,0,0,29,3.377593755722046,0.0,0.0
2026-07-10T22:38:24+00:00,,,4475.0,0.0,396.6,105,0,0,29,3.377593755722046,0.0,0.0
2026-07-10T22:38:25+00:00,,,4475.0,0.0,396.6,105,0,0,29,3.377593755722046,0.0,0.0
2026-07-10T22:38:26+00:00,,,4475.0,0.0,396.4,104,0,0,29,3.377593755722046,0.0,0.0
2026-07-10T22:38:27+00:00,,,4475.0,0.0,396.4,103,0,0,29,3.377593755722046,0.0,0.0
2026-07-10T22:38:28+00:00,,,4475.0,0.0,396.4,102,0,0,29,3.377593755722046,0.0,0.0
2026-07-10T22:38:29+00:00,,,4475.0,0.0,396.4,102,0,0,29,3.377593755722046,0.0,0.0
2026-07-10T22:38:30+00:00,,,4475.0,0.0,396.4,102,0,0,29,3.377593755722046,0.0,0.0
2026-07-10T22:38:31+00:00,,,4475.0,0.0,396.4,101,0,0,29,3.377593755722046,0.0,0.0
2026-07-10T22:38:32+00:00,,,4475.0,0.0,396.4,102,0,0,29,3.377593755722046,0.0,0.0
2026-07-10T22:38:33+00:00,,,4475.0,0.0,396.20000000000005,102,0,0,29,3.377593755722046,0.0,0.0
2026-07-10T22:38:34+00:00,,,4475.0,0.0,396.0,103,0,0,29,3.377593755722046,0.0,0.0
2026-07-10T22:38:35+00:00,37.450956674292684,126.92908328957856,4475.0,0.0,395.79999999999995,103,39,0,29,3.377593755722046,0.0,0.0
2026-07-10T22:38:36+00:00,,,4475.0,0.0,395.79999999999995,103,64,0,29,3.377593755722046,0.0,0.0
2026-07-10T22:38:37+00:00,,,4478.0,0.52,395.6,103,64,0,29,1.2666248083114624,0.5329455137252808,0.0
2026-07-10T22:38:38+00:00,,,4478.0,0.52,395.4,104,64,26,29,0.6603727340698242,0.5215786099433899,0.0
2026-07-10T22:38:39+00:00,,,4478.0,0.4,395.4,104,65,26,29,0.06759189814329147,0.39087679982185364,0.0
2026-07-10T22:38:40+00:00,,,4478.0,0.4,395.20000000000005,103,68,22,29,-0.7267898321151733,0.3809971511363983,0.0
2026-07-10T22:38:41+00:00,,,4478.0,0.0,395.20000000000005,103,69,23,29,-0.7267898321151733,0.0,0.0
2026-07-10T22:38:42+00:00,,,4478.0,0.0,395.20000000000005,104,71,0,29,-0.7267898321151733,0.0,0.0
2026-07-10T22:38:43+00:00,37.450936725363135,126.92907172255218,4478.0,0.0,395.0,104,74,0,29,-0.7267898321151733,0.0,0.0
2026-07-10T22:38:44+00:00,,,4478.0,0.0,395.0,105,78,0,29,-0.7267898321151733,0.0,0.0
2026-07-10T22:38:45+00:00,37.450908310711384,126.92906334064901,4480.0,0.62,394.79999999999995,106,82,0,29,-3.9180049896240234,0.5575028657913208,-0.02
2026-07-10T22:38:46+00:00,,,4480.0,0.62,394.4,108,82,32,29,-4.655575275421143,0.549759030342102,-0.02
2026-07-10T22:38:47+00:00,37.450891714543104,126.92902671173215,4483.0,1.2,394.0,108,82,33,29,-2.8118014335632324,1.0969150066375732,-0.02
2026-07-10T22:38:48+00:00,37.4508866854012,126.92899997346103,4483.0,1.2,393.79999999999995,109,55,63,29,-3.196467399597168,1.0869477987289429,-0.02
2026-07-10T22:38:49+00:00,37.45088500902057,126.92897331900895,4487.0,1.56,393.6,109,64,63,29,-2.7502737045288086,1.430911660194397,-0.04
2026-07-10T22:38:50+00:00,37.450879979878664,126.9289483409375,4489.0,1.56,393.4,111,79,84,29,-3.368574380874634,1.410244345664978,-0.04
2026-07-10T22:38:51+00:00,,,4492.0,1.96,393.4,111,79,83,29,-3.1705315113067627,1.7821998596191406,-0.06
2026-07-10T22:38:52+00:00,37.45086170732975,126.92891498096287,4494.0,1.96,393.4,111,79,108,29,-3.6629862785339355,1.7627875804901123,-0.06
2026-07-10T22:38:53+00:00,,,4494.0,2.02,393.4,113,80,108,29,-4.010965347290039,1.8129723072052002,-0.08
2026-07-10T22:38:54+00:00,37.45085332542658,126.92888832651079,4498.0,2.02,393.6,113,80,114,29,-4.486354827880859,1.7965731620788574,-0.08
2026-07-10T22:38:55+00:00,,,4498.0,1.78,393.79999999999995,113,80,118,29,-5.662012577056885,1.5451444387435913,-0.1
2026-07-10T22:38:56+00:00,37.450848296284676,126.92885169759393,4500.0,1.78,394.0,112,78,110,29,-6.20563268661499,1.5347943305969238,-0.1
2026-07-10T22:38:57+00:00,,,4500.0,1.72,394.0,111,76,119,29,-6.944892883300781,1.480798363685608,-0.1
2026-07-10T22:38:58+00:00,37.45085332542658,126.92881003953516,4503.0,1.72,394.20000000000005,111,72,123,29,-6.713164806365967,1.4837580919265747,-0.1
2026-07-10T22:38:59+00:00,,,4503.0,1.74,394.4,112,66,132,29,-6.406937599182129,1.5054997205734253,-0.1
2026-07-10T22:39:00+00:00,37.45086673647165,126.92877667956054,4507.0,1.74,394.4,112,64,141,29,-6.177643775939941,1.5092579126358032,-0.1
2026-07-10T22:39:01+00:00,,,4507.0,1.74,394.6,112,62,145,29,-5.949037551879883,1.5133442878723145,-0.1
2026-07-10T22:39:02+00:00,37.45088174007833,126.92875002510846,4510.0,1.74,394.6,113,62,149,29,-5.719743728637695,1.5177838802337646,-0.08
2026-07-10T22:39:03+00:00,,,4510.0,1.74,394.6,114,62,151,29,-5.522647857666016,1.5131269693374634,-0.08
2026-07-10T22:39:04+00:00,37.45090168900788,126.92872496321797,4513.0,1.74,394.6,114,62,144,29,-5.2917985916137695,1.5182090997695923,-0.08
2026-07-10T22:39:05+00:00,,,4513.0,1.7,394.6,113,62,140,29,-5.150963306427002,1.4950952529907227,-0.08
2026-07-10T22:39:06+00:00,37.45091333985329,126.92870166152716,4516.0,1.7,394.6,113,62,135,29,-4.6694655418396,1.5070372819900513,-0.06
2026-07-10T22:39:07+00:00,,,4516.0,1.66,394.79999999999995,114,62,132,29,-4.3158674240112305,1.4721403121948242,-0.06
2026-07-10T22:39:08+00:00,37.45093169622123,126.92867333069444,4519.0,1.66,394.79999999999995,114,62,126,29,-3.819284200668335,1.486691951751709,-0.06
2026-07-10T22:39:09+00:00,,,4519.0,1.64,394.79999999999995,113,62,125,29,-3.344954490661621,1.4929213523864746,-0.04
2026-07-10T22:39:10+00:00,37.45095172896981,126.92863997071981,4522.0,1.64,394.79999999999995,111,62,123,29,-2.8458411693573,1.5104621648788452,-0.04
2026-07-10T22:39:11+00:00,,,4522.0,1.64,394.79999999999995,111,58,118,29,-2.3477249145507812,1.5295079946517944,-0.02
2026-07-10T22:39:12+00:00,37.45096832513809,126.9286182615906,4526.0,1.64,394.6,111,59,115,29,-1.8481132984161377,1.5501573085784912,-0.02
2026-07-10T22:39:13+00:00,,,4526.0,1.66,394.6,111,59,116,29,-1.3423110246658325,1.582229733467102,-0.02
2026-07-10T22:39:14+00:00,37.45098827406764,126.92859328351915,4528.0,1.66,394.6,112,61,115,29,-0.8506401777267456,1.6057487726211548,0.0
2026-07-10T22:39:15+00:00,,,4528.0,1.62,394.6,111,62,112,29,-0.3671160936355591,1.6007063388824463,0.0
2026-07-10T22:39:16+00:00,37.45098668150604,126.92855330184102,4532.0,1.62,394.4,111,63,108,29,0.1331600397825241,1.6272019147872925,0.0
2026-07-10T22:39:17+00:00,,,4532.0,1.64,394.4,112,69,105,29,0.6285567283630371,1.6651618480682373,0.0
2026-07-10T22:39:18+00:00,,,4535.0,1.64,394.20000000000005,112,72,103,29,1.1252670288085938,1.6946635246276855,0.0
2026-07-10T22:39:19+00:00,37.450996739789844,126.92852832376957,4535.0,1.6,394.0,112,76,100,29,1.6523892879486084,1.6958272457122803,0.02
2026-07-10T22:39:20+00:00,,,4535.0,1.6,393.79999999999995,112,76,95,29,2.157907009124756,1.7284197807312012,0.02
2026-07-10T22:39:21+00:00,37.45100671425462,126.92850829102099,4538.0,1.5,393.6,112,77,93,28,2.8415257930755615,1.6639903783798218,0.04
2026-07-10T22:39:22+00:00,,,4538.0,1.5,393.4,113,79,84,28,2.2886171340942383,1.628527283668518,0.02
2026-07-10T22:39:23+00:00,,,4540.0,1.46,393.20000000000005,113,79,82,28,1.7804133892059326,1.5548423528671265,0.02
2026-07-10T22:39:24+00:00,,,4540.0,1.46,393.0,114,73,79,28,1.2117868661880493,1.5226608514785767,0.0
2026-07-10T22:39:25+00:00,37.45102498680353,126.9284866657108,4540.0,1.4,392.79999999999995,116,73,78,28,0.6695360541343689,1.4322415590286255,0.0
2026-07-10T22:39:26+00:00,,,4540.0,1.4,392.6,117,69,74,28,0.07475744932889938,1.4034825563430786,0.0
2026-07-10T22:39:27+00:00,,,4542.0,1.3,392.4,116,67,74,28,-0.5600228905677795,1.2766469717025757,0.0
2026-07-10T22:39:28+00:00,,,4542.0,1.3,392.20000000000005,116,67,68,28,-1.198634386062622,1.2518972158432007,0.0
2026-07-10T22:39:29+00:00,,,4542.0,0.4,392.20000000000005,115,67,68,28,-5.9814453125,0.34775733947753906,-0.02
2026-07-10T22:39:30+00:00,,,4542.0,0.4,392.20000000000005,114,67,26,28,-8.431236267089844,0.34184157848358154,-0.02
2026-07-10T22:39:31+00:00,,,4542.0,0.38,392.20000000000005,114,63,24,28,-11.765920639038086,0.3217241168022156,-0.04
2026-07-10T22:39:32+00:00,,,4542.0,0.38,392.20000000000005,113,60,21,28,-14.411694526672363,0.33632364869117737,-0.04
2026-07-10T22:39:33+00:00,,,4542.0,0.0,392.20000000000005,113,58,20,28,-14.411694526672363,0.0,-0.06
2026-07-10T22:39:34+00:00,,,4542.0,0.0,392.20000000000005,113,57,0,28,-14.411694526672363,0.0,-0.06
2026-07-10T22:39:35+00:00,,,4542.0,0.0,392.20000000000005,113,57,0,28,-14.411694526672363,0.0,-0.08
2026-07-10T22:39:36+00:00,,,4542.0,0.0,392.20000000000005,112,57,0,28,-14.411694526672363,0.0,-0.08
2026-07-10T22:39:37+00:00,,,4542.0,0.0,392.20000000000005,111,57,0,28,-14.411694526672363,0.0,-0.1
2026-07-10T22:39:38+00:00,,,4542.0,0.0,392.20000000000005,111,57,0,28,-14.411694526672363,0.0,-0.1
2026-07-10T22:39:39+00:00,,,4542.0,0.0,392.20000000000005,109,57,0,28,-14.411694526672363,0.0,-0.1
2026-07-10T22:39:40+00:00,,,4542.0,0.0,392.20000000000005,109,55,0,28,-14.411694526672363,0.0,-0.1
2026-07-10T22:39:41+00:00,,,4542.0,0.0,392.0,108,0,0,28,-14.411694526672363,0.0,-0.1
2026-07-10T22:39:42+00:00,,,4542.0,0.0,392.20000000000005,107,0,0,28,-14.411694526672363,0.0,-0.1
2026-07-10T22:39:43+00:00,,,4542.0,0.0,392.20000000000005,108,0,0,28,-14.411694526672363,0.0,-0.1
2026-07-10T22:39:44+00:00,,,4542.0,0.0,392.20000000000005,107,0,0,28,-14.411694526672363,0.0,-0.1
2026-07-10T22:39:45+00:00,37.451043259352446,126.92848172038794,4542.0,0.0,392.20000000000005,107,50,0,28,-14.411694526672363,0.0,-0.1
2026-07-10T22:39:46+00:00,,,4542.0,0.0,392.20000000000005,106,50,0,28,-14.411694526672363,0.0,-0.08
2026-07-10T22:39:47+00:00,37.45106999762356,126.92846328020096,4545.0,1.0,392.20000000000005,106,50,0,28,-9.235992431640625,0.8460069894790649,-0.08
2026-07-10T22:39:48+00:00,37.451086677610874,126.92845330573618,4545.0,1.0,392.20000000000005,106,50,70,28,-8.576085090637207,0.8458766341209412,-0.08
2026-07-10T22:39:49+00:00,,,4548.0,1.44,392.20000000000005,107,50,68,28,-5.440098762512207,1.2609611749649048,-0.06
2026-07-10T22:39:50+00:00,37.45110830292106,126.92844668403268,4550.0,1.44,392.0,108,54,98,28,-4.985957145690918,1.2697590589523315,-0.06
2026-07-10T22:39:51+00:00,,,4550.0,1.6,391.79999999999995,108,54,97,28,-4.104698181152344,1.4243903160095215,-0.06
2026-07-10T22:39:52+00:00,,,4552.0,1.6,391.79999999999995,106,53,104,28,-3.6921651363372803,1.436457633972168,-0.04
2026-07-10T22:39:53+00:00,37.45109003037214,126.92845171317458,4552.0,1.28,391.79999999999995,106,53,101,28,-4.108058452606201,1.1376453638076782,-0.04
2026-07-10T22:39:54+00:00,,,4552.0,1.28,391.6,105,52,77,28,-3.7871885299682617,1.145066738128662,-0.04
2026-07-10T22:39:55+00:00,37.45106999762356,126.92845833487809,4555.0,1.24,391.6,106,57,77,28,-3.5491952896118164,1.1237035989761353,-0.04
2026-07-10T22:39:56+00:00,,,4555.0,1.24,391.6,106,59,73,28,-3.221547842025757,1.1319648027420044,-0.02
2026-07-10T22:39:57+00:00,37.45104501955211,126.92846168763936,4557.0,1.22,391.79999999999995,107,59,73,28,-2.939671277999878,1.1210957765579224,-0.02
2026-07-10T22:39:58+00:00,,,4557.0,1.22,391.79999999999995,106,59,74,28,-2.606318950653076,1.1303064823150635,-0.02
2026-07-10T22:39:59+00:00,37.45101501233876,126.92845330573618,4560.0,1.26,392.0,107,59,79,28,-2.217111349105835,1.1697841882705688,-0.02
2026-07-10T22:40:00+00:00,,,4560.0,1.26,392.20000000000005,107,59,92,28,-1.8917590379714966,1.1801003217697144,-0.02
2026-07-10T22:40:01+00:00,37.45098173618317,126.92843000404537,4563.0,1.4,392.20000000000005,108,58,92,28,-1.4080533981323242,1.3303558826446533,0.0
2026-07-10T22:40:02+00:00,37.45096002705395,126.92843000404537,4563.0,1.4,392.0,108,66,103,28,-1.2444041967391968,1.3367527723312378,0.0
2026-07-10T22:40:03+00:00,,,4567.0,1.74,391.79999999999995,108,74,99,28,-0.8676934838294983,1.6827216148376465,0.0
2026-07-10T22:40:04+00:00,,,4570.0,1.74,391.6,108,74,121,28,-0.736206591129303,1.6895695924758911,0.0
2026-07-10T22:40:05+00:00,37.450958266854286,126.92840670235455,4570.0,1.76,391.4,109,74,117,28,-0.5941529870033264,1.7265242338180542,0.0
2026-07-10T22:40:06+00:00,,,4570.0,1.76,391.20000000000005,110,74,116,28,-0.4647778570652008,1.7336136102676392,0.0
2026-07-10T22:40:07+00:00,37.45097167789936,126.92837996408343,4572.0,1.56,391.0,111,74,111,28,-0.38025614619255066,1.5308938026428223,0.0
2026-07-10T22:40:08+00:00,,,4572.0,1.56,390.79999999999995,112,68,91,28,-0.23349981009960175,1.5381673574447632,0.0
2026-07-10T22:40:09+00:00,,,4575.0,1.52,390.6,113,67,87,28,-0.08858855813741684,1.5055900812149048,0.0
2026-07-10T22:40:10+00:00,37.450976707041264,126.92834828048944,4575.0,1.52,390.4,114,67,81,28,-0.6572011113166809,1.4783499240875244,0.0
2026-07-10T22:40:11+00:00,,,4575.0,1.38,390.0,114,59,80,28,-1.3431590795516968,1.3232866525650024,0.0
2026-07-10T22:40:12+00:00,,,4577.0,1.38,389.79999999999995,113,59,72,28,-1.9672069549560547,1.3001405000686646,-0.02
2026-07-10T22:40:13+00:00,,,4577.0,1.28,389.4,112,57,72,28,-2.8143389225006104,1.1705845594406128,-0.02
2026-07-10T22:40:14+00:00,37.45096329599619,126.928323302418,4577.0,1.28,389.20000000000005,112,57,66,28,-3.4910833835601807,1.152353048324585,-0.04
2026-07-10T22:40:15+00:00,,,4577.0,0.68,389.0,112,57,66,28,-7.786561012268066,0.5823177695274353,-0.04
2026-07-10T22:40:16+00:00,37.450933288782835,126.92834501154721,4580.0,0.68,388.79999999999995,111,57,42,28,-9.053010940551758,0.5809631943702698,-0.06
2026-07-10T22:40:17+00:00,,,4580.0,1.68,388.6,109,57,42,28,-4.201420783996582,1.4932410717010498,-0.06
2026-07-10T22:40:18+00:00,37.45091166347265,126.92836001515388,4584.0,1.68,388.4,110,54,88,28,-4.65791654586792,1.4807417392730713,-0.06
2026-07-10T22:40:19+00:00,,,4584.0,1.78,388.4,113,51,88,28,-4.824172496795654,1.564928650856018,-0.08
2026-07-10T22:40:20+00:00,,,4587.0,1.78,388.4,113,51,95,28,-5.254446983337402,1.5541867017745972,-0.08
2026-07-10T22:40:21+00:00,,,4587.0,1.52,388.20000000000005,110,51,96,28,-6.618206977844238,1.312387228012085,-0.1
2026-07-10T22:40:22+00:00,37.45089498348534,126.92834828048944,4587.0,1.52,388.20000000000005,111,51,82,28,-7.11875057220459,1.3068487644195557,-0.1
2026-07-10T22:40:23+00:00,,,4587.0,1.16,388.20000000000005,111,51,85,28,-9.98455810546875,0.9936646223068237,-0.1
2026-07-10T22:40:24+00:00,,,4589.0,1.16,388.20000000000005,110,49,64,28,-10.641098022460938,0.997671902179718,-0.12
2026-07-10T22:40:25+00:00,37.45089498348534,126.92832170985639,4589.0,1.02,388.20000000000005,111,49,67,28,-12.973244667053223,0.893425703048706,-0.12
2026-07-10T22:40:26+00:00,,,4589.0,1.02,388.20000000000005,113,49,59,28,-13.36231517791748,0.8993992209434509,-0.12
2026-07-10T22:40:27+00:00,,,4591.0,0.96,388.20000000000005,113,49,61,28,-14.621135711669922,0.8674550652503967,-0.12
2026-07-10T22:40:28+00:00,,,4591.0,0.96,388.20000000000005,111,49,58,28,-15.033538818359375,0.8755757808685303,-0.14
2026-07-10T22:40:29+00:00,,,4591.0,0.84,388.20000000000005,109,49,60,28,-17.680509567260742,0.8212246298789978,-0.14
2026-07-10T22:40:30+00:00,37.45092331431806,126.92831500433385,4591.0,0.84,388.20000000000005,107,49,53,28,-18.15395736694336,0.8331747651100159,-0.14
2026-07-10T22:40:31+00:00,,,4591.0,0.8,388.20000000000005,106,49,55,28,-19.325931549072266,0.8338431119918823,-0.14
2026-07-10T22:40:32+00:00,,,4594.0,0.8,388.20000000000005,107,49,54,28,-19.818115234375,0.8477110862731934,-0.14
2026-07-10T22:40:33+00:00,,,4594.0,0.86,388.20000000000005,105,49,54,28,-19.113727569580078,0.8797855973243713,-0.16
2026-07-10T22:40:34+00:00,37.450945023447275,126.92831173539162,4594.0,0.86,388.20000000000005,105,49,58,28,-18.17003059387207,0.8536767363548279,-0.14
2026-07-10T22:40:35+00:00,,,4594.0,0.8,388.20000000000005,105,47,58,28,-18.29996681213379,0.8067200183868408,-0.14
2026-07-10T22:40:36+00:00,37.450970001518726,126.92830829881132,4597.0,0.8,388.20000000000005,105,47,57,28,-17.2952823638916,0.7825683355331421,-0.12
2026-07-10T22:40:37+00:00,,,4597.0,0.82,388.20000000000005,105,47,59,28,-15.896201133728027,0.7718826532363892,-0.12
2026-07-10T22:40:38+00:00,37.451001685112715,126.92830167710781,4600.0,0.82,388.4,104,49,59,28,-14.91601848602295,0.7537163496017456,-0.12
2026-07-10T22:40:39+00:00,37.4510233104229,126.92829329520464,4600.0,0.92,388.4,104,49,60,28,-12.559331893920898,0.7997568249702454,-0.1
2026-07-10T22:40:40+00:00,37.451046695932746,126.92827326245606,4603.0,0.92,388.4,103,51,67,28,-11.67520809173584,0.7904233336448669,-0.1
2026-07-10T22:40:41+00:00,37.45106169953942,126.92824828438461,4606.0,1.12,388.4,103,59,65,28,-8.770625114440918,0.9568105936050415,-0.08
2026-07-10T22:40:42+00:00,37.45106832124293,126.92821827717125,4609.0,1.12,388.20000000000005,103,68,79,28,-7.812020778656006,0.9590020179748535,-0.08
2026-07-10T22:40:43+00:00,,,4612.0,1.72,388.20000000000005,104,79,78,28,-4.460814952850342,1.5304683446884155,-0.06
2026-07-10T22:40:44+00:00,37.4510767031461,126.92818332463503,4614.0,1.72,387.79999999999995,103,83,115,28,-3.8366079330444336,1.5492076873779297,-0.06
2026-07-10T22:40:45+00:00,,,4614.0,1.98,387.6,103,83,109,28,-2.8047354221343994,1.816214680671692,-0.04
2026-07-10T22:40:46+00:00,,,4618.0,1.98,387.20000000000005,103,83,120,28,-2.2586510181427,1.8415608406066895,-0.04
2026-07-10T22:40:47+00:00,37.451083324849606,126.92814828827977,4618.0,1.7,387.0,104,83,117,28,-1.9982130527496338,1.5908576250076294,-0.02
2026-07-10T22:40:48+00:00,,,4618.0,1.7,386.79999999999995,105,83,95,28,-1.3622890710830688,1.619640827178955,-0.02
2026-07-10T22:40:49+00:00,,,4621.0,1.48,386.6,105,83,93,28,-0.8336108326911926,1.4313260316848755,0.0
2026-07-10T22:40:50+00:00,37.451081732288,126.92811828106642,4621.0,1.48,386.20000000000005,106,83,78,28,-1.3173182010650635,1.4106556177139282,0.0
2026-07-10T22:40:51+00:00,,,4621.0,1.3,386.0,108,94,77,28,-2.0545432567596436,1.2124722003936768,-0.02
2026-07-10T22:40:52+00:00,,,4623.0,1.3,385.6,110,94,67,28,-2.6079561710357666,1.1951109170913696,-0.02
2026-07-10T22:40:53+00:00,37.45110503397882,126.92810830660164,4623.0,1.24,385.20000000000005,110,91,68,28,-3.2876932621002197,1.1302565336227417,-0.04
2026-07-10T22:40:54+00:00,,,4623.0,1.24,384.79999999999995,110,85,66,28,-3.8628458976745605,1.116266131401062,-0.04
2026-07-10T22:40:55+00:00,37.451135041192174,126.92809833213687,4626.0,1.14,384.6,109,96,66,28,-4.871278762817383,0.9982896447181702,-0.04
2026-07-10T22:40:56+00:00,,,4626.0,1.14,384.4,109,106,62,28,-5.500526428222656,0.9886513948440552,-0.06
2026-07-10T22:40:57+00:00,,,4630.0,1.32,384.0,109,106,62,28,-5.290781497955322,1.1496440172195435,-0.06
2026-07-10T22:40:58+00:00,,,4630.0,1.32,383.79999999999995,111,106,70,28,-6.2828474044799805,1.1349502801895142,-0.08
2026-07-10T22:40:59+00:00,,,4630.0,1.08,383.4,113,106,70,28,-8.910319328308105,0.9140902161598206,-0.08
2026-07-10T22:41:00+00:00,,,4630.0,1.08,383.20000000000005,114,93,61,28,-10.126121520996094,0.9172279238700867,-0.1
2026-07-10T22:41:01+00:00,,,4630.0,0.32,383.0,114,93,60,28,-37.92863082885742,0.6500203013420105,-0.12
2026-07-10T22:41:02+00:00,,,4630.0,0.32,383.0,114,80,21,28,-41.99803924560547,0.7298054695129395,-0.12
2026-07-10T22:41:03+00:00,37.451139986515045,126.92807327024639,4630.0,0.66,382.79999999999995,114,79,21,28,-22.681360244750977,0.7627508044242859,-0.14
2026-07-10T22:41:04+00:00,,,4630.0,0.66,382.79999999999995,116,79,39,28,-24.682758331298828,0.8223299384117126,-0.16
2026-07-10T22:41:05+00:00,,,4632.0,0.78,382.6,117,60,37,28,-22.241806030273438,0.9005962610244751,-0.16
2026-07-10T22:41:06+00:00,37.45111827738583,126.92804996855557,4632.0,0.78,382.4,118,59,42,28,-23.263683319091797,0.9353492856025696,-0.18
2026-07-10T22:41:07+00:00,,,4632.0,0.92,382.20000000000005,118,59,41,28,-20.81971549987793,0.9982613921165466,-0.18
2026-07-10T22:41:08+00:00,37.451103273779154,126.92801996134222,4635.0,0.92,382.20000000000005,118,59,47,28,-21.699125289916992,1.030124545097351,-0.18
2026-07-10T22:41:09+00:00,,,4635.0,1.12,382.0,119,60,48,28,-18.508893966674805,1.1267118453979492,-0.2
2026-07-10T22:41:10+00:00,37.45110000483692,126.92799171432853,4638.0,1.12,382.0,120,64,60,28,-19.22985076904297,1.1532899141311646,-0.2
2026-07-10T22:41:11+00:00,,,4638.0,1.22,381.79999999999995,119,64,60,28,-18.150653839111328,1.224541187286377,-0.22
2026-07-10T22:41:12+00:00,37.45108500123024,126.92797327414155,4641.0,1.22,381.6,119,77,66,28,-18.807266235351562,1.2502347230911255,-0.22
2026-07-10T22:41:13+00:00,,,4641.0,1.22,381.4,120,79,66,28,-19.46256446838379,1.2773979902267456,-0.22
2026-07-10T22:41:14+00:00,37.451066728681326,126.92793672904372,4643.0,1.22,381.20000000000005,119,81,65,28,-19.216188430786133,1.2670093774795532,-0.22
2026-07-10T22:41:15+00:00,37.45106002315879,126.9279099907726,4643.0,1.24,381.0,118,83,65,28,-18.81631851196289,1.260850429534912,-0.22
2026-07-10T22:41:16+00:00,37.45106002315879,126.92788165993989,4647.0,1.24,380.79999999999995,118,85,66,28,-18.57219123840332,1.2510298490524292,-0.22
2026-07-10T22:41:17+00:00,37.45106002315879,126.92785173654556,4647.0,1.44,380.6,118,95,65,28,-15.655844688415527,1.3472671508789062,-0.22
2026-07-10T22:41:18+00:00,37.451054994016886,126.92782172933221,4652.0,1.44,380.4,118,96,78,28,-15.44710922241211,1.3403321504592896,-0.22
2026-07-10T22:41:19+00:00,37.45104166679084,126.92779331468046,4654.0,1.74,380.20000000000005,119,97,77,28,-12.684138298034668,1.5232971906661987,-0.2
2026-07-10T22:41:20+00:00,37.45103169232607,126.92776666022837,4657.0,1.74,379.79999999999995,118,97,93,28,-12.510913848876953,1.5193243026733398,-0.2
2026-07-10T22:41:21+00:00,37.45101668871939,126.92774000577629,4660.0,2.04,379.6,120,97,92,28,-10.462992668151855,1.7523051500320435,-0.2
2026-07-10T22:41:22+00:00,37.45099497959018,126.9277199730277,4663.0,2.04,379.20000000000005,121,97,111,28,-10.311924934387207,1.7506014108657837,-0.2
2026-07-10T22:41:23+00:00,37.45097327046096,126.9277083221823,4665.0,2.3,378.79999999999995,120,93,109,28,-9.012775421142578,1.9649614095687866,-0.2
2026-07-10T22:41:24+00:00,37.45095172896981,126.92769826389849,4668.0,2.3,378.4,120,86,124,28,-8.879054069519043,1.9648553133010864,-0.2
2026-07-10T22:41:25+00:00,37.45093169622123,126.92769172601402,4671.0,2.5,378.0,120,85,123,28,-8.077893257141113,2.1298766136169434,-0.2
2026-07-10T22:41:26+00:00,,,4674.0,2.5,377.6,120,85,133,28,-7.9544997215271,2.130812883377075,-0.18
2026-07-10T22:41:27+00:00,37.45091501623392,126.92767999134958,4676.0,2.48,377.4,120,55,133,28,-7.894390106201172,2.1142003536224365,-0.18
2026-07-10T22:41:28+00:00,,,4676.0,2.48,377.20000000000005,120,84,131,27,-7.769996166229248,2.1153440475463867,-0.18
2026-07-10T22:41:29+00:00,37.45089833624661,126.92766834050417,4678.0,2.1,376.79999999999995,118,84,131,27,-8.992392539978027,1.7940715551376343,-0.18
2026-07-10T22:41:30+00:00,,,4678.0,2.1,376.6,118,83,110,27,-9.303107261657715,1.794774055480957,-0.18
2026-07-10T22:41:31+00:00,37.45086673647165,126.92764671519399,4680.0,1.88,376.20000000000005,120,83,110,27,-10.739885330200195,1.6181432008743286,-0.2
2026-07-10T22:41:32+00:00,,,4680.0,1.88,376.0,120,82,98,27,-11.08730697631836,1.6229724884033203,-0.2
2026-07-10T22:41:33+00:00,37.450848296284676,126.9276100024581,4684.0,1.9,375.79999999999995,119,71,98,27,-11.315396308898926,1.6438817977905273,-0.2
2026-07-10T22:41:34+00:00,37.45084167458117,126.92758502438664,4684.0,1.9,375.4,121,70,100,27,-11.658817291259766,1.6500217914581299,-0.22
2026-07-10T22:41:35+00:00,,,4688.0,1.94,375.20000000000005,121,76,100,27,-11.816691398620605,1.6792086362838745,-0.22
2026-07-10T22:41:36+00:00,37.45082667097449,126.92755501717329,4690.0,1.94,374.79999999999995,121,76,102,27,-12.155451774597168,1.6864973306655884,-0.22
2026-07-10T22:41:37+00:00,,,4690.0,1.96,374.6,122,76,102,27,-12.366400718688965,1.7089509963989258,-0.24
2026-07-10T22:41:38+00:00,37.45082499459386,126.92752500995994,4693.0,1.96,374.6,123,75,103,27,-12.629478454589844,1.7155765295028687,-0.24
2026-07-10T22:41:39+00:00,,,4693.0,1.82,374.4,123,72,104,27,-13.889488220214844,1.6277741193771362,-0.24
2026-07-10T22:41:40+00:00,,,4696.0,1.82,374.4,123,72,97,27,-14.173197746276855,1.6370701789855957,-0.24
2026-07-10T22:41:41+00:00,37.45082172565162,126.92749332636595,4696.0,1.62,374.4,123,68,98,27,-16.151203155517578,1.5350918769836426,-0.26
2026-07-10T22:41:42+00:00,,,4696.0,1.62,374.4,122,67,88,27,-16.46723747253418,1.5481358766555786,-0.26
2026-07-10T22:41:43+00:00,37.450806722044945,126.927474969998,4699.0,1.48,374.6,122,62,90,27,-18.49724769592285,1.4915815591812134,-0.26
2026-07-10T22:41:44+00:00,,,4699.0,1.48,374.6,122,59,85,27,-18.84518051147461,1.5082744359970093,-0.26
2026-07-10T22:41:45+00:00,37.45079171843827,126.92745829001069,4701.0,1.38,374.6,122,59,90,27,-20.594446182250977,1.4910414218902588,-0.28
2026-07-10T22:41:46+00:00,37.450775038450956,126.92744831554592,4701.0,1.38,374.6,122,58,89,27,-19.877727508544922,1.454644799232483,-0.26
2026-07-10T22:41:47+00:00,,,4703.0,1.32,374.6,121,57,93,27,-20.034854888916016,1.3984090089797974,-0.26
2026-07-10T22:41:48+00:00,37.450755005702376,126.92742333747447,4706.0,1.32,374.6,120,57,91,27,-19.285308837890625,1.3635838031768799,-0.24
2026-07-10T22:41:49+00:00,,,4706.0,1.38,374.4,119,62,91,27,-17.5941162109375,1.3618841171264648,-0.24
2026-07-10T22:41:50+00:00,37.45075332932174,126.92739827558398,4709.0,1.38,374.20000000000005,119,65,94,27,-16.880449295043945,1.3339604139328003,-0.22
2026-07-10T22:41:51+00:00,,,4709.0,1.44,374.0,119,70,93,27,-15.494535446166992,1.3418900966644287,-0.22
2026-07-10T22:41:52+00:00,37.45078501291573,126.92738503217697,4711.0,1.44,373.79999999999995,119,70,92,27,-14.810606002807617,1.3204352855682373,-0.2
2026-07-10T22:41:53+00:00,,,4711.0,1.4,373.6,119,74,86,27,-14.530999183654785,1.2758430242538452,-0.2
2026-07-10T22:41:54+00:00,37.450806722044945,126.92735670134425,4715.0,1.4,373.6,119,75,81,27,-13.886994361877441,1.2589902877807617,-0.18
2026-07-10T22:41:55+00:00,,,4715.0,1.5,373.4,120,80,78,27,-12.362523078918457,1.3145052194595337,-0.18
2026-07-10T22:41:56+00:00,37.45080496184528,126.92732334136963,4718.0,1.5,373.20000000000005,120,80,82,27,-11.762650489807129,1.3042360544204712,-0.16
2026-07-10T22:41:57+00:00,,,4718.0,1.52,373.0,119,80,82,27,-11.01649284362793,1.3113421201705933,-0.16
2026-07-10T22:41:58+00:00,,,4721.0,1.52,373.0,118,73,83,27,-10.423330307006836,1.3052939176559448,-0.14
2026-07-10T22:41:59+00:00,,,4721.0,1.46,372.79999999999995,119,73,83,27,-10.236611366271973,1.2523179054260254,-0.14
2026-07-10T22:42:00+00:00,,,4721.0,1.46,372.79999999999995,119,70,80,27,-9.619072914123535,1.2488142251968384,-0.14
2026-07-10T22:42:01+00:00,,,4721.0,0.34,372.79999999999995,118,70,80,27,-38.661582946777344,0.706154465675354,-0.12
2026-07-10T22:42:02+00:00,,,4721.0,0.34,372.6,119,70,21,27,-36.815711975097656,0.6670354604721069,-0.12
2026-07-10T22:42:03+00:00,,,4721.0,0.0,372.6,119,70,20,27,-36.815711975097656,0.0,-0.1
2026-07-10T22:42:04+00:00,,,4721.0,0.0,372.6,119,69,0,27,-36.815711975097656,0.0,-0.1
2026-07-10T22:42:05+00:00,37.45080001652241,126.92729827947915,4721.0,0.44,372.6,119,65,0,27,-24.73004913330078,0.5449815392494202,-0.1
2026-07-10T22:42:06+00:00,,,4721.0,0.44,372.4,119,65,22,27,-23.271982192993164,0.5158013105392456,-0.1
2026-07-10T22:42:07+00:00,,,4723.0,0.58,372.4,119,65,22,27,-16.16805648803711,0.5498452186584473,-0.08
2026-07-10T22:42:08+00:00,,,4723.0,0.58,372.4,118,65,32,27,-15.089239120483398,0.5352563261985779,-0.08
2026-07-10T22:42:09+00:00,,,4723.0,0.32,372.4,119,65,33,27,-25.388002395629883,0.4158598780632019,-0.08
2026-07-10T22:42:10+00:00,,,4723.0,0.32,372.4,117,0,17,27,-25.80295181274414,0.42250001430511475,-0.08
2026-07-10T22:42:11+00:00,,,4723.0,0.0,372.6,115,61,17,27,-25.80295181274414,0.0,-0.08
2026-07-10T22:42:12+00:00,,,4723.0,0.0,372.6,116,60,0,27,-25.80295181274414,0.0,-0.08
2026-07-10T22:42:13+00:00,,,4723.0,0.0,372.6,115,0,0,27,-25.80295181274414,0.0,-0.08
2026-07-10T22:42:14+00:00,,,4723.0,0.0,372.6,114,0,0,27,-25.80295181274414,0.0,-0.08
2026-07-10T22:42:15+00:00,,,4723.0,0.0,372.6,112,0,0,27,-25.80295181274414,0.0,-0.08
2026-07-10T22:42:16+00:00,,,4723.0,0.0,372.6,111,0,0,27,-25.80295181274414,0.0,-0.08
2026-07-10T22:42:17+00:00,,,4723.0,0.0,372.6,111,0,0,27,-25.80295181274414,0.0,-0.08
2026-07-10T22:42:18+00:00,,,4723.0,0.0,372.6,112,0,0,27,-25.80295181274414,0.0,-0.08
2026-07-10T22:42:19+00:00,,,4723.0,0.0,372.6,112,0,0,27,-25.80295181274414,0.0,-0.06
2026-07-10T22:42:20+00:00,,,4723.0,0.0,372.4,112,36,0,27,-25.80295181274414,0.0,-0.06
2026-07-10T22:42:21+00:00,37.45078166015446,126.92730171605945,4723.0,0.0,372.4,111,63,0,27,-25.80295181274414,0.0,-0.06
2026-07-10T22:42:22+00:00,,,4723.0,0.0,372.20000000000005,112,63,0,27,-25.80295181274414,0.0,-0.06
2026-07-10T22:42:23+00:00,37.450741678476334,126.92731671966612,4725.0,0.66,372.20000000000005,113,67,0,27,-8.339563369750977,0.5641412138938904,-0.04
2026-07-10T22:42:24+00:00,37.450718292966485,126.92732501775026,4725.0,0.66,372.0,113,70,37,27,-7.411855220794678,0.5663233399391174,-0.04
2026-07-10T22:42:25+00:00,37.450698260217905,126.9273333158344,4730.0,1.46,371.79999999999995,113,75,36,27,-2.95055890083313,1.332102656364441,-0.04
2026-07-10T22:42:26+00:00,,,4733.0,1.46,371.6,113,78,85,27,-2.8987174034118652,1.3337620496749878,-0.04
2026-07-10T22:42:27+00:00,37.450673282146454,126.92734002135694,4735.0,1.88,371.4,113,80,84,27,-2.1956892013549805,1.7603538036346436,-0.04
2026-07-10T22:42:28+00:00,,,4735.0,1.88,371.20000000000005,113,80,109,27,-2.155745506286621,1.7622241973876953,-0.04
2026-07-10T22:42:29+00:00,37.45064998045564,126.9273317232728,4738.0,1.72,371.0,111,80,107,27,-2.312401533126831,1.6055959463119507,-0.02
2026-07-10T22:42:30+00:00,,,4738.0,1.72,371.0,111,80,96,27,-2.2687854766845703,1.6074318885803223,-0.02
2026-07-10T22:42:31+00:00,37.45062332600355,126.9273266941309,4741.0,1.6,370.79999999999995,110,77,95,27,-2.4068655967712402,1.480606198310852,-0.02
2026-07-10T22:42:32+00:00,,,4741.0,1.6,370.6,108,71,86,27,-2.359589099884033,1.482419490814209,-0.02
2026-07-10T22:42:33+00:00,37.45060329325497,126.9273266941309,4744.0,1.58,370.4,107,70,86,27,-2.3416249752044678,1.464456558227539,-0.02
2026-07-10T22:42:34+00:00,,,4744.0,1.58,370.20000000000005,109,67,85,27,-2.717498779296875,1.4505481719970703,-0.04
2026-07-10T22:42:35+00:00,37.45057328604162,126.92732996307313,4746.0,1.46,370.0,109,66,85,27,-3.3284621238708496,1.329558253288269,-0.04
2026-07-10T22:42:36+00:00,,,4746.0,1.46,370.0,109,65,78,27,-3.733466148376465,1.3178598880767822,-0.04
2026-07-10T22:42:37+00:00,37.450546715408564,126.92731328308582,4749.0,1.54,369.79999999999995,109,63,79,27,-3.950289726257324,1.374871015548706,-0.06
2026-07-10T22:42:38+00:00,,,4749.0,1.54,369.6,109,63,84,27,-4.3359904289245605,1.3645586967468262,-0.06
2026-07-10T22:42:39+00:00,,,4752.0,1.56,369.4,109,63,84,27,-4.632786273956299,1.3838187456130981,-0.06
2026-07-10T22:42:40+00:00,37.450526682659984,126.92730666138232,4752.0,1.56,369.0,109,74,85,27,-5.011449813842773,1.3750051259994507,-0.06
2026-07-10T22:42:41+00:00,,,4752.0,1.4,368.6,110,81,83,27,-6.008239269256592,1.216755747795105,-0.08
2026-07-10T22:42:42+00:00,,,4755.0,1.4,368.20000000000005,109,50,73,27,-6.783987998962402,1.2069441080093384,-0.08
2026-07-10T22:42:43+00:00,,,4755.0,1.24,368.0,109,81,73,27,-8.602814674377441,1.0509063005447388,-0.1
2026-07-10T22:42:44+00:00,37.45051670819521,126.92733666859567,4755.0,1.24,367.79999999999995,107,81,64,27,-9.484016418457031,1.0516622066497803,-0.1
2026-07-10T22:42:45+00:00,,,4755.0,1.14,367.6,106,81,64,27,-11.283454895019531,0.9773612022399902,-0.12
2026-07-10T22:42:46+00:00,,,4758.0,1.14,367.4,106,68,60,27,-12.246480941772461,0.9886543154716492,-0.12
2026-07-10T22:42:47+00:00,,,4758.0,1.08,367.20000000000005,105,66,60,27,-13.816033363342285,0.9698797464370728,-0.14
2026-07-10T22:42:48+00:00,37.450506733730435,126.92731495946646,4758.0,1.08,367.0,106,60,58,27,-14.819624900817871,0.9905279278755188,-0.16
2026-07-10T22:42:49+00:00,,,4758.0,1.06,366.79999999999995,107,59,57,27,-16.123815536499023,1.0037187337875366,-0.16
2026-07-10T22:42:50+00:00,37.45049332268536,126.92729501053691,4760.0,1.06,366.4,109,59,56,27,-16.59979248046875,1.0166563987731934,-0.16
2026-07-10T22:42:51+00:00,,,4760.0,1.06,366.20000000000005,109,57,56,27,-17.074344635009766,1.0303000211715698,-0.18
2026-07-10T22:42:52+00:00,,,4762.0,1.06,366.20000000000005,109,57,55,27,-17.550800323486328,1.0447361469268799,-0.18
2026-07-10T22:42:53+00:00,,,4762.0,1.08,366.0,110,58,55,27,-17.692012786865234,1.0689506530761719,-0.18
2026-07-10T22:42:54+00:00,,,4762.0,1.08,365.6,111,61,56,27,-18.15824317932129,1.0842751264572144,-0.18
2026-07-10T22:42:55+00:00,,,4762.0,1.0,365.4,112,61,56,27,-20.115440368652344,1.070439338684082,-0.2
2026-07-10T22:42:56+00:00,,,4762.0,1.0,365.4,113,61,52,27,-20.618968963623047,1.0892852544784546,-0.2
2026-07-10T22:42:57+00:00,,,4762.0,0.9,365.0,113,62,53,27,-23.734275817871094,1.0862689018249512,-0.2
2026-07-10T22:42:58+00:00,,,4762.0,0.9,364.79999999999995,113,62,48,27,-23.903669357299805,1.0932245254516602,-0.2
2026-07-10T22:42:59+00:00,,,4762.0,0.8,364.6,114,63,47,27,-26.781469345092773,1.0964845418930054,-0.2
2026-07-10T22:43:00+00:00,,,4762.0,0.8,364.4,114,64,43,27,-26.969730377197266,1.104393720626831,-0.2
2026-07-10T22:43:01+00:00,,,4762.0,0.72,364.0,113,65,44,27,-30.175966262817383,1.121793508529663,-0.2
2026-07-10T22:43:02+00:00,37.45047999545932,126.927276737988,4762.0,0.72,363.79999999999995,114,65,42,27,-30.38514518737793,1.1305171251296997,-0.2
2026-07-10T22:43:03+00:00,,,4762.0,0.0,363.6,115,68,42,27,-30.38514518737793,0.0,-0.22
2026-07-10T22:43:04+00:00,37.4504566937685,126.92726827226579,4764.0,0.0,363.4,114,68,0,27,-30.38514518737793,0.0,-0.22
2026-07-10T22:43:05+00:00,,,4764.0,1.04,363.0,113,62,0,27,-21.266273498535156,1.170242428779602,-0.22
2026-07-10T22:43:06+00:00,37.450430039316416,126.92725670523942,4767.0,1.04,362.79999999999995,114,57,56,27,-21.32806396484375,1.1728323698043823,-0.22
2026-07-10T22:43:07+00:00,,,4767.0,1.42,362.4,113,56,56,27,-15.816352844238281,1.3339483737945557,-0.22
2026-07-10T22:43:08+00:00,37.45041503570974,126.92723667249084,4770.0,1.42,362.20000000000005,114,51,74,27,-15.862092018127441,1.335506558418274,-0.22
2026-07-10T22:43:09+00:00,,,4770.0,1.42,361.79999999999995,115,51,74,27,-15.907602310180664,1.337066411972046,-0.22
2026-07-10T22:43:10+00:00,37.4504083301872,126.92721496336162,4773.0,1.42,361.6,115,47,74,27,-15.953337669372559,1.3386434316635132,-0.22
2026-07-10T22:43:11+00:00,,,4773.0,1.34,361.4,115,47,74,27,-16.954051971435547,1.2979944944381714,-0.22
2026-07-10T22:43:12+00:00,37.45039667934179,126.92719501443207,4775.0,1.34,361.0,116,49,70,27,-17.002567291259766,1.2997862100601196,-0.22
2026-07-10T22:43:13+00:00,,,4775.0,1.24,360.6,115,74,70,27,-18.42591094970703,1.2553720474243164,-0.22
2026-07-10T22:43:14+00:00,37.45038326829672,126.92717498168349,4777.0,1.24,360.20000000000005,115,74,66,27,-18.7120304107666,1.2668455839157104,-0.22
2026-07-10T22:43:15+00:00,,,4777.0,1.28,359.79999999999995,116,78,67,27,-18.40390396118164,1.2949695587158203,-0.22
2026-07-10T22:43:16+00:00,,,4779.0,1.28,359.4,115,80,69,27,-18.681358337402344,1.306427240371704,-0.22
2026-07-10T22:43:17+00:00,,,4779.0,1.14,359.0,115,80,70,27,-21.473901748657227,1.2688143253326416,-0.24
2026-07-10T22:43:18+00:00,37.45037170127034,126.92715000361204,4779.0,1.14,358.6,116,80,66,27,-21.787559509277344,1.2832703590393066,-0.24
2026-07-10T22:43:19+00:00,,,4779.0,1.08,358.20000000000005,116,70,66,27,-23.340866088867188,1.2868179082870483,-0.24
2026-07-10T22:43:20+00:00,37.450356697663665,126.92713332362473,4782.0,1.08,358.0,116,70,65,27,-23.67244529724121,1.302929162979126,-0.24
2026-07-10T22:43:21+00:00,,,4782.0,1.04,357.79999999999995,116,59,64,27,-24.460567474365234,1.3172200918197632,-0.24
2026-07-10T22:43:22+00:00,,,4784.0,1.04,357.4,119,59,63,27,-24.999446868896484,1.3444792032241821,-0.26
2026-07-10T22:43:23+00:00,,,4784.0,1.08,357.0,119,61,62,27,-25.059917449951172,1.373247504234314,-0.26
2026-07-10T22:43:24+00:00,,,4784.0,1.08,356.6,119,61,63,27,-25.58766746520996,1.4011679887771606,-0.26
2026-07-10T22:43:25+00:00,,,4784.0,0.4,356.20000000000005,121,53,63,27,-69.861572265625,1.1592549085617065,-0.26
2026-07-10T22:43:26+00:00,,,4784.0,0.4,355.79999999999995,122,61,27,27,-71.27471923828125,1.1592549085617065,-0.28
2026-07-10T22:43:27+00:00,,,4784.0,0.36,355.6,122,61,27,27,-83.07023620605469,1.0143479108810425,-0.28
2026-07-10T22:43:28+00:00,,,4784.0,0.36,355.4,121,61,24,27,-84.68525695800781,1.0143479108810425,-0.28
2026-07-10T22:43:29+00:00,37.45033834129572,126.9271417055279,4784.0,0.0,355.4,123,62,24,27,-84.68525695800781,0.0,-0.3
2026-07-10T22:43:30+00:00,,,4784.0,0.0,355.20000000000005,121,62,0,27,-84.68525695800781,0.0,-0.3
2026-07-10T22:43:31+00:00,,,4786.0,0.78,355.20000000000005,119,62,0,27,-39.899471282958984,1.6581590175628662,-0.3
2026-07-10T22:43:32+00:00,37.45032669045031,126.92716668359935,4786.0,0.78,355.0,119,62,46,27,-40.23429870605469,1.6739782094955444,-0.3
2026-07-10T22:43:33+00:00,,,4786.0,0.74,355.0,120,62,43,27,-42.79279708862305,1.6991442441940308,-0.3
2026-07-10T22:43:34+00:00,37.450313279405236,126.9271966908127,4789.0,0.74,355.0,120,61,39,27,-43.14738845825195,1.7142395973205566,-0.3
2026-07-10T22:43:35+00:00,,,4789.0,0.98,355.0,121,60,38,27,-32.403743743896484,1.655936360359192,-0.3
2026-07-10T22:43:36+00:00,37.45029500685632,126.92721672356129,4792.0,0.98,355.0,119,59,54,27,-32.667354583740234,1.6715409755706787,-0.32
2026-07-10T22:43:37+00:00,,,4792.0,1.2,355.0,118,59,57,27,-27.119611740112305,1.652207851409912,-0.32
2026-07-10T22:43:38+00:00,37.45028670877218,126.9272400252521,4794.0,1.2,355.0,118,59,74,27,-26.17046546936035,1.5933887958526611,-0.3
2026-07-10T22:43:39+00:00,,,4794.0,1.22,355.0,117,59,76,27,-24.603897094726562,1.5388331413269043,-0.3
2026-07-10T22:43:40+00:00,37.45028327219188,126.92726500332355,4797.0,1.22,355.20000000000005,117,59,81,27,-23.678091049194336,1.4858982563018799,-0.28
2026-07-10T22:43:41+00:00,,,4797.0,1.14,355.4,118,59,85,27,-24.35091781616211,1.4241917133331299,-0.26
2026-07-10T22:43:42+00:00,37.45028503239155,126.92728830501437,4799.0,1.14,355.4,117,60,85,27,-23.35915184020996,1.371941089630127,-0.26
2026-07-10T22:43:43+00:00,,,4799.0,1.16,355.4,118,60,89,27,-21.79772186279297,1.3291857242584229,-0.24
2026-07-10T22:43:44+00:00,37.45028997771442,126.92731831222773,4801.0,1.16,355.4,119,60,90,27,-20.832351684570312,1.2840505838394165,-0.24
2026-07-10T22:43:45+00:00,,,4801.0,1.16,355.4,118,57,91,27,-20.21347427368164,1.2351621389389038,-0.22
2026-07-10T22:43:46+00:00,37.45028670877218,126.92735167220235,4804.0,1.16,355.4,118,56,89,27,-18.76996612548828,1.177085280418396,-0.2
2026-07-10T22:43:47+00:00,,,4804.0,1.2,355.4,117,56,87,27,-16.608665466308594,1.1512129306793213,-0.18
2026-07-10T22:43:48+00:00,,,4807.0,1.2,355.4,117,55,89,27,-15.22530460357666,1.1109867095947266,-0.18
2026-07-10T22:43:49+00:00,37.45028503239155,126.9273816794157,4807.0,1.2,355.4,116,55,87,27,-13.96104907989502,1.07170569896698,-0.16
2026-07-10T22:43:50+00:00,,,4807.0,1.2,355.6,116,55,87,27,-12.567456245422363,1.045962929725647,-0.14
2026-07-10T22:43:51+00:00,,,4809.0,1.16,355.79999999999995,115,55,89,27,-11.5596342086792,0.9975754022598267,-0.12
2026-07-10T22:43:52+00:00,37.45028327219188,126.92740498110652,4809.0,1.16,356.0,115,55,88,27,-10.120450973510742,0.9857757091522217,-0.1
2026-07-10T22:43:53+00:00,,,4809.0,1.08,356.20000000000005,116,55,94,27,-9.32568645477295,0.9145207405090332,-0.08
2026-07-10T22:43:54+00:00,,,4811.0,1.08,356.20000000000005,116,55,93,27,-7.763132572174072,0.9163928031921387,-0.08
2026-07-10T22:43:55+00:00,37.450268268585205,126.92743834108114,4811.0,1.02,356.4,116,55,98,27,-6.51107120513916,0.8815996050834656,-0.06
2026-07-10T22:43:56+00:00,,,4811.0,1.02,356.6,116,55,103,27,-4.875192642211914,0.9010522365570068,-0.04
2026-07-10T22:43:57+00:00,37.45025326497853,126.92747002467513,4815.0,1.08,356.79999999999995,115,54,113,27,-3.0832653045654297,0.9799149036407471,-0.02
2026-07-10T22:43:58+00:00,,,4815.0,1.08,357.0,115,54,124,27,-1.5285080671310425,1.0205316543579102,0.0
2026-07-10T22:43:59+00:00,37.450243290513754,126.92750003188848,4818.0,1.16,357.0,115,54,122,27,0.03140527009963989,1.161209225654602,0.0
2026-07-10T22:44:00+00:00,,,4818.0,1.16,356.79999999999995,115,54,120,27,1.466973900794983,1.221086025238037,0.0
2026-07-10T22:44:01+00:00,37.4502183124423,126.9275167118758,4821.0,1.2,356.79999999999995,114,54,111,27,2.832172155380249,1.31961190700531,0.02
2026-07-10T22:44:02+00:00,,,4821.0,1.2,356.79999999999995,114,55,105,27,3.2598273754119873,1.3422825336456299,0.02
2026-07-10T22:44:03+00:00,37.45020171627402,126.92753171548247,4824.0,1.24,356.79999999999995,114,55,99,27,3.5404388904571533,1.4146381616592407,0.04
2026-07-10T22:44:04+00:00,,,4824.0,1.24,356.79999999999995,114,55,97,27,3.950850009918213,1.4386262893676758,0.04
2026-07-10T22:44:05+00:00,37.45019174180925,126.92756172269583,4826.0,1.24,356.6,114,59,91,27,4.398791790008545,1.4538652896881104,0.04
2026-07-10T22:44:06+00:00,,,4826.0,1.24,356.6,115,59,85,27,4.812124729156494,1.479434847831726,0.04
2026-07-10T22:44:07+00:00,37.45018000714481,126.92758829332888,4829.0,1.26,356.6,115,59,80,27,5.143890857696533,1.524911880493164,0.06
2026-07-10T22:44:08+00:00,,,4829.0,1.26,356.6,114,58,79,27,5.551018714904785,1.5518821477890015,0.06
2026-07-10T22:44:09+00:00,,,4832.0,1.26,356.6,114,58,79,27,5.912477970123291,1.589066743850708,0.06
2026-07-10T22:44:10+00:00,37.45016500353813,126.92761167883873,4832.0,1.26,356.79999999999995,114,55,82,27,5.704512119293213,1.5747430324554443,0.06
2026-07-10T22:44:11+00:00,,,4832.0,1.22,356.6,114,51,84,27,5.676114559173584,1.5228722095489502,0.06
2026-07-10T22:44:12+00:00,,,4834.0,1.22,356.6,115,51,82,27,5.460684299468994,1.5087331533432007,0.06
2026-07-10T22:44:13+00:00,37.450170032680035,126.92764168605208,4834.0,1.2,356.6,115,51,81,27,5.378149509429932,1.4664024114608765,0.06
2026-07-10T22:44:14+00:00,,,4834.0,1.2,356.6,116,49,80,27,5.157508850097656,1.4525635242462158,0.06
2026-07-10T22:44:15+00:00,,,4837.0,1.16,356.79999999999995,117,47,81,27,5.06386661529541,1.410280704498291,0.04
2026-07-10T22:44:16+00:00,,,4837.0,1.16,356.6,116,47,81,27,4.838198661804199,1.396784782409668,0.04
2026-07-10T22:44:17+00:00,37.45015502907336,126.92767169326544,4837.0,1.12,356.6,115,47,79,27,4.819119930267334,1.335496187210083,0.04
2026-07-10T22:44:18+00:00,,,4837.0,1.12,356.4,114,47,73,27,4.408266544342041,1.3125460147857666,0.04
2026-07-10T22:44:19+00:00,37.450141701847315,126.92768828943372,4840.0,1.1,356.4,114,46,71,27,4.0325093269348145,1.2805161476135254,0.04
2026-07-10T22:44:20+00:00,,,4840.0,1.1,356.4,114,45,69,27,3.6191651821136475,1.2589499950408936,0.02
2026-07-10T22:44:21+00:00,37.45013331994414,126.92771502770483,4842.0,1.1,356.4,114,45,70,27,3.204162359237671,1.2379953861236572,0.02
2026-07-10T22:44:22+00:00,,,4842.0,1.1,356.4,114,43,71,27,2.7899887561798096,1.2177826166152954,0.02
2026-07-10T22:44:23+00:00,,,4845.0,1.12,356.6,114,42,72,27,2.3527677059173584,1.2080901861190796,0.02
2026-07-10T22:44:24+00:00,37.4501199927181,126.92773497663438,4845.0,1.12,356.6,115,42,72,27,1.9431469440460205,1.189355731010437,0.02
2026-07-10T22:44:25+00:00,,,4845.0,1.1,356.6,114,42,72,27,1.5462239980697632,1.1613091230392456,0.0
2026-07-10T22:44:26+00:00,,,4847.0,1.1,356.79999999999995,114,42,74,27,1.2548294067382812,1.1489988565444946,0.0
2026-07-10T22:44:27+00:00,37.450118316337466,126.92777001298964,4847.0,1.08,356.79999999999995,113,42,81,27,0.9824610948562622,1.1171220541000366,0.0
2026-07-10T22:44:28+00:00,,,4847.0,1.08,357.20000000000005,114,42,86,27,0.686262845993042,1.1055169105529785,0.0
2026-07-10T22:44:29+00:00,,,4850.0,1.08,357.4,113,42,95,27,0.3894720673561096,1.0942462682724,0.0
2026-07-10T22:44:30+00:00,37.450110018253326,126.92779499106109,4850.0,1.08,357.6,113,45,104,27,0.0938662737607956,1.0833770036697388,0.0
2026-07-10T22:44:31+00:00,,,4850.0,1.08,358.0,113,45,114,27,-0.20233215391635895,1.072843074798584,0.0
2026-07-10T22:44:32+00:00,,,4853.0,1.08,358.4,113,45,126,27,-0.49912282824516296,1.0626468658447266,0.0
2026-07-10T22:44:33+00:00,37.45008830912411,126.927800020203,4853.0,1.08,358.6,,46,141,27,-0.8021559119224548,1.0428608655929565,0.0
2026-07-10T22:44:34+00:00,,,4853.0,1.08,358.79999999999995,114,50,150,27,0.2575157880783081,1.0792638063430786,0.0
2026-07-10T22:44:35+00:00,37.45006173849106,126.9278116710484,4855.0,1.06,359.20000000000005,113,51,157,27,1.3338968753814697,1.1104024648666382,0.0
2026-07-10T22:44:36+00:00,,,4855.0,1.06,359.4,114,51,162,27,2.401423931121826,1.1558407545089722,0.02
2026-07-10T22:44:37+00:00,37.45003500021994,126.92780831828713,4858.0,1.08,359.79999999999995,114,49,167,27,3.409965991973877,1.2256029844284058,0.02
2026-07-10T22:44:38+00:00,,,4858.0,1.08,360.0,113,49,171,27,4.458774566650391,1.2797809839248657,0.04
2026-07-10T22:44:39+00:00,37.45001832023263,126.92779666744173,4861.0,1.1,360.20000000000005,114,48,171,27,5.462262153625488,1.3480583429336548,0.04
2026-07-10T22:44:40+00:00,,,4861.0,1.1,360.4,114,48,170,27,6.500407695770264,1.4106159210205078,0.06
2026-07-10T22:44:41+00:00,37.449999963864684,126.92778996191919,4863.0,1.1,360.6,115,48,165,27,7.542717933654785,1.477643609046936,0.08
2026-07-10T22:44:42+00:00,,,4863.0,1.1,360.79999999999995,114,46,157,27,8.575458526611328,1.5481597185134888,0.08
2026-07-10T22:44:43+00:00,,,4865.0,1.1,361.0,116,46,155,27,9.612337112426758,1.622994303703308,0.1
2026-07-10T22:44:44+00:00,,,4865.0,1.1,361.20000000000005,117,46,153,27,10.6450777053833,1.7014689445495605,0.1
2026-07-10T22:44:45+00:00,,,4865.0,1.08,361.4,116,45,151,27,11.899256706237793,1.7688652276992798,0.12
2026-07-10T22:44:46+00:00,37.4499783385545,126.92778334021568,4865.0,1.08,361.6,117,45,145,27,12.952353477478027,1.8558428287506104,0.12
2026-07-10T22:44:47+00:00,,,4865.0,1.04,362.0,117,45,143,27,14.274371147155762,1.9334185123443604,0.14
2026-07-10T22:44:48+00:00,,,4868.0,1.04,362.0,118,43,141,27,15.349677085876465,2.0287857055664062,0.16
2026-07-10T22:44:49+00:00,,,4868.0,1.04,362.20000000000005,117,42,137,27,16.423908233642578,2.1275458335876465,0.16
2026-07-10T22:44:50+00:00,37.44995830580592,126.92777001298964,4868.0,1.04,362.4,117,42,134,27,17.146989822387695,2.1959149837493896,0.18
2026-07-10T22:44:51+00:00,,,4868.0,1.04,362.4,116,42,130,27,18.21780014038086,2.2560434341430664,0.18
2026-07-10T22:44:52+00:00,,,4870.0,1.04,362.79999999999995,114,42,127,27,18.955659866333008,2.328058958053589,0.18
2026-07-10T22:44:53+00:00,37.44993668049574,126.92777671851218,4870.0,1.02,363.0,115,42,128,27,19.88435935974121,2.397151470184326,0.2
2026-07-10T22:44:54+00:00,,,4870.0,1.02,363.20000000000005,114,42,129,27,20.62870979309082,2.4721336364746094,0.2
2026-07-10T22:44:55+00:00,,,4873.0,1.02,363.4,112,42,129,27,21.5861759185791,2.5452330112457275,0.2
2026-07-10T22:44:56+00:00,37.449914971366525,126.92778669297695,4873.0,1.02,363.6,113,42,129,27,22.33639144897461,2.6228652000427246,0.22
2026-07-10T22:44:57+00:00,,,4873.0,1.02,364.0,112,43,133,27,23.088109970092773,2.7017881870269775,0.22
2026-07-10T22:44:58+00:00,,,4875.0,1.02,364.20000000000005,112,45,136,27,22.910335540771484,2.6830244064331055,0.22
2026-07-10T22:44:59+00:00,37.449895022436976,126.92780999466777,4875.0,1.0,364.20000000000005,112,46,140,27,22.960418701171875,2.6616876125335693,0.22
2026-07-10T22:45:00+00:00,,,4875.0,1.0,364.0,114,46,135,27,22.781404495239258,2.64302396774292,0.22
2026-07-10T22:45:01+00:00,37.44987172074616,126.92783002741635,4878.0,1.02,364.0,114,53,124,27,22.378070831298828,2.6272120475769043,0.22
2026-07-10T22:45:02+00:00,,,4878.0,1.02,364.0,115,54,112,27,22.201004028320312,2.6087698936462402,0.22
2026-07-10T22:45:03+00:00,,,4882.0,1.02,364.0,115,54,102,27,21.807315826416016,2.59342098236084,0.22
2026-07-10T22:45:04+00:00,,,4882.0,1.02,363.79999999999995,117,54,92,27,21.63198471069336,2.5751864910125732,0.22
2026-07-10T22:45:05+00:00,37.44984003715217,126.92783170379698,4882.0,1.02,363.79999999999995,118,54,83,27,21.456302642822266,2.5569818019866943,0.2
2026-07-10T22:45:06+00:00,37.44981832802296,126.92783673293889,4882.0,1.02,363.6,119,54,71,27,20.351816177368164,2.4440901279449463,0.2
2026-07-10T22:45:07+00:00,37.44979997165501,126.92784167826176,4885.0,1.04,363.6,121,54,64,27,19.05827522277832,2.3381848335266113,0.18
2026-07-10T22:45:08+00:00,,,4888.0,1.04,363.4,121,55,60,27,17.965604782104492,2.2317543029785156,0.18
2026-07-10T22:45:09+00:00,37.449773317202926,126.92784167826176,4890.0,1.08,363.4,122,55,59,27,16.088653564453125,2.156254291534424,0.16
2026-07-10T22:45:10+00:00,,,4890.0,1.08,363.4,123,56,62,27,15.048657417297363,2.0589232444763184,0.16
2026-07-10T22:45:11+00:00,37.44975169189274,126.9278499763459,4893.0,1.1,363.4,124,56,62,27,13.874974250793457,1.9712530374526978,0.14
2026-07-10T22:45:12+00:00,,,4893.0,1.1,363.20000000000005,123,56,63,27,12.843485832214355,1.8811954259872437,0.12
2026-07-10T22:45:13+00:00,,,4895.0,1.1,363.20000000000005,123,56,64,27,11.702567100524902,1.8021889925003052,0.12
2026-07-10T22:45:14+00:00,,,4895.0,1.1,363.20000000000005,121,56,65,27,10.725014686584473,1.7233716249465942,0.1
2026-07-10T22:45:15+00:00,,,4895.0,0.36,363.20000000000005,120,56,66,27,29.774927139282227,1.2271701097488403,0.1
2026-07-10T22:45:16+00:00,,,4895.0,0.36,363.4,120,56,19,27,26.77897834777832,1.106217384338379,0.08
2026-07-10T22:45:17+00:00,,,4895.0,0.3,363.20000000000005,120,55,20,27,28.536041259765625,0.9806398153305054,0.08
2026-07-10T22:45:18+00:00,,,4895.0,0.3,363.20000000000005,120,55,16,27,24.94449234008789,0.8617249727249146,0.06
2026-07-10T22:45:19+00:00,,,4895.0,0.38,363.0,119,55,17,27,16.854755401611328,0.7846471071243286,0.06
2026-07-10T22:45:20+00:00,,,4895.0,0.38,363.0,119,55,21,27,14.016485214233398,0.6916294693946838,0.04
2026-07-10T22:45:21+00:00,37.449720008298755,126.9278550054878,4895.0,0.38,363.0,119,52,21,27,11.16970157623291,0.6075855493545532,0.04
2026-07-10T22:45:22+00:00,,,4898.0,0.38,363.0,119,51,22,27,8.586739540100098,0.5400016903877258,0.02
2026-07-10T22:45:23+00:00,37.44970332831144,126.92785332910717,4898.0,1.14,363.0,120,51,22,27,2.0224366188049316,1.2144219875335693,0.02
2026-07-10T22:45:24+00:00,,,4898.0,1.14,363.0,120,51,72,27,1.155563473701477,1.1761094331741333,0.0
2026-07-10T22:45:25+00:00,,,4901.0,1.02,363.0,120,51,72,27,0.3200802505016327,1.0209068059921265,0.0
2026-07-10T22:45:26+00:00,,,4901.0,1.02,363.0,120,51,63,27,-0.646877646446228,0.9891498684883118,0.0
2026-07-10T22:45:27+00:00,37.4496849719435,126.9278600346297,4901.0,0.94,363.20000000000005,120,50,65,27,-1.7568740844726562,0.8812859058380127,0.0
2026-07-10T22:45:28+00:00,,,4901.0,0.94,363.4,119,48,64,27,-2.810171604156494,0.8572869896888733,-0.02
2026-07-10T22:45:29+00:00,,,4903.0,0.7,363.4,120,47,69,27,-5.131494998931885,0.6158144474029541,-0.02
2026-07-10T22:45:30+00:00,37.44966502301395,126.92787000909448,4903.0,0.7,363.6,120,47,58,27,-4.727217674255371,0.6199227571487427,-0.02
2026-07-10T22:45:31+00:00,,,4903.0,0.7,363.6,119,47,62,27,-4.3217244148254395,0.6244754195213318,-0.02
2026-07-10T22:45:32+00:00,37.449646666646004,126.92787168547511,4905.0,0.7,363.79999999999995,119,47,67,27,-3.9154202938079834,0.6294718384742737,-0.02
2026-07-10T22:45:33+00:00,,,4905.0,0.78,363.79999999999995,119,47,71,27,-3.191579818725586,0.7033984065055847,-0.02
2026-07-10T22:45:34+00:00,,,4907.0,0.78,364.0,118,47,78,27,-2.8222126960754395,0.7095882296562195,-0.02
2026-07-10T22:45:35+00:00,37.44962831027806,126.92786833271384,4907.0,0.76,364.0,117,46,82,27,-2.5193893909454346,0.6963889002799988,0.0
2026-07-10T22:45:36+00:00,,,4907.0,0.76,364.20000000000005,117,46,82,27,-2.1409292221069336,0.7032929062843323,0.0
2026-07-10T22:45:37+00:00,37.44959997944534,126.92787503823638,4909.0,0.78,364.4,116,46,84,27,-1.6939538717269897,0.7404490113258362,0.0
2026-07-10T22:45:38+00:00,,,4909.0,0.78,364.4,116,49,88,27,-0.7298017144203186,0.7619228959083557,0.0
2026-07-10T22:45:39+00:00,37.44957500137389,126.92787327803671,4912.0,0.88,364.6,116,51,88,27,0.21114493906497955,0.8862305879592896,0.0
2026-07-10T22:45:40+00:00,,,4912.0,0.88,364.79999999999995,117,52,93,27,1.0665907859802246,0.9129863381385803,0.0
2026-07-10T22:45:41+00:00,37.44954826310277,126.92787168547511,4915.0,0.94,364.79999999999995,116,54,95,27,1.8211321830749512,0.9919244050979614,0.0
2026-07-10T22:45:42+00:00,,,4915.0,0.94,365.0,115,54,99,27,2.628965377807617,1.023095965385437,0.02
2026-07-10T22:45:43+00:00,37.44952831417322,126.92787503823638,4918.0,0.98,365.0,115,54,100,27,3.265296697616577,1.1056522130966187,0.02
2026-07-10T22:45:44+00:00,,,4918.0,0.98,365.20000000000005,115,55,101,27,4.03345251083374,1.140868067741394,0.02
2026-07-10T22:45:45+00:00,37.449501659721136,126.92788501270115,4920.0,0.98,365.4,113,55,106,27,4.803145408630371,1.1782876253128052,0.04
2026-07-10T22:45:46+00:00,,,4920.0,0.98,365.6,113,55,106,27,5.452952861785889,1.2115286588668823,0.04
2026-07-10T22:45:47+00:00,37.449476681649685,126.92789498716593,4923.0,1.04,365.6,113,55,106,27,5.808987617492676,1.293152093887329,0.04
2026-07-10T22:45:48+00:00,,,4923.0,1.04,365.6,112,55,109,27,6.42725133895874,1.3286710977554321,0.06
2026-07-10T22:45:49+00:00,,,4926.0,1.06,365.6,112,55,103,27,6.848522186279297,1.393107295036316,0.06
2026-07-10T22:45:50+00:00,37.44945497252047,126.92789498716593,4926.0,1.06,365.6,111,55,98,27,7.4492878913879395,1.4309654235839844,0.06
2026-07-10T22:45:51+00:00,,,4926.0,1.04,365.79999999999995,111,55,95,27,8.127936363220215,1.4614319801330566,0.08
2026-07-10T22:45:52+00:00,37.44943829253316,126.92787830717862,4929.0,1.04,366.0,111,55,95,27,8.73746109008789,1.5023547410964966,0.08
2026-07-10T22:45:53+00:00,,,4929.0,1.04,366.20000000000005,111,55,99,27,9.344555854797363,1.5444484949111938,0.08
2026-07-10T22:45:54+00:00,,,4931.0,1.04,366.20000000000005,110,55,100,27,9.51929759979248,1.5568091869354248,0.08
2026-07-10T22:45:55+00:00,37.44941825978458,126.92787671461701,4931.0,1.04,366.4,109,55,97,27,9.69369125366211,1.5692533254623413,0.1
2026-07-10T22:45:56+00:00,,,4931.0,1.04,366.6,109,55,99,27,9.86825942993164,1.5818181037902832,0.1
2026-07-10T22:45:57+00:00,37.44939831085503,126.92787830717862,4933.0,1.04,366.79999999999995,109,54,100,27,10.139922142028809,1.5863319635391235,0.1
2026-07-10T22:45:58+00:00,,,4933.0,1.04,366.79999999999995,110,53,104,27,10.315814971923828,1.5991456508636475,0.1
2026-07-10T22:45:59+00:00,37.44938498362899,126.92789498716593,4936.0,1.04,367.0,111,53,110,27,10.492237091064453,1.6121054887771606,0.1
2026-07-10T22:46:00+00:00,,,4936.0,1.04,367.20000000000005,111,52,117,27,10.66830825805664,1.6251466274261475,0.1
2026-07-10T22:46:01+00:00,,,4938.0,1.04,367.4,111,52,121,27,10.844377517700195,1.6382941007614136,0.1
2026-07-10T22:46:02+00:00,37.44937827810645,126.92791669629514,4938.0,1.04,367.4,113,52,118,27,10.969983100891113,1.6477382183074951,0.1
2026-07-10T22:46:03+00:00,,,4938.0,1.02,367.6,114,51,115,27,11.3135347366333,1.6416547298431396,0.1
2026-07-10T22:46:04+00:00,,,4940.0,1.02,368.0,115,48,117,27,11.442245483398438,1.6513481140136719,0.1
2026-07-10T22:46:05+00:00,,,4940.0,1.0,368.20000000000005,115,46,121,27,11.80158805847168,1.645784616470337,0.1
2026-07-10T22:46:06+00:00,,,4940.0,1.0,368.20000000000005,116,46,122,27,11.932479858398438,1.6556557416915894,0.1
2026-07-10T22:46:07+00:00,37.449375009164214,126.92794502712786,4940.0,0.96,368.4,116,47,122,27,12.698287010192871,1.6287763118743896,0.12
2026-07-10T22:46:08+00:00,,,4940.0,0.96,368.6,116,47,120,27,12.835929870605469,1.6390104293823242,0.12
2026-07-10T22:46:09+00:00,37.44936503469944,126.92797168157995,4942.0,0.96,368.6,117,62,118,27,12.83884048461914,1.6564825773239136,0.12
2026-07-10T22:46:10+00:00,,,4942.0,0.96,368.6,118,63,113,27,12.958654403686523,1.665532112121582,0.12
2026-07-10T22:46:11+00:00,37.449346678331494,126.92799330689013,4945.0,1.0,368.6,118,64,108,27,12.555675506591797,1.7034024000167847,0.12
2026-07-10T22:46:12+00:00,,,4945.0,1.0,368.6,119,64,106,27,12.670696258544922,1.7123490571975708,0.12
2026-07-10T22:46:13+00:00,37.449314994737506,126.92801501601934,4948.0,1.04,368.6,120,64,98,27,12.177312850952148,1.7579798698425293,0.12
2026-07-10T22:46:14+00:00,,,4948.0,1.04,368.4,120,69,88,27,12.286967277526855,1.7667970657348633,0.12
2026-07-10T22:46:15+00:00,37.449290016666055,126.92803328856826,4952.0,1.32,368.20000000000005,119,69,76,27,9.93639850616455,1.9796615839004517,0.12
2026-07-10T22:46:16+00:00,37.44927333667874,126.9280450232327,4952.0,1.32,368.0,119,70,87,27,10.02428913116455,1.9876312017440796,0.12
2026-07-10T22:46:17+00:00,,,4955.0,1.4,367.79999999999995,119,70,81,27,9.462356567382812,2.070359230041504,0.12
2026-07-10T22:46:18+00:00,37.44924173690379,126.9280566740781,4957.0,1.4,367.6,119,74,82,27,8.886451721191406,2.0167500972747803,0.12
2026-07-10T22:46:19+00:00,,,4957.0,1.62,367.4,120,83,80,27,7.22756290435791,2.1519863605499268,0.1
2026-07-10T22:46:20+00:00,37.449224973097444,126.92808173596859,4961.0,1.62,367.20000000000005,120,84,91,27,6.726274490356445,2.1044974327087402,0.1
2026-07-10T22:46:21+00:00,,,4961.0,1.64,366.79999999999995,121,85,88,27,6.112097263336182,2.086444616317749,0.1
2026-07-10T22:46:22+00:00,37.449193289503455,126.92808332853019,4963.0,1.64,366.4,121,85,88,27,5.619979381561279,2.0421605110168457,0.08
2026-07-10T22:46:23+00:00,,,4963.0,1.66,366.20000000000005,122,85,87,27,5.09775972366333,2.0089123249053955,0.08
2026-07-10T22:46:24+00:00,37.44917334057391,126.92805172875524,4967.0,1.66,365.79999999999995,123,85,87,27,4.608135223388672,1.9675507545471191,0.06
2026-07-10T22:46:25+00:00,37.44915498420596,126.92803496494889,4967.0,1.66,365.6,123,82,86,27,4.094671726226807,1.9374001026153564,0.06
2026-07-10T22:46:26+00:00,,,4971.0,1.66,365.20000000000005,122,77,87,27,3.020380973815918,1.8545819520950317,0.04
2026-07-10T22:46:27+00:00,37.44912330061197,126.92801828496158,4973.0,1.86,365.0,124,77,87,27,1.7481458187103271,1.967802882194519,0.02
2026-07-10T22:46:28+00:00,,,4973.0,1.86,364.6,125,77,97,27,0.7889975309371948,1.900535225868225,0.0
2026-07-10T22:46:29+00:00,37.44910167530179,126.9280067179352,4977.0,1.88,364.20000000000005,125,74,97,27,-0.17404118180274963,1.8593231439590454,0.0
2026-07-10T22:46:30+00:00,,,4977.0,1.88,364.0,124,74,98,27,-1.122930645942688,1.8048757314682007,-0.02
2026-07-10T22:46:31+00:00,37.449083318933845,126.92797997966409,4980.0,1.76,363.6,126,70,98,27,-2.2199902534484863,1.6375731229782104,-0.02
2026-07-10T22:46:32+00:00,,,4980.0,1.76,363.4,126,69,91,27,-3.2339465618133545,1.5970767736434937,-0.04
2026-07-10T22:46:33+00:00,37.44906001724303,126.92795667797327,4983.0,1.72,363.20000000000005,126,65,91,27,-4.326132774353027,1.534298062324524,-0.06
2026-07-10T22:46:34+00:00,,,4983.0,1.72,363.0,127,65,90,27,-5.431565761566162,1.5063332319259644,-0.08
2026-07-10T22:46:35+00:00,37.44903327897191,126.9279432669282,4986.0,1.72,362.6,125,69,90,27,-6.57856559753418,1.4769971370697021,-0.1
2026-07-10T22:46:36+00:00,37.44901827536523,126.92793002352118,4986.0,1.72,362.20000000000005,127,80,89,27,-7.690464019775391,1.4650262594223022,-0.12
2026-07-10T22:46:37+00:00,,,4989.0,1.7,361.79999999999995,128,83,89,27,-8.9076566696167,1.4437490701675415,-0.14
2026-07-10T22:46:38+00:00,37.44899329729378,126.9278983399272,4991.0,1.7,361.6,129,84,88,27,-10.034965515136719,1.4480228424072266,-0.16
2026-07-10T22:46:39+00:00,37.4489767011255,126.92788333632052,4991.0,1.74,361.20000000000005,130,85,88,27,-10.838236808776855,1.498833179473877,-0.18
2026-07-10T22:46:40+00:00,37.44896002113819,126.92787000909448,4995.0,1.74,360.79999999999995,131,87,91,27,-11.934247016906738,1.5160998106002808,-0.2
2026-07-10T22:46:41+00:00,37.44894334115088,126.92785332910717,4997.0,1.82,360.4,132,92,91,27,-12.52316665649414,1.5898698568344116,-0.22
2026-07-10T22:46:42+00:00,37.44892003946006,126.92783832550049,5000.0,1.82,360.0,131,92,94,27,-13.09142017364502,1.6042428016662598,-0.22
2026-07-10T22:46:43+00:00,37.44889497756958,126.92783002741635,5002.0,1.92,359.6,133,93,95,27,-12.932256698608398,1.6884146928787231,-0.24
2026-07-10T22:46:44+00:00,37.44886999949813,126.92781829275191,5005.0,1.92,359.0,134,95,100,27,-13.46596622467041,1.7040185928344727,-0.24
2026-07-10T22:46:45+00:00,37.448851726949215,126.92780672572553,5008.0,2.2,358.6,135,95,100,27,-12.152874946594238,1.922365665435791,-0.26
2026-07-10T22:46:46+00:00,,,5011.0,2.2,358.0,137,88,115,27,-12.615304946899414,1.9351061582565308,-0.26
2026-07-10T22:46:47+00:00,37.44882666505873,126.92778501659632,5013.0,2.32,357.6,138,86,115,27,-12.401741027832031,2.034240245819092,-0.28
2026-07-10T22:46:48+00:00,,,5013.0,2.32,357.4,138,83,121,27,-12.838936805725098,2.0477657318115234,-0.28
2026-07-10T22:46:49+00:00,37.44880327954888,126.92777495831251,5016.0,2.16,357.0,138,81,121,27,-14.328239440917969,1.9508635997772217,-0.3
2026-07-10T22:46:50+00:00,,,5016.0,2.16,356.6,138,75,112,27,-14.607969284057617,1.9626208543777466,-0.3
2026-07-10T22:46:51+00:00,,,5019.0,1.98,356.4,139,74,112,27,-16.168071746826172,1.8770586252212524,-0.32
2026-07-10T22:46:52+00:00,37.448786683380604,126.9277633074671,5019.0,1.98,356.4,142,71,104,27,-16.472427368164062,1.8924331665039062,-0.32
2026-07-10T22:46:53+00:00,,,5019.0,1.58,356.20000000000005,142,66,103,27,-21.15875244140625,1.7430901527404785,-0.32
2026-07-10T22:46:54+00:00,,,5021.0,1.58,356.20000000000005,141,62,82,27,-21.544130325317383,1.7673282623291016,-0.32
2026-07-10T22:46:55+00:00,37.448766734451056,126.92774168215692,5021.0,1.24,356.0,141,60,82,27,-27.98935890197754,1.7652326822280884,-0.34
2026-07-10T22:46:56+00:00,,,5021.0,1.24,356.0,141,58,64,27,-28.480281829833984,1.7983825206756592,-0.34
2026-07-10T22:46:57+00:00,,,5024.0,1.22,355.79999999999995,143,57,65,27,-29.210159301757812,1.833512783050537,-0.34
2026-07-10T22:46:58+00:00,37.44875173084438,126.9277199730277,5024.0,1.22,355.6,143,57,65,27,-28.661779403686523,1.7960386276245117,-0.34
2026-07-10T22:46:59+00:00,,,5024.0,1.14,355.6,144,57,66,27,-30.350738525390625,1.7720273733139038,-0.34
2026-07-10T22:47:00+00:00,,,5027.0,1.14,355.4,142,55,61,27,-29.75511932373047,1.7332470417022705,-0.32
2026-07-10T22:47:01+00:00,37.4487332906574,126.92770002409816,5027.0,1.04,355.4,140,55,62,27,-31.385011672973633,1.7102664709091187,-0.32
2026-07-10T22:47:02+00:00,,,5027.0,1.04,355.20000000000005,138,54,57,27,-30.746562957763672,1.6707895994186401,-0.32
2026-07-10T22:47:03+00:00,,,5029.0,1.0,355.20000000000005,137,54,57,27,-31.610843658447266,1.6422345638275146,-0.3
2026-07-10T22:47:04+00:00,,,5029.0,1.0,355.20000000000005,135,54,54,27,-30.94114875793457,1.6026365756988525,-0.3
2026-07-10T22:47:05+00:00,,,5029.0,0.34,355.0,133,53,54,27,-89.02381134033203,0.9853666424751282,-0.3
2026-07-10T22:47:06+00:00,,,5029.0,0.34,355.0,134,53,20,27,-86.10430908203125,0.9853666424751282,-0.28
2026-07-10T22:47:07+00:00,,,5029.0,0.36,354.79999999999995,133,52,19,27,-80.80809783935547,1.0143479108810425,-0.28
2026-07-10T22:47:08+00:00,,,5029.0,0.36,354.79999999999995,132,52,19,27,-77.97484588623047,1.0143479108810425,-0.26
2026-07-10T22:47:09+00:00,37.44871501810849,126.92771326750517,5029.0,0.52,354.79999999999995,131,49,19,27,-50.57225036621094,1.4151099920272827,-0.26
2026-07-10T22:47:10+00:00,,,5029.0,0.52,354.6,129,49,27,27,-48.6633415222168,1.3723706007003784,-0.24
2026-07-10T22:47:11+00:00,,,5032.0,0.84,354.79999999999995,129,50,27,27,-29.28954315185547,1.2511117458343506,-0.24
2026-07-10T22:47:12+00:00,37.44870001450181,126.92770002409816,5032.0,0.84,354.6,128,51,48,27,-28.095993041992188,1.1960039138793945,-0.22
2026-07-10T22:47:13+00:00,,,5032.0,0.76,354.4,125,59,47,27,-29.377687454223633,1.1493885517120361,-0.22
2026-07-10T22:47:14+00:00,37.448681658133864,126.92767831496894,5034.0,0.76,354.4,125,64,42,27,-27.403749465942383,1.0666844844818115,-0.2
2026-07-10T22:47:15+00:00,,,5034.0,0.92,354.0,125,66,41,27,-21.251216888427734,1.0136646032333374,-0.18
2026-07-10T22:47:16+00:00,37.44865500368178,126.92766666412354,5037.0,0.92,353.79999999999995,124,66,49,27,-19.607576370239258,0.957447350025177,-0.16
2026-07-10T22:47:17+00:00,37.4486400000751,126.92765333689749,5037.0,1.04,353.4,125,66,48,27,-15.873955726623535,0.9690068364143372,-0.16
2026-07-10T22:47:18+00:00,,,5040.0,1.04,353.20000000000005,125,67,54,27,-14.41890811920166,0.9363962411880493,-0.14
2026-07-10T22:47:19+00:00,37.44863002561033,126.92762332968414,5042.0,1.34,353.0,124,69,54,27,-10.04529857635498,1.13962721824646,-0.12
2026-07-10T22:47:20+00:00,,,5042.0,1.34,352.79999999999995,124,69,70,27,-8.92294979095459,1.1362096071243286,-0.1
2026-07-10T22:47:21+00:00,37.448633294552565,126.92759826779366,5045.0,1.36,352.4,124,59,69,27,-7.6274309158325195,1.1655408143997192,-0.1
2026-07-10T22:47:22+00:00,,,5045.0,1.36,352.4,123,65,71,27,-7.975444316864014,1.1637253761291504,-0.1
2026-07-10T22:47:23+00:00,37.448624996468425,126.9275732897222,5047.0,1.32,352.0,122,64,71,27,-8.642232894897461,1.1192150115966797,-0.1
2026-07-10T22:47:24+00:00,,,5047.0,1.32,351.79999999999995,124,63,68,27,-9.004252433776855,1.1191672086715698,-0.1
2026-07-10T22:47:25+00:00,,,5049.0,1.3,351.6,124,62,68,27,-9.43868637084961,1.1113826036453247,-0.12
2026-07-10T22:47:26+00:00,37.44860831648111,126.92755166441202,5049.0,1.3,351.4,122,61,68,27,-9.80276107788086,1.11270010471344,-0.12
2026-07-10T22:47:27+00:00,,,5049.0,1.26,351.20000000000005,122,56,68,27,-10.57426929473877,1.0745502710342407,-0.12
2026-07-10T22:47:28+00:00,,,5052.0,1.26,351.0,121,56,65,27,-10.954804420471191,1.0778166055679321,-0.12
2026-07-10T22:47:29+00:00,37.4485850147903,126.92753003910184,5052.0,1.2,350.79999999999995,121,56,65,27,-11.806063652038574,1.0439331531524658,-0.14
2026-07-10T22:47:30+00:00,,,5052.0,1.2,350.6,122,56,63,27,-12.12236499786377,1.048135757446289,-0.14
2026-07-10T22:47:31+00:00,37.448568334802985,126.9275116827339,5055.0,1.2,350.4,121,56,63,27,-12.438348770141602,1.0527489185333252,-0.14
2026-07-10T22:47:32+00:00,,,5055.0,1.2,350.4,120,56,63,27,-12.754015922546387,1.0577689409255981,-0.14
2026-07-10T22:47:33+00:00,37.44855500757694,126.92749173380435,5058.0,1.22,350.20000000000005,120,56,63,27,-12.962298393249512,1.070149302482605,-0.14
2026-07-10T22:47:34+00:00,,,5058.0,1.22,350.0,120,56,63,27,-13.27535629272461,1.0758447647094727,-0.16
2026-07-10T22:47:35+00:00,37.4485467094928,126.92745829001069,5060.0,1.22,349.79999999999995,117,56,63,27,-13.589043617248535,1.081954002380371,-0.16
2026-07-10T22:47:36+00:00,,,5060.0,1.22,349.6,114,56,63,27,-13.902101516723633,1.0884499549865723,-0.16
2026-07-10T22:47:37+00:00,37.44853673502803,126.92741671577096,5063.0,1.3,349.20000000000005,114,63,63,27,-13.231327056884766,1.1549794673919678,-0.16
2026-07-10T22:47:38+00:00,,,5063.0,1.3,349.0,113,66,68,27,-13.682879447937012,1.164476990699768,-0.16
2026-07-10T22:47:39+00:00,37.44852173142135,126.92738830111921,5067.0,1.46,348.6,111,66,68,27,-12.586661338806152,1.2836519479751587,-0.18
2026-07-10T22:47:40+00:00,,,5067.0,1.46,348.4,112,66,76,27,-12.987923622131348,1.2917988300323486,-0.18
2026-07-10T22:47:41+00:00,37.448519971221685,126.92735997028649,5070.0,1.48,348.0,110,66,76,27,-13.300102233886719,1.3075858354568481,-0.18
2026-07-10T22:47:42+00:00,,,5070.0,1.48,347.79999999999995,108,66,77,27,-13.69903564453125,1.3171577453613281,-0.2
2026-07-10T22:47:43+00:00,,,5072.0,1.42,347.4,109,66,77,27,-14.596445083618164,1.2959153652191162,-0.2
2026-07-10T22:47:44+00:00,,,5072.0,1.42,347.20000000000005,109,66,74,27,-15.00942611694336,1.3080239295959473,-0.2
2026-07-10T22:47:45+00:00,,,5072.0,0.38,347.0,108,66,74,27,-59.19344711303711,1.0736931562423706,-0.2
2026-07-10T22:47:46+00:00,,,5072.0,0.38,346.79999999999995,110,66,25,27,-59.59618377685547,1.0731968879699707,-0.22
2026-07-10T22:47:47+00:00,,,5072.0,0.38,346.6,110,66,25,27,-58.41960525512695,1.1026077270507812,-0.22
2026-07-10T22:47:48+00:00,,,5072.0,0.38,346.6,111,63,26,27,-58.8121337890625,1.102836012840271,-0.22
2026-07-10T22:47:49+00:00,37.44850169867277,126.92737170495093,5072.0,0.62,346.4,111,61,26,27,-36.88134765625,1.1992394924163818,-0.22
2026-07-10T22:47:50+00:00,,,5072.0,0.62,346.4,110,60,36,27,-37.12562942504883,1.2085418701171875,-0.22
2026-07-10T22:47:51+00:00,,,5075.0,0.62,346.6,111,58,34,27,-36.76765060424805,1.2144986391067505,-0.22
2026-07-10T22:47:52+00:00,,,5075.0,0.62,346.79999999999995,112,58,32,27,-37.00727081298828,1.2237731218338013,-0.22
2026-07-10T22:47:53+00:00,37.44847998954356,126.92735997028649,5075.0,0.64,347.0,112,58,33,27,-36.6566162109375,1.229720950126648,-0.22
2026-07-10T22:47:54+00:00,,,5075.0,0.64,347.20000000000005,112,58,39,27,-35.302978515625,1.1765843629837036,-0.22
2026-07-10T22:47:55+00:00,,,5077.0,0.98,347.20000000000005,113,58,48,27,-21.822837829589844,1.114350438117981,-0.2
2026-07-10T22:47:56+00:00,,,5077.0,0.98,347.4,113,50,80,27,-20.953510284423828,1.0801422595977783,-0.2
2026-07-10T22:47:57+00:00,,,5077.0,1.0,347.4,113,50,89,27,-19.881315231323242,1.0512949228286743,-0.18
2026-07-10T22:47:58+00:00,,,5077.0,1.0,347.6,112,50,98,27,-19.01991081237793,1.0215537548065186,-0.18
2026-07-10T22:47:59+00:00,,,5077.0,0.52,347.79999999999995,111,50,104,27,-34.57100296020508,0.947553813457489,-0.16
2026-07-10T22:48:00+00:00,,,5077.0,0.52,347.79999999999995,111,50,82,27,-32.9310188293457,0.8952532410621643,-0.16
2026-07-10T22:48:01+00:00,,,5077.0,0.36,348.0,111,50,81,27,-45.198158264160156,0.8870161771774292,-0.16
2026-07-10T22:48:02+00:00,,,5077.0,0.36,348.0,111,50,66,27,-41.45719528198242,0.8093745708465576,-0.14
2026-07-10T22:48:03+00:00,,,5077.0,0.0,348.0,110,50,63,27,-41.45719528198242,0.0,-0.12
2026-07-10T22:48:04+00:00,,,5077.0,0.0,348.20000000000005,109,50,0,27,-41.45719528198242,0.0,-0.12
2026-07-10T22:48:05+00:00,,,5077.0,0.0,348.20000000000005,109,50,0,27,-41.45719528198242,0.0,-0.1
2026-07-10T22:48:06+00:00,,,5077.0,0.0,348.20000000000005,110,50,0,27,-41.45719528198242,0.0,-0.08
2026-07-10T22:48:07+00:00,,,5077.0,0.0,348.20000000000005,110,50,0,27,-41.45719528198242,0.0,-0.08
2026-07-10T22:48:08+00:00,,,5077.0,0.0,348.20000000000005,110,48,0,27,-41.45719528198242,0.0,-0.06
2026-07-10T22:48:09+00:00,,,5077.0,0.0,348.20000000000005,110,0,0,27,-41.45719528198242,0.0,-0.04
2026-07-10T22:48:10+00:00,,,5077.0,0.0,348.20000000000005,111,0,0,27,-41.45719528198242,0.0,-0.04
2026-07-10T22:48:11+00:00,,,5077.0,0.0,348.20000000000005,111,55,0,27,-41.45719528198242,0.0,-0.02
2026-07-10T22:48:12+00:00,,,5077.0,0.0,348.20000000000005,110,56,0,27,-41.45719528198242,0.0,0.0
2026-07-10T22:48:13+00:00,37.44850496761501,126.92736332304776,5077.0,0.74,348.0,111,56,0,27,-0.1853221207857132,0.7355040311813354,0.0
2026-07-10T22:48:14+00:00,,,5077.0,0.74,348.0,112,56,48,27,1.625563621520996,0.7835400104522705,0.0
2026-07-10T22:48:15+00:00,37.44852500036359,126.92735326476395,5080.0,1.24,348.0,112,56,47,27,2.0540266036987305,1.3342379331588745,0.02
2026-07-10T22:48:16+00:00,,,5082.0,1.24,348.0,112,58,82,27,3.133635997772217,1.3916226625442505,0.02
2026-07-10T22:48:17+00:00,,,5082.0,1.28,347.79999999999995,112,59,82,27,4.112664222717285,1.483335018157959,0.04
2026-07-10T22:48:18+00:00,,,5082.0,1.28,347.6,112,60,82,27,3.9592628479003906,1.4739435911178589,0.04
2026-07-10T22:48:19+00:00,37.448531705886126,126.9273282866925,5082.0,1.02,347.4,113,60,77,27,4.785780906677246,1.2134634256362915,0.04
2026-07-10T22:48:20+00:00,,,5085.0,1.02,347.20000000000005,114,60,56,27,4.592504024505615,1.2035858631134033,0.04
2026-07-10T22:48:21+00:00,,,5085.0,1.02,347.0,114,59,55,27,4.399999618530273,1.1938847303390503,0.04
2026-07-10T22:48:22+00:00,37.44853673502803,126.92730330862105,5085.0,1.02,346.79999999999995,115,56,54,27,4.206915855407715,1.1842923164367676,0.04
2026-07-10T22:48:23+00:00,,,5085.0,0.98,346.6,115,55,53,28,4.179551124572754,1.1360948085784912,0.04
2026-07-10T22:48:24+00:00,,,5087.0,0.98,346.20000000000005,115,55,50,28,3.9781036376953125,1.126644492149353,0.02
2026-07-10T22:48:25+00:00,,,5087.0,0.92,346.0,115,55,51,28,4.026951313018799,1.059092402458191,0.02
2026-07-10T22:48:26+00:00,,,5087.0,0.92,346.0,115,55,48,28,2.472496747970581,0.9950131773948669,0.02
2026-07-10T22:48:27+00:00,37.448568334802985,126.92726500332355,5087.0,0.88,345.79999999999995,114,63,48,28,0.9493394494056702,0.9091757535934448,0.0
2026-07-10T22:48:28+00:00,,,5090.0,0.88,345.4,115,79,47,28,-0.6597153544425964,0.861487090587616,0.0
2026-07-10T22:48:29+00:00,37.44859825819731,126.92725502885878,5090.0,1.22,345.20000000000005,114,80,47,28,-1.6488454341888428,1.150109052658081,0.0
2026-07-10T22:48:30+00:00,,,5094.0,1.22,344.79999999999995,115,81,63,28,-2.8178975582122803,1.1151846647262573,-0.02
2026-07-10T22:48:31+00:00,37.44862172752619,126.92723826505244,5094.0,1.36,344.20000000000005,115,82,64,28,-3.572441339492798,1.2227696180343628,-0.04
2026-07-10T22:48:32+00:00,37.4486349709332,126.92722669802606,5097.0,1.36,344.0,115,82,71,28,-4.6213059425354,1.1977781057357788,-0.06
2026-07-10T22:48:33+00:00,,,5097.0,1.38,343.79999999999995,116,75,71,28,-5.585329532623291,1.1972110271453857,-0.06
2026-07-10T22:48:34+00:00,37.448653327301145,126.92720834165812,5100.0,1.38,343.6,114,70,72,28,-6.571985244750977,1.1834005117416382,-0.08
2026-07-10T22:48:35+00:00,,,5100.0,1.42,343.4,,60,72,28,-7.28869104385376,1.2194145917892456,-0.1
2026-07-10T22:48:36+00:00,37.44867503643036,126.92717498168349,5102.0,1.42,343.0,116,60,74,28,-8.241555213928223,1.2140425443649292,-0.1
2026-07-10T22:48:37+00:00,,,5102.0,1.48,342.79999999999995,117,62,74,28,-8.816203117370605,1.2643427848815918,-0.12
2026-07-10T22:48:38+00:00,,,5106.0,1.48,342.4,116,69,77,28,-9.72952651977539,1.26640784740448,-0.14
2026-07-10T22:48:39+00:00,37.44869666174054,126.92715830169618,5106.0,1.52,342.0,114,53,78,28,-10.427828788757324,1.2967449426651,-0.14
2026-07-10T22:48:40+00:00,,,5106.0,1.52,341.6,112,71,79,28,-11.322113990783691,1.306542992591858,-0.16
2026-07-10T22:48:41+00:00,37.44871334172785,126.9271382689476,5109.0,1.4,341.6,111,74,79,28,-13.269108772277832,1.2357527017593384,-0.18
2026-07-10T22:48:42+00:00,,,5109.0,1.4,341.4,111,74,73,27,-13.985672950744629,1.2524372339248657,-0.18
2026-07-10T22:48:43+00:00,37.44872499257326,126.92711672745645,5112.0,1.4,341.20000000000005,112,72,72,27,-14.704392433166504,1.2715601921081543,-0.2
2026-07-10T22:48:44+00:00,,,5112.0,1.4,341.0,110,64,72,28,-15.422391891479492,1.2930128574371338,-0.2
2026-07-10T22:48:45+00:00,37.448738319799304,126.9270867202431,5114.0,1.36,340.79999999999995,111,63,72,28,-16.497163772583008,1.300728678703308,-0.22
2026-07-10T22:48:46+00:00,,,5114.0,1.36,340.6,112,63,71,28,-17.22879981994629,1.3277956247329712,-0.22
2026-07-10T22:48:47+00:00,37.44873999617994,126.92705830559134,5117.0,1.38,340.20000000000005,112,69,71,28,-17.704479217529297,1.3663933277130127,-0.24
2026-07-10T22:48:48+00:00,,,5117.0,1.38,339.79999999999995,111,72,72,28,-18.425514221191406,1.3970900774002075,-0.24
2026-07-10T22:48:49+00:00,37.44875667616725,126.92703500390053,5120.0,1.36,339.4,111,73,72,28,-19.43251609802246,1.4225597381591797,-0.26
2026-07-10T22:48:50+00:00,,,5120.0,1.36,339.0,110,76,71,28,-19.558496475219727,1.428557276725769,-0.26
2026-07-10T22:48:51+00:00,37.448763297870755,126.92700667306781,5122.0,1.36,338.6,110,76,71,28,-19.684858322143555,1.4346342086791992,-0.26
2026-07-10T22:48:52+00:00,,,5122.0,1.36,338.20000000000005,111,76,72,28,-19.810964584350586,1.4407596588134766,-0.26
2026-07-10T22:48:53+00:00,37.44876170530915,126.92697172053158,5125.0,1.36,337.79999999999995,110,75,73,27,-20.08513641357422,1.443591833114624,-0.26
2026-07-10T22:48:54+00:00,37.44875826872885,126.92694833502173,5125.0,1.36,337.4,111,76,74,27,-20.21204948425293,1.4499019384384155,-0.26
2026-07-10T22:48:55+00:00,37.44875173084438,126.92692327313125,5128.0,1.38,337.20000000000005,111,77,75,28,-20.042545318603516,1.4628430604934692,-0.26
2026-07-10T22:48:56+00:00,37.44875173084438,126.9268982950598,5130.0,1.38,336.79999999999995,111,78,76,27,-20.167858123779297,1.4691452980041504,-0.26
2026-07-10T22:48:57+00:00,37.448754999786615,126.92687172442675,5132.0,1.52,336.6,111,80,76,27,-18.29055404663086,1.53231680393219,-0.26
2026-07-10T22:48:58+00:00,37.44874997064471,126.92684171721339,5132.0,1.52,336.4,112,81,81,27,-18.450944900512695,1.5400590896606445,-0.28
2026-07-10T22:48:59+00:00,37.448746701702476,126.92681171000004,5137.0,1.7,336.20000000000005,112,81,80,27,-16.739768981933594,1.6271892786026,-0.28
2026-07-10T22:49:00+00:00,37.44874502532184,126.92677826620638,5140.0,1.7,335.79999999999995,112,81,88,27,-16.884170532226562,1.6337896585464478,-0.28
2026-07-10T22:49:01+00:00,37.44874502532184,126.9267500191927,5142.0,1.96,335.6,112,81,88,27,-14.758221626281738,1.785986304283142,-0.28
2026-07-10T22:49:02+00:00,37.448743265122175,126.92671665921807,5145.0,1.96,335.20000000000005,113,81,103,27,-14.883745193481445,1.7910548448562622,-0.28
2026-07-10T22:49:03+00:00,37.4487332906574,126.92669503390789,5148.0,2.14,335.0,113,81,103,27,-13.740421295166016,1.9100388288497925,-0.28
2026-07-10T22:49:04+00:00,,,5151.0,2.14,334.79999999999995,112,83,114,27,-13.855223655700684,1.914275050163269,-0.28
2026-07-10T22:49:05+00:00,37.44871501810849,126.92665002308786,5153.0,2.24,334.79999999999995,114,84,114,27,-13.34345817565918,1.9851367473602295,-0.28
2026-07-10T22:49:06+00:00,37.448698338121176,126.92661833949387,5157.0,2.24,334.6,115,84,122,27,-13.264171600341797,1.9823675155639648,-0.28
2026-07-10T22:49:07+00:00,37.44867327623069,126.92658497951925,5157.0,2.32,334.6,117,84,123,27,-12.67325210571289,2.0424611568450928,-0.28
2026-07-10T22:49:08+00:00,37.448653327301145,126.9265600014478,5161.0,2.32,334.4,117,85,130,27,-12.596659660339355,2.0400826930999756,-0.28
2026-07-10T22:49:09+00:00,37.448633294552565,126.92653669975698,5165.0,2.66,334.20000000000005,118,85,131,27,-10.961298942565918,2.2851011753082275,-0.28
2026-07-10T22:49:10+00:00,37.44860999286175,126.92650828510523,5168.0,2.66,334.0,117,85,154,27,-10.89444637298584,2.2837822437286377,-0.28
2026-07-10T22:49:11+00:00,37.44859825819731,126.92648498341441,5171.0,2.76,333.79999999999995,118,85,155,27,-10.395995140075684,2.369715929031372,-0.28
2026-07-10T22:49:12+00:00,37.448591720312834,126.9264616817236,5175.0,2.76,333.79999999999995,118,85,165,27,-10.331806182861328,2.368751287460327,-0.28
2026-07-10T22:49:13+00:00,37.44857671670616,126.92644332535565,5177.0,2.82,333.6,119,85,165,27,-10.04915714263916,2.4163992404937744,-0.28
2026-07-10T22:49:14+00:00,37.44855827651918,126.92642329260707,5179.0,2.82,333.4,119,85,170,27,-9.869410514831543,2.414371967315674,-0.26
2026-07-10T22:49:15+00:00,37.4485432729125,126.92640828900039,5181.0,2.72,333.20000000000005,119,85,169,27,-10.083715438842773,2.3225529193878174,-0.26
2026-07-10T22:49:16+00:00,37.44853673502803,126.92638666369021,5184.0,2.72,333.20000000000005,119,80,162,27,-9.896858215332031,2.3204715251922607,-0.26
2026-07-10T22:49:17+00:00,37.44852667674422,126.92635498009622,5186.0,2.66,333.20000000000005,120,81,162,27,-9.892711639404297,2.2776169776916504,-0.26
2026-07-10T22:49:18+00:00,37.44852667674422,126.92631172947586,5188.0,2.66,333.20000000000005,120,81,161,27,-9.702531814575195,2.2758870124816895,-0.24
2026-07-10T22:49:19+00:00,37.44852173142135,126.9262833148241,5191.0,2.64,333.20000000000005,121,80,163,27,-9.584607124328613,2.257882833480835,-0.24
2026-07-10T22:49:20+00:00,37.448511673137546,126.92626001313329,5195.0,2.64,333.0,121,81,164,27,-9.39260482788086,2.2567129135131836,-0.24
2026-07-10T22:49:21+00:00,,,5198.0,2.72,333.0,122,82,166,27,-8.963693618774414,2.315171003341675,-0.24
2026-07-10T22:49:22+00:00,37.448486695066094,126.92624174058437,5200.0,2.72,332.79999999999995,123,83,171,27,-8.548325538635254,2.3155593872070312,-0.22
2026-07-10T22:49:23+00:00,,,5200.0,2.64,332.79999999999995,124,83,172,27,-8.38162899017334,2.247819662094116,-0.22
2026-07-10T22:49:24+00:00,37.44845333509147,126.92622003145516,5203.0,2.64,332.79999999999995,124,83,168,27,-7.952770233154297,2.2506327629089355,-0.2
2026-07-10T22:49:25+00:00,37.44844830594957,126.9261900242418,5203.0,2.54,332.6,124,84,169,27,-7.793163776397705,2.175063133239746,-0.18
2026-07-10T22:49:26+00:00,37.44844830594957,126.92615171894431,5207.0,2.54,332.6,124,84,163,27,-7.349552154541016,2.1803388595581055,-0.18
2026-07-10T22:49:27+00:00,37.448446713387966,126.92612003535032,5210.0,2.54,332.6,125,87,163,27,-6.907268047332764,2.1874356269836426,-0.16
2026-07-10T22:49:28+00:00,37.44844000786543,126.92609832622111,5214.0,2.54,332.4,125,87,162,27,-6.464541435241699,2.196383237838745,-0.16
2026-07-10T22:49:29+00:00,37.44842827320099,126.92607829347253,5216.0,2.6,332.20000000000005,125,87,159,27,-5.905563831329346,2.253835439682007,-0.14
2026-07-10T22:49:30+00:00,,,5218.0,2.6,332.0,124,86,160,27,-5.683043956756592,2.2603349685668945,-0.14
2026-07-10T22:49:31+00:00,37.44840497151017,126.9260383117944,5221.0,2.56,332.0,124,85,160,27,-5.5254130363464355,2.2389910221099854,-0.14
2026-07-10T22:49:32+00:00,37.44838829152286,126.92601827904582,5221.0,2.56,331.79999999999995,124,83,158,27,-5.30095911026001,2.2462902069091797,-0.12
2026-07-10T22:49:33+00:00,37.44837169535458,126.9260000064969,5225.0,2.54,331.6,125,82,157,27,-5.115797996520996,2.235076427459717,-0.12
2026-07-10T22:49:34+00:00,37.448351662606,126.92597997374833,5228.0,2.54,331.20000000000005,125,82,153,27,-4.889350414276123,2.2432682514190674,-0.12
2026-07-10T22:49:35+00:00,37.44832827709615,126.92596497014165,5230.0,2.54,331.0,124,82,149,27,-4.663355827331543,2.251931667327881,-0.1
2026-07-10T22:49:36+00:00,37.448304975405335,126.92595331929624,5233.0,2.54,330.79999999999995,123,82,146,27,-4.436229228973389,2.26112961769104,-0.1
2026-07-10T22:49:37+00:00,37.44828167371452,126.92594829015434,5236.0,2.56,330.6,123,82,145,27,-4.177341938018799,2.290106773376465,-0.1
2026-07-10T22:49:38+00:00,37.44825669564307,126.92594669759274,5239.0,2.56,330.4,123,82,146,27,-4.2781171798706055,2.2856807708740234,-0.1
2026-07-10T22:49:39+00:00,,,5241.0,2.56,330.20000000000005,124,82,146,27,-4.378993511199951,2.28134822845459,-0.1
2026-07-10T22:49:40+00:00,37.44822501204908,126.92592498846352,5244.0,2.56,330.0,123,83,146,27,-4.479668140411377,2.2771222591400146,-0.1
2026-07-10T22:49:41+00:00,37.448206739500165,126.92591669037938,5244.0,2.56,330.0,124,83,146,27,-4.598304271697998,2.2633917331695557,-0.1
2026-07-10T22:49:42+00:00,37.44818829931319,126.92590503953397,5248.0,2.56,330.0,124,83,145,27,-4.6997785568237305,2.2593626976013184,-0.1
2026-07-10T22:49:43+00:00,,,5250.0,2.52,330.0,123,83,148,27,-4.857898712158203,2.2267720699310303,-0.12
2026-07-10T22:49:44+00:00,37.448163321241736,126.92589330486953,5252.0,2.52,330.20000000000005,123,83,151,27,-4.960171222686768,2.223010778427124,-0.12
2026-07-10T22:49:45+00:00,,,5252.0,2.48,330.4,122,83,157,27,-5.144303798675537,2.1813063621520996,-0.12
2026-07-10T22:49:46+00:00,37.44813499040902,126.92588173784316,5255.0,2.48,330.4,122,83,161,27,-5.056203842163086,2.184338092803955,-0.12
2026-07-10T22:49:47+00:00,,,5255.0,2.36,330.6,122,81,168,27,-5.199150085449219,2.0827858448028564,-0.12
2026-07-10T22:49:48+00:00,37.4481116887182,126.92585826851428,5259.0,2.36,330.79999999999995,123,79,169,27,-5.107052803039551,2.085771322250366,-0.12
2026-07-10T22:49:49+00:00,,,5259.0,2.3,331.0,124,79,178,27,-5.168057918548584,2.0222389698028564,-0.1
2026-07-10T22:49:50+00:00,37.44808830320835,126.92583169788122,5262.0,2.3,331.0,125,75,181,27,-5.072968482971191,2.025257110595703,-0.1
2026-07-10T22:49:51+00:00,,,5262.0,2.18,331.0,125,70,186,27,-5.27679443359375,1.9047726392745972,-0.1
2026-07-10T22:49:52+00:00,37.44807003065944,126.92581166513264,5266.0,2.18,331.0,127,67,178,27,-5.176310062408447,1.907694935798645,-0.1
2026-07-10T22:49:53+00:00,,,5266.0,2.1,330.79999999999995,129,66,175,27,-5.220470905303955,1.8536888360977173,-0.1
2026-07-10T22:49:54+00:00,,,5268.0,2.1,330.79999999999995,130,65,162,27,-4.880673885345459,1.8637712001800537,-0.1
2026-07-10T22:49:55+00:00,37.44805167429149,126.9258049596101,5268.0,1.88,330.6,130,65,154,27,-5.099071979522705,1.654744029045105,-0.08
2026-07-10T22:49:56+00:00,,,5268.0,1.88,330.4,130,65,131,27,-4.718844890594482,1.6651761531829834,-0.08
2026-07-10T22:49:57+00:00,,,5270.0,1.5,330.4,130,62,125,27,-5.436304569244385,1.313572883605957,-0.08
2026-07-10T22:49:58+00:00,,,5270.0,1.5,330.4,130,61,94,27,-4.96070671081543,1.3232091665267944,-0.06
2026-07-10T22:49:59+00:00,,,5270.0,1.2,330.4,129,58,91,27,-5.605194091796875,1.0483654737472534,-0.06
2026-07-10T22:50:00+00:00,,,5270.0,1.2,330.4,130,56,70,27,-5.010100364685059,1.057719349861145,-0.06
2026-07-10T22:50:01+00:00,,,5270.0,0.48,330.4,132,56,70,27,-11.269319534301758,0.40645545721054077,-0.04
2026-07-10T22:50:02+00:00,,,5270.0,0.48,330.6,133,56,24,27,-10.006208419799805,0.4026475250720978,-0.04
2026-07-10T22:50:03+00:00,,,5270.0,0.48,330.79999999999995,133,56,28,27,-8.560949325561523,0.4101294279098511,-0.04
2026-07-10T22:50:04+00:00,,,5270.0,0.48,330.79999999999995,132,56,34,27,-7.324152946472168,0.4121001660823822,-0.02
2026-07-10T22:50:05+00:00,,,5270.0,0.3,330.79999999999995,130,56,38,27,-10.075624465942383,0.24852848052978516,-0.02
2026-07-10T22:50:06+00:00,,,5270.0,0.3,330.6,129,56,27,27,-8.028512954711914,0.24809961020946503,-0.02
2026-07-10T22:50:07+00:00,,,5270.0,0.0,330.6,129,0,26,27,-8.028512954711914,0.0,0.0
2026-07-10T22:50:08+00:00,,,5270.0,0.0,330.6,129,53,0,27,-8.028512954711914,0.0,0.0
2026-07-10T22:50:09+00:00,,,5270.0,0.0,330.6,130,53,0,27,-8.028512954711914,0.0,0.0
2026-07-10T22:50:10+00:00,,,5270.0,0.0,330.6,130,0,0,27,-8.028512954711914,0.0,0.0
2026-07-10T22:50:11+00:00,,,5270.0,0.0,330.79999999999995,129,0,0,27,-8.028512954711914,0.0,0.0
2026-07-10T22:50:12+00:00,,,5270.0,0.0,330.79999999999995,130,50,0,27,-8.028512954711914,0.0,0.0
2026-07-10T22:50:13+00:00,,,5270.0,0.0,330.79999999999995,128,50,0,27,-8.028512954711914,0.0,0.0
2026-07-10T22:50:14+00:00,,,5270.0,0.0,330.79999999999995,128,50,0,27,-8.028512954711914,0.0,0.0
2026-07-10T22:50:15+00:00,,,5270.0,0.0,330.79999999999995,128,50,0,27,-8.028512954711914,0.0,0.0
2026-07-10T22:50:16+00:00,,,5270.0,0.0,330.79999999999995,127,50,0,27,-8.028512954711914,0.0,0.0
2026-07-10T22:50:17+00:00,37.44806827045977,126.92577327601612,5270.0,0.4,330.79999999999995,127,50,0,27,2.90838885307312,0.44490522146224976,0.0
2026-07-10T22:50:18+00:00,,,5270.0,0.4,330.6,127,45,32,27,2.3531932830810547,0.43535494804382324,0.0
2026-07-10T22:50:19+00:00,37.448085034266114,126.92574326880276,5274.0,1.58,330.6,127,45,28,27,0.4580884873867035,1.5944514274597168,0.0
2026-07-10T22:50:20+00:00,,,5274.0,1.58,330.4,126,53,104,27,0.3169199228286743,1.5867838859558105,0.0
2026-07-10T22:50:21+00:00,37.44808671064675,126.92571996711195,5277.0,1.6,330.20000000000005,125,60,100,27,0.1731221079826355,1.5992106199264526,0.0
2026-07-10T22:50:22+00:00,,,5277.0,1.6,330.0,,60,97,27,0.033868804574012756,1.5917878150939941,0.0
2026-07-10T22:50:23+00:00,,,5279.0,1.38,329.79999999999995,126,56,94,27,-0.12279334664344788,1.3644648790359497,0.0
2026-07-10T22:50:24+00:00,,,5279.0,1.38,329.6,126,56,77,27,-0.2845704257488251,1.3572916984558105,0.0
2026-07-10T22:50:25+00:00,,,5279.0,1.12,329.4,126,57,76,27,-0.5459785461425781,1.100368857383728,0.0
2026-07-10T22:50:26+00:00,37.4480617325753,126.92571326158941,5279.0,1.12,329.20000000000005,126,57,59,27,-0.9470468759536743,1.0867518186569214,0.0
2026-07-10T22:50:27+00:00,,,5279.0,1.0,328.79999999999995,126,59,58,27,-1.509889006614685,0.9542778730392456,0.0
2026-07-10T22:50:28+00:00,,,5282.0,1.0,328.6,125,59,52,27,-1.959534764289856,0.9423280358314514,0.0
2026-07-10T22:50:29+00:00,,,5282.0,0.46,328.4,125,59,52,27,-5.235395908355713,0.4040297865867615,-0.02
2026-07-10T22:50:30+00:00,,,5282.0,0.46,328.20000000000005,125,59,31,27,-6.211909770965576,0.39884501695632935,-0.02
2026-07-10T22:50:31+00:00,,,5282.0,0.48,328.20000000000005,124,62,31,27,-6.888906955718994,0.4134368598461151,-0.02
2026-07-10T22:50:32+00:00,,,5282.0,0.48,328.0,124,63,31,27,-7.823797225952148,0.4109795093536377,-0.02
2026-07-10T22:50:33+00:00,,,5282.0,0.0,328.0,123,63,30,27,-7.823797225952148,0.0,-0.04
2026-07-10T22:50:34+00:00,,,5282.0,0.0,328.0,122,60,0,27,-7.823797225952148,0.0,-0.04
2026-07-10T22:50:35+00:00,,,5282.0,0.0,328.0,122,56,0,27,-7.823797225952148,0.0,-0.04
2026-07-10T22:50:36+00:00,37.44804999791086,126.92568995989859,5282.0,0.0,327.79999999999995,122,59,0,27,-7.823797225952148,0.0,-0.06
2026-07-10T22:50:37+00:00,,,5282.0,0.44,327.6,121,67,0,27,-17.17685890197754,0.42893528938293457,-0.06
2026-07-10T22:50:38+00:00,37.448025019839406,126.92567830905318,5284.0,0.44,327.6,120,85,23,27,-19.085161209106445,0.4549926221370697,-0.08
2026-07-10T22:50:39+00:00,,,5284.0,0.82,327.4,119,84,23,27,-11.39971923828125,0.7014245390892029,-0.08
2026-07-10T22:50:40+00:00,,,5287.0,0.82,327.20000000000005,119,82,43,27,-12.437362670898438,0.7105953097343445,-0.1
2026-07-10T22:50:41+00:00,,,5287.0,0.0,326.79999999999995,118,79,43,27,-12.437362670898438,0.0,-0.1
2026-07-10T22:50:42+00:00,,,5287.0,0.0,326.6,120,78,0,27,-12.437362670898438,0.0,-0.1
2026-07-10T22:50:43+00:00,37.44799828156829,126.92569834180176,5287.0,0.56,326.4,119,77,0,27,-21.78759765625,0.6359578967094421,-0.12
2026-07-10T22:50:44+00:00,,,5287.0,0.56,326.0,119,77,33,27,-22.941316604614258,0.6635079979896545,-0.12
2026-07-10T22:50:45+00:00,37.4479700345546,126.92570672370493,5291.0,1.24,325.79999999999995,118,76,34,27,-10.971148490905762,1.0607236623764038,-0.12
2026-07-10T22:50:46+00:00,,,5291.0,1.24,325.4,117,75,64,27,-11.494842529296875,1.0662108659744263,-0.14
2026-07-10T22:50:47+00:00,37.44795000180602,126.9257000181824,5294.0,1.42,325.20000000000005,117,75,64,27,-10.412698745727539,1.2193341255187988,-0.14
2026-07-10T22:50:48+00:00,,,5294.0,1.42,324.79999999999995,117,83,74,27,-10.867231369018555,1.223481297492981,-0.14
2026-07-10T22:50:49+00:00,37.44793172925711,126.92569834180176,5296.0,1.34,324.6,115,83,74,27,-11.99817180633545,1.168520212173462,-0.16
2026-07-10T22:50:50+00:00,,,5296.0,1.34,324.4,,57,70,27,-12.356914520263672,1.1741979122161865,-0.16
2026-07-10T22:50:51+00:00,37.44791328907013,126.9257000181824,5298.0,1.28,324.20000000000005,115,57,70,27,-13.313589096069336,1.1388486623764038,-0.16
2026-07-10T22:50:52+00:00,,,5298.0,1.28,323.79999999999995,115,61,67,27,-13.689900398254395,1.1467143297195435,-0.16
2026-07-10T22:50:53+00:00,,,5300.0,1.24,323.6,115,77,67,27,-14.639184951782227,1.1235718727111816,-0.18
2026-07-10T22:50:54+00:00,37.44788831099868,126.92569172009826,5300.0,1.24,323.20000000000005,115,82,65,27,-15.03079605102539,1.1335680484771729,-0.18
2026-07-10T22:50:55+00:00,,,5300.0,1.2,322.6,115,82,66,27,-15.940804481506348,1.1214580535888672,-0.18
2026-07-10T22:50:56+00:00,37.447878336533904,126.9256617128849,5303.0,1.2,322.4,114,82,65,27,-16.347198486328125,1.1335275173187256,-0.18
2026-07-10T22:50:57+00:00,37.4478717148304,126.92564000375569,5303.0,1.22,322.0,113,91,65,27,-16.475078582763672,1.156570315361023,-0.18
2026-07-10T22:50:58+00:00,,,5306.0,1.22,321.79999999999995,113,90,66,27,-16.978233337402344,1.1728750467300415,-0.2
2026-07-10T22:50:59+00:00,37.44784497655928,126.9256083201617,5308.0,1.32,321.79999999999995,113,86,65,27,-16.023685455322266,1.2466447353363037,-0.2
2026-07-10T22:51:00+00:00,37.44782670401037,126.92559499293566,5308.0,1.32,321.6,113,85,70,27,-16.483068466186523,1.261987328529358,-0.2
2026-07-10T22:51:01+00:00,37.44781170040369,126.92557998932898,5312.0,1.52,321.4,113,85,69,27,-14.71438217163086,1.3907920122146606,-0.22
2026-07-10T22:51:02+00:00,,,5314.0,1.52,321.20000000000005,113,85,79,27,-15.114920616149902,1.4035848379135132,-0.22
2026-07-10T22:51:03+00:00,37.44778496213257,126.9255533348769,5317.0,1.74,320.79999999999995,113,82,79,27,-13.552335739135742,1.5548099279403687,-0.22
2026-07-10T22:51:04+00:00,37.44776828214526,126.92554327659309,5317.0,1.74,320.6,114,81,92,27,-13.901183128356934,1.565180778503418,-0.24
2026-07-10T22:51:05+00:00,37.447753278538585,126.92552827298641,5320.0,1.8,320.4,115,81,93,27,-13.852324485778809,1.608618974685669,-0.24
2026-07-10T22:51:06+00:00,37.447736682370305,126.9255150295794,5322.0,1.8,320.4,115,81,97,27,-13.98183822631836,1.6127275228500366,-0.24
2026-07-10T22:51:07+00:00,37.447720002382994,126.9255049712956,5325.0,1.88,320.20000000000005,113,81,98,27,-13.435930252075195,1.6763414144515991,-0.24
2026-07-10T22:51:08+00:00,37.447699969634414,126.92548829130828,5327.0,1.88,320.0,113,80,103,27,-13.559491157531738,1.6801316738128662,-0.24
2026-07-10T22:51:09+00:00,37.4476766679436,126.92547496408224,5329.0,1.96,319.79999999999995,114,82,103,27,-13.124321937561035,1.7381584644317627,-0.24
2026-07-10T22:51:10+00:00,37.44765328243375,126.9254666659981,5331.0,1.96,319.6,113,82,107,27,-13.242720603942871,1.7416985034942627,-0.24
2026-07-10T22:51:11+00:00,37.44762503542006,126.92545333877206,5334.0,2.22,319.4,113,82,108,27,-11.796407699584961,1.9310510158538818,-0.26
2026-07-10T22:51:12+00:00,37.44759326800704,126.92544504068792,5337.0,2.22,319.20000000000005,112,82,125,27,-11.900835037231445,1.9335249662399292,-0.26
2026-07-10T22:51:13+00:00,37.447574995458126,126.92543665878475,5340.0,2.48,319.0,113,82,126,27,-10.790342330932617,2.1268208026885986,-0.26
2026-07-10T22:51:14+00:00,37.44755169376731,126.92542827688158,5344.0,2.48,318.6,113,82,141,27,-10.629964828491211,2.1241769790649414,-0.26
2026-07-10T22:51:15+00:00,37.44752327911556,126.9254217389971,5346.0,2.58,318.4,114,83,140,27,-10.023819923400879,2.2104685306549072,-0.24
2026-07-10T22:51:16+00:00,37.44750173762441,126.9254116807133,5349.0,2.58,318.0,115,84,146,27,-9.870278358459473,2.2089016437530518,-0.24
2026-07-10T22:51:17+00:00,37.44748002849519,126.92539826966822,5352.0,2.68,317.79999999999995,115,86,144,27,-9.38965129852295,2.282341957092285,-0.24
2026-07-10T22:51:18+00:00,,,5355.0,2.68,317.6,117,86,149,27,-9.241580963134766,2.2816762924194336,-0.24
2026-07-10T22:51:19+00:00,37.44745169766247,126.925363317132,5357.0,2.66,317.20000000000005,116,86,149,27,-9.127845764160156,2.2727644443511963,-0.24
2026-07-10T22:51:20+00:00,37.44743501767516,126.92534169182181,5362.0,2.66,317.0,,86,148,27,-8.979219436645508,2.2724738121032715,-0.22
2026-07-10T22:51:21+00:00,37.447420014068484,126.92532668821514,5362.0,2.6,316.79999999999995,117,86,147,27,-9.034377098083496,2.2212958335876465,-0.22
2026-07-10T22:51:22+00:00,37.44740174151957,126.92531503736973,5364.0,2.6,316.6,117,87,143,27,-8.955855369567871,2.221189022064209,-0.22
2026-07-10T22:51:23+00:00,37.44738330133259,126.92530673928559,5366.0,2.56,316.20000000000005,118,89,143,27,-9.051556587219238,2.1786093711853027,-0.22
2026-07-10T22:51:24+00:00,37.44736502878368,126.92529668100178,5369.0,2.56,316.0,118,89,140,27,-8.97165298461914,2.178490400314331,-0.22
2026-07-10T22:51:25+00:00,37.447348264977336,126.9252816773951,5371.0,2.5,315.79999999999995,119,89,140,27,-9.069666862487793,2.1359260082244873,-0.22
2026-07-10T22:51:26+00:00,,,5373.0,2.5,315.6,120,89,138,27,-8.988083839416504,2.135794162750244,-0.22
2026-07-10T22:51:27+00:00,37.447335021570325,126.92525829188526,5375.0,2.48,315.4,120,88,139,27,-9.01476001739502,2.1102006435394287,-0.22
2026-07-10T22:51:28+00:00,,,5375.0,2.48,315.20000000000005,119,87,138,27,-8.93243408203125,2.11011004447937,-0.22
2026-07-10T22:51:29+00:00,37.44734172709286,126.92522501572967,5378.0,2.24,315.0,119,83,139,27,-9.802403450012207,1.9087059497833252,-0.2
2026-07-10T22:51:30+00:00,37.4473449960351,126.92520003765821,5378.0,2.24,315.0,120,77,124,27,-9.838227272033691,1.9089856147766113,-0.2
2026-07-10T22:51:31+00:00,,,5381.0,2.04,314.79999999999995,119,73,124,27,-10.846902847290039,1.7487643957138062,-0.22
2026-07-10T22:51:32+00:00,37.44733829051256,126.92515997216105,5383.0,2.04,314.6,119,73,112,27,-10.886373519897461,1.7493435144424438,-0.22
2026-07-10T22:51:33+00:00,,,5383.0,2.02,314.6,120,74,114,27,-11.0343599319458,1.7343571186065674,-0.22
2026-07-10T22:51:34+00:00,37.44732001796365,126.92513667047024,5387.0,2.02,314.6,121,79,115,27,-11.074222564697266,1.7349892854690552,-0.22
2026-07-10T22:51:35+00:00,37.44730501435697,126.92511999048293,5387.0,1.94,314.6,121,79,117,27,-11.514904022216797,1.6820346117019653,-0.22
2026-07-10T22:51:36+00:00,37.44728674180806,126.92510171793401,5390.0,1.94,314.79999999999995,121,80,115,27,-11.556205749511719,1.6828022003173828,-0.22
2026-07-10T22:51:37+00:00,37.44727333076298,126.92508327774704,5392.0,1.94,315.20000000000005,121,80,121,27,-11.657557487487793,1.6760504245758057,-0.22
2026-07-10T22:51:38+00:00,37.447261679917574,126.92505503073335,5395.0,1.94,315.20000000000005,121,80,129,27,-11.237874984741211,1.668540358543396,-0.2
2026-07-10T22:51:39+00:00,37.44724499993026,126.92503172904253,5397.0,2.0,315.4,122,81,136,27,-10.491607666015625,1.7096894979476929,-0.2
2026-07-10T22:51:40+00:00,37.44723167270422,126.92500825971365,5400.0,2.0,315.6,123,82,148,27,-10.084578514099121,1.7054985761642456,-0.2
2026-07-10T22:51:41+00:00,37.447218261659145,126.92497003823519,5402.0,2.1,315.6,124,85,155,27,-9.17101764678955,1.7943857908248901,-0.18
2026-07-10T22:51:42+00:00,37.44720828719437,126.92494003102183,5405.0,2.1,315.6,124,86,169,27,-8.785308837890625,1.7940115928649902,-0.18
2026-07-10T22:51:43+00:00,,,5409.0,2.22,315.79999999999995,124,86,172,27,-7.945567607879639,1.899826169013977,-0.16
2026-07-10T22:51:44+00:00,37.44719001464546,126.92490499466658,5411.0,2.22,316.0,125,86,184,27,-7.5807085037231445,1.9030470848083496,-0.16
2026-07-10T22:51:45+00:00,37.44717501103878,126.92486668936908,5411.0,2.22,316.0,125,86,186,27,-7.21584939956665,1.9073563814163208,-0.16
2026-07-10T22:51:46+00:00,37.44717165827751,126.9248350057751,5415.0,2.22,316.20000000000005,125,86,185,27,-6.483724594116211,1.9193012714385986,-0.14
2026-07-10T22:51:47+00:00,37.447156738489866,126.92481002770364,5419.0,2.3,316.20000000000005,126,86,180,27,-5.57720422744751,2.0014021396636963,-0.12
2026-07-10T22:51:48+00:00,,,5422.0,2.3,316.4,126,86,183,27,-4.868875026702881,2.0231637954711914,-0.1
2026-07-10T22:51:49+00:00,37.44713502936065,126.92477826029062,5424.0,2.34,316.6,127,86,184,27,-4.089120388031006,2.0879547595977783,-0.08
2026-07-10T22:51:50+00:00,,,5428.0,2.34,316.6,127,86,185,27,-3.3936474323272705,2.1187267303466797,-0.06
2026-07-10T22:51:51+00:00,37.44710326194763,126.92475671879947,5428.0,2.3,316.79999999999995,128,86,187,27,-2.745304822921753,2.1143155097961426,-0.06
2026-07-10T22:51:52+00:00,,,5428.0,2.3,317.0,129,86,188,27,-2.0362675189971924,2.1534361839294434,-0.04
2026-07-10T22:51:53+00:00,37.44707828387618,126.92472503520548,5432.0,2.28,317.20000000000005,129,86,192,27,-1.3403536081314087,2.176889419555664,-0.02
2026-07-10T22:51:54+00:00,37.447063280269504,126.92470827139914,5434.0,2.28,317.4,129,86,193,27,-0.6705111265182495,2.221494674682617,0.0
2026-07-10T22:51:55+00:00,,,5434.0,2.24,317.6,129,86,194,27,1.7819027107179863e-06,2.2300002574920654,0.0
2026-07-10T22:51:56+00:00,37.44704173877835,126.92468329332769,5438.0,2.24,317.79999999999995,129,86,193,27,0.6839069724082947,2.2825000286102295,0.0
2026-07-10T22:51:57+00:00,,,5438.0,2.2,317.79999999999995,129,86,194,27,1.3830047845840454,2.308741331100464,0.02
2026-07-10T22:51:58+00:00,37.44701826944947,126.92467499524355,5442.0,2.2,318.0,129,85,193,27,2.076927900314331,2.3692569732666016,0.04
2026-07-10T22:51:59+00:00,,,5442.0,2.02,318.20000000000005,129,85,195,27,3.013990640640259,2.256206750869751,0.06
2026-07-10T22:52:00+00:00,37.44700502604246,126.92465169355273,5444.0,2.02,318.4,128,84,185,27,3.7689950466156006,2.3260984420776367,0.06
2026-07-10T22:52:01+00:00,,,5444.0,1.74,318.6,128,83,184,27,5.2493743896484375,2.1323039531707764,0.08
2026-07-10T22:52:02+00:00,,,5447.0,1.74,318.79999999999995,129,78,165,27,5.644558906555176,2.1689932346343994,0.08
2026-07-10T22:52:03+00:00,37.44699672795832,126.9246117118746,5447.0,1.46,319.0,129,74,165,27,7.245798110961914,1.9397046566009521,0.1
2026-07-10T22:52:04+00:00,37.446994967758656,126.92458832636476,5447.0,1.46,319.20000000000005,129,63,149,27,7.719072341918945,1.981309175491333,0.1
2026-07-10T22:52:05+00:00,37.446994967758656,126.92456167191267,5450.0,1.4,319.4,130,61,152,27,8.546961784362793,1.9717084169387817,0.1
2026-07-10T22:52:06+00:00,,,5453.0,1.4,319.4,129,64,149,27,9.040665626525879,2.0164430141448975,0.12
2026-07-10T22:52:07+00:00,37.44698826223612,126.92452328279614,5455.0,1.64,319.4,131,84,146,27,8.080540657043457,2.277736186981201,0.12
2026-07-10T22:52:08+00:00,37.446981724351645,126.9244983047247,5455.0,1.64,319.4,132,86,156,27,8.498566627502441,2.321232318878174,0.12
2026-07-10T22:52:09+00:00,37.44696328416467,126.92445832304657,5458.0,1.68,319.4,131,87,146,27,8.756824493408203,2.3915622234344482,0.14
2026-07-10T22:52:10+00:00,37.44695171713829,126.92442831583321,5461.0,1.68,319.20000000000005,131,87,138,27,8.683172225952148,2.383575439453125,0.14
2026-07-10T22:52:11+00:00,37.44694668799639,126.92440333776176,5465.0,2.2,318.79999999999995,132,87,126,27,6.535239219665527,2.8514983654022217,0.14
2026-07-10T22:52:12+00:00,37.446941658854485,126.92437668330967,5468.0,2.2,318.6,131,87,152,27,6.479162216186523,2.8444454669952393,0.14
2026-07-10T22:52:13+00:00,37.44693168438971,126.92434332333505,5470.0,2.32,318.4,132,87,142,27,6.090962886810303,2.948823928833008,0.14
2026-07-10T22:52:14+00:00,37.446913328021765,126.92430501803756,5472.0,2.32,318.20000000000005,131,87,142,27,6.037892818450928,2.9419801235198975,0.14
2026-07-10T22:52:15+00:00,37.44689497165382,126.9242750108242,5476.0,2.48,318.0,130,86,137,27,5.598555564880371,3.0852789878845215,0.12
2026-07-10T22:52:16+00:00,37.44687829166651,126.92425170913339,5480.0,2.48,318.0,129,86,145,27,5.548908710479736,3.07865309715271,0.12
2026-07-10T22:52:17+00:00,37.44685498997569,126.92422170192003,5483.0,2.86,317.79999999999995,130,86,144,27,4.768505096435547,3.4336280822753906,0.12
2026-07-10T22:52:18+00:00,37.44683830998838,126.92420326173306,5486.0,2.86,317.79999999999995,132,86,168,27,4.271236419677734,3.3625457286834717,0.12
2026-07-10T22:52:19+00:00,37.446820037439466,126.9241766911,5489.0,3.0,317.6,132,86,169,27,3.6108322143554688,3.4208924770355225,0.1
2026-07-10T22:52:20+00:00,37.446800004690886,126.92415665835142,5492.0,3.0,317.4,132,86,178,27,3.135183334350586,3.355813980102539,0.08
2026-07-10T22:52:21+00:00,37.44677829556167,126.92413503304124,5495.0,2.94,317.20000000000005,132,86,179,27,2.7144813537597656,3.2341160774230957,0.06
2026-07-10T22:52:22+00:00,37.44675826281309,126.9241182692349,5498.0,2.94,317.20000000000005,132,86,177,27,2.23006272315979,3.1739163398742676,0.06
2026-07-10T22:52:23+00:00,,,5501.0,2.94,317.20000000000005,134,86,179,27,1.7456437349319458,3.1162831783294678,0.04
2026-07-10T22:52:24+00:00,37.44674501940608,126.92408331669867,5503.0,2.94,317.20000000000005,133,86,181,27,1.2602548599243164,3.061117172241211,0.02
2026-07-10T22:52:25+00:00,,,5503.0,2.8,317.4,133,85,185,27,0.8113498091697693,2.8787481784820557,0.02
2026-07-10T22:52:26+00:00,37.446734961122274,126.92405330948532,5507.0,2.8,317.6,132,85,181,27,0.48797523975372314,2.846529483795166,0.0
2026-07-10T22:52:27+00:00,,,5507.0,2.58,317.79999999999995,133,83,187,27,0.17933760583400726,2.595487356185913,0.0
2026-07-10T22:52:28+00:00,,,5510.0,2.58,318.0,134,81,177,27,-0.17231284081935883,2.5654141902923584,0.0
2026-07-10T22:52:29+00:00,37.44673169218004,126.9240249786526,5510.0,2.14,318.20000000000005,136,77,185,27,-0.6291576623916626,2.096987724304199,0.0
2026-07-10T22:52:30+00:00,,,5510.0,2.14,318.4,136,77,165,27,-1.0514191389083862,2.0699148178100586,-0.02
2026-07-10T22:52:31+00:00,37.4467249866575,126.92400326952338,5512.0,1.64,318.6,134,73,175,27,-1.9369909763336182,1.536941647529602,-0.02
2026-07-10T22:52:32+00:00,,,5512.0,1.64,318.6,134,72,152,27,-2.490816354751587,1.5145872831344604,-0.04
2026-07-10T22:52:33+00:00,,,5514.0,1.38,318.79999999999995,133,56,160,27,-3.597517728805542,1.2492647171020508,-0.04
2026-07-10T22:52:34+00:00,37.4467300157994,126.92396672442555,5514.0,1.38,319.0,133,56,146,27,-3.3250224590301514,1.256803274154663,-0.04
2026-07-10T22:52:35+00:00,,,5514.0,1.24,319.20000000000005,132,55,145,27,-3.423868179321289,1.1177170276641846,-0.04
2026-07-10T22:52:36+00:00,,,5518.0,1.24,319.4,131,55,140,27,-3.1169164180755615,1.1255580186843872,-0.02
2026-07-10T22:52:37+00:00,37.4467300157994,126.92391500808299,5518.0,1.34,319.79999999999995,,54,144,27,-2.599822759628296,1.232420563697815,-0.02
2026-07-10T22:52:38+00:00,37.4467249866575,126.92390830256045,5521.0,1.34,320.0,132,53,153,27,-2.316516876220703,1.2414029836654663,-0.02
2026-07-10T22:52:39+00:00,,,5521.0,1.34,320.20000000000005,132,53,153,27,-2.033494234085083,1.250779628753662,-0.02
2026-07-10T22:52:40+00:00,37.44671165943146,126.92389003001153,5523.0,1.34,320.6,131,53,155,27,-1.7493383884429932,1.2605993747711182,-0.02
2026-07-10T22:52:41+00:00,37.44670000858605,126.92387167364359,5523.0,1.2,320.79999999999995,131,54,160,27,-1.6388238668441772,1.1314200162887573,0.0
2026-07-10T22:52:42+00:00,,,5525.0,1.2,321.0,131,54,157,27,-0.13190209865570068,1.1848382949829102,0.0
2026-07-10T22:52:43+00:00,37.446690034121275,126.92384996451437,5527.0,1.34,321.20000000000005,131,54,160,27,1.219762921333313,1.3979136943817139,0.0
2026-07-10T22:52:44+00:00,,,5527.0,1.34,321.4,132,54,170,27,2.555325508117676,1.4699089527130127,0.02
2026-07-10T22:52:45+00:00,,,5529.0,1.28,321.6,132,54,169,27,4.076073169708252,1.4927469491958618,0.04
2026-07-10T22:52:46+00:00,37.446670001372695,126.92382666282356,5529.0,1.28,321.79999999999995,132,55,163,27,5.474239826202393,1.583860158920288,0.06
2026-07-10T22:52:47+00:00,,,5529.0,1.2,322.0,132,56,158,27,7.393674850463867,1.6024633646011353,0.08
2026-07-10T22:52:48+00:00,37.44665172882378,126.92380998283625,5532.0,1.2,322.0,131,56,149,27,8.903606414794922,1.7155754566192627,0.1
2026-07-10T22:52:49+00:00,,,5532.0,1.18,322.20000000000005,130,56,143,27,10.492680549621582,1.829156756401062,0.12
2026-07-10T22:52:50+00:00,37.4466282594949,126.92379497922957,5535.0,1.18,322.20000000000005,130,58,135,27,11.273122787475586,1.8956613540649414,0.12
2026-07-10T22:52:51+00:00,,,5535.0,1.26,322.20000000000005,129,58,126,27,11.374156951904297,2.017418384552002,0.14
2026-07-10T22:52:52+00:00,,,5538.0,1.26,322.4,128,59,122,27,12.110892295837402,2.086498498916626,0.14
2026-07-10T22:52:53+00:00,37.44661166332662,126.92377327010036,5538.0,1.22,322.6,129,59,119,27,13.268548965454102,2.129016876220703,0.16
2026-07-10T22:52:54+00:00,,,5538.0,1.22,322.79999999999995,129,59,117,27,14.026605606079102,2.2032995223999023,0.16
2026-07-10T22:52:55+00:00,37.44660168886185,126.92374502308667,5540.0,1.18,322.79999999999995,129,59,116,27,15.162877082824707,2.2610645294189453,0.16
2026-07-10T22:52:56+00:00,,,5540.0,1.18,323.0,130,59,114,27,15.93942928314209,2.340425729751587,0.18
2026-07-10T22:52:57+00:00,37.44660168886185,126.92371828481555,5543.0,1.22,322.79999999999995,130,59,111,27,16.303049087524414,2.4387435913085938,0.18
2026-07-10T22:52:58+00:00,,,5543.0,1.22,323.0,130,59,106,27,16.0023250579834,2.4066102504730225,0.18
2026-07-10T22:52:59+00:00,37.446616692468524,126.9236866850406,5546.0,1.22,323.0,130,59,104,27,15.571404457092285,2.3806145191192627,0.18
2026-07-10T22:53:00+00:00,37.4466282594949,126.92366497591138,5546.0,1.22,323.20000000000005,130,62,109,27,15.273146629333496,2.349233627319336,0.18
2026-07-10T22:53:01+00:00,,,5549.0,1.28,323.4,129,64,111,27,14.27208423614502,2.35668683052063,0.18
2026-07-10T22:53:02+00:00,37.446649968624115,126.92364167422056,5551.0,1.28,323.4,129,71,115,27,13.986666679382324,2.3265671730041504,0.16
2026-07-10T22:53:03+00:00,37.44666329585016,126.92362331785262,5551.0,1.46,323.6,130,73,112,27,12.096153259277344,2.418710470199585,0.16
2026-07-10T22:53:04+00:00,,,5554.0,1.46,323.79999999999995,131,76,124,27,11.844698905944824,2.3910932540893555,0.16
2026-07-10T22:53:05+00:00,37.44669330306351,126.92359833978117,5556.0,1.6,324.20000000000005,,78,127,27,10.506153106689453,2.4817421436309814,0.16
2026-07-10T22:53:06+00:00,,,5556.0,1.6,324.4,132,80,144,27,10.27856159210205,2.4560351371765137,0.16
2026-07-10T22:53:07+00:00,37.44670998305082,126.923558274284,5560.0,1.76,324.6,132,81,154,27,9.188833236694336,2.555875301361084,0.16
2026-07-10T22:53:08+00:00,,,5560.0,1.76,324.79999999999995,133,81,170,27,8.98075008392334,2.5317742824554443,0.14
2026-07-10T22:53:09+00:00,37.44670503772795,126.92352332174778,5564.0,1.84,325.0,133,81,172,27,8.34257698059082,2.5859687328338623,0.14
2026-07-10T22:53:10+00:00,,,5564.0,1.84,325.20000000000005,133,81,182,27,8.144869804382324,2.562946081161499,0.14
2026-07-10T22:53:11+00:00,37.44669673964381,126.9234966672957,5568.0,1.78,325.6,134,79,188,27,8.26042652130127,2.478358030319214,0.14
2026-07-10T22:53:12+00:00,,,5568.0,1.78,325.79999999999995,134,77,190,27,8.054488182067871,2.4553983211517334,0.14
2026-07-10T22:53:13+00:00,37.446686681360006,126.92347328178585,5570.0,1.66,326.0,135,76,194,27,8.367975234985352,2.3356781005859375,0.12
2026-07-10T22:53:14+00:00,,,5572.0,1.66,326.4,134,72,188,27,8.55807113647461,2.355888843536377,0.14
2026-07-10T22:53:15+00:00,,,5572.0,1.54,326.6,133,67,188,27,9.491888046264648,2.265657663345337,0.14
2026-07-10T22:53:16+00:00,,,5572.0,1.54,327.0,134,67,183,27,9.698342323303223,2.287112236022949,0.14
2026-07-10T22:53:17+00:00,,,5572.0,1.36,327.20000000000005,134,60,186,27,11.225903511047363,2.1640851497650146,0.14
2026-07-10T22:53:18+00:00,37.44668827392161,126.9234483037144,5572.0,1.36,327.6,134,58,182,27,11.459884643554688,2.1873717308044434,0.14
2026-07-10T22:53:19+00:00,,,5572.0,0.0,328.0,134,54,189,27,11.459884643554688,0.0,0.14
2026-07-10T22:53:20+00:00,37.446681736037135,126.92342500202358,5575.0,0.0,328.20000000000005,135,53,0,27,11.459884643554688,0.0,0.16
2026-07-10T22:53:21+00:00,,,5575.0,0.44,328.6,135,53,0,27,37.31901168823242,1.8791601657867432,0.16
2026-07-10T22:53:22+00:00,,,5577.0,0.44,328.79999999999995,135,53,93,27,39.39197540283203,1.9811667203903198,0.16
2026-07-10T22:53:23+00:00,37.44667670689523,126.92338996566832,5577.0,1.12,329.0,135,53,93,27,16.28573226928711,2.255628824234009,0.18
2026-07-10T22:53:24+00:00,,,5577.0,1.12,329.20000000000005,135,53,179,27,17.099294662475586,2.3374505043029785,0.18
2026-07-10T22:53:25+00:00,37.44667167775333,126.9233666639775,5580.0,1.2,329.4,135,53,174,27,16.859161376953125,2.457657814025879,0.2
2026-07-10T22:53:26+00:00,,,5580.0,1.2,329.4,135,53,170,27,17.62333869934082,2.540663242340088,0.2
2026-07-10T22:53:27+00:00,37.44666673243046,126.92333833314478,5582.0,1.12,329.6,134,53,160,27,19.537551879882812,2.594296932220459,0.2
2026-07-10T22:53:28+00:00,,,5585.0,1.12,329.6,134,53,146,27,20.352739334106445,2.683809280395508,0.22
2026-07-10T22:53:29+00:00,37.44665172882378,126.92331997677684,5585.0,1.38,329.4,134,53,132,27,17.175811767578125,2.8896822929382324,0.22
2026-07-10T22:53:30+00:00,,,5585.0,1.38,329.4,133,54,131,27,17.0489444732666,2.8737614154815674,0.22
2026-07-10T22:53:31+00:00,37.446633288636804,126.9233116786927,5587.0,1.34,329.20000000000005,134,54,116,27,17.42721176147461,2.8367273807525635,0.22
2026-07-10T22:53:32+00:00,,,5589.0,1.34,329.0,135,55,100,27,17.296817779541016,2.8207218647003174,0.22
2026-07-10T22:53:33+00:00,37.44661166332662,126.9233132712543,5589.0,1.3,328.79999999999995,134,55,90,27,17.831789016723633,2.7790541648864746,0.22
2026-07-10T22:53:34+00:00,,,5589.0,1.3,328.79999999999995,133,55,80,27,17.696203231811523,2.762847900390625,0.22
2026-07-10T22:53:35+00:00,37.446593306958675,126.92331503145397,5592.0,1.28,328.79999999999995,,55,77,27,17.69740104675293,2.741572380065918,0.22
2026-07-10T22:53:36+00:00,,,5592.0,1.28,328.79999999999995,133,55,75,27,17.561168670654297,2.725476026535034,0.22
2026-07-10T22:53:37+00:00,,,5594.0,1.24,328.79999999999995,132,55,74,27,17.986604690551758,2.689199447631836,0.22
2026-07-10T22:53:38+00:00,37.44657997973263,126.92333330400288,5594.0,1.24,329.0,132,55,73,27,16.903011322021484,2.565831184387207,0.2
2026-07-10T22:53:39+00:00,,,5594.0,1.16,329.0,132,55,75,27,16.908090591430664,2.4008262157440186,0.18
2026-07-10T22:53:40+00:00,37.446573274210095,126.9233666639775,5596.0,1.16,329.20000000000005,131,55,74,27,15.743961334228516,2.2809321880340576,0.18
2026-07-10T22:53:41+00:00,,,5596.0,1.14,329.20000000000005,131,55,78,27,14.842705726623535,2.153383731842041,0.16
2026-07-10T22:53:42+00:00,,,5599.0,1.14,329.4,131,55,84,27,13.659335136413574,2.0416793823242188,0.14
2026-07-10T22:53:43+00:00,37.44656329974532,126.92339667119086,5599.0,1.14,329.4,131,56,91,27,12.589946746826172,1.9278520345687866,0.14
2026-07-10T22:53:44+00:00,,,5602.0,1.14,329.4,131,59,95,27,11.394911766052246,1.825478434562683,0.12
2026-07-10T22:53:45+00:00,,,5602.0,1.16,329.6,131,59,97,27,10.028341293334961,1.7451905012130737,0.1
2026-07-10T22:53:46+00:00,37.446539998054504,126.9234150275588,5602.0,1.16,329.79999999999995,130,59,101,27,9.226344108581543,1.682448387145996,0.1
2026-07-10T22:53:47+00:00,,,5602.0,1.14,330.0,130,59,104,27,8.499859809875488,1.6136342287063599,0.08
2026-07-10T22:53:48+00:00,37.446519965305924,126.92342827096581,5605.0,1.14,330.20000000000005,129,58,108,27,7.688401699066162,1.5555719137191772,0.08
2026-07-10T22:53:49+00:00,,,5605.0,1.16,330.6,129,58,112,27,6.822752475738525,1.5096611976623535,0.06
2026-07-10T22:53:50+00:00,37.44649833999574,126.92345500923693,5607.0,1.16,330.79999999999995,129,58,122,27,6.020753860473633,1.4572161436080933,0.06
2026-07-10T22:53:51+00:00,,,5607.0,1.18,331.20000000000005,129,55,129,27,5.087637424468994,1.4360548257827759,0.06
2026-07-10T22:53:52+00:00,37.44647830724716,126.92347671836615,5611.0,1.18,331.4,128,55,142,27,4.305248260498047,1.3893158435821533,0.04
2026-07-10T22:53:53+00:00,37.44646171107888,126.92349172197282,5611.0,1.24,331.79999999999995,128,50,155,27,3.3833987712860107,1.3943274021148682,0.04
2026-07-10T22:53:54+00:00,,,5614.0,1.24,332.20000000000005,128,49,172,27,3.959751605987549,1.4275490045547485,0.04
2026-07-10T22:53:55+00:00,37.446443270891905,126.9235016964376,5616.0,1.3,332.4,128,49,180,27,4.292943477630615,1.529815673828125,0.04
2026-07-10T22:53:56+00:00,,,5616.0,1.3,332.6,128,49,184,27,4.836625576019287,1.5652576684951782,0.06
2026-07-10T22:53:57+00:00,,,5618.0,1.28,332.79999999999995,128,49,185,27,5.467144966125488,1.5833748579025269,0.06
2026-07-10T22:53:58+00:00,37.44642332196236,126.9234982598573,5618.0,1.28,332.79999999999995,128,49,182,27,6.019876003265381,1.6218825578689575,0.06
2026-07-10T22:53:59+00:00,,,5618.0,1.24,333.0,129,49,173,27,6.785769939422607,1.625138282775879,0.08
2026-07-10T22:54:00+00:00,,,5620.0,1.24,333.0,129,49,163,27,7.359189987182617,1.6672171354293823,0.08
2026-07-10T22:54:01+00:00,,,5620.0,0.38,333.20000000000005,128,0,153,27,25.87602996826172,1.1299610137939453,0.08
2026-07-10T22:54:02+00:00,,,5620.0,0.38,333.0,128,0,80,27,28.48401641845703,1.2399208545684814,0.1
2026-07-10T22:54:03+00:00,,,5620.0,0.0,333.0,128,0,72,27,28.48401641845703,0.0,0.1
2026-07-10T22:54:04+00:00,,,5620.0,0.0,333.20000000000005,128,0,0,27,28.48401641845703,0.0,0.12
2026-07-10T22:54:05+00:00,,,5620.0,0.0,333.20000000000005,129,0,0,27,28.48401641845703,0.0,0.12
2026-07-10T22:54:06+00:00,,,5620.0,0.0,333.20000000000005,129,0,0,27,28.48401641845703,0.0,0.14
2026-07-10T22:54:07+00:00,,,5620.0,0.0,333.20000000000005,128,0,0,27,28.48401641845703,0.0,0.14
2026-07-10T22:54:08+00:00,,,5620.0,0.0,333.20000000000005,128,0,0,27,28.48401641845703,0.0,0.16
2026-07-10T22:54:09+00:00,,,5620.0,0.0,333.0,127,0,0,27,28.48401641845703,0.0,0.16
2026-07-10T22:54:10+00:00,,,5620.0,0.0,333.0,127,0,0,27,28.48401641845703,0.0,0.16
2026-07-10T22:54:11+00:00,37.44642332196236,126.9234649837017,5620.0,0.0,333.20000000000005,128,0,0,27,28.48401641845703,0.0,0.16
2026-07-10T22:54:12+00:00,,,5620.0,0.0,333.20000000000005,127,54,0,27,28.48401641845703,0.0,0.16
2026-07-10T22:54:13+00:00,37.446421729400754,126.92343330010772,5623.0,1.0,333.20000000000005,126,59,0,27,16.238910675048828,2.009805202484131,0.16
2026-07-10T22:54:14+00:00,,,5623.0,1.0,333.20000000000005,126,59,69,27,15.857791900634766,1.9762606620788574,0.14
2026-07-10T22:54:15+00:00,37.44640672579408,126.92339499481022,5626.0,1.36,333.20000000000005,125,59,69,27,11.37850284576416,2.195387601852417,0.14
2026-07-10T22:54:16+00:00,,,5626.0,1.36,333.20000000000005,125,59,94,27,11.09798812866211,2.167393207550049,0.14
2026-07-10T22:54:17+00:00,37.446393314749,126.92336331121624,5630.0,1.62,333.4,124,59,96,27,9.137266159057617,2.345888376235962,0.14
2026-07-10T22:54:18+00:00,,,5630.0,1.62,333.6,124,59,117,27,8.520685195922852,2.281057357788086,0.12
2026-07-10T22:54:19+00:00,37.44637998752296,126.92334503866732,5633.0,1.6,333.79999999999995,124,59,122,27,7.9503912925720215,2.209167957305908,0.12
2026-07-10T22:54:20+00:00,,,5633.0,1.6,333.79999999999995,124,55,127,27,7.32871150970459,2.148315191268921,0.1
2026-07-10T22:54:21+00:00,37.446361714974046,126.92333674058318,5635.0,1.48,333.79999999999995,124,55,127,27,7.249499320983887,1.9801639318466187,0.1
2026-07-10T22:54:22+00:00,,,5635.0,1.48,333.6,122,54,118,27,6.5774126052856445,1.9218600988388062,0.08
2026-07-10T22:54:23+00:00,,,5637.0,1.4,333.4,122,54,113,27,6.286253452301025,1.7819617986679077,0.08
2026-07-10T22:54:24+00:00,,,5637.0,1.4,333.0,,54,100,27,5.571367263793945,1.7272138595581055,0.06
2026-07-10T22:54:25+00:00,37.44634000584483,126.92329332232475,5637.0,1.28,332.79999999999995,120,54,92,27,5.269944667816162,1.5699783563613892,0.06
2026-07-10T22:54:26+00:00,37.44632827118039,126.92327999509871,5641.0,1.28,332.4,120,54,78,27,4.471822738647461,1.5176087617874146,0.04
2026-07-10T22:54:27+00:00,,,5641.0,1.28,332.20000000000005,120,53,72,27,3.676886558532715,1.4684158563613892,0.04
2026-07-10T22:54:28+00:00,37.44630832225084,126.92325996235013,5644.0,1.28,331.79999999999995,119,53,69,27,2.879560708999634,1.4220736026763916,0.02
2026-07-10T22:54:29+00:00,,,5644.0,1.3,331.6,120,52,67,27,2.0509843826293945,1.3986362218856812,0.02
2026-07-10T22:54:30+00:00,37.44629172608256,126.92323171533644,5646.0,1.3,331.4,119,52,68,27,1.265141487121582,1.3584154844284058,0.0
2026-07-10T22:54:31+00:00,,,5646.0,1.36,331.0,119,52,68,27,0.4653220772743225,1.3713656663894653,0.0
2026-07-10T22:54:32+00:00,37.4462899658829,126.92320673726499,5650.0,1.36,330.79999999999995,119,52,71,27,-0.2906607687473297,1.3372137546539307,0.0
2026-07-10T22:54:33+00:00,,,5650.0,1.38,330.6,119,54,71,28,-1.0298755168914795,1.3259942531585693,0.0
2026-07-10T22:54:34+00:00,,,5652.0,1.38,330.4,117,54,72,28,-1.8447706699371338,1.2950682640075684,-0.02
2026-07-10T22:54:35+00:00,37.44627831503749,126.92317329347134,5652.0,1.32,330.20000000000005,117,56,72,28,-2.7570338249206543,1.2183802127838135,-0.02
2026-07-10T22:54:36+00:00,,,5652.0,1.32,330.0,116,56,69,28,-3.6011078357696533,1.1948564052581787,-0.04
2026-07-10T22:54:37+00:00,,,5655.0,1.28,330.0,115,56,69,28,-4.5858354568481445,1.1363857984542847,-0.04
2026-07-10T22:54:38+00:00,37.44627169333398,126.92314831539989,5655.0,1.28,329.79999999999995,115,56,67,28,-5.453674793243408,1.120635747909546,-0.06
2026-07-10T22:54:39+00:00,,,5655.0,1.24,329.79999999999995,114,57,67,28,-6.582110404968262,1.0623650550842285,-0.08
2026-07-10T22:54:40+00:00,,,5657.0,1.24,329.79999999999995,115,57,65,28,-7.489758491516113,1.0549296140670776,-0.08
2026-07-10T22:54:41+00:00,37.44625828228891,126.92312501370907,5657.0,1.2,329.6,116,57,66,28,-8.675925254821777,1.0166635513305664,-0.1
2026-07-10T22:54:42+00:00,,,5657.0,1.2,329.6,118,52,64,28,-9.269211769104004,1.0169750452041626,-0.1
2026-07-10T22:54:43+00:00,,,5660.0,1.16,329.6,117,52,66,28,-10.206155776977539,0.9862418174743652,-0.1
2026-07-10T22:54:44+00:00,,,5660.0,1.16,329.6,116,52,66,28,-10.818238258361816,0.9904450178146362,-0.12
2026-07-10T22:54:45+00:00,,,5660.0,1.1,329.4,117,51,68,28,-12.060806274414062,0.9512840509414673,-0.12
2026-07-10T22:54:46+00:00,,,5660.0,1.1,329.4,117,51,65,28,-12.707228660583496,0.9601073861122131,-0.12
2026-07-10T22:54:47+00:00,37.44626331143081,126.92310171201825,5660.0,1.0,329.6,118,51,65,28,-14.556185722351074,0.9118151068687439,-0.14
2026-07-10T22:54:48+00:00,,,5660.0,1.0,329.6,118,48,62,28,-15.26219654083252,0.926636815071106,-0.14
2026-07-10T22:54:49+00:00,,,5662.0,0.96,329.6,118,48,64,28,-16.80715560913086,0.9164159893989563,-0.14
2026-07-10T22:54:50+00:00,,,5662.0,0.96,329.6,117,48,62,28,-16.4830379486084,0.9082476496696472,-0.14
2026-07-10T22:54:51+00:00,,,5662.0,0.84,329.6,114,46,63,28,-18.273866653442383,0.8463650941848755,-0.14
2026-07-10T22:54:52+00:00,,,5662.0,0.84,329.6,,46,57,28,-17.90693473815918,0.8368326425552368,-0.14
2026-07-10T22:54:53+00:00,,,5662.0,0.76,329.6,115,46,59,28,-19.64439582824707,0.790081799030304,-0.14
2026-07-10T22:54:54+00:00,,,5662.0,0.76,329.6,114,46,54,28,-19.233022689819336,0.779331386089325,-0.14
2026-07-10T22:54:55+00:00,,,5662.0,0.68,329.79999999999995,114,46,56,28,-20.759170532226562,0.7443655729293823,-0.14
2026-07-10T22:54:56+00:00,,,5662.0,0.68,329.79999999999995,113,46,53,28,-20.305452346801758,0.7326793670654297,-0.12
2026-07-10T22:54:57+00:00,,,5662.0,0.62,329.6,112,46,51,28,-21.771873474121094,0.7036948204040527,-0.12
2026-07-10T22:54:58+00:00,,,5662.0,0.62,329.6,112,46,45,28,-19.84880828857422,0.6576602458953857,-0.12
2026-07-10T22:54:59+00:00,,,5662.0,0.56,329.6,110,46,44,28,-19.84636116027832,0.5939663648605347,-0.1
2026-07-10T22:55:00+00:00,,,5662.0,0.56,329.6,109,46,39,28,-17.717254638671875,0.5546915531158447,-0.08
2026-07-10T22:55:01+00:00,,,5662.0,0.52,329.6,110,46,39,28,-16.784944534301758,0.501305341720581,-0.08
2026-07-10T22:55:02+00:00,,,5662.0,0.52,329.6,110,46,35,28,-14.494353294372559,0.4735092222690582,-0.06
2026-07-10T22:55:03+00:00,,,5662.0,0.48,329.6,110,46,35,28,-13.218256950378418,0.4263573884963989,-0.06
2026-07-10T22:55:04+00:00,,,5662.0,0.48,329.6,108,46,32,28,-10.734299659729004,0.41312476992607117,-0.04
2026-07-10T22:55:05+00:00,,,5662.0,0.46,329.6,106,46,30,28,-8.800366401672363,0.3844296336174011,-0.02
2026-07-10T22:55:06+00:00,,,5662.0,0.46,329.6,105,46,29,28,-7.697812557220459,0.38551920652389526,-0.02
2026-07-10T22:55:07+00:00,,,5662.0,0.44,329.6,105,0,30,28,-6.90086030960083,0.37033361196517944,-0.02
2026-07-10T22:55:08+00:00,,,5662.0,0.44,329.6,104,44,29,28,-5.747025012969971,0.37494957447052,-0.02
2026-07-10T22:55:09+00:00,,,5662.0,0.42,329.6,103,44,30,28,-4.8184590339660645,0.3625325560569763,0.0
2026-07-10T22:55:10+00:00,,,5662.0,0.42,329.79999999999995,104,44,29,28,-3.608339309692383,0.37107178568840027,0.0
2026-07-10T22:55:11+00:00,,,5662.0,0.0,329.79999999999995,104,0,29,28,-3.608339309692383,0.0,0.0
2026-07-10T22:55:12+00:00,,,5662.0,0.0,329.79999999999995,103,0,0,28,-3.608339309692383,0.0,0.0
2026-07-10T22:55:13+00:00,,,5662.0,0.0,329.6,103,0,0,28,-3.608339309692383,0.0,0.0
2026-07-10T22:55:14+00:00,,,5662.0,0.0,329.6,102,0,0,28,-3.608339309692383,0.0,0.0
2026-07-10T22:55:15+00:00,,,5662.0,0.0,329.6,102,0,0,28,-3.608339309692383,0.0,0.0
2026-07-10T22:55:16+00:00,,,5662.0,0.0,329.6,104,0,0,28,-3.608339309692383,0.0,0.0
2026-07-10T22:55:17+00:00,,,5662.0,0.0,329.6,103,0,0,28,-3.608339309692383,0.0,0.0
2026-07-10T22:55:18+00:00,,,5662.0,0.0,329.6,103,0,0,28,-3.608339309692383,0.0,0.0
2026-07-10T22:55:19+00:00,,,5662.0,0.0,329.6,103,0,0,28,-3.608339309692383,0.0,0.0
2026-07-10T22:55:20+00:00,,,5662.0,0.0,329.6,102,0,0,28,-3.608339309692383,0.0,0.0
2026-07-10T22:55:21+00:00,,,5662.0,0.0,329.6,102,0,0,28,-3.608339309692383,0.0,0.0
2026-07-10T22:55:22+00:00,,,5662.0,0.0,329.6,,0,0,28,-3.608339309692383,0.0,0.0
2026-07-10T22:55:23+00:00,,,5662.0,0.0,329.6,101,0,0,28,-3.608339309692383,0.0,0.0
2026-07-10T22:55:24+00:00,,,5662.0,0.0,329.6,100,0,0,28,-3.608339309692383,0.0,0.0
2026-07-10T22:55:25+00:00,,,5662.0,0.0,329.6,98,0,0,28,-3.608339309692383,0.0,0.0
2026-07-10T22:55:26+00:00,,,5662.0,0.0,329.6,98,0,0,28,-3.608339309692383,0.0,0.0
2026-07-10T22:55:27+00:00,,,5662.0,0.0,329.6,98,0,0,28,-3.608339309692383,0.0,0.0
2026-07-10T22:55:28+00:00,,,5662.0,0.0,329.6,100,0,0,28,-3.608339309692383,0.0,0.0
2026-07-10T22:55:29+00:00,,,5662.0,0.0,329.6,101,0,0,28,-3.608339309692383,0.0,0.0
2026-07-10T22:55:30+00:00,37.44625995866954,126.9230767339468,5662.0,0.0,329.6,102,0,0,28,-3.608339309692383,0.0,0.0
2026-07-10T22:55:31+00:00,,,5662.0,0.0,329.6,103,0,0,28,-3.608339309692383,0.0,0.0
2026-07-10T22:55:32+00:00,37.44622668251395,126.92305670119822,5664.0,0.0,329.6,103,53,0,28,-3.608339309692383,0.0,0.0
2026-07-10T22:55:33+00:00,37.446203297004104,126.92304999567568,5664.0,1.74,329.6,103,56,0,28,-0.18444189429283142,1.7294780015945435,0.0
2026-07-10T22:55:34+00:00,37.446183264255524,126.92304169759154,5668.0,1.74,329.6,104,57,116,28,-0.212807297706604,1.7278796434402466,0.0
2026-07-10T22:55:35+00:00,37.44616172276437,126.92302669398487,5671.0,2.4,329.6,104,57,117,28,-0.17554058134555817,2.3762378692626953,0.0
2026-07-10T22:55:36+00:00,37.44614169001579,126.92300498485565,5673.0,2.4,329.6,104,59,162,28,-0.19615031778812408,2.374640464782715,0.0
2026-07-10T22:55:37+00:00,37.44611671194434,126.92299174144864,5676.0,2.48,329.6,104,63,163,28,-0.20967966318130493,2.4530444145202637,0.0
2026-07-10T22:55:38+00:00,37.44609667919576,126.92298327572644,5679.0,2.48,329.6,103,67,171,28,-0.20081618428230286,2.4537529945373535,0.0
2026-07-10T22:55:39+00:00,37.44607329368591,126.92297673784196,5682.0,2.7,329.6,102,76,171,28,-0.17627020180225372,2.6744465827941895,0.0
2026-07-10T22:55:40+00:00,37.446049991995096,126.92296173423529,5684.0,2.7,329.79999999999995,102,79,186,28,-0.16813161969184875,2.6751577854156494,0.0
2026-07-10T22:55:41+00:00,37.44602669030428,126.92294832319021,5687.0,2.62,329.79999999999995,102,83,188,28,-0.16490544378757477,2.5958728790283203,0.0
2026-07-10T22:55:42+00:00,37.446000035852194,126.92294329404831,5690.0,2.62,329.79999999999995,103,86,184,28,-0.15652576088905334,2.5965843200683594,0.0
2026-07-10T22:55:43+00:00,37.44597497396171,126.92294002510607,5693.0,2.74,329.79999999999995,103,86,184,28,-0.14112523198127747,2.727290630340576,0.0
2026-07-10T22:55:44+00:00,37.4459532648325,126.92292829044163,5696.0,2.74,329.79999999999995,104,87,193,28,-0.13312716782093048,2.7280054092407227,0.0
2026-07-10T22:55:45+00:00,37.44592501781881,126.92291999235749,5699.0,2.82,329.79999999999995,104,87,192,28,-0.12204316258430481,2.798715829849243,0.0
2026-07-10T22:55:46+00:00,37.44589827954769,126.92291169427335,5701.0,2.82,329.79999999999995,105,87,197,28,-0.08714298158884048,2.801926612854004,0.0
2026-07-10T22:55:47+00:00,37.44587170891464,126.92290171980858,5704.0,2.9,329.79999999999995,105,87,196,28,-0.05079663172364235,2.8851499557495117,0.0
2026-07-10T22:55:48+00:00,,,5707.0,2.9,329.6,106,87,200,28,-0.0168625395745039,2.8883869647979736,0.0
2026-07-10T22:55:49+00:00,37.44580498896539,126.92290171980858,5711.0,2.98,329.6,107,87,200,28,0.016611702740192413,2.9716362953186035,0.0
2026-07-10T22:55:50+00:00,37.44577498175204,126.92289166152477,5718.0,2.98,329.79999999999995,108,87,203,28,0.049631740897893906,2.974898099899292,0.0
2026-07-10T22:55:51+00:00,37.445753272622824,126.92287674173713,5718.0,3.38,329.79999999999995,109,87,203,28,0.0725969523191452,3.3881640434265137,0.0
2026-07-10T22:55:52+00:00,37.445733323693275,126.92286668345332,5721.0,3.38,329.79999999999995,111,87,231,28,0.10164062678813934,3.391448974609375,0.0
2026-07-10T22:55:53+00:00,37.44571496732533,126.92285670898855,5724.0,3.26,329.79999999999995,111,87,233,28,0.13546466827392578,3.274745464324951,0.0
2026-07-10T22:55:54+00:00,37.445693258196115,126.92284673452377,5727.0,3.26,329.79999999999995,112,87,225,28,0.16684424877166748,3.278193235397339,0.0
2026-07-10T22:55:55+00:00,,,5729.0,2.94,330.0,111,87,225,28,0.2197992205619812,2.961679697036743,0.0
2026-07-10T22:55:56+00:00,37.44566165842116,126.92282326519489,5731.0,2.94,330.0,111,87,206,28,0.25462907552719116,2.9651641845703125,0.0
2026-07-10T22:55:57+00:00,37.44564330205321,126.92281496711075,5731.0,2.74,330.20000000000005,113,86,209,28,0.3116125762462616,2.7586872577667236,0.0
2026-07-10T22:55:58+00:00,37.44562670588493,126.92280331626534,5735.0,2.74,330.20000000000005,115,86,198,28,0.34912165999412537,2.7622079849243164,0.0
2026-07-10T22:55:59+00:00,37.445608265697956,126.92279669456184,5738.0,2.58,330.4,116,85,201,28,0.4107011556625366,2.605790615081787,0.0
2026-07-10T22:56:00+00:00,,,5740.0,2.58,330.6,119,85,194,28,0.4504658579826355,2.6093428134918213,0.0
2026-07-10T22:56:01+00:00,37.445586724206805,126.92276827991009,5742.0,2.46,330.6,120,85,196,28,0.5121929049491882,2.5029659271240234,0.0
2026-07-10T22:56:02+00:00,,,5742.0,2.46,330.79999999999995,121,85,188,28,0.6666486859321594,2.51639986038208,0.0
2026-07-10T22:56:03+00:00,37.445576665923,126.92274330183864,5745.0,2.3,330.79999999999995,122,85,191,28,0.8788869380950928,2.3703277111053467,0.02
2026-07-10T22:56:04+00:00,,,5745.0,2.3,331.20000000000005,122,84,185,28,1.0442529916763306,2.384307861328125,0.02
2026-07-10T22:56:05+00:00,,,5748.0,2.1,331.6,122,84,193,28,1.3251835107803345,2.1991560459136963,0.02
2026-07-10T22:56:06+00:00,37.44555671699345,126.9227350037545,5748.0,2.1,331.79999999999995,124,84,186,28,1.506117582321167,2.2137701511383057,0.02
2026-07-10T22:56:07+00:00,,,5748.0,1.82,332.20000000000005,124,83,194,28,1.9472250938415527,1.950415015220642,0.02
2026-07-10T22:56:08+00:00,,,5750.0,1.82,332.4,126,74,183,28,2.157041072845459,1.9660124778747559,0.02
2026-07-10T22:56:09+00:00,37.445541713386774,126.92272167652845,5750.0,1.52,332.79999999999995,127,66,189,28,2.832747459411621,1.685592770576477,0.04
2026-07-10T22:56:10+00:00,,,5752.0,1.52,333.0,126,62,178,28,3.5028185844421387,1.7314245700836182,0.04
2026-07-10T22:56:11+00:00,,,5752.0,1.16,333.4,,59,190,28,5.46792459487915,1.4349817037582397,0.06
2026-07-10T22:56:12+00:00,,,5752.0,1.16,333.6,125,57,181,28,6.345950126647949,1.4910163879394531,0.06
2026-07-10T22:56:13+00:00,37.445510029792786,126.92270667292178,5752.0,1.08,334.0,126,56,183,28,7.759082794189453,1.478392481803894,0.08
2026-07-10T22:56:14+00:00,37.445498295128345,126.92270332016051,5755.0,1.08,334.20000000000005,125,56,176,28,8.70214557647705,1.5428026914596558,0.08
2026-07-10T22:56:15+00:00,,,5755.0,1.08,334.4,124,56,175,28,9.7353515625,1.6021897792816162,0.1
2026-07-10T22:56:16+00:00,37.44547172449529,126.92270332016051,5757.0,1.08,334.79999999999995,122,56,172,28,10.689131736755371,1.6736199855804443,0.1
2026-07-10T22:56:17+00:00,,,5757.0,1.16,335.0,122,56,169,28,10.644309997558594,1.8262832164764404,0.12
2026-07-10T22:56:18+00:00,,,5760.0,1.16,335.20000000000005,122,56,170,28,11.586292266845703,1.9067116975784302,0.12
2026-07-10T22:56:19+00:00,37.44545001536608,126.9226916693151,5760.0,1.12,335.4,123,55,167,28,13.200530052185059,1.9470460414886475,0.14
2026-07-10T22:56:20+00:00,,,5760.0,1.12,335.6,123,55,159,28,14.189471244812012,2.0361013412475586,0.14
2026-07-10T22:56:21+00:00,37.445433335378766,126.92268001846969,5763.0,1.12,335.79999999999995,123,55,153,28,15.181382179260254,2.128690481185913,0.16
2026-07-10T22:56:22+00:00,,,5763.0,1.12,336.0,123,55,154,28,16.16933250427246,2.224052667617798,0.16
2026-07-10T22:56:23+00:00,37.44541833177209,126.92265830934048,5765.0,1.1,336.20000000000005,123,55,151,28,17.3172550201416,2.3175742626190186,0.18
2026-07-10T22:56:24+00:00,,,5768.0,1.1,336.4,124,55,145,28,18.316186904907227,2.419534921646118,0.2
2026-07-10T22:56:25+00:00,37.445396706461906,126.92264498211443,5768.0,1.14,336.6,123,54,142,28,18.80038070678711,2.537329912185669,0.2
2026-07-10T22:56:26+00:00,,,5770.0,1.14,336.79999999999995,123,54,142,28,19.199012756347656,2.5804758071899414,0.2
2026-07-10T22:56:27+00:00,37.44537332095206,126.92263333126903,5770.0,1.16,337.0,123,54,144,28,18.927637100219727,2.6413586139678955,0.22
2026-07-10T22:56:28+00:00,,,5770.0,1.16,337.20000000000005,123,54,147,28,19.312255859375,2.684593677520752,0.22
2026-07-10T22:56:29+00:00,37.445351695641875,126.92260173149407,5773.0,1.2,337.4,124,54,146,28,19.20557403564453,2.741086721420288,0.22
2026-07-10T22:56:30+00:00,,,5773.0,1.2,337.79999999999995,125,54,150,28,19.580575942993164,2.784619092941284,0.22
2026-07-10T22:56:31+00:00,37.445335015654564,126.92258496768773,5777.0,1.32,338.0,127,54,149,28,18.280607223510742,2.877063274383545,0.22
2026-07-10T22:56:32+00:00,,,5777.0,1.32,338.20000000000005,128,54,159,28,18.624120712280273,2.919553518295288,0.24
2026-07-10T22:56:33+00:00,37.44531665928662,126.92256325855851,5779.0,1.3,338.4,127,54,161,28,19.262054443359375,2.953688144683838,0.24
2026-07-10T22:56:34+00:00,,,5782.0,1.3,338.6,129,55,160,28,19.156871795654297,2.940622329711914,0.24
2026-07-10T22:56:35+00:00,37.44529997929931,126.92255169153214,5782.0,1.3,339.0,128,55,162,28,19.05169105529785,2.927591323852539,0.24
2026-07-10T22:56:36+00:00,,,5782.0,1.3,339.20000000000005,128,55,162,28,18.946407318115234,2.9145824909210205,0.24
2026-07-10T22:56:37+00:00,,,5784.0,1.28,339.4,128,55,165,28,18.987998962402344,2.8970839977264404,0.24
2026-07-10T22:56:38+00:00,,,5784.0,1.28,339.6,129,55,165,28,18.8822078704834,2.8841350078582764,0.24
2026-07-10T22:56:39+00:00,37.445266703143716,126.92254004068673,5784.0,1.26,340.0,,55,164,28,19.074129104614258,2.862220287322998,0.24
2026-07-10T22:56:40+00:00,37.445254968479276,126.92253165878356,5787.0,1.26,340.20000000000005,128,55,163,28,18.966121673583984,2.8491783142089844,0.22
2026-07-10T22:56:41+00:00,,,5787.0,1.26,340.4,130,55,162,28,18.85832977294922,2.836198329925537,0.22
2026-07-10T22:56:42+00:00,,,5789.0,1.26,340.79999999999995,130,55,165,28,18.793306350708008,2.828385829925537,0.22
2026-07-10T22:56:43+00:00,37.44523325935006,126.92252830602229,5789.0,1.26,341.0,131,54,169,28,18.728675842285156,2.82063364982605,0.22
2026-07-10T22:56:44+00:00,,,5792.0,1.26,341.20000000000005,131,54,170,28,18.663719177246094,2.8128554821014404,0.22
2026-07-10T22:56:45+00:00,,,5792.0,1.22,341.6,131,54,173,28,19.208824157714844,2.7871532440185547,0.22
2026-07-10T22:56:46+00:00,37.44521171785891,126.92252998240292,5792.0,1.22,341.79999999999995,131,53,169,28,19.14180564880371,2.7792866230010986,0.22
2026-07-10T22:56:47+00:00,,,5792.0,1.16,342.0,131,53,171,28,19.89008903503418,2.7503299713134766,0.22
2026-07-10T22:56:48+00:00,37.44518833234906,126.92252998240292,5794.0,1.16,342.20000000000005,130,52,169,28,19.820066452026367,2.7423148155212402,0.22
2026-07-10T22:56:49+00:00,,,5794.0,1.16,342.4,130,52,167,28,19.75046157836914,2.734360694885254,0.22
2026-07-10T22:56:50+00:00,37.445169975981116,126.92252000793815,5797.0,1.16,342.6,130,52,165,28,19.91965675354004,2.753718614578247,0.22
2026-07-10T22:56:51+00:00,,,5797.0,1.16,342.79999999999995,131,52,160,28,20.261688232421875,2.7692160606384277,0.22
2026-07-10T22:56:52+00:00,,,5799.0,1.16,343.0,131,52,154,28,20.43285369873047,2.7888665199279785,0.22
2026-07-10T22:56:53+00:00,37.44514332152903,126.92250332795084,5799.0,1.16,343.20000000000005,130,52,152,28,20.60265350341797,2.808436393737793,0.22
2026-07-10T22:56:54+00:00,,,5801.0,1.16,343.4,130,52,148,28,20.77330780029297,2.8281803131103516,0.24
2026-07-10T22:56:55+00:00,37.44512672536075,126.92250332795084,5801.0,1.16,343.6,131,52,145,28,20.764785766601562,2.851564645767212,0.24
2026-07-10T22:56:56+00:00,,,5804.0,1.16,343.79999999999995,131,52,143,28,20.933979034423828,2.8713791370391846,0.24
2026-07-10T22:56:57+00:00,,,5804.0,1.16,344.0,131,52,142,28,21.1026668548584,2.891207218170166,0.24
2026-07-10T22:56:58+00:00,37.4451033398509,126.92249997518957,5804.0,1.16,344.20000000000005,131,52,142,28,20.975709915161133,2.876277446746826,0.24
2026-07-10T22:56:59+00:00,,,5804.0,1.16,344.4,131,52,142,28,21.028738021850586,2.8578717708587646,0.24
2026-07-10T22:57:00+00:00,,,5807.0,1.16,344.6,131,52,141,28,20.90043067932129,2.8429362773895264,0.24
2026-07-10T22:57:01+00:00,37.44507333263755,126.92248170264065,5807.0,1.16,344.79999999999995,130,52,142,28,20.772891998291016,2.828131914138794,0.24
2026-07-10T22:57:02+00:00,37.44506168179214,126.92248002626002,5809.0,1.16,345.0,131,52,140,28,20.644710540771484,2.8132951259613037,0.22
2026-07-10T22:57:03+00:00,,,5809.0,1.16,345.20000000000005,131,52,138,28,20.695451736450195,2.7948601245880127,0.22
2026-07-10T22:57:04+00:00,37.44503829628229,126.92247172817588,5812.0,1.16,345.20000000000005,130,54,136,28,20.565898895263672,2.780019998550415,0.22
2026-07-10T22:57:05+00:00,,,5812.0,1.16,345.20000000000005,129,55,130,28,20.437379837036133,2.765340805053711,0.22
2026-07-10T22:57:06+00:00,,,5814.0,1.16,345.20000000000005,129,58,120,28,20.00563621520996,2.7163448333740234,0.22
2026-07-10T22:57:07+00:00,37.44499169290066,126.9224583171308,5814.0,1.16,345.0,130,60,110,28,19.241411209106445,2.676598310470581,0.22
2026-07-10T22:57:08+00:00,37.44497828185558,126.922448258847,5818.0,1.16,344.79999999999995,130,62,100,28,18.817893981933594,2.6290998458862305,0.22
2026-07-10T22:57:09+00:00,37.44496671482921,126.92242998629808,5818.0,1.24,344.79999999999995,,62,91,28,17.498294830322266,2.611893892288208,0.2
2026-07-10T22:57:10+00:00,,,5821.0,1.24,344.79999999999995,130,63,87,28,17.09463119506836,2.566499948501587,0.2
2026-07-10T22:57:11+00:00,37.44493503123522,126.92242001183331,5824.0,1.32,344.6,130,63,82,28,15.672807693481445,2.567765474319458,0.2
2026-07-10T22:57:12+00:00,,,5824.0,1.32,344.4,129,63,82,28,15.296063423156738,2.5251147747039795,0.2
2026-07-10T22:57:13+00:00,37.444913322106004,126.92239997908473,5827.0,1.38,344.20000000000005,130,63,78,28,14.161465644836426,2.528177499771118,0.18
2026-07-10T22:57:14+00:00,,,5830.0,1.38,344.20000000000005,129,63,80,28,13.068229675292969,2.406153678894043,0.18
2026-07-10T22:57:15+00:00,37.4449067004025,126.9223650265485,5830.0,1.38,344.0,128,63,78,28,11.977179527282715,2.2894742488861084,0.16
2026-07-10T22:57:16+00:00,,,5830.0,1.38,343.79999999999995,128,62,77,28,10.882851600646973,2.1777212619781494,0.14
2026-07-10T22:57:17+00:00,37.444909969344735,126.92232496105134,5833.0,1.4,343.6,128,62,76,28,9.717016220092773,2.079606771469116,0.12
2026-07-10T22:57:18+00:00,,,5833.0,1.4,343.6,128,69,77,28,8.63381576538086,1.9794937372207642,0.12
2026-07-10T22:57:19+00:00,37.44492497295141,126.92228171043098,5837.0,1.48,343.79999999999995,127,82,78,28,7.136619567871094,1.956893801689148,0.1
2026-07-10T22:57:20+00:00,,,5837.0,1.48,343.79999999999995,127,82,84,28,6.112369060516357,1.8701891899108887,0.08
2026-07-10T22:57:21+00:00,37.44492329657078,126.92222831770778,5841.0,1.68,343.79999999999995,126,83,86,28,4.475150108337402,1.9802820682525635,0.06
2026-07-10T22:57:22+00:00,37.444909969344735,126.92219001241028,5841.0,1.68,343.79999999999995,126,83,102,28,3.8277430534362793,1.9277050495147705,0.06
2026-07-10T22:57:23+00:00,37.444893289357424,126.92215497605503,5846.0,2.0,344.0,126,83,106,28,2.6662003993988037,2.192396640777588,0.04
2026-07-10T22:57:24+00:00,,,5849.0,2.0,344.0,125,83,132,28,2.1207194328308105,2.1466753482818604,0.04
2026-07-10T22:57:25+00:00,37.44486168958247,126.9221149943769,5853.0,2.62,344.20000000000005,125,83,138,28,1.1972873210906982,2.7310149669647217,0.02
2026-07-10T22:57:26+00:00,37.44483830407262,126.92210325971246,5858.0,2.62,344.20000000000005,125,83,186,28,0.7837993502616882,2.6910769939422607,0.02
2026-07-10T22:57:27+00:00,37.444816678762436,126.92209169268608,5858.0,2.48,344.20000000000005,125,83,191,28,0.39121586084365845,2.5128631591796875,0.0
2026-07-10T22:57:28+00:00,37.444791700690985,126.92208498716354,5861.0,2.48,344.4,124,83,185,28,-0.047363489866256714,2.476118564605713,0.0
2026-07-10T22:57:29+00:00,37.44476328603923,126.92208004184067,5863.0,2.56,344.4,125,84,187,28,-0.4713270664215088,2.5112459659576416,0.0
2026-07-10T22:57:30+00:00,37.44473671540618,126.92208004184067,5866.0,2.56,344.4,125,84,192,28,-0.5531498193740845,2.5047361850738525,0.0
2026-07-10T22:57:31+00:00,37.44471173733473,126.9220817182213,5869.0,2.72,344.4,125,84,190,27,-0.5974833965301514,2.6581764221191406,0.0
2026-07-10T22:57:32+00:00,37.444690028205514,126.92208331078291,5872.0,2.72,344.4,125,84,198,27,-0.674475371837616,2.651764154434204,0.0
2026-07-10T22:57:33+00:00,37.4446667265147,126.92208331078291,5875.0,2.76,344.4,125,84,196,27,-0.7405367493629456,2.685370445251465,-0.02
2026-07-10T22:57:34+00:00,,,5878.0,2.76,344.20000000000005,125,84,196,27,-0.8164846897125244,2.6790645122528076,-0.02
2026-07-10T22:57:35+00:00,37.444609981030226,126.922078281641,5880.0,2.7,344.20000000000005,125,84,191,27,-0.9121831059455872,2.6129231452941895,-0.02
2026-07-10T22:57:36+00:00,37.44458173401654,126.92206327803433,5887.0,2.7,344.20000000000005,127,84,184,27,-0.9896698594093323,2.6067655086517334,-0.02
2026-07-10T22:57:37+00:00,37.44456002488732,126.92205497995019,5887.0,2.92,344.20000000000005,,84,181,27,-0.9832425713539124,2.830200672149658,-0.02
2026-07-10T22:57:38+00:00,37.444528341293335,126.92206168547273,5890.0,2.92,344.20000000000005,127,84,195,27,-0.8826424479484558,2.8388986587524414,-0.02
2026-07-10T22:57:39+00:00,37.44450168684125,126.92206671461463,5892.0,2.92,344.0,127,84,194,27,-0.7825440168380737,2.8476638793945312,-0.02
2026-07-10T22:57:40+00:00,37.444479977712035,126.92205833271146,5896.0,2.92,344.0,127,84,192,27,-0.6822449564933777,2.856557846069336,0.0
2026-07-10T22:57:41+00:00,37.44445332325995,126.92204332910478,5899.0,3.0,343.79999999999995,127,84,190,27,-0.5662320852279663,2.945530891418457,0.0
2026-07-10T22:57:42+00:00,,,5902.0,3.0,343.6,127,84,194,27,-0.4687051773071289,2.954653739929199,0.0
2026-07-10T22:57:43+00:00,37.444390039891005,126.92203327082098,5905.0,2.98,343.6,128,84,192,27,-0.3748290240764618,2.933901309967041,0.0
2026-07-10T22:57:44+00:00,37.44437327608466,126.9220166746527,5912.0,2.98,343.4,128,84,189,27,-0.276218444108963,2.9432454109191895,0.0
2026-07-10T22:57:45+00:00,37.44436497800052,126.92199496552348,5912.0,2.9,343.0,128,84,187,27,-0.18209698796272278,2.8826839923858643,0.0
2026-07-10T22:57:46+00:00,37.44436003267765,126.92196168936789,5914.0,2.9,342.79999999999995,127,84,179,27,-0.28506916761398315,2.8730528354644775,0.0
2026-07-10T22:57:47+00:00,37.444358272477984,126.92193327471614,5916.0,2.76,342.6,128,84,175,27,-0.40761661529541016,2.7235889434814453,0.0
2026-07-10T22:57:48+00:00,,,5919.0,2.76,342.4,129,84,163,27,-0.5154880881309509,2.714242935180664,0.0
2026-07-10T22:57:49+00:00,37.44436003267765,126.92187669686973,5922.0,2.76,342.20000000000005,129,84,162,27,-0.6233595609664917,2.7050182819366455,0.0
2026-07-10T22:57:50+00:00,,,5927.0,2.76,342.0,129,83,161,27,-0.7315549850463867,2.695888042449951,-0.02
2026-07-10T22:57:51+00:00,37.444349974393845,126.92184333689511,5927.0,2.8,341.79999999999995,130,83,159,27,-0.8272217512130737,2.726871967315674,-0.02
2026-07-10T22:57:52+00:00,,,5930.0,2.8,341.79999999999995,130,82,162,27,-0.9339779019355774,2.7179620265960693,-0.02
2026-07-10T22:57:53+00:00,37.44433999992907,126.92180327139795,5930.0,2.54,341.6,130,76,162,27,-1.1510937213897705,2.439836025238037,-0.02
2026-07-10T22:57:54+00:00,,,5930.0,2.54,341.4,129,76,144,27,-1.6065418720245361,2.407660961151123,-0.04
2026-07-10T22:57:55+00:00,37.444336730986834,126.9217767007649,5934.0,2.4,341.4,128,75,146,27,-2.1756036281585693,2.2484591007232666,-0.04
2026-07-10T22:57:56+00:00,,,5936.0,2.4,341.6,129,71,140,27,-2.6552414894104004,2.2208313941955566,-0.06
2026-07-10T22:57:57+00:00,37.44432667270303,126.9217450171709,5936.0,2.14,341.79999999999995,129,71,144,27,-3.532799243927002,1.9309223890304565,-0.06
2026-07-10T22:57:58+00:00,,,5936.0,2.14,342.0,,71,132,27,-4.074319362640381,1.9092894792556763,-0.08
2026-07-10T22:57:59+00:00,37.44430496357381,126.92169170826674,5939.0,2.0,342.20000000000005,129,74,139,27,-4.942310810089111,1.755985975265503,-0.08
2026-07-10T22:58:00+00:00,,,5943.0,2.0,342.6,129,74,140,27,-5.520768642425537,1.74057936668396,-0.1
2026-07-10T22:58:01+00:00,37.444289959967136,126.92167326807976,5943.0,1.96,342.79999999999995,129,74,153,27,-6.225520610809326,1.6904988288879395,-0.12
2026-07-10T22:58:02+00:00,,,5945.0,1.96,343.0,128,68,163,27,-5.807163715362549,1.699022650718689,-0.1
2026-07-10T22:58:03+00:00,37.44426171295345,126.92165331915021,5945.0,1.72,343.20000000000005,129,68,177,27,-6.147035121917725,1.4837546348571777,-0.1
2026-07-10T22:58:04+00:00,37.44424168020487,126.9216466974467,5950.0,1.72,343.4,128,82,172,27,-5.669961452484131,1.4926068782806396,-0.08
2026-07-10T22:58:05+00:00,,,5950.0,1.86,343.4,127,85,176,27,-4.801232814788818,1.6362946033477783,-0.08
2026-07-10T22:58:06+00:00,37.44420999661088,126.92162331193686,5953.0,1.86,343.6,127,85,185,27,-4.360261917114258,1.6492066383361816,-0.08
2026-07-10T22:58:07+00:00,37.4441949930042,126.92160998471081,5953.0,1.9,343.6,127,85,181,27,-3.8178658485412598,1.711998701095581,-0.06
2026-07-10T22:58:08+00:00,,,5957.0,1.9,343.6,126,85,178,27,-3.388927936553955,1.7278993129730225,-0.06
2026-07-10T22:58:09+00:00,37.44417496025562,126.92157503217459,5959.0,1.94,343.6,126,85,169,27,-2.9002187252044678,1.7844170331954956,-0.04
2026-07-10T22:58:10+00:00,,,5959.0,1.94,343.79999999999995,126,85,164,27,-2.3856594562530518,1.8075162172317505,-0.04
2026-07-10T22:58:11+00:00,37.44416498579085,126.92154326476157,5963.0,1.94,344.0,126,85,160,27,-1.8695534467697144,1.8326369524002075,-0.02
2026-07-10T22:58:12+00:00,,,5963.0,1.94,344.0,126,85,157,27,-1.3544784784317017,1.8596569299697876,-0.02
2026-07-10T22:58:13+00:00,37.444143276661634,126.92150998860598,5966.0,1.86,344.20000000000005,126,84,156,27,-0.8733558654785156,1.8088544607162476,0.0
2026-07-10T22:58:14+00:00,37.444123327732086,126.92149171605706,5966.0,1.86,344.4,126,84,151,27,-0.33720284700393677,1.8396176099777222,0.0
2026-07-10T22:58:15+00:00,37.44410673156381,126.92147830501199,5969.0,1.88,344.4,126,83,153,27,0.20056086778640747,1.8825688362121582,0.0
2026-07-10T22:58:16+00:00,37.444083262234926,126.92146497778594,5972.0,1.88,344.6,126,83,154,27,0.7359862923622131,1.917512059211731,0.0
2026-07-10T22:58:17+00:00,37.44405501522124,126.92145827226341,5974.0,1.98,344.79999999999995,127,83,156,27,1.1997672319412231,2.064081907272339,0.02
2026-07-10T22:58:18+00:00,,,5977.0,1.98,344.79999999999995,126,83,165,27,1.883772850036621,2.1168124675750732,0.02
2026-07-10T22:58:19+00:00,37.44401503354311,126.92143497057259,5980.0,2.18,344.79999999999995,127,83,166,27,2.341702699661255,2.3607547283172607,0.04
2026-07-10T22:58:20+00:00,37.44398997165263,126.92142499610782,5985.0,2.18,344.79999999999995,127,83,174,27,2.964571475982666,2.418992280960083,0.06
2026-07-10T22:58:21+00:00,37.44396666996181,126.92141669802368,5985.0,2.2,345.0,127,83,173,27,3.554677724838257,2.499880790710449,0.06
2026-07-10T22:58:22+00:00,37.44394169189036,126.92141669802368,5988.0,2.2,345.0,128,83,172,27,4.17371129989624,2.5643744468688965,0.08
2026-07-10T22:58:23+00:00,37.44391000829637,126.92142667248845,5991.0,2.32,344.79999999999995,128,84,168,27,4.523020267486572,2.7565927505493164,0.1
2026-07-10T22:58:24+00:00,37.44388503022492,126.9214399997145,5994.0,2.32,344.79999999999995,130,84,170,27,5.106200218200684,2.8256728649139404,0.1
2026-07-10T22:58:25+00:00,37.443863321095705,126.92145173437893,5997.0,2.52,344.6,130,84,164,27,5.258709907531738,3.077143669128418,0.12
2026-07-10T22:58:26+00:00,,,6000.0,2.52,344.6,,85,173,27,4.979773998260498,3.040619373321533,0.12
2026-07-10T22:58:27+00:00,37.44381168857217,126.92148174159229,6003.0,2.56,344.4,130,85,169,27,4.61497688293457,3.0535659790039062,0.1
2026-07-10T22:58:28+00:00,37.44379173964262,126.92149003967643,6009.0,2.56,344.4,130,85,170,27,4.344735145568848,3.019089460372925,0.1
2026-07-10T22:58:29+00:00,37.44377170689404,126.92148333415389,6009.0,2.56,344.4,131,85,168,27,4.074493885040283,2.9852983951568604,0.1
2026-07-10T22:58:30+00:00,,,6012.0,2.56,344.4,131,85,166,27,3.8031699657440186,2.95206356048584,0.08
2026-07-10T22:58:31+00:00,37.44372828863561,126.92147327587008,6014.0,2.54,344.6,131,85,166,27,3.5748212337493896,2.8903582096099854,0.08
2026-07-10T22:58:32+00:00,37.4437100160867,126.92146673798561,6019.0,2.54,344.79999999999995,130,84,166,27,3.3011016845703125,2.8585028648376465,0.08
2026-07-10T22:58:33+00:00,,,6019.0,2.46,344.79999999999995,131,84,171,27,3.126235246658325,2.7487637996673584,0.06
2026-07-10T22:58:34+00:00,37.44368671439588,126.92145332694054,6021.0,2.46,345.0,130,83,170,27,2.9896719455718994,2.733844041824341,0.06
2026-07-10T22:58:35+00:00,,,6021.0,2.32,345.0,129,83,173,27,3.0138440132141113,2.5912718772888184,0.06
2026-07-10T22:58:36+00:00,,,6024.0,2.32,345.0,129,81,167,27,2.869772434234619,2.5765113830566406,0.06
2026-07-10T22:58:37+00:00,37.443665005266666,126.92143497057259,6024.0,1.78,345.0,129,71,170,27,3.573423147201538,2.0219931602478027,0.06
2026-07-10T22:58:38+00:00,,,6024.0,1.78,345.0,129,67,135,27,3.384960174560547,2.0065977573394775,0.04
2026-07-10T22:58:39+00:00,37.44364329613745,126.92145332694054,6027.0,1.52,345.0,130,65,137,27,3.7217981815338135,1.7469500303268433,0.04
2026-07-10T22:58:40+00:00,,,6027.0,1.52,345.0,130,65,119,27,3.5029964447021484,1.7314369678497314,0.04
2026-07-10T22:58:41+00:00,37.44361001998186,126.92146673798561,6030.0,1.52,345.0,131,67,113,27,3.305060625076294,1.7063349485397339,0.04
2026-07-10T22:58:42+00:00,37.44358831085265,126.92147830501199,6030.0,1.52,344.79999999999995,131,73,107,27,2.961132049560547,1.6830321550369263,0.04
2026-07-10T22:58:43+00:00,37.44356500916183,126.92147830501199,6034.0,1.6,344.6,131,78,101,27,2.468360185623169,1.7491929531097412,0.02
2026-07-10T22:58:44+00:00,37.443543300032616,126.92148333415389,6036.0,1.6,344.4,130,82,103,27,2.14312744140625,1.727445125579834,0.02
2026-07-10T22:58:45+00:00,,,6039.0,1.82,344.20000000000005,129,86,99,27,1.5984350442886353,1.9251494407653809,0.02
2026-07-10T22:58:46+00:00,37.44351170025766,126.92150169052184,6041.0,1.82,344.0,128,87,110,27,1.3119442462921143,1.905017375946045,0.02
2026-07-10T22:58:47+00:00,,,6041.0,1.86,343.6,129,87,106,27,1.0102308988571167,1.915483832359314,0.0
2026-07-10T22:58:48+00:00,37.443481693044305,126.92151334136724,6045.0,1.86,343.20000000000005,129,88,104,27,0.7283859848976135,1.8964992761611938,0.0
2026-07-10T22:58:49+00:00,37.44346333667636,126.92152172327042,6045.0,1.9,342.79999999999995,128,88,101,27,0.43791648745536804,1.9181073904037476,0.0
2026-07-10T22:58:50+00:00,37.44344003498554,126.92152499221265,6049.0,1.9,342.4,128,88,101,27,-0.10900413990020752,1.883216142654419,0.0
2026-07-10T22:58:51+00:00,37.4434216786176,126.92152666859329,6051.0,1.9,341.79999999999995,128,88,99,27,-0.6497604250907898,1.8606088161468506,0.0
2026-07-10T22:58:52+00:00,,,6053.0,1.9,341.6,127,88,99,27,-1.1927177906036377,1.8300176858901978,-0.02
2026-07-10T22:58:53+00:00,37.44339996948838,126.92152172327042,6056.0,1.96,341.20000000000005,127,88,99,27,-1.6820162534713745,1.8612415790557861,-0.02
2026-07-10T22:58:54+00:00,,,6056.0,1.96,340.6,127,82,102,27,-2.206774950027466,1.8347234725952148,-0.04
2026-07-10T22:58:55+00:00,37.44337826035917,126.92150671966374,6058.0,1.86,340.20000000000005,128,82,103,27,-2.880052328109741,1.7116656303405762,-0.04
2026-07-10T22:58:56+00:00,,,6058.0,1.86,339.79999999999995,,82,98,27,-3.4335784912109375,1.6898419857025146,-0.06
2026-07-10T22:58:57+00:00,37.44335328228772,126.92151334136724,6061.0,1.8,339.4,129,76,99,27,-4.120579719543457,1.6120145320892334,-0.06
2026-07-10T22:58:58+00:00,,,6061.0,1.8,339.0,129,63,97,27,-5.1944899559021,1.581976056098938,-0.08
2026-07-10T22:58:59+00:00,37.44332327507436,126.92151334136724,6064.0,1.76,338.6,129,62,97,27,-6.448602676391602,1.5135018825531006,-0.1
2026-07-10T22:59:00+00:00,,,6064.0,1.76,338.20000000000005,129,61,93,27,-7.554302215576172,1.5003666877746582,-0.12
2026-07-10T22:59:01+00:00,37.443303326144814,126.92147671245039,6067.0,1.76,337.79999999999995,129,66,93,27,-8.660001754760742,1.4951120615005493,-0.14
2026-07-10T22:59:02+00:00,37.443295028060675,126.92145173437893,6067.0,1.76,337.4,128,80,93,27,-9.765700340270996,1.4976468086242676,-0.16
2026-07-10T22:59:03+00:00,37.44328496977687,126.92143170163035,6071.0,1.78,337.20000000000005,127,85,93,27,-10.6881742477417,1.5314561128616333,-0.18
2026-07-10T22:59:04+00:00,,,6073.0,1.78,336.79999999999995,126,91,94,27,-11.777411460876465,1.5479665994644165,-0.2
2026-07-10T22:59:05+00:00,37.44325999170542,126.92137327976525,6075.0,1.84,336.4,126,92,94,27,-12.511929512023926,1.607170581817627,-0.22
2026-07-10T22:59:06+00:00,37.44324834086001,126.9213533308357,6081.0,1.84,336.0,125,95,96,27,-13.358139991760254,1.6294834613800049,-0.24
2026-07-10T22:59:07+00:00,,,6081.0,1.9,335.6,124,103,96,27,-13.678589820861816,1.7017899751663208,-0.24
2026-07-10T22:59:08+00:00,,,6083.0,1.9,335.20000000000005,123,104,99,27,-14.495253562927246,1.7301634550094604,-0.26
2026-07-10T22:59:09+00:00,37.44320827536285,126.92127328366041,6083.0,1.92,334.6,122,104,99,27,-15.226889610290527,1.7683870792388916,-0.28
2026-07-10T22:59:10+00:00,37.443190002813935,126.92125828005373,6092.0,1.92,334.20000000000005,121,102,100,27,-16.039278030395508,1.8045897483825684,-0.3
2026-07-10T22:59:11+00:00,37.443169970065355,126.92125165835023,6092.0,2.08,333.6,121,98,101,27,-15.544636726379395,1.9313491582870483,-0.32
2026-07-10T22:59:12+00:00,37.44315002113581,126.92123833112419,6094.0,2.08,333.20000000000005,120,94,109,27,-16.29497718811035,1.969008207321167,-0.32
2026-07-10T22:59:13+00:00,37.443133341148496,126.9212217349559,6096.0,2.1,332.79999999999995,120,92,109,27,-16.79665756225586,2.0251660346984863,-0.34
2026-07-10T22:59:14+00:00,37.44311498478055,126.92121000029147,6099.0,2.1,332.4,120,89,111,27,-17.204936981201172,2.0488545894622803,-0.36
2026-07-10T22:59:15+00:00,37.44309998117387,126.92119332030416,6101.0,2.14,332.0,119,89,111,27,-17.283592224121094,2.0926568508148193,-0.36
2026-07-10T22:59:16+00:00,,,6104.0,2.14,331.79999999999995,119,89,113,27,-17.68343734741211,2.117560625076294,-0.36
2026-07-10T22:59:17+00:00,37.44307332672179,126.92117496393621,6106.0,2.14,331.4,119,89,112,27,-18.083284378051758,2.143495559692383,-0.38
2026-07-10T22:59:18+00:00,37.44305497035384,126.92117001861334,6109.0,2.14,331.0,119,90,112,27,-18.484333038330078,2.1705305576324463,-0.38
2026-07-10T22:59:19+00:00,37.44303829036653,126.92115996032953,6109.0,2.1,330.4,120,94,112,27,-19.152267456054688,2.1867008209228516,-0.4
2026-07-10T22:59:20+00:00,37.44301666505635,126.92114671692252,6111.0,2.1,330.0,120,96,110,27,-19.559425354003906,2.21643328666687,-0.4
2026-07-10T22:59:21+00:00,37.442995039746165,126.92113498225808,6113.0,2.1,329.4,121,93,110,27,-19.964548110961914,2.2469966411590576,-0.42
2026-07-10T22:59:22+00:00,37.442975006997585,126.92112827673554,6116.0,2.1,329.0,122,93,111,27,-19.90938377380371,2.2427780628204346,-0.42
2026-07-10T22:59:23+00:00,37.442954974249005,126.92112500779331,6119.0,2.2,328.4,123,93,111,27,-19.042001724243164,2.271756172180176,-0.4
2026-07-10T22:59:24+00:00,37.44293326511979,126.92111830227077,6121.0,2.2,328.0,,93,115,27,-18.988988876342773,2.2678332328796387,-0.4
2026-07-10T22:59:25+00:00,37.44291172362864,126.9211067352444,6123.0,2.2,327.6,123,93,115,27,-18.936185836791992,2.263943910598755,-0.4
2026-07-10T22:59:26+00:00,,,6126.0,2.2,327.0,123,90,116,27,-18.8831729888916,2.260056495666504,-0.4
2026-07-10T22:59:27+00:00,37.44289169088006,126.92108502611518,6128.0,2.26,326.4,124,87,116,27,-18.330400466918945,2.2811570167541504,-0.4
2026-07-10T22:59:28+00:00,,,6128.0,2.26,326.0,124,84,119,27,-18.27899932861328,2.2774903774261475,-0.4
2026-07-10T22:59:29+00:00,37.442873334512115,126.92106331698596,6131.0,2.08,325.79999999999995,124,81,119,27,-19.804821014404297,2.2030560970306396,-0.4
2026-07-10T22:59:30+00:00,,,6131.0,2.08,325.6,125,74,110,27,-19.99533462524414,2.2173774242401123,-0.4
2026-07-10T22:59:31+00:00,37.44283997453749,126.92104998975992,6134.0,1.92,325.20000000000005,124,76,109,27,-21.86882972717285,2.1868674755096436,-0.4
2026-07-10T22:59:32+00:00,37.44283000007272,126.92102501168847,6134.0,1.92,325.0,124,80,101,27,-22.075218200683594,2.203376293182373,-0.42
2026-07-10T22:59:33+00:00,37.44281499646604,126.92100673913956,6138.0,1.92,324.79999999999995,124,91,101,27,-22.282228469848633,2.2201426029205322,-0.42
2026-07-10T22:59:34+00:00,37.44280166924,126.92098829895258,6140.0,1.92,324.6,123,91,100,27,-22.48944664001465,2.2371318340301514,-0.42
2026-07-10T22:59:35+00:00,37.442791694775224,126.92096172831953,6143.0,2.0,324.4,123,91,100,27,-21.788002014160156,2.2713112831115723,-0.42
2026-07-10T22:59:36+00:00,37.442779960110784,126.92093666642904,6145.0,2.0,324.0,122,91,105,27,-21.986732482910156,2.2877843379974365,-0.42
2026-07-10T22:59:37+00:00,,,6147.0,2.06,323.6,122,90,106,27,-21.6441593170166,2.316002130508423,-0.44
2026-07-10T22:59:38+00:00,,,6150.0,2.06,323.20000000000005,123,88,109,27,-21.278310775756836,2.2857425212860107,-0.42
2026-07-10T22:59:39+00:00,37.442751713097095,126.92088168114424,6150.0,2.08,322.79999999999995,123,88,108,27,-20.51365852355957,2.2682487964630127,-0.42
2026-07-10T22:59:40+00:00,37.442739978432655,126.92085829563439,6154.0,2.08,322.6,122,88,110,27,-20.154096603393555,2.2401905059814453,-0.42
2026-07-10T22:59:41+00:00,37.44272497482598,126.92083499394357,6154.0,2.08,322.4,121,86,110,27,-19.987957000732422,2.2061612606048584,-0.4
2026-07-10T22:59:42+00:00,37.44271667674184,126.92081001587212,6158.0,2.08,322.0,121,85,109,27,-19.62564468383789,2.1792516708374023,-0.4
2026-07-10T22:59:43+00:00,37.44269832037389,126.92078000865877,6161.0,2.12,321.79999999999995,121,85,109,27,-18.809009552001953,2.1726608276367188,-0.38
2026-07-10T22:59:44+00:00,,,6163.0,2.12,321.6,121,85,112,27,-18.45594596862793,2.1483163833618164,-0.38
2026-07-10T22:59:45+00:00,37.44266998954117,126.92074170336127,6167.0,2.2,321.4,121,85,112,27,-17.523569107055664,2.156719207763672,-0.38
2026-07-10T22:59:46+00:00,,,6167.0,2.2,321.20000000000005,122,84,117,27,-17.251075744628906,2.1395249366760254,-0.36
2026-07-10T22:59:47+00:00,37.44263168424368,126.92069669254124,6171.0,2.22,321.0,122,84,118,27,-16.82465934753418,2.1329197883605957,-0.36
2026-07-10T22:59:48+00:00,,,6177.0,2.22,321.0,122,84,121,27,-16.5551700592041,2.117037296295166,-0.36
2026-07-10T22:59:49+00:00,37.442609975114465,126.92064673639834,6177.0,2.3,320.79999999999995,122,84,122,27,-15.716230392456055,2.1457788944244385,-0.34
2026-07-10T22:59:50+00:00,37.44259497150779,126.92061170004308,6182.0,2.3,320.6,122,85,129,27,-15.454854965209961,2.131903648376465,-0.34
2026-07-10T22:59:51+00:00,37.44257996790111,126.92059502005577,6182.0,2.3,320.4,122,85,129,27,-15.195301055908203,2.1186230182647705,-0.34
2026-07-10T22:59:52+00:00,,,6186.0,2.3,320.4,123,86,131,27,-14.93392562866211,2.1057536602020264,-0.34
2026-07-10T22:59:53+00:00,37.44254996068776,126.9205366820097,6188.0,2.34,320.4,123,86,134,27,-14.360053062438965,2.124690294265747,-0.32
2026-07-10T22:59:54+00:00,,,6188.0,2.34,320.4,,86,140,27,-13.771077156066895,2.0995850563049316,-0.32
2026-07-10T22:59:55+00:00,37.442533280700445,126.92047499120235,6188.0,2.34,320.20000000000005,123,86,140,27,-13.181509017944336,2.0771756172180176,-0.3
2026-07-10T22:59:56+00:00,37.442528335377574,126.92044330760837,6200.0,2.34,320.20000000000005,124,86,143,27,-12.59017276763916,2.0574684143066406,-0.28
2026-07-10T22:59:57+00:00,37.44251827709377,126.92042000591755,6200.0,2.44,320.20000000000005,124,86,144,27,-11.50877571105957,2.1154067516326904,-0.28
2026-07-10T22:59:58+00:00,37.44250503368676,126.92040173336864,6203.0,2.44,320.20000000000005,124,86,153,27,-10.942805290222168,2.103677988052368,-0.26
2026-07-10T22:59:59+00:00,37.442488269880414,126.92038170062006,6206.0,2.46,320.4,125,86,157,27,-10.333353042602539,2.1027162075042725,-0.24
2026-07-10T23:00:00+00:00,37.442471673712134,126.9203583151102,6208.0,2.46,320.4,125,86,162,27,-9.770256042480469,2.096742630004883,-0.22
2026-07-10T23:00:01+00:00,37.44245499372482,126.92033995874226,6210.0,2.44,320.6,126,86,166,27,-9.243762016296387,2.085134983062744,-0.22
2026-07-10T23:00:02+00:00,37.44243496097624,126.92031833343208,6213.0,2.44,320.6,126,86,168,27,-8.736641883850098,2.0845096111297607,-0.2
2026-07-10T23:00:03+00:00,37.442415012046695,126.9202983006835,6216.0,2.46,320.79999999999995,126,86,174,27,-8.196941375732422,2.094902753829956,-0.2
2026-07-10T23:00:04+00:00,37.44239833205938,126.92028170451522,6218.0,2.46,320.79999999999995,127,86,179,27,-7.692395210266113,2.098994016647339,-0.18
2026-07-10T23:00:05+00:00,37.44237503036857,126.92026670090854,6221.0,2.48,320.79999999999995,128,86,181,27,-7.129648685455322,2.1234588623046875,-0.16
2026-07-10T23:00:06+00:00,,,6224.0,2.48,320.79999999999995,127,86,184,27,-6.629188537597656,2.1324071884155273,-0.16
2026-07-10T23:00:07+00:00,37.44233999401331,126.92023996263742,6227.0,2.48,321.0,127,86,186,27,-6.104015350341797,2.152949333190918,-0.14
2026-07-10T23:00:08+00:00,,,6231.0,2.48,321.0,128,85,186,27,-5.605573654174805,2.1666107177734375,-0.12
2026-07-10T23:00:09+00:00,37.44231166318059,126.92022998817265,6231.0,2.48,321.0,128,83,185,27,-5.107131481170654,2.1825766563415527,-0.12
2026-07-10T23:00:10+00:00,,,6234.0,2.48,321.0,129,83,184,27,-4.549680709838867,2.2031710147857666,-0.1
2026-07-10T23:00:11+00:00,37.44229498319328,126.92021330818534,6234.0,2.32,321.0,129,80,183,27,-4.2866291999816895,2.06213641166687,-0.08
2026-07-10T23:00:12+00:00,,,6234.0,2.32,321.0,130,78,167,27,-3.6887521743774414,2.087080240249634,-0.08
2026-07-10T23:00:13+00:00,,,6237.0,1.96,321.20000000000005,,77,165,27,-3.6414084434509277,1.7726448774337769,-0.06
2026-07-10T23:00:14+00:00,,,6237.0,1.96,321.20000000000005,130,77,141,27,-2.9388821125030518,1.8011387586593628,-0.04
2026-07-10T23:00:15+00:00,37.44227000512183,126.9201999809593,6237.0,1.36,321.20000000000005,130,76,141,27,-3.2189202308654785,1.2415846586227417,-0.04
2026-07-10T23:00:16+00:00,,,6237.0,1.36,321.0,131,75,100,27,-2.203409194946289,1.2731869220733643,-0.02
2026-07-10T23:00:17+00:00,,,6240.0,1.2,321.0,130,64,97,27,-1.3474359512329102,1.1505401134490967,0.0
2026-07-10T23:00:18+00:00,37.44224997237325,126.92017500288785,6240.0,1.2,321.0,130,62,83,27,-0.898320734500885,1.1661105155944824,0.0
2026-07-10T23:00:19+00:00,,,6240.0,1.08,321.0,131,57,81,27,-0.5027727484703064,1.0526856184005737,0.0
2026-07-10T23:00:20+00:00,37.4422300234437,126.92015497013927,6243.0,1.08,320.79999999999995,131,52,70,27,0.003431212855502963,1.0701217651367188,0.0
2026-07-10T23:00:21+00:00,,,6243.0,1.16,320.79999999999995,130,51,69,27,0.4673011898994446,1.178438663482666,0.0
2026-07-10T23:00:22+00:00,37.44221501983702,126.92013829015195,6246.0,1.16,320.6,,53,72,27,0.9332996010780334,1.197776436805725,0.0
2026-07-10T23:00:23+00:00,,,6246.0,1.2,320.4,130,54,69,27,1.3517545461654663,1.2578778266906738,0.0
2026-07-10T23:00:24+00:00,37.44219331070781,126.92013669759035,6248.0,1.2,320.20000000000005,131,55,69,27,1.8031197786331177,1.2790390253067017,0.02
2026-07-10T23:00:25+00:00,,,6248.0,1.18,320.0,130,57,67,27,2.290865898132324,1.2812187671661377,0.02
2026-07-10T23:00:26+00:00,37.44216330349445,126.92012496292591,6250.0,1.18,319.79999999999995,131,58,65,27,1.7824726104736328,1.2567501068115234,0.02
2026-07-10T23:00:27+00:00,37.44214503094554,126.9201117195189,6250.0,1.24,319.6,131,62,63,27,1.2133967876434326,1.293294072151184,0.0
2026-07-10T23:00:28+00:00,,,6254.0,1.24,319.20000000000005,131,64,66,27,0.7281531095504761,1.271156668663025,0.0
2026-07-10T23:00:29+00:00,37.44213002733886,126.92009001038969,6256.0,1.38,319.0,130,64,65,27,0.22292174398899078,1.380247712135315,0.0
2026-07-10T23:00:30+00:00,,,6256.0,1.38,318.6,130,64,72,27,-0.21452710032463074,1.36038076877594,0.0
2026-07-10T23:00:31+00:00,,,6259.0,1.36,318.20000000000005,130,64,71,27,-0.6572104096412659,1.3314934968948364,0.0
2026-07-10T23:00:32+00:00,37.44211167097092,126.9200699776411,6259.0,1.36,318.0,130,64,71,27,-1.096994400024414,1.3136577606201172,0.0
2026-07-10T23:00:33+00:00,,,6259.0,1.26,317.79999999999995,130,61,71,27,-1.659696102142334,1.1972665786743164,-0.02
2026-07-10T23:00:34+00:00,,,6261.0,1.26,317.6,130,61,66,27,-2.8203682899475098,1.1611965894699097,-0.02
2026-07-10T23:00:35+00:00,,,6261.0,1.28,317.4,129,61,66,27,-3.942805051803589,1.1414059400558472,-0.04
2026-07-10T23:00:36+00:00,37.44208501651883,126.92007500678301,6261.0,1.28,317.20000000000005,129,61,67,27,-5.0908942222595215,1.1179766654968262,-0.06
2026-07-10T23:00:37+00:00,,,6261.0,0.58,317.20000000000005,130,61,66,27,-13.66122055053711,0.5193235874176025,-0.06
2026-07-10T23:00:38+00:00,,,6264.0,0.58,317.20000000000005,130,61,36,27,-16.182682037353516,0.5500577688217163,-0.08
2026-07-10T23:00:39+00:00,,,6264.0,1.26,317.20000000000005,129,61,34,27,-8.671723365783691,1.0679272413253784,-0.1
2026-07-10T23:00:40+00:00,,,6264.0,1.26,317.0,129,60,67,27,-9.837015151977539,1.0700538158416748,-0.12
2026-07-10T23:00:41+00:00,,,6264.0,0.82,317.0,,60,68,27,-16.77536392211914,0.7903082966804504,-0.12
2026-07-10T23:00:42+00:00,,,6264.0,0.82,317.0,129,60,43,27,-17.23628807067871,0.8007566332817078,-0.14
2026-07-10T23:00:43+00:00,,,6264.0,0.66,316.79999999999995,128,60,44,27,-21.987443923950195,0.754988431930542,-0.14
2026-07-10T23:00:44+00:00,,,6264.0,0.66,316.79999999999995,128,60,36,27,-22.560104370117188,0.7710215449333191,-0.14
2026-07-10T23:00:45+00:00,,,6264.0,0.56,316.79999999999995,127,0,37,27,-27.26361846923828,0.7817913889884949,-0.14
2026-07-10T23:00:46+00:00,,,6264.0,0.56,316.79999999999995,125,0,31,27,-27.937868118286133,0.8021131157875061,-0.14
2026-07-10T23:00:47+00:00,,,6264.0,0.34,316.79999999999995,124,0,31,27,-47.12805938720703,0.8721663355827332,-0.16
2026-07-10T23:00:48+00:00,,,6264.0,0.34,317.0,123,0,18,27,-48.238590240478516,0.8905813694000244,-0.16
2026-07-10T23:00:49+00:00,,,6264.0,0.0,317.0,122,0,19,27,-48.238590240478516,0.0,-0.16
2026-07-10T23:00:50+00:00,,,6264.0,0.0,317.0,121,0,0,27,-48.238590240478516,0.0,-0.16
2026-07-10T23:00:51+00:00,,,6264.0,0.0,317.0,116,0,0,27,-48.238590240478516,0.0,-0.14
2026-07-10T23:00:52+00:00,,,6264.0,0.0,317.0,,0,0,27,-48.238590240478516,0.0,-0.14
2026-07-10T23:00:53+00:00,,,6264.0,0.0,317.0,115,0,0,27,-48.238590240478516,0.0,-0.14
2026-07-10T23:00:54+00:00,,,6264.0,0.0,317.0,114,0,0,27,-48.238590240478516,0.0,-0.14
2026-07-10T23:00:55+00:00,,,6264.0,0.0,317.0,113,0,0,27,-48.238590240478516,0.0,-0.12
2026-07-10T23:00:56+00:00,,,6264.0,0.0,317.0,112,0,0,27,-48.238590240478516,0.0,-0.12
2026-07-10T23:00:57+00:00,,,6264.0,0.0,317.0,111,24,0,27,-48.238590240478516,0.0,-0.12
2026-07-10T23:00:58+00:00,37.44206833653152,126.92006327211857,6264.0,0.0,317.0,110,40,0,27,-48.238590240478516,0.0,-0.1
2026-07-10T23:00:59+00:00,,,6264.0,0.0,317.0,109,62,0,27,-48.238590240478516,0.0,-0.1
2026-07-10T23:01:00+00:00,37.44204671122134,126.92007173784077,6267.0,0.0,317.0,107,70,0,27,-48.238590240478516,0.0,-0.08
2026-07-10T23:01:01+00:00,,,6267.0,1.0,317.0,106,70,0,27,-7.930845737457275,0.8472683429718018,-0.06
2026-07-10T23:01:02+00:00,37.44201670400798,126.92008674144745,6269.0,1.0,317.0,106,66,71,27,-6.650647163391113,0.8545169234275818,-0.06
2026-07-10T23:01:03+00:00,,,6269.0,1.54,317.0,107,66,69,27,-3.458988904953003,1.398329734802246,-0.04
2026-07-10T23:01:04+00:00,37.441993318498135,126.9201016612351,6273.0,1.54,317.0,107,51,105,27,-2.636824131011963,1.4256893396377563,-0.04
2026-07-10T23:01:05+00:00,,,6273.0,1.56,317.0,106,51,104,27,-1.7962497472763062,1.4766632318496704,-0.02
2026-07-10T23:01:06+00:00,,,6276.0,1.56,317.0,106,53,105,27,-1.5805691480636597,1.4856641292572021,-0.02
2026-07-10T23:01:07+00:00,37.44197496213019,126.9201183412224,6276.0,1.44,316.79999999999995,107,54,104,27,-1.4802582263946533,1.3753328323364258,-0.02
2026-07-10T23:01:08+00:00,,,6276.0,1.44,316.79999999999995,107,54,94,27,-1.247535228729248,1.3847092390060425,0.0
2026-07-10T23:01:09+00:00,,,6278.0,1.3,316.79999999999995,107,54,93,27,-1.1322941780090332,1.2447259426116943,0.0
2026-07-10T23:01:10+00:00,37.44195828214288,126.920106690377,6278.0,1.3,316.6,105,54,82,27,-0.8730298280715942,1.2545406818389893,0.0
2026-07-10T23:01:11+00:00,,,6278.0,1.2,316.6,,54,81,27,-0.6650607585906982,1.1647707223892212,0.0
2026-07-10T23:01:12+00:00,,,6280.0,1.2,316.79999999999995,106,54,74,27,-0.38260161876678467,1.1752430200576782,0.0
2026-07-10T23:01:13+00:00,,,6280.0,0.46,316.79999999999995,106,54,76,27,-0.2634352743625641,0.4560450613498688,0.0
2026-07-10T23:01:14+00:00,,,6280.0,0.46,317.0,106,54,29,27,-0.27262645959854126,0.45590925216674805,0.0
2026-07-10T23:01:15+00:00,37.441953336820006,126.92013326101005,6280.0,0.7,317.0,107,54,31,27,-0.1851944774389267,0.6957499384880066,0.0
2026-07-10T23:01:16+00:00,,,6280.0,0.7,317.0,106,54,49,27,-0.19123442471027374,0.6956128478050232,0.0
2026-07-10T23:01:17+00:00,,,6283.0,0.64,316.79999999999995,105,54,51,27,-0.21920715272426605,0.6254813075065613,0.0
2026-07-10T23:01:18+00:00,,,6283.0,0.64,316.79999999999995,104,54,45,27,-0.22590476274490356,0.62534499168396,0.0
2026-07-10T23:01:19+00:00,,,6283.0,0.66,316.79999999999995,104,55,45,27,-0.22546492516994476,0.6452064514160156,0.0
2026-07-10T23:01:20+00:00,,,6283.0,0.66,316.6,104,56,47,27,-0.2319694608449936,0.6450700163841248,0.0
2026-07-10T23:01:21+00:00,,,6283.0,0.44,316.4,104,56,43,27,-0.3604741096496582,0.42496955394744873,0.0
2026-07-10T23:01:22+00:00,,,6283.0,0.44,316.4,105,56,24,27,-1.0732532739639282,0.4156440794467926,0.0
2026-07-10T23:01:23+00:00,,,6283.0,0.4,316.20000000000005,105,56,22,27,-1.9199848175048828,0.3773393929004669,0.0
2026-07-10T23:01:24+00:00,,,6283.0,0.4,316.0,104,0,21,27,-2.6854562759399414,0.36986014246940613,0.0
2026-07-10T23:01:25+00:00,,,6283.0,0.0,316.0,104,0,21,27,-2.6854562759399414,0.0,0.0
2026-07-10T23:01:26+00:00,,,6283.0,0.0,315.79999999999995,103,56,0,27,-2.6854562759399414,0.0,0.0
2026-07-10T23:01:27+00:00,,,6283.0,0.0,315.79999999999995,102,56,0,27,-2.6854562759399414,0.0,0.0
2026-07-10T23:01:28+00:00,,,6283.0,0.0,315.79999999999995,101,0,0,27,-2.6854562759399414,0.0,-0.02
2026-07-10T23:01:29+00:00,,,6283.0,0.0,315.79999999999995,102,0,0,27,-2.6854562759399414,0.0,-0.02
2026-07-10T23:01:30+00:00,,,6283.0,0.0,315.6,101,0,0,27,-2.6854562759399414,0.0,-0.02
2026-07-10T23:01:31+00:00,37.44193498045206,126.92013326101005,6283.0,0.0,315.4,101,41,0,27,-2.6854562759399414,0.0,-0.02
2026-07-10T23:01:32+00:00,,,6283.0,0.0,315.20000000000005,101,50,0,27,-2.6854562759399414,0.0,-0.02
2026-07-10T23:01:33+00:00,37.44191000238061,126.92012496292591,6285.0,0.32,315.0,100,59,0,27,-12.621781349182129,0.27270081639289856,-0.02
2026-07-10T23:01:34+00:00,,,6288.0,0.32,314.79999999999995,100,59,19,27,-13.674308776855469,0.2776380181312561,-0.04
2026-07-10T23:01:35+00:00,37.441871697083116,126.920106690377,6288.0,1.62,314.4,103,59,20,27,-2.8353993892669678,1.483208179473877,-0.04
2026-07-10T23:01:36+00:00,37.4418499879539,126.92009327933192,6288.0,1.62,314.0,104,73,88,27,-3.0382630825042725,1.476013422012329,-0.04
2026-07-10T23:01:37+00:00,37.44183330796659,126.92008003592491,6292.0,2.04,313.4,106,74,86,27,-2.570066213607788,1.8824739456176758,-0.04
2026-07-10T23:01:38+00:00,37.44181671179831,126.92006167955697,6295.0,2.04,313.0,108,74,109,27,-3.1234090328216553,1.857347011566162,-0.06
2026-07-10T23:01:39+00:00,37.44180170819163,126.92004667595029,6297.0,2.22,312.6,,77,107,27,-3.3615684509277344,2.020151376724243,-0.06
2026-07-10T23:01:40+00:00,,,6299.0,2.22,312.20000000000005,108,77,117,27,-3.8685648441314697,1.9982411861419678,-0.08
2026-07-10T23:01:41+00:00,37.44177673012018,126.92004499956965,6302.0,2.24,312.0,108,78,116,27,-4.3344879150390625,1.997841715812683,-0.08
2026-07-10T23:01:42+00:00,,,6302.0,2.24,311.79999999999995,109,82,117,27,-4.835954189300537,1.9800817966461182,-0.1
2026-07-10T23:01:43+00:00,37.4417516682297,126.92002329044044,6304.0,1.92,311.4,109,83,117,27,-6.227576732635498,1.6644529104232788,-0.1
2026-07-10T23:01:44+00:00,,,6304.0,1.92,311.0,111,83,100,27,-6.811451435089111,1.6548399925231934,-0.12
2026-07-10T23:01:45+00:00,37.44173666462302,126.92000501789153,6308.0,1.84,310.6,112,83,100,27,-7.719302654266357,1.576180100440979,-0.14
2026-07-10T23:01:46+00:00,,,6308.0,1.84,310.20000000000005,112,79,96,27,-8.414698600769043,1.5725187063217163,-0.14
2026-07-10T23:01:47+00:00,,,6310.0,1.66,310.0,113,79,96,27,-10.159912109375,1.4146764278411865,-0.16
2026-07-10T23:01:48+00:00,37.441718308255076,126.92000334151089,6310.0,1.66,309.79999999999995,115,78,86,27,-10.933833122253418,1.422458291053772,-0.18
2026-07-10T23:01:49+00:00,,,6310.0,1.46,309.6,115,74,86,27,-13.324381828308105,1.290347933769226,-0.18
2026-07-10T23:01:50+00:00,,,6312.0,1.46,309.4,116,73,76,27,-14.20946216583252,1.312445044517517,-0.2
2026-07-10T23:01:51+00:00,37.4417033046484,126.92001666873693,6312.0,1.3,309.20000000000005,117,73,76,27,-16.960784912109375,1.249800682067871,-0.2
2026-07-10T23:01:52+00:00,,,6312.0,1.3,309.0,117,67,68,27,-17.952667236328125,1.286932110786438,-0.22
2026-07-10T23:01:53+00:00,,,6314.0,1.2,308.79999999999995,118,63,67,27,-20.5376033782959,1.292569875717163,-0.24
2026-07-10T23:01:54+00:00,37.44168167933822,126.92000669427216,6314.0,1.2,308.6,118,63,62,27,-20.999357223510742,1.3137329816818237,-0.24
2026-07-10T23:01:55+00:00,,,6314.0,1.16,308.4,118,61,62,27,-22.01708984375,1.3283846378326416,-0.24
2026-07-10T23:01:56+00:00,,,6317.0,1.16,308.20000000000005,116,61,60,27,-22.49220848083496,1.3517380952835083,-0.26
2026-07-10T23:01:57+00:00,,,6317.0,1.12,308.20000000000005,117,61,60,27,-24.000900268554688,1.3684722185134888,-0.26
2026-07-10T23:01:58+00:00,,,6317.0,1.12,308.20000000000005,116,61,58,27,-24.496925354003906,1.3944120407104492,-0.26
2026-07-10T23:01:59+00:00,,,6317.0,0.0,308.0,115,61,58,27,-24.496925354003906,0.0,-0.26
2026-07-10T23:02:00+00:00,,,6317.0,0.0,308.0,113,61,0,27,-24.496925354003906,0.0,-0.28
2026-07-10T23:02:01+00:00,,,6317.0,0.0,308.0,114,56,0,27,-24.496925354003906,0.0,-0.28
2026-07-10T23:02:02+00:00,,,6317.0,0.0,308.0,113,56,0,27,-24.496925354003906,0.0,-0.28
2026-07-10T23:02:03+00:00,,,6317.0,0.0,308.0,113,56,0,27,-24.496925354003906,0.0,-0.26
2026-07-10T23:02:04+00:00,,,6317.0,0.0,308.0,112,0,0,27,-24.496925354003906,0.0,-0.26
2026-07-10T23:02:05+00:00,37.44166173040867,126.91999831236899,6317.0,0.0,308.0,111,0,0,27,-24.496925354003906,0.0,-0.24
2026-07-10T23:02:06+00:00,,,6317.0,0.0,307.79999999999995,109,0,0,27,-24.496925354003906,0.0,-0.24
2026-07-10T23:02:07+00:00,37.44163331575692,126.91999495960772,6319.0,0.64,308.0,,50,0,27,-37.83342361450195,1.2962424755096436,-0.24
2026-07-10T23:02:08+00:00,37.44161495938897,126.91999328322709,6319.0,0.64,308.0,109,51,39,27,-36.6290283203125,1.248138189315796,-0.22
2026-07-10T23:02:09+00:00,37.44159668684006,126.91999328322709,6322.0,1.62,307.79999999999995,,51,41,27,-13.994915962219238,1.4599440097808838,-0.22
2026-07-10T23:02:10+00:00,37.44157833047211,126.91999495960772,6324.0,1.62,307.79999999999995,108,55,108,28,-13.11241340637207,1.4363510608673096,-0.2
2026-07-10T23:02:11+00:00,,,6326.0,1.88,307.79999999999995,108,55,108,28,-10.595661163330078,1.607776403427124,-0.18
2026-07-10T23:02:12+00:00,37.44154832325876,126.92000166513026,6328.0,1.88,307.79999999999995,108,55,125,28,-9.829611778259277,1.6007513999938965,-0.18
2026-07-10T23:02:13+00:00,,,6328.0,1.88,307.79999999999995,109,55,125,28,-9.01915454864502,1.6061495542526245,-0.16
2026-07-10T23:02:14+00:00,,,6332.0,1.88,307.79999999999995,107,55,124,28,-8.257940292358398,1.6072564125061035,-0.14
2026-07-10T23:02:15+00:00,,,6332.0,1.7,308.0,105,55,127,28,-8.293018341064453,1.4532451629638672,-0.14
2026-07-10T23:02:16+00:00,,,6332.0,1.7,308.20000000000005,103,55,118,28,-7.452046871185303,1.4583566188812256,-0.12
2026-07-10T23:02:17+00:00,,,6332.0,0.34,308.4,102,55,123,28,-33.04275894165039,0.5876674652099609,-0.1
2026-07-10T23:02:18+00:00,37.441526697948575,126.91999831236899,6332.0,0.34,308.4,103,55,40,28,-29.504018783569336,0.516638457775116,-0.1
2026-07-10T23:02:19+00:00,,,6332.0,0.7,308.4,102,55,46,28,-12.61170768737793,0.615682065486908,-0.08
2026-07-10T23:02:20+00:00,,,6334.0,0.7,308.4,101,55,66,28,-10.887733459472656,0.6032288670539856,-0.06
2026-07-10T23:02:21+00:00,37.44150498881936,126.91999001428485,6334.0,0.72,308.4,102,54,62,28,-9.043168067932129,0.6065889000892639,-0.06
2026-07-10T23:02:22+00:00,,,6334.0,0.72,308.4,102,54,62,28,-7.350255012512207,0.6094620823860168,-0.04
2026-07-10T23:02:23+00:00,,,6337.0,0.86,308.20000000000005,102,54,62,28,-4.721296787261963,0.7528403401374817,-0.04
2026-07-10T23:02:24+00:00,,,6337.0,0.86,308.20000000000005,101,54,69,28,-3.2435195446014404,0.7755531072616577,-0.02
2026-07-10T23:02:25+00:00,,,6337.0,0.4,308.20000000000005,100,54,62,28,-4.022916316986084,0.3589186370372772,0.0
2026-07-10T23:02:26+00:00,,,6337.0,0.4,308.0,99,0,25,28,-3.418318510055542,0.36353006958961487,0.0
2026-07-10T23:02:27+00:00,,,6337.0,0.0,308.0,100,0,21,28,-3.418318510055542,0.0,0.0
2026-07-10T23:02:28+00:00,,,6337.0,0.0,308.0,,0,0,28,-3.418318510055542,0.0,0.0
2026-07-10T23:02:29+00:00,,,6337.0,0.0,308.0,100,0,0,28,-3.418318510055542,0.0,0.0
2026-07-10T23:02:30+00:00,,,6337.0,0.0,307.79999999999995,100,0,0,28,-3.418318510055542,0.0,0.0
2026-07-10T23:02:31+00:00,,,6337.0,0.0,307.79999999999995,99,0,0,28,-3.418318510055542,0.0,0.0
2026-07-10T23:02:32+00:00,,,6337.0,0.0,307.79999999999995,100,0,0,28,-3.418318510055542,0.0,0.0
2026-07-10T23:02:33+00:00,,,6337.0,0.0,307.79999999999995,99,0,0,28,-3.418318510055542,0.0,0.0
2026-07-10T23:02:34+00:00,,,6337.0,0.0,308.0,99,0,0,28,-3.418318510055542,0.0,0.0
2026-07-10T23:02:35+00:00,,,6337.0,0.0,308.0,99,0,0,28,-3.418318510055542,0.0,0.0
2026-07-10T23:02:36+00:00,,,6337.0,0.0,308.0,100,0,0,28,-3.418318510055542,0.0,0.0
2026-07-10T23:02:37+00:00,,,6337.0,0.0,308.0,,0,0,28,-3.418318510055542,0.0,0.0
2026-07-10T23:02:38+00:00,,,6337.0,0.0,308.0,100,0,0,28,-3.418318510055542,0.0,0.0
2026-07-10T23:02:39+00:00,,,6337.0,0.0,308.0,100,0,0,28,-3.418318510055542,0.0,0.0
2026-07-10T23:02:40+00:00,,,6337.0,0.0,308.0,99,0,0,28,-3.418318510055542,0.0,0.0
2026-07-10T23:02:41+00:00,,,6337.0,0.0,308.0,100,0,0,28,-3.418318510055542,0.0,0.0
2026-07-10T23:02:42+00:00,,,6337.0,0.0,308.0,99,51,0,28,-3.418318510055542,0.0,0.0
2026-07-10T23:02:43+00:00,,,6337.0,0.0,308.20000000000005,101,51,0,28,-3.418318510055542,0.0,0.0
2026-07-10T23:02:44+00:00,,,6337.0,0.0,308.20000000000005,102,51,0,28,-3.418318510055542,0.0,0.0
2026-07-10T23:02:45+00:00,,,6337.0,0.0,308.20000000000005,103,51,0,28,-3.418318510055542,0.0,0.0
2026-07-10T23:02:46+00:00,,,6337.0,0.0,308.20000000000005,102,51,0,28,-3.418318510055542,0.0,0.0
2026-07-10T23:02:47+00:00,,,6337.0,0.0,308.20000000000005,102,0,0,28,-3.418318510055542,0.0,0.0
2026-07-10T23:02:48+00:00,,,6337.0,0.0,308.20000000000005,104,0,0,28,-3.418318510055542,0.0,0.0
2026-07-10T23:02:49+00:00,37.44149669073522,126.91996327601373,6337.0,0.3,308.0,104,53,0,28,-5.756378173828125,0.2615606486797333,0.0
2026-07-10T23:02:50+00:00,,,6337.0,0.3,308.0,104,64,24,28,-5.048222064971924,0.26426810026168823,0.0
2026-07-10T23:02:51+00:00,37.441481687128544,126.91994173452258,6339.0,0.98,307.79999999999995,104,64,20,28,-1.3418505191802979,0.9301719069480896,0.0
2026-07-10T23:02:52+00:00,,,6339.0,0.98,307.6,105,64,61,28,-1.1232709884643555,0.9362094402313232,0.0
2026-07-10T23:02:53+00:00,37.44145997799933,126.9199232943356,6342.0,1.16,307.4,105,63,57,28,-0.7557768225669861,1.1322022676467896,0.0
2026-07-10T23:02:54+00:00,,,6342.0,1.16,307.20000000000005,105,79,66,28,-0.5729993581771851,1.1386953592300415,0.0
2026-07-10T23:02:55+00:00,37.44143667630851,126.91990166902542,6345.0,1.3,307.0,105,85,64,28,-0.35023829340934753,1.2753283977508545,0.0
2026-07-10T23:02:56+00:00,,,6345.0,1.3,306.79999999999995,,90,71,28,-0.1858801692724228,1.2821389436721802,0.0
2026-07-10T23:02:57+00:00,,,6348.0,1.4,306.6,105,90,70,28,-0.019527617841959,1.3990951776504517,0.0
2026-07-10T23:02:58+00:00,37.44142326526344,126.91988172009587,6348.0,1.4,306.4,105,87,75,28,-0.4887425899505615,1.3779596090316772,0.0
2026-07-10T23:02:59+00:00,,,6348.0,0.8,306.20000000000005,105,82,74,28,-1.6984785795211792,0.7498465180397034,0.0
2026-07-10T23:03:00+00:00,,,6350.0,0.8,306.20000000000005,104,78,42,28,-2.5324957370758057,0.7332855463027954,-0.02
2026-07-10T23:03:01+00:00,37.44140331633389,126.9198667164892,6350.0,0.96,306.0,104,68,42,28,-2.796752691268921,0.8760104775428772,-0.02
2026-07-10T23:03:02+00:00,,,6350.0,0.96,306.0,104,62,49,28,-3.4882278442382812,0.862050473690033,-0.02
2026-07-10T23:03:03+00:00,37.441373309120536,126.91985498182476,6353.0,0.8,305.79999999999995,103,60,49,28,-4.966683864593506,0.7056427597999573,-0.02
2026-07-10T23:03:04+00:00,,,6353.0,0.8,305.79999999999995,104,60,41,28,-5.786988258361816,0.697216808795929,-0.04
2026-07-10T23:03:05+00:00,37.44134330190718,126.91985833458602,6356.0,1.32,305.6,103,71,41,28,-4.005913734436035,1.184834599494934,-0.04
2026-07-10T23:03:06+00:00,,,6356.0,1.32,305.6,104,86,73,28,-4.428370952606201,1.1752452850341797,-0.04
2026-07-10T23:03:07+00:00,,,6360.0,1.46,305.20000000000005,,87,73,28,-4.38682746887207,1.3008919954299927,-0.06
2026-07-10T23:03:08+00:00,37.441331734880805,126.91983503289521,6360.0,1.46,305.0,105,88,82,28,-4.768774509429932,1.2920596599578857,-0.06
2026-07-10T23:03:09+00:00,,,6360.0,1.3,304.79999999999995,105,88,81,28,-5.8294997215271,1.1236464977264404,-0.06
2026-07-10T23:03:10+00:00,,,6362.0,1.3,304.4,105,87,69,28,-6.263944625854492,1.1178542375564575,-0.08
2026-07-10T23:03:11+00:00,,,6362.0,1.02,304.20000000000005,105,81,68,28,-8.467114448547363,0.8716424107551575,-0.08
2026-07-10T23:03:12+00:00,,,6362.0,1.02,304.0,105,80,53,28,-9.014371871948242,0.8714186549186707,-0.08
2026-07-10T23:03:13+00:00,37.44130667299032,126.91982673481107,6362.0,0.9,303.79999999999995,106,77,53,28,-10.83713150024414,0.7752514481544495,-0.08
2026-07-10T23:03:14+00:00,,,6362.0,0.9,303.6,105,74,48,28,-11.993797302246094,0.784782886505127,-0.1
2026-07-10T23:03:15+00:00,37.441274989396334,126.91980997100472,6365.0,0.88,303.20000000000005,105,71,49,28,-13.451703071594238,0.7848944067955017,-0.1
2026-07-10T23:03:16+00:00,37.44125830940902,126.91979999653995,6365.0,0.88,303.0,104,69,49,28,-14.63347339630127,0.8037552833557129,-0.12
2026-07-10T23:03:17+00:00,37.44123827666044,126.91977996379137,6369.0,1.14,302.79999999999995,,69,48,28,-12.317217826843262,0.9896272420883179,-0.12
2026-07-10T23:03:18+00:00,37.44122000411153,126.91977325826883,6371.0,1.14,302.6,104,71,59,28,-13.238455772399902,1.0040680170059204,-0.14
2026-07-10T23:03:19+00:00,,,6374.0,1.5,302.4,105,83,59,28,-10.66766357421875,1.2903510332107544,-0.16
2026-07-10T23:03:20+00:00,37.44119326584041,126.91976328380406,6376.0,1.5,302.0,105,85,79,28,-11.360969543457031,1.298409104347229,-0.16
2026-07-10T23:03:21+00:00,37.44117172434926,126.91976001486182,6376.0,1.58,301.79999999999995,106,86,78,28,-11.443931579589844,1.3688522577285767,-0.18
2026-07-10T23:03:22+00:00,37.44115496054292,126.91974828019738,6379.0,1.58,301.4,107,89,83,28,-11.617637634277344,1.3714767694473267,-0.18
2026-07-10T23:03:23+00:00,37.441133335232735,126.9197332765907,6381.0,1.72,301.20000000000005,108,90,83,28,-10.831583023071289,1.4815237522125244,-0.18
2026-07-10T23:03:24+00:00,37.44110332801938,126.91971500404179,6383.0,1.72,301.0,,88,90,28,-10.99083137512207,1.4835467338562012,-0.18
2026-07-10T23:03:25+00:00,37.441080026328564,126.91970167681575,6386.0,2.06,300.79999999999995,110,84,90,28,-9.310041427612305,1.7606115341186523,-0.18
2026-07-10T23:03:26+00:00,37.441059993579984,126.91969170235097,6390.0,2.06,300.4,,84,110,28,-9.44313907623291,1.7611335515975952,-0.18
2026-07-10T23:03:27+00:00,37.44104172103107,126.91967996768653,6393.0,2.62,300.20000000000005,110,84,110,28,-7.529303550720215,2.246577024459839,-0.18
2026-07-10T23:03:28+00:00,37.44101665914059,126.91966672427952,6395.0,2.62,300.0,111,84,144,28,-7.634161949157715,2.2453012466430664,-0.2
2026-07-10T23:03:29+00:00,37.44098832830787,126.91965331323445,6397.0,2.52,300.0,110,84,144,28,-8.077634811401367,2.1469860076904297,-0.2
2026-07-10T23:03:30+00:00,37.440966702997684,126.91963168792427,6400.0,2.52,300.0,111,84,140,28,-8.25302505493164,2.1458849906921387,-0.2
2026-07-10T23:03:31+00:00,37.44094499386847,126.91961333155632,6404.0,2.76,299.79999999999995,113,84,142,28,-7.6930060386657715,2.356006622314453,-0.2
2026-07-10T23:03:32+00:00,37.440926721319556,126.9195900298655,6407.0,2.76,299.79999999999995,114,85,161,28,-7.853090763092041,2.3542721271514893,-0.2
2026-07-10T23:03:33+00:00,37.44090501219034,126.91957326605916,6410.0,2.82,299.79999999999995,115,86,164,28,-7.841917991638184,2.4057531356811523,-0.22
2026-07-10T23:03:34+00:00,37.440881710499525,126.91956329159439,6413.0,2.82,299.79999999999995,115,86,172,28,-7.998741626739502,2.4042553901672363,-0.22
2026-07-10T23:03:35+00:00,37.44086327031255,126.9195466954261,6413.0,2.82,300.0,115,86,176,28,-8.126019477844238,2.411778688430786,-0.22
2026-07-10T23:03:36+00:00,37.440843321383,126.91953169181943,6418.0,2.82,300.0,116,86,183,28,-8.282442092895508,2.410738229751587,-0.22
2026-07-10T23:03:37+00:00,37.440824965015054,126.91950830630958,6421.0,2.78,300.20000000000005,116,86,190,28,-8.55997085571289,2.375335931777954,-0.22
2026-07-10T23:03:38+00:00,37.44080333970487,126.91949003376067,6423.0,2.78,300.20000000000005,117,86,194,28,-8.1671781539917,2.377274990081787,-0.22
2026-07-10T23:03:39+00:00,,,6426.0,2.78,300.20000000000005,118,86,197,28,-7.801664352416992,2.37192702293396,-0.2
2026-07-10T23:03:40+00:00,37.440776685252786,126.91946497187018,6429.0,2.78,300.4,119,86,199,28,-7.406664848327637,2.376917839050293,-0.2
2026-07-10T23:03:41+00:00,,,6429.0,2.68,300.4,119,85,201,28,-7.275503635406494,2.2930455207824707,-0.18
2026-07-10T23:03:42+00:00,37.44075329974294,126.91944669932127,6433.0,2.68,300.6,120,85,197,28,-6.866119861602783,2.3001835346221924,-0.18
2026-07-10T23:03:43+00:00,,,6433.0,2.54,300.79999999999995,121,84,200,28,-6.814026832580566,2.1805477142333984,-0.16
2026-07-10T23:03:44+00:00,37.44072672910988,126.91941669210792,6436.0,2.54,300.79999999999995,123,83,194,28,-6.3806939125061035,2.189631462097168,-0.16
2026-07-10T23:03:45+00:00,37.44071667082608,126.91939003765583,6436.0,2.42,301.0,123,83,197,28,-6.245762348175049,2.088813304901123,-0.14
2026-07-10T23:03:46+00:00,37.440703259781,126.91937000490725,6440.0,2.42,301.20000000000005,125,83,190,28,-5.619922637939453,2.1050429344177246,-0.12
2026-07-10T23:03:47+00:00,37.44068498723209,126.91934670321643,6442.0,2.4,301.4,126,83,192,28,-5.03713321685791,2.1057093143463135,-0.12
2026-07-10T23:03:48+00:00,37.440671660006046,126.91932499408722,6445.0,2.4,301.4,126,83,192,28,-4.407316207885742,2.1287333965301514,-0.1
2026-07-10T23:03:49+00:00,37.4406567402184,126.91930001601577,6448.0,2.42,301.20000000000005,127,84,190,28,-3.7306699752807617,2.1845266819000244,-0.08
2026-07-10T23:03:50+00:00,37.440646681934595,126.91927671432495,6450.0,2.42,301.20000000000005,127,84,188,28,-3.1080381870269775,2.2149715423583984,-0.06
2026-07-10T23:03:51+00:00,,,6453.0,2.44,301.20000000000005,127,84,187,28,-2.4662678241729736,2.26865816116333,-0.06
2026-07-10T23:03:52+00:00,37.44063997641206,126.91924503073096,6455.0,2.44,301.20000000000005,128,84,183,28,-1.8493566513061523,2.3062524795532227,-0.04
2026-07-10T23:03:53+00:00,,,6455.0,2.3,301.20000000000005,128,84,180,28,-1.3144880533218384,2.1977343559265137,-0.02
2026-07-10T23:03:54+00:00,37.44064500555396,126.91920169629157,6458.0,2.3,301.20000000000005,,83,166,28,-0.843032717704773,2.2291061878204346,0.0
2026-07-10T23:03:55+00:00,37.44064332917333,126.91917504183948,6458.0,2.12,301.20000000000005,129,82,163,28,-0.4049241542816162,2.092212438583374,0.0
2026-07-10T23:03:56+00:00,37.440638300031424,126.91914327442646,6462.0,2.12,301.20000000000005,,82,146,28,0.10281474143266678,2.1272642612457275,0.0
2026-07-10T23:03:57+00:00,37.440630001947284,126.91911997273564,6464.0,2.16,301.20000000000005,128,82,142,28,0.6020344495773315,2.194357395172119,0.0
2026-07-10T23:03:58+00:00,37.44061667472124,126.9191000238061,6467.0,2.16,301.20000000000005,127,82,143,28,1.1016885042190552,2.233400344848633,0.02
2026-07-10T23:03:59+00:00,37.44060502387583,126.91907999105752,6469.0,2.24,301.20000000000005,127,84,145,28,1.544377326965332,2.3541300296783447,0.02
2026-07-10T23:04:00+00:00,37.44058499112725,126.9190582819283,6472.0,2.24,301.4,127,84,151,28,2.027070999145508,2.3970236778259277,0.04
2026-07-10T23:04:01+00:00,37.44056831113994,126.91904000937939,6474.0,2.24,301.4,127,84,154,28,2.507835626602173,2.441676616668701,0.04
2026-07-10T23:04:02+00:00,37.44055833667517,126.9190199766308,6477.0,2.24,301.6,128,84,156,28,2.4869587421417236,2.439697742462158,0.04
2026-07-10T23:04:03+00:00,,,6479.0,2.3,301.6,129,84,158,28,2.3910071849823,2.5069472789764404,0.04
2026-07-10T23:04:04+00:00,37.44053000584245,126.91898326389492,6481.0,2.3,301.79999999999995,129,84,166,28,2.3707656860351562,2.504988431930542,0.04
2026-07-10T23:04:05+00:00,37.44051500223577,126.918964991346,6481.0,2.28,302.0,129,83,173,28,2.3816092014312744,2.4733498096466064,0.04
2026-07-10T23:04:06+00:00,37.440505027770996,126.91894168965518,6486.0,2.28,302.20000000000005,130,83,177,28,2.3610591888427734,2.471388816833496,0.04
2026-07-10T23:04:07+00:00,37.44049170054495,126.91891830414534,6488.0,2.3,302.20000000000005,130,83,183,28,2.320129156112671,2.4892337322235107,0.04
2026-07-10T23:04:08+00:00,37.440473260357976,126.91890003159642,6490.0,2.3,302.4,129,83,188,28,2.2998197078704834,2.4872894287109375,0.04
2026-07-10T23:04:09+00:00,37.440460016950965,126.91887999884784,6493.0,2.3,302.4,129,83,190,28,2.2695791721343994,2.4952495098114014,0.04
2026-07-10T23:04:10+00:00,37.44044668972492,126.91885828971863,6496.0,2.3,302.4,129,83,187,27,2.3028955459594727,2.498446464538574,0.04
2026-07-10T23:04:11+00:00,37.44043671526015,126.91883498802781,6498.0,2.32,302.4,130,83,184,28,2.3160722255706787,2.5214500427246094,0.04
2026-07-10T23:04:12+00:00,37.44042498059571,126.918811686337,6500.0,2.32,302.4,130,83,181,28,2.3491344451904297,2.5246634483337402,0.04
2026-07-10T23:04:13+00:00,37.44042003527284,126.91878503188491,6503.0,2.32,302.4,131,84,178,28,2.3820977210998535,2.527876615524292,0.04
2026-07-10T23:04:14+00:00,37.4404083006084,126.91875829361379,6505.0,2.32,302.4,131,84,172,27,2.4151268005371094,2.5311055183410645,0.04
2026-07-10T23:04:15+00:00,37.44040000252426,126.91873172298074,6508.0,2.34,302.4,,84,167,28,2.4376816749572754,2.5442354679107666,0.04
2026-07-10T23:04:16+00:00,37.44039170444012,126.91870833747089,6508.0,2.34,302.20000000000005,132,84,164,27,2.470503330230713,2.547473907470703,0.04
2026-07-10T23:04:17+00:00,37.44037996977568,126.91868503578007,6513.0,2.36,302.0,133,84,159,28,2.471632957458496,2.5803871154785156,0.04
2026-07-10T23:04:18+00:00,37.44037167169154,126.91866173408926,6515.0,2.36,301.79999999999995,132,84,155,27,2.342475175857544,2.567532777786255,0.04
2026-07-10T23:04:19+00:00,37.440363289788365,126.91863667219877,6517.0,2.36,301.6,134,84,150,28,2.2137043476104736,2.554863452911377,0.04
2026-07-10T23:04:20+00:00,37.44034996256232,126.91861169412732,6520.0,2.36,301.4,135,84,146,28,2.0845463275909424,2.5423026084899902,0.04
2026-07-10T23:04:21+00:00,37.440330013632774,126.91859995946288,6522.0,2.36,301.0,134,85,142,28,1.9555174112319946,2.5299012660980225,0.04
2026-07-10T23:04:22+00:00,37.440309980884194,126.91859669052064,6525.0,2.36,300.79999999999995,134,85,138,28,1.8264884948730469,2.5176467895507812,0.04
2026-07-10T23:04:23+00:00,37.44028827175498,126.91859166137874,6527.0,2.38,300.6,136,85,135,28,1.6831949949264526,2.5254323482513428,0.04
2026-07-10T23:04:24+00:00,37.44026673026383,126.91858168691397,6529.0,2.38,300.4,,82,134,27,1.5549944639205933,2.5134642124176025,0.02
2026-07-10T23:04:25+00:00,37.440249966457486,126.91855997778475,6532.0,2.36,300.20000000000005,134,82,133,28,1.4333282709121704,2.491727828979492,0.02
2026-07-10T23:04:26+00:00,37.44023831561208,126.91854170523584,6534.0,2.36,300.0,133,82,132,27,0.9998385906219482,2.4529805183410645,0.02
2026-07-10T23:04:27+00:00,,,6537.0,2.42,299.79999999999995,133,82,131,27,0.5573745965957642,2.4559202194213867,0.0
2026-07-10T23:04:28+00:00,37.440228341147304,126.91850499249995,6539.0,2.42,299.6,132,82,134,27,0.1315055787563324,2.4205799102783203,0.0
2026-07-10T23:04:29+00:00,,,6539.0,2.34,299.20000000000005,133,82,134,27,-0.30358925461769104,2.306967258453369,0.0
2026-07-10T23:04:30+00:00,37.440233286470175,126.91847330890596,6543.0,2.34,299.0,133,80,129,27,-0.745842456817627,2.2748663425445557,0.0
2026-07-10T23:04:31+00:00,,,6543.0,2.1,298.79999999999995,132,56,128,28,-1.3143103122711182,2.0154001712799072,-0.02
2026-07-10T23:04:32+00:00,37.440258264541626,126.9184467382729,6545.0,2.1,298.6,132,79,114,28,-1.8040233850479126,1.9873861074447632,-0.02
2026-07-10T23:04:33+00:00,,,6545.0,2.02,298.4,132,77,115,28,-2.3949086666107178,1.8722878694534302,-0.04
2026-07-10T23:04:34+00:00,37.44028667919338,126.91842997446656,6549.0,2.02,298.20000000000005,132,69,109,27,-3.1397924423217773,1.8383468389511108,-0.06
2026-07-10T23:04:35+00:00,,,6549.0,1.94,298.20000000000005,131,68,110,27,-4.020228862762451,1.7408488988876343,-0.06
2026-07-10T23:04:36+00:00,,,6553.0,1.94,298.0,131,65,106,27,-4.7904510498046875,1.716212272644043,-0.08
2026-07-10T23:04:37+00:00,,,6553.0,1.68,297.79999999999995,130,62,107,27,-6.457917213439941,1.4441759586334229,-0.1
2026-07-10T23:04:38+00:00,,,6553.0,1.68,297.79999999999995,128,61,91,28,-7.350879669189453,1.4335176944732666,-0.12
2026-07-10T23:04:39+00:00,,,6553.0,0.38,297.6,128,61,92,27,-36.237369537353516,0.7317955493927002,-0.12
2026-07-10T23:04:40+00:00,,,6553.0,0.38,297.6,127,61,24,27,-40.16563034057617,0.824520468711853,-0.14
2026-07-10T23:04:41+00:00,,,6553.0,0.0,297.6,127,61,22,27,-40.16563034057617,0.0,-0.16
2026-07-10T23:04:42+00:00,,,6553.0,0.0,297.6,127,61,0,28,-40.16563034057617,0.0,-0.16
2026-07-10T23:04:43+00:00,,,6553.0,0.0,297.6,,61,0,27,-40.16563034057617,0.0,-0.16
2026-07-10T23:04:44+00:00,,,6553.0,0.0,297.4,126,61,0,28,-40.16563034057617,0.0,-0.16
2026-07-10T23:04:45+00:00,,,6553.0,0.0,297.4,125,59,0,28,-40.16563034057617,0.0,-0.16
2026-07-10T23:04:46+00:00,,,6553.0,0.0,297.4,122,59,0,28,-40.16563034057617,0.0,-0.16
2026-07-10T23:04:47+00:00,,,6553.0,0.0,297.4,121,59,0,28,-40.16563034057617,0.0,-0.18
2026-07-10T23:04:48+00:00,,,6553.0,0.0,297.4,121,59,0,28,-40.16563034057617,0.0,-0.18
2026-07-10T23:04:49+00:00,,,6553.0,0.0,297.6,120,59,0,28,-40.16563034057617,0.0,-0.18
2026-07-10T23:04:50+00:00,,,6553.0,0.0,297.6,121,0,0,28,-40.16563034057617,0.0,-0.16
2026-07-10T23:04:51+00:00,,,6553.0,0.0,297.6,121,0,0,28,-40.16563034057617,0.0,-0.16
2026-07-10T23:04:52+00:00,,,6553.0,0.0,297.6,120,0,0,28,-40.16563034057617,0.0,-0.14
2026-07-10T23:04:53+00:00,,,6553.0,0.0,297.6,120,0,0,28,-40.16563034057617,0.0,-0.14
2026-07-10T23:04:54+00:00,,,6553.0,0.0,297.79999999999995,,0,0,28,-40.16563034057617,0.0,-0.14
2026-07-10T23:04:55+00:00,,,6553.0,0.0,297.79999999999995,119,0,0,28,-40.16563034057617,0.0,-0.12
2026-07-10T23:04:56+00:00,,,6553.0,0.0,297.6,119,0,0,28,-40.16563034057617,0.0,-0.12
2026-07-10T23:04:57+00:00,,,6553.0,0.0,297.6,118,0,0,28,-40.16563034057617,0.0,-0.1
2026-07-10T23:04:58+00:00,,,6553.0,0.0,297.6,116,0,0,28,-40.16563034057617,0.0,-0.1
2026-07-10T23:04:59+00:00,,,6553.0,0.0,297.6,114,0,0,28,-40.16563034057617,0.0,-0.08
2026-07-10T23:05:00+00:00,,,6553.0,0.0,297.6,113,59,0,28,-40.16563034057617,0.0,-0.08
2026-07-10T23:05:01+00:00,,,6553.0,0.0,297.6,112,59,0,28,-40.16563034057617,0.0,-0.06
2026-07-10T23:05:02+00:00,,,6553.0,0.0,297.6,111,59,0,28,-40.16563034057617,0.0,-0.06
2026-07-10T23:05:03+00:00,,,6553.0,0.0,297.6,110,0,0,28,-40.16563034057617,0.0,-0.04
2026-07-10T23:05:04+00:00,,,6553.0,0.0,297.6,,0,0,28,-40.16563034057617,0.0,-0.04
2026-07-10T23:05:05+00:00,,,6553.0,0.0,297.4,108,0,0,28,-40.16563034057617,0.0,-0.02
2026-07-10T23:05:06+00:00,,,6553.0,0.0,297.4,108,0,0,28,-40.16563034057617,0.0,-0.02
2026-07-10T23:05:07+00:00,,,6553.0,0.0,297.20000000000005,108,0,0,28,-40.16563034057617,0.0,-0.02
2026-07-10T23:05:08+00:00,,,6553.0,0.0,297.20000000000005,108,0,0,28,-40.16563034057617,0.0,-0.02
2026-07-10T23:05:09+00:00,,,6553.0,0.0,297.20000000000005,108,0,0,28,-40.16563034057617,0.0,0.0
2026-07-10T23:05:10+00:00,,,6553.0,0.0,297.20000000000005,107,0,0,28,-40.16563034057617,0.0,0.0
2026-07-10T23:05:11+00:00,,,6553.0,0.0,297.20000000000005,,0,0,28,-40.16563034057617,0.0,0.0
2026-07-10T23:05:12+00:00,,,6553.0,0.0,297.20000000000005,106,0,0,28,-40.16563034057617,0.0,0.0
2026-07-10T23:05:13+00:00,,,6553.0,0.0,297.20000000000005,,0,0,28,-40.16563034057617,0.0,0.0
2026-07-10T23:05:14+00:00,,,6553.0,0.0,297.20000000000005,106,0,0,28,-40.16563034057617,0.0,0.0
2026-07-10T23:05:15+00:00,,,6553.0,0.0,297.20000000000005,105,0,0,28,-40.16563034057617,0.0,0.0
2026-07-10T23:05:16+00:00,,,6553.0,0.0,297.20000000000005,104,0,0,28,-40.16563034057617,0.0,0.0
2026-07-10T23:05:17+00:00,,,6553.0,0.0,297.20000000000005,103,0,0,28,-40.16563034057617,0.0,0.0
2026-07-10T23:05:18+00:00,,,6553.0,0.0,297.20000000000005,103,0,0,28,-40.16563034057617,0.0,0.0
2026-07-10T23:05:19+00:00,,,6553.0,0.0,297.20000000000005,103,0,0,28,-40.16563034057617,0.0,0.0
2026-07-10T23:05:20+00:00,,,6553.0,0.0,297.20000000000005,102,0,0,28,-40.16563034057617,0.0,0.0
2026-07-10T23:05:21+00:00,,,6553.0,0.0,297.20000000000005,102,0,0,28,-40.16563034057617,0.0,0.0
2026-07-10T23:05:22+00:00,,,6553.0,0.0,297.20000000000005,100,0,0,28,-40.16563034057617,0.0,0.0
2026-07-10T23:05:23+00:00,,,6553.0,0.0,297.20000000000005,100,0,0,28,-40.16563034057617,0.0,0.0
2026-07-10T23:05:24+00:00,,,6553.0,0.0,297.20000000000005,100,0,0,28,-40.16563034057617,0.0,0.0
2026-07-10T23:05:25+00:00,,,6553.0,0.0,297.20000000000005,100,0,0,28,-40.16563034057617,0.0,0.0
2026-07-10T23:05:26+00:00,,,6553.0,0.0,297.4,100,0,0,28,-40.16563034057617,0.0,0.0
2026-07-10T23:05:27+00:00,,,6553.0,0.0,297.4,100,0,0,28,-40.16563034057617,0.0,-0.02
2026-07-10T23:05:28+00:00,,,6553.0,0.0,297.4,100,0,0,28,-40.16563034057617,0.0,-0.02
2026-07-10T23:05:29+00:00,,,6553.0,0.0,297.4,100,0,0,28,-40.16563034057617,0.0,-0.02
2026-07-10T23:05:30+00:00,,,6553.0,0.0,297.4,100,0,0,28,-40.16563034057617,0.0,0.0
2026-07-10T23:05:31+00:00,,,6553.0,0.0,297.4,99,0,0,28,-40.16563034057617,0.0,0.0
2026-07-10T23:05:32+00:00,37.44025499559939,126.91843332722783,6553.0,0.0,297.20000000000005,99,50,0,28,-40.16563034057617,0.0,0.0
2026-07-10T23:05:33+00:00,,,6553.0,1.14,297.20000000000005,99,51,0,28,-1.0154156684875488,1.1038645505905151,0.0
2026-07-10T23:05:34+00:00,37.440224988386035,126.918441709131,6556.0,1.14,297.20000000000005,100,56,79,28,-0.7951748371124268,1.1113250255584717,0.0
2026-07-10T23:05:35+00:00,,,6556.0,1.88,297.20000000000005,100,56,78,28,-0.3514314889907837,1.848660945892334,0.0
2026-07-10T23:05:36+00:00,37.44020503945649,126.91843500360847,6559.0,1.88,297.4,100,58,127,28,-0.21743473410606384,1.8566944599151611,0.0
2026-07-10T23:05:37+00:00,,,6559.0,1.64,297.4,99,61,127,28,-0.09603051841259003,1.6248419284820557,0.0
2026-07-10T23:05:38+00:00,37.44018500670791,126.91842326894403,6562.0,1.64,297.20000000000005,99,62,109,28,-0.01785455457866192,1.6290366649627686,0.0
2026-07-10T23:05:39+00:00,37.44016329757869,126.91841170191765,6562.0,1.26,297.20000000000005,98,63,109,28,0.07763111591339111,1.2632553577423096,0.0
2026-07-10T23:05:40+00:00,37.44013672694564,126.91839502193034,6564.0,1.26,297.20000000000005,97,67,85,28,0.1787635236978531,1.267539143562317,0.0
2026-07-10T23:05:41+00:00,37.44010998867452,126.91838001832366,6567.0,1.74,297.20000000000005,,69,85,28,0.20370782911777496,1.7418123483657837,0.0
2026-07-10T23:05:42+00:00,37.440094985067844,126.91835671663284,6570.0,1.74,297.0,97,77,116,28,0.27721792459487915,1.7461415529251099,0.0
2026-07-10T23:05:43+00:00,37.44007830508053,126.91833173856139,6573.0,2.54,296.79999999999995,97,80,111,28,0.23982587456703186,2.5503790378570557,0.0
2026-07-10T23:05:44+00:00,37.44006497785449,126.91830500029027,6576.0,2.54,296.6,97,82,162,28,0.2901419699192047,2.5547242164611816,0.0
2026-07-10T23:05:45+00:00,37.44005667977035,126.91827666945755,6579.0,2.66,296.6,97,83,160,28,0.3236278295516968,2.689049005508423,0.0
2026-07-10T23:05:46+00:00,37.440043268725276,126.91824833862484,6582.0,2.66,296.4,98,84,166,28,0.15521015226840973,2.6738007068634033,0.0
2026-07-10T23:05:47+00:00,37.440030025318265,126.91822327673435,6584.0,2.7,296.20000000000005,98,84,164,28,-0.012893890030682087,2.6888515949249268,0.0
2026-07-10T23:05:48+00:00,37.440009992569685,126.9181967061013,6587.0,2.7,296.0,98,84,164,28,-0.17910052835941315,2.6741995811462402,0.0
2026-07-10T23:05:49+00:00,37.43998669087887,126.91817499697208,6590.0,2.72,295.79999999999995,98,86,161,28,-0.3416631817817688,2.6898069381713867,0.0
2026-07-10T23:05:50+00:00,,,6593.0,2.72,295.6,99,86,160,28,-0.5063658356666565,2.67568039894104,0.0
2026-07-10T23:05:51+00:00,37.439956683665514,126.91815831698477,6596.0,2.98,295.20000000000005,101,85,159,28,-0.61221843957901,2.921658515930176,0.0
2026-07-10T23:05:52+00:00,,,6596.0,2.98,295.0,102,83,176,28,-0.7622506618499756,2.9080047607421875,-0.02
2026-07-10T23:05:53+00:00,37.439936734735966,126.9181433133781,6600.0,2.48,294.79999999999995,103,82,176,28,-1.096571683883667,2.3955237865448,-0.02
2026-07-10T23:05:54+00:00,,,6600.0,2.48,294.79999999999995,102,82,142,28,-1.4881008863449097,2.368093490600586,-0.02
2026-07-10T23:05:55+00:00,37.439916701987386,126.91812328062952,6603.0,2.12,294.6,105,77,141,28,-2.2001895904541016,1.9848428964614868,-0.04
2026-07-10T23:05:56+00:00,,,6603.0,2.12,294.6,108,76,119,28,-2.6586642265319824,1.961566686630249,-0.04
2026-07-10T23:05:57+00:00,37.43989331647754,126.91811498254538,6605.0,1.94,294.4,110,74,119,28,-3.4078617095947266,1.76353120803833,-0.06
2026-07-10T23:05:58+00:00,,,6605.0,1.94,294.4,110,72,109,28,-3.9083735942840576,1.7447870969772339,-0.06
2026-07-10T23:05:59+00:00,37.439860040321946,126.91809830255806,6608.0,1.82,294.4,110,66,111,28,-4.727695465087891,1.602929949760437,-0.08
2026-07-10T23:06:00+00:00,,,6608.0,1.82,294.20000000000005,110,66,104,28,-5.263618469238281,1.589089035987854,-0.08
2026-07-10T23:06:01+00:00,37.43983330205083,126.91809327341616,6612.0,1.84,294.20000000000005,114,72,106,28,-5.708155155181885,1.6052597761154175,-0.1
2026-07-10T23:06:02+00:00,,,6612.0,1.84,294.20000000000005,,72,109,28,-5.898586273193359,1.6013201475143433,-0.1
2026-07-10T23:06:03+00:00,37.43981326930225,126.91809000447392,6615.0,1.78,294.20000000000005,113,72,112,28,-6.294856548309326,1.5419446229934692,-0.1
2026-07-10T23:06:04+00:00,,,6615.0,1.78,294.20000000000005,113,72,110,28,-6.491904258728027,1.5387725830078125,-0.1
2026-07-10T23:06:05+00:00,,,6617.0,1.64,294.20000000000005,113,72,112,28,-7.305145263671875,1.3995978832244873,-0.1
2026-07-10T23:06:06+00:00,,,6617.0,1.64,294.0,113,71,104,28,-7.520110607147217,1.3977524042129517,-0.12
2026-07-10T23:06:07+00:00,,,6617.0,0.62,294.0,112,71,105,28,-20.336894989013672,0.6687583923339844,-0.12
2026-07-10T23:06:08+00:00,,,6617.0,0.62,294.20000000000005,113,67,36,28,-20.90317726135254,0.682140052318573,-0.12
2026-07-10T23:06:09+00:00,,,6617.0,0.4,294.20000000000005,,66,38,28,-34.13274002075195,0.7001177072525024,-0.12
2026-07-10T23:06:10+00:00,,,6617.0,0.4,294.20000000000005,113,66,26,28,-32.95893859863281,0.6721015572547913,-0.12
2026-07-10T23:06:11+00:00,,,6617.0,0.36,294.20000000000005,,66,29,28,-35.416412353515625,0.6561256647109985,-0.12
2026-07-10T23:06:12+00:00,,,6617.0,0.36,294.0,113,66,25,28,-34.1058464050293,0.6277311444282532,-0.1
2026-07-10T23:06:13+00:00,,,6617.0,0.36,294.0,113,66,23,28,-32.79789733886719,0.5997467637062073,-0.1
2026-07-10T23:06:14+00:00,,,6617.0,0.36,294.0,112,0,22,28,-31.48863983154297,0.5722400546073914,-0.1
2026-07-10T23:06:15+00:00,,,6617.0,0.0,293.79999999999995,112,0,21,28,-31.48863983154297,0.0,-0.1
2026-07-10T23:06:16+00:00,,,6617.0,0.0,293.79999999999995,109,0,0,28,-31.48863983154297,0.0,-0.1
2026-07-10T23:06:17+00:00,,,6617.0,0.0,293.79999999999995,109,0,0,28,-31.48863983154297,0.0,-0.08
2026-07-10T23:06:18+00:00,,,6617.0,0.0,293.79999999999995,106,63,0,28,-31.48863983154297,0.0,-0.08
2026-07-10T23:06:19+00:00,,,6617.0,0.0,293.6,105,63,0,28,-31.48863983154297,0.0,-0.08
2026-07-10T23:06:20+00:00,,,6617.0,0.0,293.6,105,0,0,28,-31.48863983154297,0.0,-0.06
2026-07-10T23:06:21+00:00,,,6617.0,0.0,293.6,103,0,0,28,-31.48863983154297,0.0,-0.06
2026-07-10T23:06:22+00:00,,,6617.0,0.0,293.79999999999995,103,0,0,28,-31.48863983154297,0.0,-0.06
2026-07-10T23:06:23+00:00,,,6617.0,0.0,293.6,102,44,0,28,-31.48863983154297,0.0,-0.04
2026-07-10T23:06:24+00:00,,,6617.0,0.0,293.79999999999995,101,59,0,28,-31.48863983154297,0.0,-0.04
2026-07-10T23:06:25+00:00,37.43978996761143,126.91808170638978,6617.0,0.0,293.6,100,59,0,28,-31.48863983154297,0.0,-0.04
2026-07-10T23:06:26+00:00,,,6617.0,0.0,293.6,100,59,0,28,-31.48863983154297,0.0,-0.04
2026-07-10T23:06:27+00:00,,,6620.0,1.04,293.6,97,61,0,28,-3.7982852458953857,0.9464897513389587,-0.02
2026-07-10T23:06:28+00:00,,,6620.0,1.04,293.4,98,63,68,28,-3.479063034057617,0.9529846906661987,-0.02
2026-07-10T23:06:29+00:00,37.43978166952729,126.91805999726057,6620.0,0.38,293.4,97,70,67,28,-8.966209411621094,0.3160938322544098,-0.02
2026-07-10T23:06:30+00:00,37.439774964004755,126.91803828813136,6620.0,0.38,293.20000000000005,,91,20,28,-8.059401512145996,0.3165072500705719,-0.02
2026-07-10T23:06:31+00:00,37.43977169506252,126.91801004111767,6622.0,0.74,293.0,99,90,19,28,-3.5758445262908936,0.670209527015686,-0.02
2026-07-10T23:06:32+00:00,37.43976825848222,126.91797500476241,6624.0,0.74,292.6,98,90,39,28,-3.122441053390503,0.6770777106285095,-0.02
2026-07-10T23:06:33+00:00,37.439770018681884,126.91794172860682,6627.0,1.5,292.20000000000005,98,90,38,28,-1.3260127305984497,1.4294836521148682,0.0
2026-07-10T23:06:34+00:00,37.43977169506252,126.91791666671634,6630.0,1.5,291.79999999999995,100,90,81,28,-1.847983956336975,1.4083796739578247,-0.02
2026-07-10T23:06:35+00:00,,,6633.0,2.2,291.4,100,90,79,28,-1.6120803356170654,2.0837738513946533,-0.02
2026-07-10T23:06:36+00:00,37.43977169506252,126.91789001226425,6635.0,2.2,291.0,101,89,119,28,-1.9679218530654907,2.0632262229919434,-0.04
2026-07-10T23:06:37+00:00,,,6635.0,2.1,290.6,101,89,117,28,-2.4100253582000732,1.9646693468093872,-0.04
2026-07-10T23:06:38+00:00,,,6637.0,2.1,290.4,104,89,111,28,-2.779358148574829,1.946494460105896,-0.04
2026-07-10T23:06:39+00:00,,,6637.0,1.7,290.0,,89,111,28,-3.9293651580810547,1.5192935466766357,-0.06
2026-07-10T23:06:40+00:00,37.439749985933304,126.91787500865757,6637.0,1.7,289.79999999999995,105,89,89,28,-4.389564514160156,1.5057504177093506,-0.06
2026-07-10T23:06:41+00:00,,,6637.0,0.72,289.6,,87,89,28,-11.385635375976562,0.6233964562416077,-0.08
2026-07-10T23:06:42+00:00,37.43973498232663,126.91785832867026,6640.0,0.72,289.6,104,48,48,28,-12.972188949584961,0.636886477470398,-0.08
2026-07-10T23:06:43+00:00,,,6640.0,1.2,289.4,105,48,47,28,-8.804818153381348,1.0166019201278687,-0.1
2026-07-10T23:06:44+00:00,,,6642.0,1.2,289.4,107,48,63,28,-9.765707015991211,1.018399953842163,-0.1
2026-07-10T23:06:45+00:00,37.43973665870726,126.91782999783754,6642.0,0.98,289.20000000000005,107,49,62,28,-13.152381896972656,0.8606221079826355,-0.12
2026-07-10T23:06:46+00:00,,,6642.0,0.98,289.20000000000005,108,49,51,28,-14.327677726745605,0.8801466226577759,-0.12
2026-07-10T23:06:47+00:00,37.439738335087895,126.91780501976609,6645.0,0.98,289.20000000000005,108,50,51,28,-15.504150390625,0.9041256904602051,-0.14
2026-07-10T23:06:48+00:00,,,6645.0,0.98,289.20000000000005,107,52,52,28,-16.678272247314453,0.9323546290397644,-0.16
2026-07-10T23:06:49+00:00,37.43973171338439,126.91777501255274,6647.0,1.04,289.0,106,54,53,28,-16.813556671142578,0.9937661290168762,-0.16
2026-07-10T23:06:50+00:00,,,6647.0,1.04,288.79999999999995,106,54,58,28,-17.089075088500977,1.001563549041748,-0.16
2026-07-10T23:06:51+00:00,37.439721738919616,126.91775497980416,6650.0,1.12,288.6,107,54,58,28,-16.11385726928711,1.0507891178131104,-0.16
2026-07-10T23:06:52+00:00,,,6650.0,1.12,288.4,106,54,62,28,-16.369264602661133,1.057951807975769,-0.18
2026-07-10T23:06:53+00:00,37.43970329873264,126.91773327067494,6652.0,1.12,288.20000000000005,106,54,61,28,-16.625179290771484,1.0653566122055054,-0.18
2026-07-10T23:06:54+00:00,,,6652.0,1.12,288.0,106,54,60,28,-16.8810977935791,1.0729877948760986,-0.18
2026-07-10T23:06:55+00:00,,,6655.0,1.18,288.0,107,54,60,28,-16.120893478393555,1.117261528968811,-0.18
2026-07-10T23:06:56+00:00,,,6655.0,1.18,287.79999999999995,108,54,63,28,-16.361146926879883,1.1244237422943115,-0.18
2026-07-10T23:06:57+00:00,,,6655.0,0.5,287.79999999999995,106,54,63,28,-39.98062515258789,1.0576355457305908,-0.18
2026-07-10T23:06:58+00:00,,,6655.0,0.5,287.6,,54,28,28,-39.7557258605957,1.050858974456787,-0.18
2026-07-10T23:06:59+00:00,,,6655.0,0.38,287.6,105,54,27,28,-50.97368621826172,1.0400962829589844,-0.18
2026-07-10T23:07:00+00:00,,,6655.0,0.38,287.6,,54,22,28,-50.68339920043945,1.0357956886291504,-0.18
2026-07-10T23:07:01+00:00,,,6655.0,0.0,287.6,105,54,21,28,-50.68339920043945,0.0,-0.18
2026-07-10T23:07:02+00:00,,,6655.0,0.0,287.6,104,54,0,28,-50.68339920043945,0.0,-0.18
2026-07-10T23:07:03+00:00,,,6655.0,0.0,287.6,104,53,0,28,-50.68339920043945,0.0,-0.18
2026-07-10T23:07:04+00:00,,,6655.0,0.0,287.79999999999995,104,52,0,28,-50.68339920043945,0.0,-0.18
2026-07-10T23:07:05+00:00,37.43972500786185,126.91774500533938,6655.0,0.52,287.6,104,46,0,28,-36.682430267333984,0.9963099956512451,-0.18
2026-07-10T23:07:06+00:00,,,6655.0,0.52,287.6,103,43,32,28,-34.057952880859375,0.9131904244422913,-0.16
2026-07-10T23:07:07+00:00,37.439741687849164,126.91776503808796,6657.0,1.38,287.79999999999995,104,42,34,28,-11.70053768157959,1.19032883644104,-0.16
2026-07-10T23:07:08+00:00,,,6657.0,1.38,287.79999999999995,106,42,95,28,-10.72549819946289,1.1790456771850586,-0.14
2026-07-10T23:07:09+00:00,37.439761720597744,126.91777668893337,6660.0,1.32,287.79999999999995,,47,96,28,-10.191935539245605,1.1233675479888916,-0.12
2026-07-10T23:07:10+00:00,,,6660.0,1.32,288.0,105,56,93,28,-9.172236442565918,1.1193567514419556,-0.12
2026-07-10T23:07:11+00:00,37.439783262088895,126.91778498701751,6662.0,1.28,288.0,104,56,96,28,-8.340475082397461,1.0940897464752197,-0.1
2026-07-10T23:07:12+00:00,,,6662.0,1.28,288.0,104,56,98,28,-7.296877384185791,1.0991308689117432,-0.08
2026-07-10T23:07:13+00:00,,,6665.0,1.28,288.0,104,56,96,28,-6.299356937408447,1.1000977754592896,-0.08
2026-07-10T23:07:14+00:00,37.439806731417775,126.91778331063688,6665.0,1.28,287.79999999999995,104,56,93,28,-5.9286298751831055,1.104845643043518,-0.06
2026-07-10T23:07:15+00:00,,,6665.0,1.16,287.79999999999995,105,56,90,28,-6.032131195068359,1.0165684223175049,-0.06
2026-07-10T23:07:16+00:00,,,6667.0,1.16,287.6,105,56,81,28,-5.628105163574219,1.0218361616134644,-0.06
2026-07-10T23:07:17+00:00,37.439828272908926,126.91776998341084,6667.0,1.1,287.6,105,57,79,28,-5.557807445526123,0.9616310000419617,-0.06
2026-07-10T23:07:18+00:00,,,6667.0,1.1,287.4,105,60,71,28,-5.128928184509277,0.9677472710609436,-0.04
2026-07-10T23:07:19+00:00,37.43984998203814,126.9177667144686,6670.0,1.08,287.20000000000005,105,65,68,28,-4.786213397979736,0.9554860591888428,-0.04
2026-07-10T23:07:20+00:00,,,6670.0,1.08,287.0,106,70,62,28,-4.349829196929932,0.9629680514335632,-0.04
2026-07-10T23:07:21+00:00,37.439868338406086,126.91775497980416,6673.0,1.12,286.79999999999995,107,72,59,28,-3.807251453399658,1.000388264656067,-0.04
2026-07-10T23:07:22+00:00,,,6673.0,1.12,286.4,107,72,59,28,-3.8120577335357666,1.0002882480621338,-0.04
2026-07-10T23:07:23+00:00,,,6675.0,1.12,286.0,108,73,58,28,-3.8168740272521973,1.0001882314682007,-0.04
2026-07-10T23:07:24+00:00,,,6675.0,1.12,285.79999999999995,108,73,58,28,-3.8216803073883057,1.0000884532928467,-0.04
2026-07-10T23:07:25+00:00,,,6675.0,0.48,285.6,108,74,58,28,-9.037034034729004,0.4015428125858307,-0.04
2026-07-10T23:07:26+00:00,,,6675.0,0.48,285.4,109,74,32,28,-9.048384666442871,0.40154650807380676,-0.04
2026-07-10T23:07:27+00:00,37.43988166563213,126.91773670725524,6675.0,0.42,285.20000000000005,109,69,32,28,-10.385579109191895,0.35199934244155884,-0.04
2026-07-10T23:07:28+00:00,,,6675.0,0.42,285.0,,69,28,28,-10.398603439331055,0.3520289659500122,-0.04
2026-07-10T23:07:29+00:00,,,6677.0,0.34,285.0,109,63,28,28,-12.935677528381348,0.29173189401626587,-0.04
2026-07-10T23:07:30+00:00,,,6677.0,0.34,284.79999999999995,108,62,22,28,-15.704965591430664,0.30912941694259644,-0.04
2026-07-10T23:07:31+00:00,,,6677.0,0.84,284.79999999999995,108,59,22,28,-7.2588324546813965,0.7214888334274292,-0.06
2026-07-10T23:07:32+00:00,,,6677.0,0.84,284.79999999999995,108,59,44,28,-8.34676742553711,0.7179866433143616,-0.06
2026-07-10T23:07:33+00:00,,,6677.0,0.44,284.79999999999995,108,59,44,28,-18.013784408569336,0.4397766888141632,-0.06
2026-07-10T23:07:34+00:00,,,6677.0,0.44,285.0,109,71,23,28,-20.09490966796875,0.4706616997718811,-0.08
2026-07-10T23:07:35+00:00,,,6677.0,0.7,285.0,109,71,23,28,-13.93660831451416,0.6301100254058838,-0.08
2026-07-10T23:07:36+00:00,37.43989826180041,126.91775833256543,6677.0,0.7,285.0,108,71,40,28,-15.243436813354492,0.6483554244041443,-0.1
2026-07-10T23:07:37+00:00,,,6677.0,0.38,285.0,108,56,41,28,-31.316259384155273,0.6011590361595154,-0.1
2026-07-10T23:07:38+00:00,37.43992667645216,126.9177733361721,6680.0,0.38,285.0,108,56,22,28,-31.671674728393555,0.6089667081832886,-0.1
2026-07-10T23:07:39+00:00,,,6680.0,0.96,284.79999999999995,107,56,25,28,-12.34309196472168,0.8410516977310181,-0.1
2026-07-10T23:07:40+00:00,,,6683.0,0.96,284.79999999999995,107,55,66,28,-12.48021125793457,0.8427127599716187,-0.1
2026-07-10T23:07:41+00:00,,,6683.0,0.94,284.6,107,55,66,28,-12.885087013244629,0.8303125500679016,-0.12
2026-07-10T23:07:42+00:00,,,6683.0,0.94,284.6,107,55,63,28,-13.024565696716309,0.8322107791900635,-0.12
2026-07-10T23:07:43+00:00,,,6683.0,0.0,284.6,108,56,60,28,-13.024565696716309,0.0,-0.12
2026-07-10T23:07:44+00:00,,,6683.0,0.0,284.4,108,56,0,28,-13.024565696716309,0.0,-0.12
2026-07-10T23:07:45+00:00,,,6683.0,0.0,284.20000000000005,108,58,0,28,-13.024565696716309,0.0,-0.12
2026-07-10T23:07:46+00:00,37.43995173834264,126.91779496148229,6683.0,0.0,284.20000000000005,108,58,0,28,-13.024565696716309,0.0,-0.12
2026-07-10T23:07:47+00:00,,,6683.0,1.2,284.0,108,58,0,28,-10.032934188842773,1.028171420097351,-0.12
2026-07-10T23:07:48+00:00,37.43997168727219,126.9178166706115,6686.0,1.2,284.0,106,62,68,28,-9.783137321472168,1.0270277261734009,-0.1
2026-07-10T23:07:49+00:00,,,6686.0,1.48,283.79999999999995,,62,68,28,-7.783942222595215,1.258849024772644,-0.1
2026-07-10T23:07:50+00:00,37.439989959821105,126.9178267288953,6689.0,1.48,283.6,106,62,85,28,-7.580634117126465,1.2601262331008911,-0.1
2026-07-10T23:07:51+00:00,,,6689.0,1.42,283.20000000000005,107,62,83,28,-7.63751220703125,1.2168978452682495,-0.1
2026-07-10T23:07:52+00:00,37.44001996703446,126.91783829592168,6692.0,1.42,283.0,108,62,77,28,-7.4266252517700195,1.2183432579040527,-0.1
2026-07-10T23:07:53+00:00,,,6692.0,1.34,282.6,110,62,76,28,-7.705593109130859,1.1393799781799316,-0.1
2026-07-10T23:07:54+00:00,37.4400367308408,126.91785003058612,6695.0,1.34,282.4,109,62,70,28,-7.61362361907959,1.1399129629135132,-0.1
2026-07-10T23:07:55+00:00,,,6695.0,1.42,282.20000000000005,109,62,70,28,-7.095066547393799,1.2124876976013184,-0.1
2026-07-10T23:07:56+00:00,37.44006170891225,126.91784667782485,6697.0,1.42,282.20000000000005,,62,74,28,-7.008141994476318,1.2132967710494995,-0.08
2026-07-10T23:07:57+00:00,,,6697.0,1.34,281.79999999999995,109,62,74,28,-7.28331995010376,1.150756597518921,-0.08
2026-07-10T23:07:58+00:00,37.44009003974497,126.917823292315,6700.0,1.34,281.6,,63,70,28,-7.1919450759887695,1.1514805555343628,-0.08
2026-07-10T23:07:59+00:00,37.44010001420975,126.91780166700482,6700.0,1.5,281.0,109,80,70,28,-6.3860764503479,1.2894729375839233,-0.08
2026-07-10T23:08:00+00:00,37.44009833782911,126.91777501255274,6704.0,1.5,280.6,110,81,78,28,-6.303818702697754,1.290603518486023,-0.08
2026-07-10T23:08:01+00:00,37.44009171612561,126.91775330342352,6706.0,1.8,280.20000000000005,110,85,78,28,-5.179250717163086,1.5735570192337036,-0.08
2026-07-10T23:08:02+00:00,37.44009003974497,126.9177300017327,6708.0,1.8,279.79999999999995,111,87,93,28,-5.915150165557861,1.5574840307235718,-0.1
2026-07-10T23:08:03+00:00,37.44008501060307,126.91770502366126,6710.0,1.98,279.4,111,88,93,28,-6.012151718139648,1.7207591533660889,-0.1
2026-07-10T23:08:04+00:00,,,6712.0,1.98,279.0,111,89,103,28,-6.677435398101807,1.7086074352264404,-0.12
2026-07-10T23:08:05+00:00,37.44007671251893,126.9176750164479,6715.0,2.08,278.6,112,89,103,28,-7.021562099456787,1.7810357809066772,-0.14
2026-07-10T23:08:06+00:00,,,6715.0,2.08,278.0,114,79,108,28,-7.657283782958984,1.7737483978271484,-0.14
2026-07-10T23:08:07+00:00,37.44008174166083,126.91763998009264,6718.0,1.82,277.6,115,73,109,28,-9.432875633239746,1.5559133291244507,-0.16
2026-07-10T23:08:08+00:00,,,6718.0,1.82,277.20000000000005,114,73,97,28,-10.154476165771484,1.5603845119476318,-0.18
2026-07-10T23:08:09+00:00,37.44009003974497,126.91761332564056,6721.0,1.74,277.0,114,73,97,28,-11.378395080566406,1.5064274072647095,-0.18
2026-07-10T23:08:10+00:00,,,6721.0,1.74,276.6,118,59,93,28,-12.150747299194336,1.5203731060028076,-0.2
2026-07-10T23:08:11+00:00,,,6723.0,1.64,276.20000000000005,119,56,92,28,-13.713552474975586,1.4698872566223145,-0.22
2026-07-10T23:08:12+00:00,,,6723.0,1.64,275.79999999999995,122,56,88,28,-14.53217887878418,1.4945971965789795,-0.22
2026-07-10T23:08:13+00:00,,,6723.0,1.38,275.6,126,55,87,28,-18.24493408203125,1.3892021179199219,-0.24
2026-07-10T23:08:14+00:00,37.44007830508053,126.9175833184272,6723.0,1.38,275.20000000000005,124,51,76,28,-19.220718383789062,1.433388352394104,-0.26
2026-07-10T23:08:15+00:00,,,6723.0,1.2,275.0,125,52,75,28,-23.22373390197754,1.4368517398834229,-0.26
2026-07-10T23:08:16+00:00,,,6726.0,1.2,274.6,128,59,67,28,-24.348129272460938,1.498990774154663,-0.28
2026-07-10T23:08:17+00:00,37.44009833782911,126.91754828207195,6726.0,1.14,274.20000000000005,,63,66,28,-26.807283401489258,1.5640313625335693,-0.3
2026-07-10T23:08:18+00:00,,,6726.0,1.14,274.0,128,64,64,28,-27.298871994018555,1.5936442613601685,-0.3
2026-07-10T23:08:19+00:00,37.44011828675866,126.9175217114389,6730.0,1.22,273.6,127,65,64,28,-26.183673858642578,1.6209864616394043,-0.3
2026-07-10T23:08:20+00:00,,,6730.0,1.22,273.20000000000005,127,65,67,28,-26.645896911621094,1.6498678922653198,-0.32
2026-07-10T23:08:21+00:00,37.44014670141041,126.91749832592905,6733.0,1.3,272.79999999999995,125,65,67,28,-25.232698440551758,1.6794536113739014,-0.32
2026-07-10T23:08:22+00:00,,,6733.0,1.3,272.6,123,65,71,28,-25.663352966308594,1.707279920578003,-0.32
2026-07-10T23:08:23+00:00,37.44016673415899,126.9174799695611,6737.0,1.42,272.20000000000005,122,65,71,28,-24.05949592590332,1.7421813011169434,-0.32
2026-07-10T23:08:24+00:00,,,6737.0,1.42,272.0,122,65,75,28,-24.45615577697754,1.7685425281524658,-0.34
2026-07-10T23:08:25+00:00,37.44017327204347,126.91744501702487,6740.0,1.4,271.6,122,58,75,28,-25.031137466430664,1.7948037385940552,-0.34
2026-07-10T23:08:26+00:00,,,6740.0,1.4,271.4,,56,75,28,-25.055936813354492,1.7964998483657837,-0.34
2026-07-10T23:08:27+00:00,37.44017000310123,126.91741174086928,6743.0,1.44,271.20000000000005,120,56,74,28,-24.554670333862305,1.800345778465271,-0.34
2026-07-10T23:08:28+00:00,,,6743.0,1.44,271.0,,56,75,28,-24.578950881958008,1.8020062446594238,-0.34
2026-07-10T23:08:29+00:00,37.44017327204347,126.91737670451403,6746.0,1.44,270.6,121,50,75,28,-24.432451248168945,1.8045481443405151,-0.34
2026-07-10T23:08:30+00:00,,,6746.0,1.44,270.4,120,58,75,28,-24.45660972595215,1.8062022924423218,-0.34
2026-07-10T23:08:31+00:00,37.44018333032727,126.91733999177814,6749.0,1.46,270.0,120,69,75,28,-24.145444869995117,1.8098316192626953,-0.34
2026-07-10T23:08:32+00:00,,,6749.0,1.46,269.79999999999995,120,71,76,28,-24.16925048828125,1.8114619255065918,-0.34
2026-07-10T23:08:33+00:00,37.44018333032727,126.9172949809581,6752.0,1.5,269.4,120,76,76,28,-23.705997467041016,1.8166507482528687,-0.34
2026-07-10T23:08:34+00:00,,,6752.0,1.5,269.20000000000005,120,79,78,28,-23.371986389160156,1.794013261795044,-0.34
2026-07-10T23:08:35+00:00,37.44018333032727,126.91725667566061,6756.0,1.58,268.79999999999995,120,81,78,28,-21.86374855041504,1.7878895998001099,-0.34
2026-07-10T23:08:36+00:00,37.44018173776567,126.91723329015076,6756.0,1.58,268.4,119,81,82,28,-21.547393798828125,1.7675361633300781,-0.32
2026-07-10T23:08:37+00:00,,,6760.0,1.6,268.20000000000005,116,81,82,28,-20.963041305541992,1.753067135810852,-0.32
2026-07-10T23:08:38+00:00,37.440188275650144,126.91720328293741,6762.0,1.6,268.0,117,79,83,28,-20.649410247802734,1.7338101863861084,-0.32
2026-07-10T23:08:39+00:00,,,6762.0,1.64,267.6,118,77,83,28,-19.838272094726562,1.7283921241760254,-0.32
2026-07-10T23:08:40+00:00,37.44020168669522,126.91718174144626,6765.0,1.64,267.4,118,74,85,28,-19.532339096069336,1.7106693983078003,-0.3
2026-07-10T23:08:41+00:00,,,6765.0,1.58,267.20000000000005,117,69,85,28,-19.96212387084961,1.6717978715896606,-0.3
2026-07-10T23:08:42+00:00,37.440216690301895,126.91716673783958,6767.0,1.58,267.0,116,68,82,28,-19.81694793701172,1.663567066192627,-0.3
2026-07-10T23:08:43+00:00,,,6767.0,1.46,266.79999999999995,115,67,82,28,-21.300722122192383,1.6180413961410522,-0.3
2026-07-10T23:08:44+00:00,,,6769.0,1.46,266.4,116,65,76,28,-21.143842697143555,1.6090056896209717,-0.3
2026-07-10T23:08:45+00:00,37.44023169390857,126.9171416759491,6769.0,1.34,266.20000000000005,,65,76,28,-22.710285186767578,1.5741249322891235,-0.3
2026-07-10T23:08:46+00:00,,,6772.0,1.34,266.0,117,65,70,28,-22.540363311767578,1.5642670392990112,-0.3
2026-07-10T23:08:47+00:00,37.44023999199271,126.91710831597447,6772.0,1.4,265.79999999999995,,65,70,28,-21.41219139099121,1.5685006380081177,-0.28
2026-07-10T23:08:48+00:00,,,6775.0,1.4,265.6,116,64,73,28,-21.249711990356445,1.5594000816345215,-0.28
2026-07-10T23:08:49+00:00,,,6775.0,1.3,265.20000000000005,115,64,73,28,-22.70967674255371,1.5271016359329224,-0.28
2026-07-10T23:08:50+00:00,,,6775.0,1.3,265.0,115,62,68,28,-22.46707534790039,1.5134761333465576,-0.28
2026-07-10T23:08:51+00:00,37.440249966457486,126.91708166152239,6775.0,0.52,264.6,115,62,68,28,-54.48963165283203,1.5092988014221191,-0.28
2026-07-10T23:08:52+00:00,,,6778.0,0.52,264.4,115,61,36,28,-53.9154167175293,1.501640796661377,-0.28
2026-07-10T23:08:53+00:00,37.4402732681483,126.91706171259284,6778.0,1.52,264.20000000000005,114,59,36,28,-18.715091705322266,1.5428423881530762,-0.28
2026-07-10T23:08:54+00:00,,,6781.0,1.52,264.0,114,59,79,28,-18.505599975585938,1.53257417678833,-0.26
2026-07-10T23:08:55+00:00,,,6781.0,1.46,263.79999999999995,114,59,79,28,-19.054061889648438,1.4978837966918945,-0.26
2026-07-10T23:08:56+00:00,37.440301682800055,126.91704167984426,6781.0,1.46,263.6,,58,76,28,-18.836339950561523,1.487329125404358,-0.26
2026-07-10T23:08:57+00:00,37.44030830450356,126.91703170537949,6783.0,1.36,263.20000000000005,113,58,76,28,-19.997772216796875,1.4392831325531006,-0.26
2026-07-10T23:08:58+00:00,,,6785.0,1.36,262.79999999999995,113,58,70,28,-19.89131736755371,1.43407142162323,-0.26
2026-07-10T23:08:59+00:00,,,6785.0,1.24,262.4,115,59,71,28,-21.539735794067383,1.3956305980682373,-0.26
2026-07-10T23:09:00+00:00,37.44030327536166,126.91700169816613,6785.0,1.24,261.79999999999995,117,60,66,28,-21.423603057861328,1.3898128271102905,-0.26
2026-07-10T23:09:01+00:00,,,6788.0,1.16,261.4,118,60,67,28,-22.776702880859375,1.3660331964492798,-0.26
2026-07-10T23:09:02+00:00,37.44030503556132,126.91697495989501,6788.0,1.16,261.0,118,59,66,28,-22.65281105041504,1.3597795963287354,-0.26
2026-07-10T23:09:03+00:00,,,6790.0,1.16,260.79999999999995,118,60,67,28,-22.33599090576172,1.355573296546936,-0.26
2026-07-10T23:09:04+00:00,37.44030671194196,126.91694998182356,6790.0,1.16,260.4,116,60,68,28,-22.21303367614746,1.3494702577590942,-0.24
2026-07-10T23:09:05+00:00,,,6793.0,1.16,260.0,114,61,69,28,-22.280134201049805,1.3412330150604248,-0.24
2026-07-10T23:09:06+00:00,37.440301682800055,126.91692500375211,6793.0,1.16,259.6,,61,69,28,-22.703535079956055,1.3623347282409668,-0.26
2026-07-10T23:09:07+00:00,,,6795.0,1.16,259.20000000000005,113,60,69,28,-23.329320907592773,1.382430911064148,-0.26
2026-07-10T23:09:08+00:00,37.440301682800055,126.91688829101622,6795.0,1.16,258.79999999999995,113,60,69,28,-23.7568302154541,1.4047982692718506,-0.26
2026-07-10T23:09:09+00:00,,,6798.0,1.2,258.4,113,60,69,28,-23.177888870239258,1.4343931674957275,-0.26
2026-07-10T23:09:10+00:00,37.4403150100261,126.91684830933809,6798.0,1.2,258.0,113,60,70,28,-23.587175369262695,1.4565529823303223,-0.28
2026-07-10T23:09:11+00:00,,,6802.0,1.28,257.6,114,60,69,28,-22.49783706665039,1.4918826818466187,-0.28
2026-07-10T23:09:12+00:00,37.44032330811024,126.91681997850537,6802.0,1.28,257.4,110,55,72,28,-22.881927490234375,1.5132453441619873,-0.28
2026-07-10T23:09:13+00:00,,,6802.0,1.34,257.20000000000005,,55,72,28,-22.392465591430664,1.5441542863845825,-0.28
2026-07-10T23:09:14+00:00,37.440320039168,126.91678670234978,6805.0,1.34,256.79999999999995,108,60,73,28,-22.766014099121094,1.5656071901321411,-0.3
2026-07-10T23:09:15+00:00,,,6805.0,1.34,256.6,,61,73,28,-22.96613883972168,1.5891464948654175,-0.3
2026-07-10T23:09:16+00:00,37.44031668640673,126.91675828769803,6808.0,1.34,256.4,106,61,72,28,-23.336530685424805,1.611267328262329,-0.3
2026-07-10T23:09:17+00:00,,,6808.0,1.36,256.20000000000005,106,62,71,28,-23.531681060791016,1.635210633277893,-0.3
2026-07-10T23:09:18+00:00,37.44031668640673,126.9167183060199,6810.0,1.36,256.0,106,63,71,28,-23.899696350097656,1.6580134630203247,-0.32
2026-07-10T23:09:19+00:00,37.44031668640673,126.91669332794845,6810.0,1.36,255.60000000000002,105,63,71,28,-24.26660919189453,1.6811652183532715,-0.32
2026-07-10T23:09:20+00:00,,,6814.0,1.36,255.39999999999998,103,64,70,28,-24.634624481201172,1.704795479774475,-0.32
2026-07-10T23:09:21+00:00,37.44030671194196,126.91665996797383,6816.0,1.44,255.20000000000005,102,64,70,28,-23.60319709777832,1.736770510673523,-0.32
2026-07-10T23:09:22+00:00,,,6816.0,1.44,255.0,101,65,75,28,-23.54335594177246,1.7328712940216064,-0.32
2026-07-10T23:09:23+00:00,,,6819.0,1.44,255.0,101,65,75,28,-23.320131301879883,1.730448842048645,-0.32
2026-07-10T23:09:24+00:00,37.440309980884194,126.91662996076047,6819.0,1.44,254.79999999999995,99,65,76,28,-23.26070785522461,1.7266066074371338,-0.32
2026-07-10T23:09:25+00:00,,,6819.0,1.36,254.79999999999995,99,65,76,28,-24.565685272216797,1.7129333019256592,-0.32
2026-07-10T23:09:26+00:00,37.44030503556132,126.91659333184361,6822.0,1.36,254.60000000000002,,64,72,28,-24.502511978149414,1.7088309526443481,-0.32
2026-07-10T23:09:27+00:00,,,6822.0,1.38,254.60000000000002,99,62,72,28,-24.26107406616211,1.7057137489318848,-0.32
2026-07-10T23:09:28+00:00,,,6825.0,1.38,254.39999999999998,98,62,74,27,-24.198486328125,1.701677680015564,-0.32
2026-07-10T23:09:29+00:00,,,6825.0,1.32,254.39999999999998,98,62,76,27,-25.241165161132812,1.6929187774658203,-0.32
2026-07-10T23:09:30+00:00,,,6825.0,1.32,254.39999999999998,97,62,73,27,-24.34119987487793,1.635968565940857,-0.3
2026-07-10T23:09:31+00:00,,,6825.0,0.52,254.20000000000005,98,62,75,27,-59.04935073852539,1.5090937614440918,-0.3
2026-07-10T23:09:32+00:00,,,6825.0,0.52,254.20000000000005,98,62,27,27,-56.78213119506836,1.502435326576233,-0.28
2026-07-10T23:09:33+00:00,,,6825.0,0.32,254.20000000000005,96,60,27,27,-91.43675231933594,0.8984224796295166,-0.28
2026-07-10T23:09:34+00:00,,,6825.0,0.32,254.39999999999998,96,59,16,27,-87.6336898803711,0.8984224796295166,-0.26
2026-07-10T23:09:35+00:00,,,6825.0,0.0,254.39999999999998,96,59,16,27,-87.6336898803711,0.0,-0.24
2026-07-10T23:09:36+00:00,,,6825.0,0.0,254.39999999999998,,59,0,28,-87.6336898803711,0.0,-0.24
2026-07-10T23:09:37+00:00,,,6825.0,0.44,254.39999999999998,97,59,0,27,-54.94154739379883,1.2289462089538574,-0.22
2026-07-10T23:09:38+00:00,,,6825.0,0.44,254.39999999999998,98,59,28,27,-51.354164123535156,1.1831305027008057,-0.22
2026-07-10T23:09:39+00:00,,,6825.0,0.0,254.60000000000002,96,0,30,27,-51.354164123535156,0.0,-0.2
2026-07-10T23:09:40+00:00,,,6825.0,0.0,254.60000000000002,95,0,0,28,-51.354164123535156,0.0,-0.18
2026-07-10T23:09:41+00:00,,,6825.0,0.0,254.60000000000002,95,0,0,28,-51.354164123535156,0.0,-0.16
2026-07-10T23:09:42+00:00,,,6825.0,0.0,254.60000000000002,96,0,0,28,-51.354164123535156,0.0,-0.14
2026-07-10T23:09:43+00:00,,,6825.0,0.0,254.60000000000002,,0,0,28,-51.354164123535156,0.0,-0.14
2026-07-10T23:09:44+00:00,,,6825.0,0.0,254.79999999999995,92,0,0,28,-51.354164123535156,0.0,-0.12
2026-07-10T23:09:45+00:00,,,6825.0,0.0,254.79999999999995,,0,0,28,-51.354164123535156,0.0,-0.1
2026-07-10T23:09:46+00:00,,,6825.0,0.0,254.79999999999995,92,0,0,28,-51.354164123535156,0.0,-0.1
2026-07-10T23:09:47+00:00,,,6825.0,0.0,254.79999999999995,93,0,0,28,-51.354164123535156,0.0,-0.08
2026-07-10T23:09:48+00:00,,,6825.0,0.0,255.0,93,0,0,28,-51.354164123535156,0.0,-0.06
2026-07-10T23:09:49+00:00,,,6825.0,0.0,254.79999999999995,92,0,0,28,-51.354164123535156,0.0,-0.06
2026-07-10T23:09:50+00:00,,,6825.0,0.0,255.0,93,0,0,28,-51.354164123535156,0.0,-0.04
2026-07-10T23:09:51+00:00,,,6825.0,0.0,255.0,95,0,0,28,-51.354164123535156,0.0,-0.04
2026-07-10T23:09:52+00:00,,,6825.0,0.0,255.0,95,0,0,28,-51.354164123535156,0.0,-0.02
2026-07-10T23:09:53+00:00,,,6825.0,0.0,255.0,95,0,0,28,-51.354164123535156,0.0,0.0
2026-07-10T23:09:54+00:00,,,6825.0,0.0,255.0,96,0,0,28,-51.354164123535156,0.0,0.0
2026-07-10T23:09:55+00:00,,,6825.0,0.0,255.20000000000005,96,0,0,28,-51.354164123535156,0.0,0.0
2026-07-10T23:09:56+00:00,,,6825.0,0.0,255.20000000000005,97,0,0,28,-51.354164123535156,0.0,0.0
2026-07-10T23:09:57+00:00,,,6825.0,0.0,255.20000000000005,99,0,0,28,-51.354164123535156,0.0,0.0
2026-07-10T23:09:58+00:00,,,6825.0,0.0,255.20000000000005,99,0,0,28,-51.354164123535156,0.0,0.0
2026-07-10T23:09:59+00:00,,,6825.0,0.0,255.20000000000005,99,56,0,28,-51.354164123535156,0.0,0.0
2026-07-10T23:10:00+00:00,,,6825.0,0.0,255.20000000000005,98,56,0,28,-51.354164123535156,0.0,0.0
2026-07-10T23:10:01+00:00,,,6825.0,0.0,255.20000000000005,98,55,0,28,-51.354164123535156,0.0,0.02
2026-07-10T23:10:02+00:00,,,6825.0,0.0,255.0,96,0,0,28,-51.354164123535156,0.0,0.02
2026-07-10T23:10:03+00:00,,,6825.0,0.0,255.0,98,0,0,28,-51.354164123535156,0.0,0.02
2026-07-10T23:10:04+00:00,37.44031174108386,126.91661671735346,6825.0,0.0,255.0,,48,0,28,-51.354164123535156,0.0,0.02
2026-07-10T23:10:05+00:00,,,6827.0,0.32,254.79999999999995,99,51,0,28,8.787130355834961,0.4445544481277466,0.02
2026-07-10T23:10:06+00:00,,,6827.0,0.32,254.79999999999995,100,51,17,28,9.058367729187012,0.45007288455963135,0.02
2026-07-10T23:10:07+00:00,,,6827.0,0.0,254.60000000000002,101,51,16,28,9.058367729187012,0.0,0.02
2026-07-10T23:10:08+00:00,,,6827.0,0.0,254.60000000000002,101,51,0,28,9.058367729187012,0.0,0.02
2026-07-10T23:10:09+00:00,,,6827.0,0.0,254.60000000000002,101,51,0,28,9.058367729187012,0.0,0.02
2026-07-10T23:10:10+00:00,,,6827.0,0.0,254.60000000000002,102,51,0,28,9.058367729187012,0.0,0.02
2026-07-10T23:10:11+00:00,,,6827.0,0.0,254.60000000000002,,51,0,28,9.058367729187012,0.0,0.02
2026-07-10T23:10:12+00:00,,,6827.0,0.0,254.60000000000002,102,51,0,28,9.058367729187012,0.0,0.0
2026-07-10T23:10:13+00:00,,,6827.0,0.0,254.60000000000002,,51,0,28,9.058367729187012,0.0,0.0
2026-07-10T23:10:14+00:00,,,6827.0,0.0,254.60000000000002,100,51,0,28,9.058367729187012,0.0,0.0
2026-07-10T23:10:15+00:00,,,6827.0,0.0,254.60000000000002,101,0,0,28,9.058367729187012,0.0,0.0
2026-07-10T23:10:16+00:00,,,6827.0,0.0,254.60000000000002,102,0,0,28,9.058367729187012,0.0,0.0
2026-07-10T23:10:17+00:00,,,6827.0,0.0,254.60000000000002,102,0,0,28,9.058367729187012,0.0,0.0
2026-07-10T23:10:18+00:00,,,6827.0,0.0,254.60000000000002,103,51,0,28,9.058367729187012,0.0,0.0
2026-07-10T23:10:19+00:00,,,6827.0,0.0,254.60000000000002,103,51,0,28,9.058367729187012,0.0,0.0
2026-07-10T23:10:20+00:00,,,6827.0,0.0,254.60000000000002,102,51,0,28,9.058367729187012,0.0,0.0
2026-07-10T23:10:21+00:00,,,6827.0,0.0,254.60000000000002,102,51,0,28,9.058367729187012,0.0,0.0
2026-07-10T23:10:22+00:00,,,6827.0,0.0,254.60000000000002,102,51,0,28,9.058367729187012,0.0,0.0
2026-07-10T23:10:23+00:00,,,6827.0,0.0,254.60000000000002,102,0,0,28,9.058367729187012,0.0,0.0
2026-07-10T23:10:24+00:00,,,6827.0,0.0,254.39999999999998,102,0,0,28,9.058367729187012,0.0,0.0
2026-07-10T23:10:25+00:00,,,6827.0,0.0,254.39999999999998,102,0,0,28,9.058367729187012,0.0,0.0
2026-07-10T23:10:26+00:00,,,6827.0,0.0,254.39999999999998,102,0,0,28,9.058367729187012,0.0,-0.02
2026-07-10T23:10:27+00:00,,,6827.0,0.0,254.39999999999998,101,0,0,28,9.058367729187012,0.0,-0.02
2026-07-10T23:10:28+00:00,,,6827.0,0.0,254.39999999999998,100,0,0,28,9.058367729187012,0.0,-0.02
2026-07-10T23:10:29+00:00,,,6827.0,0.0,254.39999999999998,98,0,0,28,9.058367729187012,0.0,-0.02
2026-07-10T23:10:30+00:00,,,6827.0,0.0,254.39999999999998,98,0,0,28,9.058367729187012,0.0,-0.02
2026-07-10T23:10:31+00:00,,,6827.0,0.0,254.39999999999998,98,0,0,28,9.058367729187012,0.0,-0.02
2026-07-10T23:10:32+00:00,,,6827.0,0.0,254.39999999999998,,0,0,28,9.058367729187012,0.0,-0.02
2026-07-10T23:10:33+00:00,,,6827.0,0.0,254.60000000000002,97,0,0,28,9.058367729187012,0.0,-0.02
2026-07-10T23:10:34+00:00,,,6827.0,0.0,254.60000000000002,,0,0,28,9.058367729187012,0.0,-0.02
2026-07-10T23:10:35+00:00,,,6827.0,0.0,254.60000000000002,96,0,0,28,9.058367729187012,0.0,-0.02
2026-07-10T23:10:36+00:00,,,6827.0,0.0,254.60000000000002,96,0,0,28,9.058367729187012,0.0,0.0
2026-07-10T23:10:37+00:00,,,6827.0,0.0,254.60000000000002,94,0,0,28,9.058367729187012,0.0,0.0
2026-07-10T23:10:38+00:00,,,6827.0,0.0,254.39999999999998,95,0,0,28,9.058367729187012,0.0,0.0
2026-07-10T23:10:39+00:00,,,6827.0,0.0,254.39999999999998,95,0,0,28,9.058367729187012,0.0,0.0
2026-07-10T23:10:40+00:00,,,6827.0,0.0,254.39999999999998,93,0,0,28,9.058367729187012,0.0,0.0
2026-07-10T23:10:41+00:00,,,6827.0,0.0,254.39999999999998,,0,0,28,9.058367729187012,0.0,0.0
2026-07-10T23:10:42+00:00,,,6827.0,0.0,254.39999999999998,93,0,0,28,9.058367729187012,0.0,0.0
2026-07-10T23:10:43+00:00,,,6827.0,0.0,254.60000000000002,,0,0,28,9.058367729187012,0.0,0.0
2026-07-10T23:10:44+00:00,,,6827.0,0.0,254.60000000000002,92,0,0,28,9.058367729187012,0.0,0.0
2026-07-10T23:10:45+00:00,,,6827.0,0.0,254.60000000000002,91,0,0,28,9.058367729187012,0.0,0.0
2026-07-10T23:10:46+00:00,,,6827.0,0.0,254.60000000000002,92,0,0,28,9.058367729187012,0.0,0.0
2026-07-10T23:10:47+00:00,,,6827.0,0.0,254.60000000000002,92,0,0,28,9.058367729187012,0.0,0.0
2026-07-10T23:10:48+00:00,37.44028667919338,126.91660003736615,6827.0,0.0,254.39999999999998,92,0,0,28,9.058367729187012,0.0,0.0
2026-07-10T23:10:49+00:00,,,6830.0,1.28,254.39999999999998,93,0,0,28,-0.2237161099910736,1.2706327438354492,0.0
2026-07-10T23:10:50+00:00,37.44026673026383,126.91655670292675,6830.0,1.28,254.39999999999998,94,52,87,28,-0.20570266246795654,1.2713780403137207,0.0
2026-07-10T23:10:51+00:00,37.44025499559939,126.91652501933277,6835.0,2.48,254.20000000000005,94,52,87,28,-0.09682521224021912,2.4720876216888428,0.0
2026-07-10T23:10:52+00:00,37.44023999199271,126.91649165935814,6838.0,2.48,254.20000000000005,94,72,166,28,-0.08749064803123474,2.472846508026123,0.0
2026-07-10T23:10:53+00:00,37.440228341147304,126.91645000129938,6841.0,3.0,254.0,,83,161,28,-0.06484057754278183,2.983599901199341,0.0
2026-07-10T23:10:54+00:00,37.440216690301895,126.91641169600189,6841.0,3.0,253.79999999999995,94,89,192,28,-0.057121392339468,2.9843592643737793,0.0
2026-07-10T23:10:55+00:00,37.44021166115999,126.91637833602726,6845.0,3.38,253.60000000000002,95,89,189,28,-0.043783605098724365,3.3651230335235596,0.0
2026-07-10T23:10:56+00:00,37.44020168669522,126.9163417071104,6849.0,3.38,253.39999999999998,95,89,211,28,-0.036948561668395996,3.3658828735351562,0.0
2026-07-10T23:10:57+00:00,37.440188275650144,126.91631002351642,6852.0,3.32,253.20000000000005,96,89,208,28,-0.03061746247112751,3.306647777557373,0.0
2026-07-10T23:10:58+00:00,37.44017503224313,126.9162867218256,6855.0,3.32,252.79999999999995,97,89,202,28,-0.25222668051719666,3.2827346324920654,0.0
2026-07-10T23:10:59+00:00,37.44016497395933,126.91626165993512,6858.0,3.3,252.60000000000002,98,89,199,28,-0.47671639919281006,3.239443778991699,0.0
2026-07-10T23:11:00+00:00,37.44015826843679,126.91623827442527,6861.0,3.3,252.39999999999998,,88,195,28,-0.699449896812439,3.2167909145355225,-0.02
2026-07-10T23:11:01+00:00,37.44014997035265,126.91621329635382,6863.0,2.88,252.20000000000005,100,86,194,28,-1.0544852018356323,2.7854223251342773,-0.02
2026-07-10T23:11:02+00:00,37.44014167226851,126.9161849655211,6865.0,2.88,252.20000000000005,,86,167,28,-1.308163046836853,2.7644762992858887,-0.02
2026-07-10T23:11:03+00:00,37.44013831950724,126.91615328192711,6868.0,2.6,251.79999999999995,101,86,167,28,-1.7317322492599487,2.4655449390411377,-0.04
2026-07-10T23:11:04+00:00,37.44013831950724,126.91611497662961,6871.0,2.6,251.60000000000002,101,86,147,28,-2.013857841491699,2.4464337825775146,-0.04
2026-07-10T23:11:05+00:00,37.44013672694564,126.91608170047402,6873.0,2.66,251.39999999999998,102,86,147,28,-2.2441940307617188,2.4875214099884033,-0.04
2026-07-10T23:11:06+00:00,37.440131697803736,126.91605328582227,6877.0,2.66,251.20000000000005,104,86,150,28,-2.5660862922668457,2.466938018798828,-0.06
2026-07-10T23:11:07+00:00,37.4401249922812,126.91601833328605,6880.0,2.86,251.0,105,86,151,28,-2.6969518661499023,2.6345012187957764,-0.06
2026-07-10T23:11:08+00:00,37.440115017816424,126.91598497331142,6882.0,2.86,250.79999999999995,107,86,165,28,-2.9970836639404297,2.615368127822876,-0.08
2026-07-10T23:11:09+00:00,37.440106719732285,126.91595169715583,6885.0,2.88,250.60000000000002,107,86,166,28,-3.27573299407959,2.616708278656006,-0.08
2026-07-10T23:11:10+00:00,37.44009666144848,126.91591666080058,6889.0,2.88,250.60000000000002,108,86,167,28,-3.574371099472046,2.5994088649749756,-0.1
2026-07-10T23:11:11+00:00,37.44009171612561,126.91587827168405,6892.0,2.94,250.39999999999998,,86,167,28,-3.781670093536377,2.651090145111084,-0.1
2026-07-10T23:11:12+00:00,37.44008501060307,126.91584499552846,6895.0,2.94,250.20000000000005,110,86,173,28,-4.0726141929626465,2.635446071624756,-0.1
2026-07-10T23:11:13+00:00,37.44007998146117,126.9158099591732,6898.0,3.08,250.0,,86,174,28,-4.180179595947266,2.746187925338745,-0.12
2026-07-10T23:11:14+00:00,37.44007671251893,126.91578003577888,6901.0,3.08,249.79999999999995,110,87,183,28,-4.404399871826172,2.7345457077026367,-0.12
2026-07-10T23:11:15+00:00,37.44006833061576,126.91575673408806,6905.0,3.08,249.60000000000002,111,87,183,28,-4.614264488220215,2.733048677444458,-0.14
2026-07-10T23:11:16+00:00,37.44005827233195,126.91573167219758,6907.0,3.08,249.60000000000002,112,87,184,28,-4.837981224060059,2.7225193977355957,-0.14
2026-07-10T23:11:17+00:00,37.440043268725276,126.91571331582963,6909.0,2.9,249.60000000000002,112,87,185,28,-5.37634801864624,2.541787624359131,-0.14
2026-07-10T23:11:18+00:00,37.440034970641136,126.91569169051945,6912.0,2.9,249.39999999999998,110,87,174,28,-5.613712310791016,2.533254384994507,-0.16
2026-07-10T23:11:19+00:00,,,6914.0,2.78,249.39999999999998,110,86,176,28,-6.127170085906982,2.4040591716766357,-0.16
2026-07-10T23:11:20+00:00,37.44002331979573,126.91564827226102,6916.0,2.78,249.60000000000002,109,86,170,28,-6.375176906585693,2.3974826335906982,-0.16
2026-07-10T23:11:21+00:00,37.440018290653825,126.91561667248607,6916.0,2.6,249.60000000000002,111,84,172,28,-7.0580949783325195,2.2364187240600586,-0.18
2026-07-10T23:11:22+00:00,37.44001669809222,126.91558834165335,6920.0,2.6,249.60000000000002,111,84,165,28,-6.879021644592285,2.2396352291107178,-0.16
2026-07-10T23:11:23+00:00,37.44001502171159,126.91555498167872,6923.0,2.58,249.79999999999995,112,84,171,28,-6.751704216003418,2.224863052368164,-0.16
2026-07-10T23:11:24+00:00,37.44000831618905,126.91552673466504,6926.0,2.58,249.60000000000002,113,84,174,28,-6.571603298187256,2.2286019325256348,-0.16
2026-07-10T23:11:25+00:00,37.440001694485545,126.91549672745168,6929.0,2.62,249.60000000000002,114,84,175,28,-6.317144870758057,2.2603962421417236,-0.16
2026-07-10T23:11:26+00:00,37.439989959821105,126.91546496003866,6931.0,2.62,249.39999999999998,115,85,178,28,-6.1391143798828125,2.2648842334747314,-0.16
2026-07-10T23:11:27+00:00,37.4399833381176,126.91543327644467,6934.0,2.62,249.20000000000005,115,86,177,28,-5.937620639801025,2.279034376144409,-0.14
2026-07-10T23:11:28+00:00,37.43997504003346,126.91541173495352,6937.0,2.62,249.20000000000005,116,87,175,28,-5.7602691650390625,2.2841796875,-0.14
2026-07-10T23:11:29+00:00,37.43996833451092,126.91538332030177,6940.0,2.68,249.0,117,87,172,28,-5.457579135894775,2.3461999893188477,-0.14
2026-07-10T23:11:30+00:00,37.439956683665514,126.91535666584969,6942.0,2.68,249.0,,87,175,28,-5.219797611236572,2.3544728755950928,-0.12
2026-07-10T23:11:31+00:00,37.43994670920074,126.9153249822557,6945.0,2.64,249.0,117,87,172,28,-5.075516700744629,2.315743923187256,-0.12
2026-07-10T23:11:32+00:00,37.43993832729757,126.91530168056488,6947.0,2.64,249.0,,87,167,28,-4.833456993103027,2.3249258995056152,-0.12
2026-07-10T23:11:33+00:00,37.43992667645216,126.91527997143567,6950.0,2.66,249.20000000000005,117,87,167,28,-4.538414001464844,2.3635571002960205,-0.12
2026-07-10T23:11:34+00:00,37.439916701987386,126.91525331698358,6953.0,2.66,249.20000000000005,118,86,172,28,-4.298604488372803,2.3740427494049072,-0.1
2026-07-10T23:11:35+00:00,37.439908320084214,126.91521668806672,6955.0,2.62,249.20000000000005,119,86,174,28,-4.1360602378845215,2.336712598800659,-0.1
2026-07-10T23:11:36+00:00,37.43990329094231,126.91518827341497,6958.0,2.62,249.20000000000005,119,86,172,28,-3.8919012546539307,2.348158836364746,-0.1
2026-07-10T23:11:37+00:00,37.43990169838071,126.91515826620162,6961.0,2.66,249.20000000000005,118,88,176,28,-3.59171724319458,2.3992507457733154,-0.08
2026-07-10T23:11:38+00:00,37.439900022000074,126.91512499004602,6964.0,2.66,249.0,118,88,181,28,-3.3175904750823975,2.413831949234009,-0.08
2026-07-10T23:11:39+00:00,37.43990999646485,126.9150966592133,6966.0,2.66,248.79999999999995,119,89,181,28,-3.0423648357391357,2.4292280673980713,-0.08
2026-07-10T23:11:40+00:00,37.43992667645216,126.91507000476122,6969.0,2.66,248.60000000000002,120,90,178,28,-2.767688751220703,2.445349931716919,-0.06
2026-07-10T23:11:41+00:00,37.439936734735966,126.9150432664901,6972.0,2.66,248.20000000000005,,90,174,28,-2.483640432357788,2.4721107482910156,-0.06
2026-07-10T23:11:42+00:00,,,6975.0,2.66,248.0,120,89,167,28,-2.210270404815674,2.4897513389587402,-0.04
2026-07-10T23:11:43+00:00,37.43996171280742,126.91500999033451,6977.0,2.68,247.60000000000002,120,85,161,28,-1.9291008710861206,2.518110990524292,-0.04
2026-07-10T23:11:44+00:00,,,6977.0,2.68,247.39999999999998,121,82,157,28,-1.6570274829864502,2.5372564792633057,-0.04
2026-07-10T23:11:45+00:00,37.439989959821105,126.91496171057224,6982.0,2.62,247.0,121,78,154,28,-1.4156765937805176,2.497453212738037,-0.02
2026-07-10T23:11:46+00:00,37.440001694485545,126.91492826677859,6982.0,2.62,246.60000000000002,120,77,146,28,-1.750525712966919,2.4737253189086914,-0.04
2026-07-10T23:11:47+00:00,37.44001166895032,126.91489172168076,6987.0,2.62,246.39999999999998,121,77,143,28,-2.07942271232605,2.460890054702759,-0.04
2026-07-10T23:11:48+00:00,37.44002331979573,126.9148582778871,6990.0,2.62,246.20000000000005,122,80,143,28,-2.413328170776367,2.4393341541290283,-0.06
2026-07-10T23:11:49+00:00,37.440030025318265,126.91482173278928,6993.0,2.72,246.0,123,83,142,28,-2.647521495819092,2.517427444458008,-0.06
2026-07-10T23:11:50+00:00,37.440034970641136,126.91478669643402,6997.0,2.72,245.79999999999995,122,86,149,28,-2.969151020050049,2.4977312088012695,-0.08
2026-07-10T23:11:51+00:00,37.44003999978304,126.91475166007876,7000.0,2.82,245.39999999999998,,87,149,28,-3.1894376277923584,2.5670740604400635,-0.08
2026-07-10T23:11:52+00:00,37.440034970641136,126.9147150311619,7003.0,2.82,245.20000000000005,122,87,156,28,-3.4976463317871094,2.5493271350860596,-0.08
2026-07-10T23:11:53+00:00,37.440030025318265,126.91467672586441,7006.0,2.88,245.0,122,87,157,28,-3.7308716773986816,2.590728998184204,-0.1
2026-07-10T23:11:54+00:00,37.44001326151192,126.91463833674788,7010.0,2.88,244.79999999999995,121,87,161,28,-3.9939792156219482,2.5767343044281006,-0.1
2026-07-10T23:11:55+00:00,37.440001694485545,126.9146116822958,7013.0,2.98,244.79999999999995,122,87,162,28,-4.100452899932861,2.669835090637207,-0.12
2026-07-10T23:11:56+00:00,37.43999498896301,126.91458502784371,7017.0,2.98,244.60000000000002,124,87,172,28,-4.353594779968262,2.656891107559204,-0.12
2026-07-10T23:11:57+00:00,,,7020.0,3.04,244.60000000000002,126,86,175,28,-4.51680850982666,2.702260732650757,-0.12
2026-07-10T23:11:58+00:00,37.43999172002077,126.91454169340432,7022.0,3.04,244.39999999999998,,86,180,28,-4.764706134796143,2.6905031204223633,-0.14
2026-07-10T23:11:59+00:00,37.43998669087887,126.91451671533287,7022.0,2.92,244.39999999999998,125,86,182,28,-5.237312316894531,2.5558531284332275,-0.14
2026-07-10T23:12:00+00:00,,,7026.0,2.92,244.39999999999998,,87,175,28,-5.497582912445068,2.546102285385132,-0.14
2026-07-10T23:12:01+00:00,37.43997504003346,126.91447497345507,7028.0,2.8,244.20000000000005,126,87,178,28,-6.0052313804626465,2.424908399581909,-0.16
2026-07-10T23:12:02+00:00,37.439976716414094,126.91444002091885,7028.0,2.8,244.0,126,87,171,28,-6.173003196716309,2.420144557952881,-0.16
2026-07-10T23:12:03+00:00,37.439976716414094,126.91440171562135,7032.0,2.68,243.79999999999995,127,87,172,28,-6.6026082038879395,2.3142902851104736,-0.16
2026-07-10T23:12:04+00:00,37.43997001089156,126.91436332650483,7035.0,2.68,243.39999999999998,126,87,163,28,-6.777441501617432,2.3105695247650146,-0.18
2026-07-10T23:12:05+00:00,37.43995827622712,126.91432669758797,7039.0,2.74,243.0,125,87,159,28,-6.8010640144348145,2.3618085384368896,-0.18
2026-07-10T23:12:06+00:00,37.43994830176234,126.91429669037461,7042.0,2.74,242.60000000000002,125,91,159,28,-6.972241401672363,2.3584258556365967,-0.18
2026-07-10T23:12:07+00:00,37.439933298155665,126.91426500678062,7045.0,2.82,242.20000000000005,125,91,155,28,-6.941433429718018,2.427888870239258,-0.18
2026-07-10T23:12:08+00:00,37.43991829454899,126.91423826850951,7048.0,2.82,241.79999999999995,125,91,157,28,-7.1075873374938965,2.4247488975524902,-0.2
2026-07-10T23:12:09+00:00,37.43990169838071,126.91421002149582,7052.0,2.84,241.20000000000005,125,91,154,28,-7.223344326019287,2.4399139881134033,-0.2
2026-07-10T23:12:10+00:00,37.43988996371627,126.9141816906631,7054.0,2.84,240.79999999999995,125,91,153,28,-7.378549098968506,2.437410831451416,-0.2
2026-07-10T23:12:11+00:00,37.43988166563213,126.91414833068848,7058.0,2.86,240.39999999999998,,91,151,28,-7.5082502365112305,2.4440882205963135,-0.2
2026-07-10T23:12:12+00:00,37.43987496010959,126.91411497071385,7060.0,2.86,240.0,125,92,151,28,-7.6632208824157715,2.4420435428619385,-0.2
2026-07-10T23:12:13+00:00,37.43986330926418,126.91408831626177,7063.0,2.86,239.60000000000002,125,94,150,28,-7.791163921356201,2.449108839035034,-0.22
2026-07-10T23:12:14+00:00,37.43984998203814,126.91406501457095,7067.0,2.86,239.0,125,97,151,28,-7.945437908172607,2.4475247859954834,-0.22
2026-07-10T23:12:15+00:00,37.439831709489226,126.91403827629983,7069.0,2.86,238.39999999999998,125,97,151,28,-8.100175857543945,2.4461870193481445,-0.22
2026-07-10T23:12:16+00:00,37.439806731417775,126.91402000375092,7072.0,2.86,238.0,126,97,150,28,-8.254603385925293,2.4451022148132324,-0.22
2026-07-10T23:12:17+00:00,37.43978166952729,126.91400667652488,7075.0,2.86,237.60000000000002,126,94,150,28,-8.439002990722656,2.4355876445770264,-0.24
2026-07-10T23:12:18+00:00,37.43975996039808,126.91399997100234,7078.0,2.86,237.20000000000005,127,90,149,28,-8.756031036376953,2.4347543716430664,-0.24
2026-07-10T23:12:19+00:00,,,7081.0,2.88,236.79999999999995,,88,150,28,-9.010461807250977,2.4519262313842773,-0.24
2026-07-10T23:12:20+00:00,37.43973171338439,126.914001731202,7084.0,2.88,236.39999999999998,128,87,151,28,-9.324965476989746,2.45296311378479,-0.26
2026-07-10T23:12:21+00:00,,,7084.0,2.7,236.0,,85,151,28,-10.24706745147705,2.3160717487335205,-0.26
2026-07-10T23:12:22+00:00,,,7087.0,2.7,235.60000000000002,128,80,141,28,-10.582377433776855,2.321164608001709,-0.28
2026-07-10T23:12:23+00:00,37.439710004255176,126.9139967020601,7087.0,2.06,235.20000000000005,126,78,141,28,-14.378511428833008,1.8621013164520264,-0.28
2026-07-10T23:12:24+00:00,,,7087.0,2.06,235.0,129,76,108,28,-14.819255828857422,1.880152940750122,-0.3
2026-07-10T23:12:25+00:00,37.439685026183724,126.91398169845343,7089.0,1.4,234.79999999999995,130,69,107,28,-22.34758758544922,1.6227450370788574,-0.3
2026-07-10T23:12:26+00:00,,,7089.0,1.4,234.60000000000002,,69,75,28,-23.039283752441406,1.6648298501968384,-0.32
2026-07-10T23:12:27+00:00,37.439656695351005,126.91395328380167,7092.0,1.46,234.60000000000002,128,68,74,28,-22.918039321899414,1.7165254354476929,-0.32
2026-07-10T23:12:28+00:00,37.439636662602425,126.91393333487213,7092.0,1.46,234.39999999999998,,71,76,28,-23.58722686767578,1.7600047588348389,-0.34
2026-07-10T23:12:29+00:00,37.439613277092576,126.91391330212355,7096.0,1.62,234.39999999999998,125,80,76,28,-21.71579360961914,1.8349546194076538,-0.34
2026-07-10T23:12:30+00:00,37.43959500454366,126.91389167681336,7099.0,1.62,234.39999999999998,,83,86,28,-22.314756393432617,1.8754839897155762,-0.36
2026-07-10T23:12:31+00:00,37.43957673199475,126.91386502236128,7102.0,1.94,234.39999999999998,124,85,88,28,-19.13614273071289,2.009457588195801,-0.36
2026-07-10T23:12:32+00:00,37.43955669924617,126.91384331323206,7105.0,1.94,234.20000000000005,128,88,112,28,-19.637311935424805,2.04319167137146,-0.38
2026-07-10T23:12:33+00:00,37.43953825905919,126.91382328048348,7108.0,2.14,234.0,128,89,114,28,-18.258197784423828,2.1551616191864014,-0.38
2026-07-10T23:12:34+00:00,37.43951831012964,126.91380333155394,7111.0,2.14,233.79999999999995,128,91,128,28,-17.75246810913086,2.121964693069458,-0.36
2026-07-10T23:12:35+00:00,37.43949827738106,126.91378673538566,7114.0,2.26,233.39999999999998,128,91,127,28,-16.329065322875977,2.1517019271850586,-0.36
2026-07-10T23:12:36+00:00,37.439474975690246,126.91376326605678,7117.0,2.26,233.20000000000005,128,91,133,28,-15.850666046142578,2.124903678894043,-0.34
2026-07-10T23:12:37+00:00,37.439458295702934,126.91373996436596,7119.0,2.34,232.79999999999995,122,91,131,28,-14.843941688537598,2.1473238468170166,-0.34
2026-07-10T23:12:38+00:00,37.43943331763148,126.91372169181705,7123.0,2.34,232.39999999999998,123,88,133,28,-14.381437301635742,2.125652313232422,-0.32
2026-07-10T23:12:39+00:00,37.4394132848829,126.91370668821037,7125.0,2.46,232.0,123,87,131,28,-13.238195419311523,2.185837507247925,-0.32
2026-07-10T23:12:40+00:00,37.43940331041813,126.91368330270052,7129.0,2.46,231.79999999999995,124,87,135,28,-12.798691749572754,2.169950485229492,-0.3
2026-07-10T23:12:41+00:00,37.439398281276226,126.91365832462907,7131.0,2.54,231.39999999999998,124,87,133,28,-12.014663696289062,2.2067039012908936,-0.3
2026-07-10T23:12:42+00:00,37.439389983192086,126.91362672485411,7133.0,2.54,231.0,124,86,136,28,-11.773085594177246,2.2000858783721924,-0.28
2026-07-10T23:12:43+00:00,37.43938000872731,126.91359504126012,7136.0,2.5,230.79999999999995,123,86,135,28,-11.668661117553711,2.171328067779541,-0.28
2026-07-10T23:12:44+00:00,37.43936827406287,126.913568302989,7139.0,2.5,230.39999999999998,122,86,133,28,-11.42393970489502,2.1654443740844727,-0.28
2026-07-10T23:12:45+00:00,37.4393582995981,126.91353670321405,7142.0,2.6,230.20000000000005,122,86,133,28,-10.789803504943848,2.2301383018493652,-0.26
2026-07-10T23:12:46+00:00,37.439344972372055,126.9135133177042,7144.0,2.6,230.0,121,84,139,28,-10.553586959838867,2.2261383533477783,-0.26
2026-07-10T23:12:47+00:00,37.439328292384744,126.91348498687148,7147.0,2.64,229.79999999999995,120,84,140,28,-10.121034622192383,2.263005495071411,-0.26
2026-07-10T23:12:48+00:00,37.43930666707456,126.91345330327749,7150.0,2.64,229.60000000000002,119,84,144,28,-9.889290809631348,2.260457992553711,-0.26
2026-07-10T23:12:49+00:00,37.439280012622476,126.91342329606414,7153.0,2.68,229.39999999999998,,84,145,27,-9.547886848449707,2.2832868099212646,-0.24
2026-07-10T23:12:50+00:00,37.43925830349326,126.91340669989586,7157.0,2.68,229.39999999999998,118,84,148,28,-9.405868530273438,2.2824277877807617,-0.24
2026-07-10T23:12:51+00:00,37.43923827074468,126.91339328885078,7161.0,2.84,229.39999999999998,120,85,151,28,-8.70905590057373,2.4262688159942627,-0.24
2026-07-10T23:12:52+00:00,37.43921999819577,126.9133716635406,7164.0,2.84,229.20000000000005,121,85,165,28,-8.575672149658203,2.42655611038208,-0.24
2026-07-10T23:12:53+00:00,37.43920172564685,126.91335171461105,7166.0,2.82,229.20000000000005,120,85,169,28,-8.50148868560791,2.409705638885498,-0.22
2026-07-10T23:12:54+00:00,37.43918831460178,126.91333503462374,7169.0,2.82,229.39999999999998,120,85,172,28,-8.367293357849121,2.4102795124053955,-0.22
2026-07-10T23:12:55+00:00,37.439174987375736,126.91331332549453,7172.0,2.82,229.39999999999998,120,85,177,28,-8.232559204101562,2.4110426902770996,-0.22
2026-07-10T23:12:56+00:00,,,7172.0,2.82,229.39999999999998,120,85,182,27,-8.09822940826416,2.41198992729187,-0.22
2026-07-10T23:12:57+00:00,37.43914330378175,126.91327325999737,7176.0,2.76,229.39999999999998,120,86,186,27,-8.13633918762207,2.360389471054077,-0.22
2026-07-10T23:12:58+00:00,37.43913668207824,126.91324668936431,7176.0,2.76,229.60000000000002,,86,187,27,-7.9672017097473145,2.361750841140747,-0.2
2026-07-10T23:12:59+00:00,37.43911497294903,126.91321500577033,7181.0,2.74,229.60000000000002,120,86,192,27,-7.853789806365967,2.3457043170928955,-0.2
2026-07-10T23:13:00+00:00,37.43909829296172,126.91319170407951,7183.0,2.74,229.79999999999995,,86,194,27,-7.683418273925781,2.347551107406616,-0.2
2026-07-10T23:13:01+00:00,37.43908672593534,126.91316672600806,7187.0,2.78,229.79999999999995,121,86,198,27,-7.430833339691162,2.3765666484832764,-0.2
2026-07-10T23:13:02+00:00,37.439069962129,126.91314669325948,7190.0,2.78,230.0,121,86,204,27,-7.261969089508057,2.3791446685791016,-0.2
2026-07-10T23:13:03+00:00,37.439053282141685,126.91312171518803,7193.0,2.76,230.0,121,86,206,27,-7.118464946746826,2.37296724319458,-0.18
2026-07-10T23:13:04+00:00,37.43903500959277,126.91310327500105,7195.0,2.76,229.79999999999995,121,86,202,27,-6.949158668518066,2.3760826587677,-0.18
2026-07-10T23:13:05+00:00,37.43901003152132,126.91308500245214,7198.0,2.76,229.79999999999995,121,86,198,27,-6.779173374176025,2.379505157470703,-0.18
2026-07-10T23:13:06+00:00,37.4389817006886,126.91307502798736,7201.0,2.76,229.60000000000002,121,86,196,27,-6.241015434265137,2.392293691635132,-0.16
2026-07-10T23:13:07+00:00,37.438959991559386,126.91306002438068,7204.0,2.78,229.39999999999998,122,86,192,27,-5.680659294128418,2.417501211166382,-0.14
2026-07-10T23:13:08+00:00,37.438935013487935,126.91304996609688,7207.0,2.78,229.39999999999998,121,86,187,27,-5.144444465637207,2.436372995376587,-0.14
2026-07-10T23:13:09+00:00,37.43891171179712,126.91303672268987,7210.0,2.8,229.20000000000005,122,86,182,27,-4.574663162231445,2.477459192276001,-0.12
2026-07-10T23:13:10+00:00,37.43889327161014,126.91301995888352,7213.0,2.8,228.79999999999995,124,86,178,27,-4.041759014129639,2.502516746520996,-0.1
2026-07-10T23:13:11+00:00,37.43887499906123,126.91300327889621,7216.0,2.8,228.60000000000002,125,86,172,27,-3.507788896560669,2.5306196212768555,-0.08
2026-07-10T23:13:12+00:00,37.43885999545455,126.91298332996666,7218.0,2.8,228.39999999999998,126,86,168,27,-2.9764838218688965,2.561563014984131,-0.08
2026-07-10T23:13:13+00:00,37.43884826079011,126.91296329721808,7221.0,2.78,228.20000000000005,125,88,165,27,-2.460686206817627,2.575853109359741,-0.06
2026-07-10T23:13:14+00:00,,,7223.0,2.78,227.79999999999995,126,91,161,27,-2.4027605056762695,2.5796942710876465,-0.06
2026-07-10T23:13:15+00:00,37.43882328271866,126.91293496638536,7225.0,2.74,227.39999999999998,125,92,158,27,-2.370391368865967,2.553893566131592,-0.06
2026-07-10T23:13:16+00:00,37.43880668655038,126.91291996277869,7225.0,2.74,227.20000000000005,126,94,154,27,-2.312006950378418,2.5577781200408936,-0.06
2026-07-10T23:13:17+00:00,37.43878833018243,126.91290671937168,7229.0,2.68,226.79999999999995,,97,152,27,-2.3035378456115723,2.502322196960449,-0.06
2026-07-10T23:13:18+00:00,37.43876997381449,126.9128866866231,7231.0,2.68,226.20000000000005,126,97,147,27,-2.243846893310547,2.5062475204467773,-0.06
2026-07-10T23:13:19+00:00,37.438753293827176,126.91286330111325,7234.0,2.66,225.79999999999995,,91,145,27,-2.200155258178711,2.4904184341430664,-0.04
2026-07-10T23:13:20+00:00,37.43873502127826,126.91283999942243,7236.0,2.66,225.39999999999998,126,91,143,27,-2.139894485473633,2.4944145679473877,-0.04
2026-07-10T23:13:21+00:00,37.43871666491032,126.91281502135098,7239.0,2.66,225.0,127,91,141,27,-2.079392433166504,2.4984631538391113,-0.04
2026-07-10T23:13:22+00:00,37.43870166130364,126.91279834136367,7242.0,2.66,224.60000000000002,128,95,141,27,-2.695798635482788,2.4589383602142334,-0.06
2026-07-10T23:13:23+00:00,37.43868498131633,126.91278333775699,7245.0,2.68,224.0,128,95,140,27,-3.2893240451812744,2.4427220821380615,-0.08
2026-07-10T23:13:24+00:00,37.43866830132902,126.91276003606617,7247.0,2.68,223.60000000000002,127,95,141,27,-3.899905204772949,2.4107415676116943,-0.1
2026-07-10T23:13:25+00:00,37.4386449996382,126.91273329779506,7249.0,2.66,223.0,127,93,140,27,-4.565264701843262,2.3535375595092773,-0.12
2026-07-10T23:13:26+00:00,37.43863167241216,126.9127032905817,7252.0,2.66,222.39999999999998,126,91,139,27,-5.183996677398682,2.329396963119507,-0.12
2026-07-10T23:13:27+00:00,37.438623290508986,126.91267001442611,7256.0,2.7,222.0,125,90,139,27,-5.717663288116455,2.3465237617492676,-0.14
2026-07-10T23:13:28+00:00,37.43861331604421,126.91263330169022,7259.0,2.7,221.60000000000002,,89,141,27,-6.326584815979004,2.329444169998169,-0.16
2026-07-10T23:13:29+00:00,37.43860501796007,126.91260002553463,7262.0,2.72,221.20000000000005,125,89,141,27,-6.8608222007751465,2.343363046646118,-0.18
2026-07-10T23:13:30+00:00,37.43859328329563,126.91256666556,7265.0,2.72,220.79999999999995,123,88,142,27,-7.6569414138793945,2.3307266235351562,-0.2
2026-07-10T23:13:31+00:00,37.438586661592126,126.91254168748856,7268.0,2.76,220.20000000000005,123,88,142,27,-8.332124710083008,2.3591744899749756,-0.22
2026-07-10T23:13:32+00:00,37.438578279688954,126.9125167094171,7271.0,2.76,219.79999999999995,123,88,144,27,-9.119064331054688,2.358182668685913,-0.24
2026-07-10T23:13:33+00:00,37.43856830522418,126.91249173134565,7274.0,2.76,219.60000000000002,123,88,145,27,-9.90443229675293,2.3633639812469482,-0.26
2026-07-10T23:13:34+00:00,37.43856671266258,126.9124532584101,7276.0,2.76,219.20000000000005,124,88,145,27,-10.690585136413574,2.3746612071990967,-0.28
2026-07-10T23:13:35+00:00,37.438558330759406,126.91241503693163,7279.0,2.74,219.0,124,88,145,27,-11.562094688415527,2.376897096633911,-0.3
2026-07-10T23:13:36+00:00,37.43853997439146,126.91238000057638,7282.0,2.74,218.79999999999995,124,88,145,27,-12.351612091064453,2.4007911682128906,-0.32
2026-07-10T23:13:37+00:00,37.43853167630732,126.91235669888556,7286.0,2.82,218.60000000000002,124,88,146,27,-12.818401336669922,2.479457378387451,-0.36
2026-07-10T23:13:38+00:00,37.43852002546191,126.9123266916722,7289.0,2.82,218.60000000000002,,88,152,27,-12.975151062011719,2.4857473373413086,-0.36
2026-07-10T23:13:39+00:00,37.43850166909397,126.91229668445885,7292.0,2.84,218.39999999999998,126,88,154,27,-13.039407730102539,2.5061047077178955,-0.36
2026-07-10T23:13:40+00:00,37.43849169462919,126.9122717063874,7294.0,2.84,218.20000000000005,125,87,158,27,-13.195049285888672,2.5127251148223877,-0.36
2026-07-10T23:13:41+00:00,37.43847828358412,126.91224832087755,7298.0,2.86,218.20000000000005,124,87,162,27,-13.211112022399902,2.5400655269622803,-0.36
2026-07-10T23:13:42+00:00,37.43846504017711,126.91222501918674,7300.0,2.86,218.0,125,87,167,27,-13.36496639251709,2.546933889389038,-0.38
2026-07-10T23:13:43+00:00,37.43843830190599,126.91221001558006,7303.0,2.84,218.0,125,87,170,27,-13.662442207336426,2.53399920463562,-0.38
2026-07-10T23:13:44+00:00,37.43841500021517,126.91220331005752,7305.0,2.84,217.79999999999995,125,89,171,27,-13.818395614624023,2.541560173034668,-0.38
2026-07-10T23:13:45+00:00,37.438388261944056,126.91220331005752,7309.0,2.84,217.39999999999998,,91,171,27,-13.924988746643066,2.5558600425720215,-0.38
2026-07-10T23:13:46+00:00,37.43836831301451,126.91219501197338,7311.0,2.84,217.20000000000005,127,92,171,27,-13.56474494934082,2.538317918777466,-0.38
2026-07-10T23:13:47+00:00,37.43834165856242,126.91218998283148,7314.0,2.84,216.79999999999995,,96,169,27,-13.249348640441895,2.515089511871338,-0.36
2026-07-10T23:13:48+00:00,37.438315004110336,126.91217003390193,7317.0,2.84,216.39999999999998,127,100,166,27,-12.888192176818848,2.4998960494995117,-0.36
2026-07-10T23:13:49+00:00,37.438290026038885,126.91214673221111,7317.0,2.82,216.0,128,100,163,27,-12.615468978881836,2.4716644287109375,-0.34
2026-07-10T23:13:50+00:00,37.43827502243221,126.91211999394,7323.0,2.82,215.60000000000002,128,98,158,27,-12.250284194946289,2.4586408138275146,-0.34
2026-07-10T23:13:51+00:00,,,7326.0,2.88,215.20000000000005,127,97,155,27,-11.636630058288574,2.4917662143707275,-0.32
2026-07-10T23:13:52+00:00,37.43823504075408,126.91208001226187,7329.0,2.88,214.79999999999995,127,92,156,27,-11.279794692993164,2.4822330474853516,-0.32
2026-07-10T23:13:53+00:00,37.438213331624866,126.91205830313265,7335.0,2.88,214.39999999999998,127,90,155,27,-10.921887397766113,2.4739599227905273,-0.3
2026-07-10T23:13:54+00:00,37.438196735456586,126.91202997229993,7335.0,2.88,214.0,126,88,153,27,-10.778742790222168,2.4710142612457275,-0.3
2026-07-10T23:13:55+00:00,37.43816999718547,126.91200499422848,7338.0,2.88,213.79999999999995,126,87,153,27,-10.634737968444824,2.4682607650756836,-0.3
2026-07-10T23:13:56+00:00,37.43814325891435,126.91198831424117,7341.0,2.88,213.60000000000002,126,87,153,27,-10.49130630493164,2.4657280445098877,-0.3
2026-07-10T23:13:57+00:00,37.4381233099848,126.91197666339576,7345.0,2.92,213.39999999999998,127,87,154,27,-10.205353736877441,2.4956092834472656,-0.28
2026-07-10T23:13:58+00:00,,,7348.0,2.92,213.39999999999998,,86,158,27,-10.06389331817627,2.4937047958374023,-0.28
2026-07-10T23:13:59+00:00,37.438088273629546,126.91196333616972,7351.0,2.92,213.39999999999998,128,86,160,27,-9.922009468078613,2.4920036792755127,-0.28
2026-07-10T23:14:00+00:00,37.4380683247,126.91195830702782,7351.0,2.92,213.20000000000005,127,86,163,27,-9.780974388122559,2.49052095413208,-0.28
2026-07-10T23:14:01+00:00,37.438046699389815,126.91194833256304,7355.0,2.86,213.0,127,85,167,27,-9.807463645935059,2.447986602783203,-0.28
2026-07-10T23:14:02+00:00,37.4380249902606,126.91192829981446,7357.0,2.86,212.79999999999995,128,85,165,27,-9.613265991210938,2.446261167526245,-0.26
2026-07-10T23:14:03+00:00,37.43800831027329,126.91191170364618,7360.0,2.84,212.60000000000002,128,85,168,27,-9.48539924621582,2.428236961364746,-0.26
2026-07-10T23:14:04+00:00,37.43798827752471,126.91191002726555,7363.0,2.84,212.39999999999998,128,87,170,27,-9.289639472961426,2.427156448364258,-0.26
2026-07-10T23:14:05+00:00,,,7365.0,2.84,212.20000000000005,128,87,170,27,-9.125618934631348,2.4180097579956055,-0.24
2026-07-10T23:14:06+00:00,37.437949972227216,126.91190172918141,7367.0,2.84,211.79999999999995,,89,167,27,-8.929559707641602,2.417654037475586,-0.24
2026-07-10T23:14:07+00:00,37.437924994155765,126.9118916708976,7372.0,2.8,211.60000000000002,129,94,166,27,-8.826278686523438,2.3919968605041504,-0.24
2026-07-10T23:14:08+00:00,37.437896663323045,126.91188999451697,7372.0,2.8,211.20000000000005,130,95,161,27,-8.628515243530273,2.3922455310821533,-0.24
2026-07-10T23:14:09+00:00,37.437864979729056,126.9118932634592,7374.0,2.8,211.0,129,97,159,27,-8.459376335144043,2.3842289447784424,-0.22
2026-07-10T23:14:10+00:00,37.43784167803824,126.91188999451697,7378.0,2.8,210.60000000000002,129,97,157,27,-8.617878913879395,2.3837263584136963,-0.24
2026-07-10T23:14:11+00:00,37.437815023586154,126.91188496537507,7381.0,2.82,210.20000000000005,129,94,155,27,-8.683960914611816,2.40922212600708,-0.24
2026-07-10T23:14:12+00:00,37.43779172189534,126.91187172196805,7384.0,2.82,209.79999999999995,128,90,155,27,-8.840934753417969,2.4090797901153564,-0.24
2026-07-10T23:14:13+00:00,37.43777001276612,126.91185001283884,7387.0,2.82,209.39999999999998,129,89,153,27,-8.998380661010742,2.4091906547546387,-0.24
2026-07-10T23:14:14+00:00,37.43774998001754,126.91182327456772,7390.0,2.82,209.0,128,88,152,27,-9.155512809753418,2.4095542430877686,-0.24
2026-07-10T23:14:15+00:00,37.43773673661053,126.91179502755404,7393.0,2.84,208.60000000000002,,87,151,27,-9.280363082885742,2.4185688495635986,-0.26
2026-07-10T23:14:16+00:00,37.43771502748132,126.91177826374769,7396.0,2.84,208.20000000000005,129,87,151,27,-9.436469078063965,2.4193811416625977,-0.26
2026-07-10T23:14:17+00:00,37.43770496919751,126.91174834035337,7399.0,2.84,208.0,,87,151,27,-9.559891700744629,2.428751230239868,-0.26
2026-07-10T23:14:18+00:00,37.43769499473274,126.91172671504319,7402.0,2.84,207.60000000000002,129,87,152,27,-9.55246353149414,2.428697347640991,-0.26
2026-07-10T23:14:19+00:00,37.437681667506695,126.91169830039144,7404.0,2.84,207.20000000000005,129,85,151,27,-9.545019149780273,2.4286439418792725,-0.26
2026-07-10T23:14:20+00:00,37.43766666390002,126.91168170422316,7407.0,2.84,207.0,129,85,152,27,-9.537583351135254,2.428591251373291,-0.26
2026-07-10T23:14:21+00:00,37.437649983912706,126.91167332231998,7410.0,2.82,206.60000000000002,130,85,152,27,-9.597698211669922,2.411928176879883,-0.26
2026-07-10T23:14:22+00:00,37.43763003498316,126.91166167147458,7412.0,2.82,206.20000000000005,129,85,151,27,-9.590232849121094,2.4118714332580566,-0.26
2026-07-10T23:14:23+00:00,37.43761167861521,126.9116482604295,7414.0,2.78,205.79999999999995,129,85,151,27,-9.75568675994873,2.370469808578491,-0.26
2026-07-10T23:14:24+00:00,37.43759826757014,126.91162671893835,7416.0,2.78,205.39999999999998,129,86,148,27,-9.74807071685791,2.37040114402771,-0.26
2026-07-10T23:14:25+00:00,37.437591729685664,126.91159000620246,7419.0,2.76,205.20000000000005,128,86,149,27,-9.811263084411621,2.3538694381713867,-0.26
2026-07-10T23:14:26+00:00,37.437589969486,126.91155002452433,7421.0,2.76,204.79999999999995,129,86,148,27,-10.069114685058594,2.356656789779663,-0.26
2026-07-10T23:14:27+00:00,37.437591729685664,126.91150995902717,7424.0,2.76,204.39999999999998,129,86,147,27,-10.291354179382324,2.368164300918579,-0.28
2026-07-10T23:14:28+00:00,37.43758502416313,126.91147668287158,7428.0,2.76,204.20000000000005,129,86,148,27,-10.548013687133789,2.372161626815796,-0.28
2026-07-10T23:14:29+00:00,,,7428.0,2.82,203.79999999999995,128,86,148,27,-10.613431930541992,2.416278123855591,-0.28
2026-07-10T23:14:30+00:00,37.43755828589201,126.91143997013569,7434.0,2.82,203.60000000000002,128,84,151,27,-10.866791725158691,2.42110538482666,-0.3
2026-07-10T23:14:31+00:00,37.437540013343096,126.91142672672868,7437.0,2.78,203.39999999999998,129,84,152,27,-11.240151405334473,2.4034438133239746,-0.3
2026-07-10T23:14:32+00:00,37.437515035271645,126.91141666844487,7437.0,2.78,203.20000000000005,128,84,151,27,-11.495476722717285,2.4098265171051025,-0.3
2026-07-10T23:14:33+00:00,37.43749332614243,126.9114016648382,7441.0,2.74,203.0,128,84,152,27,-11.923644065856934,2.387103319168091,-0.32
2026-07-10T23:14:34+00:00,37.437474969774485,126.91139001399279,7444.0,2.74,202.79999999999995,128,88,151,27,-11.953557968139648,2.3880035877227783,-0.32
2026-07-10T23:14:35+00:00,37.43745828978717,126.91137501038611,7447.0,2.74,202.60000000000002,130,89,152,27,-11.983560562133789,2.3889150619506836,-0.32
2026-07-10T23:14:36+00:00,37.43744001723826,126.91135497763753,7449.0,2.74,202.39999999999998,,89,154,27,-12.013504981994629,2.389833450317383,-0.32
2026-07-10T23:14:37+00:00,37.43741327896714,126.91133829765022,7452.0,2.72,202.0,129,89,154,27,-12.132062911987305,2.3760812282562256,-0.32
2026-07-10T23:14:38+00:00,37.43738670833409,126.91131667234004,7454.0,2.72,201.79999999999995,129,89,153,27,-12.162196159362793,2.3770408630371094,-0.32
2026-07-10T23:14:39+00:00,,,7458.0,2.74,201.39999999999998,128,88,153,27,-12.103514671325684,2.3926446437835693,-0.32
2026-07-10T23:14:40+00:00,37.43732334114611,126.91127995960414,7461.0,2.74,201.0,127,88,154,27,-12.133368492126465,2.393594264984131,-0.32
2026-07-10T23:14:41+00:00,37.43729827925563,126.91126830875874,7469.0,2.8,200.79999999999995,128,88,152,27,-11.945448875427246,2.431330919265747,-0.32
2026-07-10T23:14:42+00:00,37.43727330118418,126.91125171259046,7469.0,2.8,200.60000000000002,128,87,155,27,-11.790461540222168,2.426687479019165,-0.32
2026-07-10T23:14:43+00:00,37.43725502863526,126.91123830154538,7472.0,2.84,200.39999999999998,,86,155,27,-11.46978759765625,2.4524855613708496,-0.32
2026-07-10T23:14:44+00:00,37.43723667226732,126.911226734519,7475.0,2.84,200.0,128,86,157,27,-11.316683769226074,2.4485507011413574,-0.32
2026-07-10T23:14:45+00:00,37.4372149631381,126.9112182687968,7477.0,2.82,199.79999999999995,,85,157,27,-11.202857971191406,2.437134027481079,-0.3
2026-07-10T23:14:46+00:00,37.437183279544115,126.91122002899647,7480.0,2.82,199.60000000000002,129,85,155,27,-11.048750877380371,2.4335954189300537,-0.3
2026-07-10T23:14:47+00:00,37.4371599778533,126.9112232979387,7482.0,2.78,199.39999999999998,129,85,156,27,-11.051554679870605,2.3991377353668213,-0.3
2026-07-10T23:14:48+00:00,37.43714002892375,126.91123000346124,7486.0,2.78,199.20000000000005,129,85,155,27,-10.895698547363281,2.3958423137664795,-0.3
2026-07-10T23:14:49+00:00,37.437121672555804,126.91123327240348,7488.0,2.82,198.79999999999995,129,85,155,27,-10.624406814575195,2.416473865509033,-0.28
2026-07-10T23:14:50+00:00,37.43709996342659,126.91124173812568,7490.0,2.82,198.60000000000002,129,84,158,27,-10.463251113891602,2.4137187004089355,-0.28
2026-07-10T23:14:51+00:00,37.43708001449704,126.91126168705523,7493.0,2.76,198.39999999999998,127,83,158,27,-10.488068580627441,2.3711700439453125,-0.28
2026-07-10T23:14:52+00:00,37.43705168366432,126.91126168705523,7495.0,2.76,198.20000000000005,127,83,156,27,-10.32349967956543,2.3686294555664062,-0.28
2026-07-10T23:14:53+00:00,37.43702326901257,126.91125833429396,7498.0,2.76,198.0,127,83,156,27,-10.196037292480469,2.358269214630127,-0.28
2026-07-10T23:14:54+00:00,37.43699829094112,126.91124668344855,7501.0,2.76,197.60000000000002,127,83,155,27,-10.03087043762207,2.3562018871307373,-0.26
2026-07-10T23:14:55+00:00,37.43697666563094,126.91123997792602,7504.0,2.78,197.20000000000005,127,85,154,27,-9.794140815734863,2.3708252906799316,-0.26
2026-07-10T23:14:56+00:00,37.43695830926299,126.91123670898378,7507.0,2.78,196.79999999999995,126,87,154,27,-9.630495071411133,2.3694140911102295,-0.26
2026-07-10T23:14:57+00:00,37.43693827651441,126.91123830154538,7510.0,2.76,196.39999999999998,126,89,152,27,-9.500324249267578,2.359931707382202,-0.26
2026-07-10T23:14:58+00:00,,,7512.0,2.76,196.0,127,89,150,27,-9.556567192077637,2.3603122234344482,-0.26
2026-07-10T23:14:59+00:00,37.436903323978186,126.91124500706792,7514.0,2.72,195.60000000000002,128,89,149,27,-9.754117965698242,2.327667713165283,-0.26
2026-07-10T23:15:00+00:00,,,7514.0,2.72,195.20000000000005,128,88,146,27,-9.811016082763672,2.32818865776062,-0.26
2026-07-10T23:15:01+00:00,37.43686828762293,126.91124668344855,7518.0,2.68,194.79999999999995,126,89,145,27,-10.053056716918945,2.287912368774414,-0.26
2026-07-10T23:15:02+00:00,37.436850015074015,126.91125674173236,7518.0,2.68,194.60000000000002,127,92,141,27,-10.110905647277832,2.28859806060791,-0.26
2026-07-10T23:15:03+00:00,37.4368283059448,126.9112549815327,7522.0,2.6,194.20000000000005,127,95,141,27,-10.442885398864746,2.2330288887023926,-0.26
2026-07-10T23:15:04+00:00,37.43679997511208,126.91124500706792,7524.0,2.6,193.79999999999995,,97,137,27,-10.502530097961426,2.233933210372925,-0.26
2026-07-10T23:15:05+00:00,37.436776673421264,126.91124668344855,7526.0,2.6,193.39999999999998,127,97,137,27,-10.602895736694336,2.226931095123291,-0.26
2026-07-10T23:15:06+00:00,37.43675496429205,126.91125003620982,7530.0,2.6,192.79999999999995,,93,136,27,-10.772174835205078,2.2298221588134766,-0.26
2026-07-10T23:15:07+00:00,,,7530.0,2.62,192.39999999999998,126,92,136,27,-10.816170692443848,2.2564537525177,-0.28
2026-07-10T23:15:08+00:00,37.43672671727836,126.91125330515206,7535.0,2.62,191.79999999999995,127,92,138,27,-10.983847618103027,2.259680986404419,-0.28
2026-07-10T23:15:09+00:00,,,7538.0,2.58,191.39999999999998,126,91,138,27,-11.368308067321777,2.2247769832611084,-0.28
2026-07-10T23:15:10+00:00,37.43670500814915,126.91125330515206,7538.0,2.58,191.0,125,91,135,27,-11.538905143737793,2.228851318359375,-0.28
2026-07-10T23:15:11+00:00,,,7538.0,2.44,190.39999999999998,125,92,134,27,-12.38448429107666,2.130164861679077,-0.3
2026-07-10T23:15:12+00:00,37.436680030077696,126.91126671619713,7540.0,2.44,190.0,125,92,127,27,-12.56527042388916,2.1358039379119873,-0.3
2026-07-10T23:15:13+00:00,,,7540.0,2.34,189.60000000000002,,92,127,27,-13.236103057861328,2.0791354179382324,-0.3
2026-07-10T23:15:14+00:00,37.4366382881999,126.91127669066191,7543.0,2.34,189.20000000000005,126,92,122,27,-13.616378784179688,2.093440055847168,-0.3
2026-07-10T23:15:15+00:00,37.43661171756685,126.91127333790064,7543.0,2.28,188.79999999999995,,92,122,27,-14.364594459533691,2.0704097747802734,-0.32
2026-07-10T23:15:16+00:00,37.43659000843763,126.9112650398165,7548.0,2.28,188.20000000000005,126,88,119,27,-14.754876136779785,2.08807373046875,-0.32
2026-07-10T23:15:17+00:00,,,7551.0,2.34,187.79999999999995,125,88,120,27,-14.819771766662598,2.136979341506958,-0.34
2026-07-10T23:15:18+00:00,37.436550026759505,126.91124333068728,7553.0,2.34,187.39999999999998,124,88,122,27,-15.20091438293457,2.155916452407837,-0.34
2026-07-10T23:15:19+00:00,,,7558.0,2.34,187.0,124,86,122,27,-15.5828218460083,2.175990343093872,-0.36
2026-07-10T23:15:20+00:00,37.436509961262345,126.91123167984188,7558.0,2.34,186.39999999999998,124,86,122,27,-15.963581085205078,2.1970880031585693,-0.36
2026-07-10T23:15:21+00:00,37.4364900123328,126.91123503260314,7563.0,2.36,186.0,124,84,122,27,-16.1373291015625,2.2354893684387207,-0.38
2026-07-10T23:15:22+00:00,37.43646671064198,126.91123000346124,7563.0,2.36,185.60000000000002,125,83,123,27,-16.406166076660156,2.2515792846679688,-0.38
2026-07-10T23:15:23+00:00,37.436445001512766,126.91122497431934,7566.0,2.38,185.39999999999998,124,82,123,27,-16.53647804260254,2.2787201404571533,-0.38
2026-07-10T23:15:24+00:00,37.436428321525455,126.91121499985456,7568.0,2.38,185.0,124,82,124,27,-16.80278968811035,2.2955825328826904,-0.38
2026-07-10T23:15:25+00:00,,,7571.0,2.4,184.79999999999995,,82,124,27,-16.99874496459961,2.318023204803467,-0.4
2026-07-10T23:15:26+00:00,37.43638171814382,126.91120326519012,7573.0,2.4,184.39999999999998,123,82,125,27,-17.264739990234375,2.335843563079834,-0.4
2026-07-10T23:15:27+00:00,37.43635171093047,126.91120997071266,7578.0,2.4,184.20000000000005,123,83,125,27,-17.45742416381836,2.3589041233062744,-0.4
2026-07-10T23:15:28+00:00,37.43632832542062,126.91120997071266,7578.0,2.4,184.0,122,83,126,27,-17.72178077697754,2.3775737285614014,-0.42
2026-07-10T23:15:29+00:00,,,7581.0,2.46,183.79999999999995,122,83,127,27,-17.620372772216797,2.419734239578247,-0.42
2026-07-10T23:15:30+00:00,37.4363050237298,126.91119496710598,7584.0,2.46,183.39999999999998,121,83,132,27,-17.455829620361328,2.4079346656799316,-0.42
2026-07-10T23:15:31+00:00,,,7584.0,2.42,183.39999999999998,121,83,133,27,-17.50514030456543,2.3819217681884766,-0.42
2026-07-10T23:15:32+00:00,37.43627669289708,126.91120670177042,7587.0,2.42,183.0,,83,132,27,-17.337722778320312,2.370206356048584,-0.4
2026-07-10T23:15:33+00:00,,,7587.0,2.24,182.79999999999995,121,83,133,27,-18.550785064697266,2.2767486572265625,-0.4
2026-07-10T23:15:34+00:00,37.43625330738723,126.91123503260314,7590.0,2.24,182.60000000000002,,79,122,27,-18.370092391967773,2.2637879848480225,-0.4
2026-07-10T23:15:35+00:00,,,7590.0,2.12,182.39999999999998,120,76,123,27,-19.21918487548828,2.2019054889678955,-0.4
2026-07-10T23:15:36+00:00,37.43623327463865,126.9112549815327,7594.0,2.12,182.20000000000005,121,70,116,27,-19.028457641601562,2.1881792545318604,-0.4
2026-07-10T23:15:37+00:00,,,7594.0,1.9,182.0,121,67,117,27,-21.01851463317871,2.098982095718384,-0.38
2026-07-10T23:15:38+00:00,37.4362082965672,126.91127166152,7597.0,1.9,182.0,121,66,103,27,-20.481239318847656,2.0597171783447266,-0.38
2026-07-10T23:15:39+00:00,,,7597.0,1.68,181.79999999999995,119,63,104,27,-22.555065155029297,1.9622350931167603,-0.36
2026-07-10T23:15:40+00:00,37.43617996573448,126.91129001788795,7600.0,1.68,181.79999999999995,118,63,92,27,-21.94804573059082,1.9190318584442139,-0.36
2026-07-10T23:15:41+00:00,,,7600.0,1.7,181.79999999999995,116,62,92,27,-21.08934783935547,1.8827663660049438,-0.34
2026-07-10T23:15:42+00:00,37.43616169318557,126.91129672341049,7603.0,1.7,181.60000000000002,117,62,95,27,-20.489465713500977,1.8434327840805054,-0.34
2026-07-10T23:15:43+00:00,,,7603.0,1.64,181.60000000000002,,62,97,27,-20.74311065673828,1.7832809686660767,-0.32
2026-07-10T23:15:44+00:00,37.43614166043699,126.9113200251013,7606.0,1.64,181.60000000000002,115,61,95,27,-20.11558723449707,1.7448248863220215,-0.32
2026-07-10T23:15:45+00:00,,,7606.0,1.42,181.60000000000002,,61,97,27,-22.37225914001465,1.6474210023880005,-0.3
2026-07-10T23:15:46+00:00,37.43612674064934,126.91134827211499,7609.0,1.42,181.39999999999998,116,61,84,27,-21.22007179260254,1.580004096031189,-0.3
2026-07-10T23:15:47+00:00,,,7609.0,1.5,181.39999999999998,115,60,86,27,-18.996505737304688,1.546628475189209,-0.28
2026-07-10T23:15:48+00:00,,,7612.0,1.5,181.39999999999998,114,60,93,28,-17.90467643737793,1.4942411184310913,-0.26
2026-07-10T23:15:49+00:00,,,7612.0,1.3,181.20000000000005,113,60,93,28,-19.553627014160156,1.3548076152801514,-0.24
2026-07-10T23:15:50+00:00,,,7612.0,1.3,181.20000000000005,112,60,79,28,-18.28659439086914,1.3002920150756836,-0.22
2026-07-10T23:15:51+00:00,,,7612.0,0.48,181.20000000000005,112,60,78,28,-46.70281982421875,1.1954995393753052,-0.2
2026-07-10T23:15:52+00:00,,,7612.0,0.48,181.0,113,60,25,28,-43.22869873046875,1.105905294418335,-0.2
2026-07-10T23:15:53+00:00,,,7612.0,0.48,181.0,113,0,25,28,-39.744144439697266,1.007631540298462,-0.18
2026-07-10T23:15:54+00:00,,,7612.0,0.48,181.0,113,0,24,28,-37.81239700317383,0.9513118863105774,-0.16
2026-07-10T23:15:55+00:00,,,7612.0,0.56,181.0,113,0,25,28,-30.110877990722656,0.8704013824462891,-0.16
2026-07-10T23:15:56+00:00,,,7612.0,0.56,181.20000000000005,113,0,31,28,-28.489591598510742,0.8190641403198242,-0.14
2026-07-10T23:15:57+00:00,,,7612.0,0.48,181.0,113,0,33,28,-31.342575073242188,0.7806296348571777,-0.14
2026-07-10T23:15:58+00:00,,,7612.0,0.48,181.0,112,0,28,28,-29.451078414916992,0.7279280424118042,-0.14
2026-07-10T23:15:59+00:00,,,7612.0,0.3,181.0,111,0,29,28,-44.08926773071289,0.7206855416297913,-0.12
2026-07-10T23:16:00+00:00,,,7612.0,0.3,181.0,112,0,18,28,-41.0628662109375,0.6673388481140137,-0.12
2026-07-10T23:16:01+00:00,,,7612.0,0.0,181.0,111,0,18,28,-41.0628662109375,0.0,-0.1
2026-07-10T23:16:02+00:00,,,7612.0,0.0,181.0,,0,0,28,-41.0628662109375,0.0,-0.1
2026-07-10T23:16:03+00:00,,,7612.0,0.0,181.0,110,0,0,28,-41.0628662109375,0.0,-0.08
2026-07-10T23:16:04+00:00,,,7612.0,0.0,181.0,,0,0,28,-41.0628662109375,0.0,-0.08
2026-07-10T23:16:05+00:00,,,7612.0,0.0,181.0,110,0,0,28,-41.0628662109375,0.0,-0.06
2026-07-10T23:16:06+00:00,,,7612.0,0.0,180.79999999999995,111,58,0,28,-41.0628662109375,0.0,-0.06
2026-07-10T23:16:07+00:00,,,7612.0,0.0,180.79999999999995,111,0,0,28,-41.0628662109375,0.0,-0.06
2026-07-10T23:16:08+00:00,,,7612.0,0.0,180.79999999999995,110,0,0,28,-41.0628662109375,0.0,-0.04
2026-07-10T23:16:09+00:00,,,7612.0,0.0,180.79999999999995,110,0,0,28,-41.0628662109375,0.0,-0.04
2026-07-10T23:16:10+00:00,,,7612.0,0.0,180.60000000000002,110,0,0,28,-41.0628662109375,0.0,-0.04
2026-07-10T23:16:11+00:00,,,7612.0,0.0,180.60000000000002,110,0,0,28,-41.0628662109375,0.0,-0.02
2026-07-10T23:16:12+00:00,,,7612.0,0.0,180.39999999999998,110,0,0,28,-41.0628662109375,0.0,-0.02
2026-07-10T23:16:13+00:00,,,7612.0,0.0,180.39999999999998,,0,0,28,-41.0628662109375,0.0,-0.02
2026-07-10T23:16:14+00:00,,,7612.0,0.0,180.39999999999998,109,0,0,28,-41.0628662109375,0.0,-0.02
2026-07-10T23:16:15+00:00,,,7612.0,0.0,180.20000000000005,108,0,0,28,-41.0628662109375,0.0,-0.02
2026-07-10T23:16:16+00:00,,,7612.0,0.0,180.20000000000005,107,0,0,28,-41.0628662109375,0.0,-0.02
2026-07-10T23:16:17+00:00,,,7612.0,0.0,180.20000000000005,107,0,0,28,-41.0628662109375,0.0,-0.02
2026-07-10T23:16:18+00:00,,,7612.0,0.0,180.20000000000005,107,0,0,28,-41.0628662109375,0.0,-0.02
2026-07-10T23:16:19+00:00,,,7612.0,0.0,180.20000000000005,106,0,0,28,-41.0628662109375,0.0,-0.02
2026-07-10T23:16:20+00:00,,,7612.0,0.0,180.20000000000005,105,0,0,28,-41.0628662109375,0.0,-0.02
2026-07-10T23:16:21+00:00,,,7612.0,0.0,180.20000000000005,105,0,0,28,-41.0628662109375,0.0,-0.02
2026-07-10T23:16:22+00:00,,,7612.0,0.0,180.0,103,0,0,28,-41.0628662109375,0.0,-0.02
2026-07-10T23:16:23+00:00,,,7612.0,0.0,180.0,,0,0,28,-41.0628662109375,0.0,-0.02
2026-07-10T23:16:24+00:00,,,7612.0,0.0,180.0,103,0,0,28,-41.0628662109375,0.0,-0.02
2026-07-10T23:16:25+00:00,,,7612.0,0.0,180.0,102,0,0,28,-41.0628662109375,0.0,-0.02
2026-07-10T23:16:26+00:00,,,7612.0,0.0,179.79999999999995,103,0,0,28,-41.0628662109375,0.0,-0.02
2026-07-10T23:16:27+00:00,,,7612.0,0.0,179.79999999999995,102,0,0,28,-41.0628662109375,0.0,-0.02
2026-07-10T23:16:28+00:00,,,7612.0,0.0,179.79999999999995,103,0,0,28,-41.0628662109375,0.0,-0.02
2026-07-10T23:16:29+00:00,,,7612.0,0.0,179.79999999999995,104,0,0,28,-41.0628662109375,0.0,-0.04
2026-07-10T23:16:30+00:00,,,7612.0,0.0,179.60000000000002,,0,0,28,-41.0628662109375,0.0,-0.04
2026-07-10T23:16:31+00:00,,,7612.0,0.0,179.60000000000002,103,0,0,28,-41.0628662109375,0.0,-0.04
2026-07-10T23:16:32+00:00,,,7612.0,0.0,179.60000000000002,,0,0,28,-41.0628662109375,0.0,-0.04
2026-07-10T23:16:33+00:00,,,7612.0,0.0,179.60000000000002,102,0,0,28,-41.0628662109375,0.0,-0.04
2026-07-10T23:16:34+00:00,,,7612.0,0.0,179.60000000000002,101,0,0,28,-41.0628662109375,0.0,-0.04
2026-07-10T23:16:35+00:00,,,7612.0,0.0,179.60000000000002,101,0,0,28,-41.0628662109375,0.0,-0.04
2026-07-10T23:16:36+00:00,,,7612.0,0.0,179.60000000000002,100,0,0,28,-41.0628662109375,0.0,-0.04
2026-07-10T23:16:37+00:00,,,7612.0,0.0,179.60000000000002,100,0,0,28,-41.0628662109375,0.0,-0.04
2026-07-10T23:16:38+00:00,,,7612.0,0.0,179.60000000000002,99,0,0,28,-41.0628662109375,0.0,-0.04
2026-07-10T23:16:39+00:00,,,7612.0,0.0,179.60000000000002,100,0,0,28,-41.0628662109375,0.0,-0.04
2026-07-10T23:16:40+00:00,,,7612.0,0.0,179.39999999999998,99,0,0,28,-41.0628662109375,0.0,-0.04
2026-07-10T23:16:41+00:00,,,7612.0,0.0,179.39999999999998,99,0,0,28,-41.0628662109375,0.0,-0.04
2026-07-10T23:16:42+00:00,,,7612.0,0.0,179.39999999999998,99,0,0,28,-41.0628662109375,0.0,-0.04
2026-07-10T23:16:43+00:00,,,7612.0,0.0,179.39999999999998,,0,0,28,-41.0628662109375,0.0,-0.04
2026-07-10T23:16:44+00:00,,,7612.0,0.0,179.39999999999998,99,0,0,28,-41.0628662109375,0.0,-0.04
2026-07-10T23:16:45+00:00,,,7612.0,0.0,179.39999999999998,99,0,0,28,-41.0628662109375,0.0,-0.02
2026-07-10T23:16:46+00:00,,,7612.0,0.0,179.39999999999998,98,0,0,28,-41.0628662109375,0.0,-0.02
2026-07-10T23:16:47+00:00,,,7612.0,0.0,179.39999999999998,98,0,0,28,-41.0628662109375,0.0,-0.02
2026-07-10T23:16:48+00:00,,,7612.0,0.0,179.39999999999998,99,0,0,28,-41.0628662109375,0.0,-0.02
2026-07-10T23:16:49+00:00,,,7612.0,0.0,179.60000000000002,99,0,0,28,-41.0628662109375,0.0,-0.02
2026-07-10T23:16:50+00:00,,,7612.0,0.0,179.60000000000002,100,0,0,28,-41.0628662109375,0.0,-0.02
2026-07-10T23:16:51+00:00,,,7612.0,0.0,179.60000000000002,,0,0,28,-41.0628662109375,0.0,-0.02
2026-07-10T23:16:52+00:00,,,7612.0,0.0,179.39999999999998,99,0,0,28,-41.0628662109375,0.0,-0.02
2026-07-10T23:16:53+00:00,,,7612.0,0.0,179.39999999999998,,0,0,28,-41.0628662109375,0.0,-0.02
2026-07-10T23:16:54+00:00,,,7612.0,0.0,179.39999999999998,98,0,0,28,-41.0628662109375,0.0,-0.02
2026-07-10T23:16:55+00:00,,,7612.0,0.0,179.39999999999998,97,0,0,28,-41.0628662109375,0.0,-0.02
2026-07-10T23:16:56+00:00,,,7612.0,0.0,179.39999999999998,97,0,0,28,-41.0628662109375,0.0,-0.02
2026-07-10T23:16:57+00:00,,,7612.0,0.0,179.39999999999998,95,0,0,28,-41.0628662109375,0.0,0.0
2026-07-10T23:16:58+00:00,,,7612.0,0.0,179.39999999999998,,0,0,28,-41.0628662109375,0.0,0.0
2026-07-10T23:16:59+00:00,,,7612.0,0.0,179.39999999999998,94,0,0,28,-41.0628662109375,0.0,0.0
2026-07-10T23:17:00+00:00,,,7612.0,0.0,179.39999999999998,,0,0,28,-41.0628662109375,0.0,0.0
2026-07-10T23:17:01+00:00,,,7612.0,0.0,179.39999999999998,94,0,0,28,-41.0628662109375,0.0,0.0
2026-07-10T23:17:02+00:00,,,7612.0,0.0,179.20000000000005,,0,0,28,-41.0628662109375,0.0,0.0
2026-07-10T23:17:03+00:00,,,7612.0,0.0,179.20000000000005,94,0,0,28,-41.0628662109375,0.0,0.0
2026-07-10T23:17:04+00:00,,,7612.0,0.0,179.20000000000005,94,0,0,28,-41.0628662109375,0.0,0.0
2026-07-10T23:17:05+00:00,,,7612.0,0.0,179.20000000000005,95,0,0,28,-41.0628662109375,0.0,0.0
2026-07-10T23:17:06+00:00,,,7612.0,0.0,179.20000000000005,96,0,0,28,-41.0628662109375,0.0,0.0
2026-07-10T23:17:07+00:00,,,7612.0,0.0,179.20000000000005,96,0,0,28,-41.0628662109375,0.0,0.0
2026-07-10T23:17:08+00:00,,,7612.0,0.0,179.20000000000005,95,0,0,28,-41.0628662109375,0.0,0.0
2026-07-10T23:17:09+00:00,,,7612.0,0.0,179.20000000000005,95,0,0,28,-41.0628662109375,0.0,0.0
2026-07-10T23:17:10+00:00,,,7612.0,0.0,179.20000000000005,96,0,0,28,-41.0628662109375,0.0,0.0
2026-07-10T23:17:11+00:00,,,7612.0,0.0,179.20000000000005,95,0,0,28,-41.0628662109375,0.0,0.0
2026-07-10T23:17:12+00:00,,,7612.0,0.0,179.39999999999998,,0,0,28,-41.0628662109375,0.0,0.0
2026-07-10T23:17:13+00:00,,,7612.0,0.0,179.39999999999998,93,0,0,28,-41.0628662109375,0.0,0.0
2026-07-10T23:17:14+00:00,,,7612.0,0.0,179.39999999999998,94,0,0,28,-41.0628662109375,0.0,0.0
2026-07-10T23:17:15+00:00,,,7612.0,0.0,179.39999999999998,92,0,0,28,-41.0628662109375,0.0,0.0
2026-07-10T23:17:16+00:00,,,7612.0,0.0,179.39999999999998,93,0,0,28,-41.0628662109375,0.0,0.0
2026-07-10T23:17:17+00:00,,,7612.0,0.0,179.39999999999998,93,0,0,28,-41.0628662109375,0.0,0.0
2026-07-10T23:17:18+00:00,,,7612.0,0.0,179.39999999999998,95,0,0,28,-41.0628662109375,0.0,0.0
2026-07-10T23:17:19+00:00,,,7612.0,0.0,179.39999999999998,,0,0,28,-41.0628662109375,0.0,0.0
2026-07-10T23:17:20+00:00,,,7612.0,0.0,179.39999999999998,96,0,0,28,-41.0628662109375,0.0,0.0
2026-07-10T23:17:21+00:00,,,7612.0,0.0,179.39999999999998,,0,0,28,-41.0628662109375,0.0,0.0
2026-07-10T23:17:22+00:00,,,7612.0,0.0,179.39999999999998,95,0,0,28,-41.0628662109375,0.0,0.0
2026-07-10T23:17:23+00:00,,,7612.0,0.0,179.39999999999998,96,0,0,28,-41.0628662109375,0.0,0.0
2026-07-10T23:17:24+00:00,,,7612.0,0.0,179.39999999999998,95,0,0,28,-41.0628662109375,0.0,0.0
2026-07-10T23:17:25+00:00,,,7612.0,0.0,179.39999999999998,95,0,0,28,-41.0628662109375,0.0,0.0
2026-07-10T23:17:26+00:00,,,7612.0,0.0,179.39999999999998,95,0,0,28,-41.0628662109375,0.0,0.0
2026-07-10T23:17:27+00:00,,,7612.0,0.0,179.20000000000005,97,0,0,28,-41.0628662109375,0.0,0.0
2026-07-10T23:17:28+00:00,,,7612.0,0.0,179.20000000000005,,0,0,28,-41.0628662109375,0.0,0.0
2026-07-10T23:17:29+00:00,,,7612.0,0.0,179.20000000000005,98,0,0,28,-41.0628662109375,0.0,0.0
2026-07-10T23:17:30+00:00,,,7612.0,0.0,179.20000000000005,,0,0,28,-41.0628662109375,0.0,0.0
2026-07-10T23:17:31+00:00,,,7612.0,0.0,179.20000000000005,96,0,0,28,-41.0628662109375,0.0,0.0
2026-07-10T23:17:32+00:00,,,7612.0,0.0,179.20000000000005,,0,0,28,-41.0628662109375,0.0,0.0
2026-07-10T23:17:33+00:00,,,7612.0,0.0,179.20000000000005,95,0,0,28,-41.0628662109375,0.0,0.0
2026-07-10T23:17:34+00:00,,,7612.0,0.0,179.20000000000005,94,0,0,28,-41.0628662109375,0.0,0.0
2026-07-10T23:17:35+00:00,,,7612.0,0.0,179.20000000000005,94,0,0,28,-41.0628662109375,0.0,0.0
2026-07-10T23:17:36+00:00,,,7612.0,0.0,179.20000000000005,93,0,0,28,-41.0628662109375,0.0,0.0
2026-07-10T23:17:37+00:00,,,7612.0,0.0,179.20000000000005,94,0,0,28,-41.0628662109375,0.0,0.0
2026-07-10T23:17:38+00:00,,,7612.0,0.0,179.20000000000005,95,0,0,28,-41.0628662109375,0.0,0.0
2026-07-10T23:17:39+00:00,,,7612.0,0.0,179.20000000000005,94,0,0,28,-41.0628662109375,0.0,0.0
2026-07-10T23:17:40+00:00,,,7612.0,0.0,179.20000000000005,94,0,0,28,-41.0628662109375,0.0,0.0
2026-07-10T23:17:41+00:00,,,7612.0,0.0,179.20000000000005,94,0,0,28,-41.0628662109375,0.0,0.0
2026-07-10T23:17:42+00:00,,,7612.0,0.0,179.20000000000005,93,0,0,28,-41.0628662109375,0.0,0.0
2026-07-10T23:17:43+00:00,,,7612.0,0.0,179.20000000000005,93,0,0,28,-41.0628662109375,0.0,0.0
2026-07-10T23:17:44+00:00,,,7612.0,0.0,179.0,94,0,0,29,-41.0628662109375,0.0,0.0
2026-07-10T23:17:45+00:00,,,7612.0,0.0,179.0,94,0,0,29,-41.0628662109375,0.0,0.0
2026-07-10T23:17:46+00:00,,,7612.0,0.0,179.0,95,0,0,29,-41.0628662109375,0.0,0.0
2026-07-10T23:17:47+00:00,,,7612.0,0.0,179.0,95,0,0,28,-41.0628662109375,0.0,0.0
2026-07-10T23:17:48+00:00,,,7612.0,0.0,179.0,96,0,0,29,-41.0628662109375,0.0,0.0
2026-07-10T23:17:49+00:00,,,7612.0,0.0,179.0,,0,0,29,-41.0628662109375,0.0,0.0
2026-07-10T23:17:50+00:00,,,7612.0,0.0,179.0,95,0,0,29,-41.0628662109375,0.0,0.0
2026-07-10T23:17:51+00:00,,,7612.0,0.0,179.0,,0,0,29,-41.0628662109375,0.0,0.0
2026-07-10T23:17:52+00:00,,,7612.0,0.0,179.0,95,0,0,29,-41.0628662109375,0.0,0.0
2026-07-10T23:17:53+00:00,,,7612.0,0.0,179.20000000000005,95,0,0,29,-41.0628662109375,0.0,0.0
2026-07-10T23:17:54+00:00,,,7612.0,0.0,179.20000000000005,95,0,0,29,-41.0628662109375,0.0,0.0
2026-07-10T23:17:55+00:00,,,7612.0,0.0,179.0,94,0,0,29,-41.0628662109375,0.0,0.0
2026-07-10T23:17:56+00:00,,,7612.0,0.0,179.0,95,0,0,29,-41.0628662109375,0.0,0.0
2026-07-10T23:17:57+00:00,,,7612.0,0.0,179.0,94,0,0,29,-41.0628662109375,0.0,0.0
2026-07-10T23:17:58+00:00,,,7612.0,0.0,179.0,93,0,0,29,-41.0628662109375,0.0,0.0
2026-07-10T23:17:59+00:00,,,7612.0,0.0,179.0,94,0,0,29,-41.0628662109375,0.0,0.0
2026-07-10T23:18:00+00:00,,,7612.0,0.0,179.0,,0,0,29,-41.0628662109375,0.0,0.0
2026-07-10T23:18:01+00:00,,,7612.0,0.0,179.0,94,0,0,29,-41.0628662109375,0.0,0.0
2026-07-10T23:18:02+00:00,,,7612.0,0.0,179.0,93,0,0,29,-41.0628662109375,0.0,0.0
2026-07-10T23:18:03+00:00,,,7612.0,0.0,179.0,92,0,0,29,-41.0628662109375,0.0,0.0
2026-07-10T23:18:04+00:00,,,7612.0,0.0,179.0,92,0,0,29,-41.0628662109375,0.0,0.0
2026-07-10T23:18:05+00:00,,,7612.0,0.0,179.0,93,0,0,29,-41.0628662109375,0.0,0.0
2026-07-10T23:18:06+00:00,,,7612.0,0.0,179.0,93,0,0,29,-41.0628662109375,0.0,0.0
2026-07-10T23:18:07+00:00,,,7612.0,0.0,179.0,93,0,0,29,-41.0628662109375,0.0,0.0
2026-07-10T23:18:08+00:00,,,7612.0,0.0,179.0,93,0,0,29,-41.0628662109375,0.0,0.0
2026-07-10T23:18:09+00:00,,,7612.0,0.0,179.0,94,0,0,29,-41.0628662109375,0.0,0.0
2026-07-10T23:18:10+00:00,,,7612.0,0.0,179.0,,0,0,29,-41.0628662109375,0.0,0.0
2026-07-10T23:18:11+00:00,,,7612.0,0.0,179.0,93,0,0,29,-41.0628662109375,0.0,0.0
2026-07-10T23:18:12+00:00,,,7612.0,0.0,179.0,93,0,0,29,-41.0628662109375,0.0,0.0
2026-07-10T23:18:13+00:00,,,7612.0,0.0,178.79999999999995,92,0,0,29,-41.0628662109375,0.0,0.0
2026-07-10T23:18:14+00:00,,,7612.0,0.0,179.0,92,0,0,29,-41.0628662109375,0.0,0.0
2026-07-10T23:18:15+00:00,,,7612.0,0.0,179.0,91,0,0,29,-41.0628662109375,0.0,0.0
2026-07-10T23:18:16+00:00,,,7612.0,0.0,178.79999999999995,91,0,0,29,-41.0628662109375,0.0,0.0
2026-07-10T23:18:17+00:00,,,7612.0,0.0,178.79999999999995,,0,0,29,-41.0628662109375,0.0,0.0
2026-07-10T23:18:18+00:00,,,7612.0,0.0,178.79999999999995,90,0,0,29,-41.0628662109375,0.0,0.0
2026-07-10T23:18:19+00:00,,,7612.0,0.0,178.79999999999995,,0,0,29,-41.0628662109375,0.0,0.0
2026-07-10T23:18:20+00:00,,,7612.0,0.0,178.79999999999995,89,0,0,29,-41.0628662109375,0.0,0.0
2026-07-10T23:18:21+00:00,,,7612.0,0.0,178.79999999999995,,0,0,29,-41.0628662109375,0.0,0.0
2026-07-10T23:18:22+00:00,,,7612.0,0.0,178.79999999999995,90,0,0,29,-41.0628662109375,0.0,0.0
2026-07-10T23:18:23+00:00,,,7612.0,0.0,178.79999999999995,89,0,0,29,-41.0628662109375,0.0,0.0
2026-07-10T23:18:24+00:00,37.43609673343599,126.91136671230197,7612.0,0.0,178.60000000000002,88,0,0,29,-41.0628662109375,0.0,0.0
2026-07-10T23:18:25+00:00,,,7615.0,0.78,178.60000000000002,89,58,0,29,-1.2314372062683105,0.7407874464988708,0.0
2026-07-10T23:18:26+00:00,37.436071671545506,126.91139998845756,7615.0,0.78,178.39999999999998,89,60,47,29,-1.3468749523162842,0.7382752895355225,0.0
2026-07-10T23:18:27+00:00,37.43604996241629,126.91141666844487,7619.0,2.22,178.20000000000005,91,82,45,29,-0.5096950531005859,2.1737606525421143,0.0
2026-07-10T23:18:28+00:00,37.43602833710611,126.91143326461315,7622.0,2.22,178.0,92,85,139,29,-0.5499557852745056,2.170990467071533,0.0
2026-07-10T23:18:29+00:00,37.436006711795926,126.91144667565823,7625.0,2.62,177.60000000000002,94,87,136,29,-0.4978884160518646,2.578003406524658,0.0
2026-07-10T23:18:30+00:00,,,7628.0,2.62,177.39999999999998,,85,159,29,-0.5319167971611023,2.5752227306365967,0.0
2026-07-10T23:18:31+00:00,37.43597670458257,126.91146503202617,7628.0,2.44,177.0,94,83,155,29,-0.6100859642028809,2.3825860023498535,0.0
2026-07-10T23:18:32+00:00,,,7631.0,2.44,176.79999999999995,97,78,139,29,-0.6467750668525696,2.3798434734344482,0.0
2026-07-10T23:18:33+00:00,37.435945020988584,126.91146503202617,7631.0,2.1,176.60000000000002,97,72,136,29,-0.7870751619338989,2.057441234588623,0.0
2026-07-10T23:18:34+00:00,37.435924988240004,126.91146503202617,7635.0,2.1,176.20000000000005,98,69,114,29,-1.3084145784378052,2.0253477096557617,-0.02
2026-07-10T23:18:35+00:00,37.435905039310455,126.91146000288427,7637.0,2.08,176.0,99,69,114,29,-1.8456875085830688,1.9756379127502441,-0.02
2026-07-10T23:18:36+00:00,37.435885006561875,126.91145497374237,7639.0,2.08,175.79999999999995,99,70,112,29,-2.370965003967285,1.9480139017105103,-0.04
2026-07-10T23:18:37+00:00,37.435864973813295,126.9114500284195,7642.0,2.16,175.79999999999995,100,74,112,29,-2.815927743911743,1.9816216230392456,-0.06
2026-07-10T23:18:38+00:00,37.435848293825984,126.91143829375505,7644.0,2.16,175.60000000000002,,80,116,29,-3.326035976409912,1.9580183029174805,-0.06
2026-07-10T23:18:39+00:00,37.4358266685158,126.91143167205155,7646.0,2.16,175.39999999999998,101,89,117,29,-3.8194005489349365,1.946210265159607,-0.08
2026-07-10T23:18:40+00:00,37.43580169044435,126.91142169758677,7648.0,2.16,175.20000000000005,,91,119,29,-4.327147483825684,1.9267561435699463,-0.08
2026-07-10T23:18:41+00:00,37.4357767123729,126.9114066939801,7651.0,2.44,175.0,102,91,120,29,-4.297683238983154,2.1688060760498047,-0.1
2026-07-10T23:18:42+00:00,37.43575173430145,126.91139001399279,7654.0,2.44,174.79999999999995,103,91,139,29,-4.591755390167236,2.157130241394043,-0.1
2026-07-10T23:18:43+00:00,37.43572826497257,126.91137827932835,7658.0,2.76,174.39999999999998,103,91,138,29,-4.3019118309021,2.4631383419036865,-0.1
2026-07-10T23:18:44+00:00,37.43570672348142,126.91137501038611,7658.0,2.76,174.20000000000005,104,91,158,29,-4.560046672821045,2.451460599899292,-0.12
2026-07-10T23:18:45+00:00,37.435681661590934,126.91137827932835,7663.0,2.68,173.79999999999995,104,89,158,29,-4.963340759277344,2.36403226852417,-0.12
2026-07-10T23:18:46+00:00,37.435658276081085,126.91138171590865,7666.0,2.68,173.60000000000002,105,88,152,29,-5.229981422424316,2.354106903076172,-0.14
2026-07-10T23:18:47+00:00,37.435636734589934,126.91139495931566,7668.0,2.68,173.60000000000002,,87,152,29,-5.496621608734131,2.344895839691162,-0.14
2026-07-10T23:18:48+00:00,37.435616701841354,126.91139328293502,7671.0,2.68,173.20000000000005,107,86,151,29,-5.763261795043945,2.336397886276245,-0.14
2026-07-10T23:18:49+00:00,37.43558996357024,126.91138833761215,7673.0,2.58,173.20000000000005,,85,150,29,-6.287992000579834,2.226457118988037,-0.16
2026-07-10T23:18:50+00:00,37.43555827997625,126.91138003952801,7676.0,2.58,173.0,108,85,144,29,-6.6002607345581055,2.219350576400757,-0.16
2026-07-10T23:18:51+00:00,37.435528272762895,126.9113699812442,7680.0,2.86,172.79999999999995,109,85,145,29,-6.212451457977295,2.4797604084014893,-0.16
2026-07-10T23:18:52+00:00,37.43549826554954,126.91136671230197,7683.0,2.86,172.39999999999998,111,85,164,29,-6.493618965148926,2.472367286682129,-0.18
2026-07-10T23:18:53+00:00,37.43547001853585,126.9113567378372,7687.0,3.06,172.20000000000005,112,85,165,29,-6.35301399230957,2.640446186065674,-0.18
2026-07-10T23:18:54+00:00,37.43544168770313,126.91134332679212,7690.0,3.06,171.79999999999995,110,85,177,29,-6.616138458251953,2.633460521697998,-0.2
2026-07-10T23:18:55+00:00,37.435418302193284,126.91132832318544,7693.0,3.14,171.60000000000002,110,85,175,29,-6.68311071395874,2.709467649459839,-0.2
2026-07-10T23:18:56+00:00,37.43539500050247,126.91132170148194,7696.0,3.14,171.39999999999998,111,85,181,29,-6.938693046569824,2.7034544944763184,-0.2
2026-07-10T23:18:57+00:00,37.43536826223135,126.9113200251013,7699.0,3.04,171.0,110,85,180,29,-7.456516742706299,2.5992369651794434,-0.22
2026-07-10T23:18:58+00:00,37.43534001521766,126.91131667234004,7702.0,3.04,170.79999999999995,111,85,172,29,-7.456851959228516,2.599231719970703,-0.22
2026-07-10T23:18:59+00:00,37.435316713526845,126.91130669787526,7705.0,3.04,170.60000000000002,111,86,171,29,-7.432657718658447,2.6081888675689697,-0.22
2026-07-10T23:19:00+00:00,37.435291735455394,126.91129831597209,7708.0,3.04,170.39999999999998,,86,170,29,-7.432992458343506,2.6081833839416504,-0.22
2026-07-10T23:19:01+00:00,37.43526332080364,126.91129672341049,7710.0,3.0,170.20000000000005,109,86,171,29,-7.557629585266113,2.563436508178711,-0.22
2026-07-10T23:19:02+00:00,37.43523666635156,126.91129672341049,7714.0,3.0,170.0,108,86,168,29,-7.55797004699707,2.563431739807129,-0.22
2026-07-10T23:19:03+00:00,,,7717.0,3.02,169.79999999999995,111,86,170,29,-7.508089065551758,2.5813026428222656,-0.22
2026-07-10T23:19:04+00:00,37.435186710208654,126.91130326129496,7717.0,3.02,169.79999999999995,111,86,174,29,-7.508426189422607,2.5812976360321045,-0.22
2026-07-10T23:19:05+00:00,37.4351617321372,126.91130669787526,7722.0,3.0,169.60000000000002,111,86,175,29,-7.533793926239014,2.5723514556884766,-0.22
2026-07-10T23:19:06+00:00,37.43513667024672,126.91131826490164,7725.0,3.0,169.60000000000002,112,86,176,29,-7.524995803833008,2.572479009628296,-0.22
2026-07-10T23:19:07+00:00,37.435110015794635,126.91133167594671,7728.0,2.98,169.60000000000002,115,86,179,29,-7.566615104675293,2.554736852645874,-0.22
2026-07-10T23:19:08+00:00,37.435081684961915,126.91134827211499,7731.0,2.98,169.60000000000002,,86,181,29,-7.557739734649658,2.554861545562744,-0.22
2026-07-10T23:19:09+00:00,,,7735.0,3.02,169.60000000000002,117,86,185,29,-7.448879241943359,2.5907766819000244,-0.22
2026-07-10T23:19:10+00:00,37.43504002690315,126.91137333400548,7735.0,3.02,169.39999999999998,118,86,191,29,-7.44012975692749,2.5909128189086914,-0.22
2026-07-10T23:19:11+00:00,37.43501831777394,126.91137827932835,7740.0,3.0,169.39999999999998,119,86,193,29,-7.480896949768066,2.573131799697876,-0.22
2026-07-10T23:19:12+00:00,37.43499501608312,126.91137668676674,7742.0,3.0,169.20000000000005,119,86,192,29,-7.4720988273620605,2.5732645988464355,-0.22
2026-07-10T23:19:13+00:00,37.434971714392304,126.9113699812442,7745.0,2.94,169.20000000000005,117,85,192,29,-7.615575790405273,2.5197815895080566,-0.22
2026-07-10T23:19:14+00:00,,,7747.0,2.94,169.0,117,85,189,29,-7.378233432769775,2.523240089416504,-0.2
2026-07-10T23:19:15+00:00,37.43492997251451,126.9113583303988,7747.0,2.88,168.79999999999995,118,85,189,29,-7.315302848815918,2.464158058166504,-0.2
2026-07-10T23:19:16+00:00,37.434903318062425,126.91134667955339,7752.0,2.88,168.60000000000002,119,85,183,29,-7.072170257568359,2.468397378921509,-0.2
2026-07-10T23:19:17+00:00,37.43487833999097,126.91133326850832,7755.0,2.9,168.39999999999998,,85,179,29,-6.7812957763671875,2.491536855697632,-0.18
2026-07-10T23:19:18+00:00,37.43485671468079,126.91131667234004,7758.0,2.9,168.20000000000005,120,85,177,29,-6.540088653564453,2.4971485137939453,-0.18
2026-07-10T23:19:19+00:00,,,7761.0,2.9,168.0,,85,173,29,-6.276919841766357,2.512648344039917,-0.18
2026-07-10T23:19:20+00:00,37.43481673300266,126.91127828322351,7761.0,2.9,167.60000000000002,120,85,172,29,-6.036785125732422,2.519559621810913,-0.16
2026-07-10T23:19:21+00:00,37.43479996919632,126.91125674173236,7767.0,2.88,167.39999999999998,119,85,170,29,-5.856269836425781,2.4990429878234863,-0.16
2026-07-10T23:19:22+00:00,37.43476669304073,126.91123327240348,7769.0,2.88,167.20000000000005,120,85,167,29,-5.783317565917969,2.5013842582702637,-0.16
2026-07-10T23:19:23+00:00,37.43473500944674,126.91120997071266,7774.0,2.98,167.0,119,85,165,29,-5.499368667602539,2.6072826385498047,-0.16
2026-07-10T23:19:24+00:00,37.43470667861402,126.91119672730565,7778.0,2.98,166.60000000000002,120,85,170,29,-5.42896842956543,2.609907627105713,-0.16
2026-07-10T23:19:25+00:00,37.43467826396227,126.91119169816375,7781.0,3.1,166.39999999999998,120,85,169,29,-5.151140213012695,2.7263424396514893,-0.14
2026-07-10T23:19:26+00:00,37.43465496227145,126.91119496710598,7784.0,3.1,166.20000000000005,119,85,176,28,-5.083532333374023,2.7292373180389404,-0.14
2026-07-10T23:19:27+00:00,37.434626715257764,126.91120167262852,7787.0,3.08,165.79999999999995,120,85,176,29,-5.0647358894348145,2.703631639480591,-0.14
2026-07-10T23:19:28+00:00,37.43459830060601,126.91120326519012,7790.0,3.08,165.60000000000002,119,85,174,29,-4.996467590332031,2.706594467163086,-0.14
2026-07-10T23:19:29+00:00,37.43457172997296,126.91119999624789,7793.0,3.08,165.39999999999998,,85,175,28,-4.928062915802002,2.7096173763275146,-0.14
2026-07-10T23:19:30+00:00,37.43454826064408,126.91119672730565,7796.0,3.08,165.39999999999998,120,85,175,28,-5.014277935028076,2.7058165073394775,-0.14
2026-07-10T23:19:31+00:00,37.43452831171453,126.91119169816375,7799.0,3.06,165.20000000000005,122,85,176,28,-5.117074012756348,2.6925971508026123,-0.14
2026-07-10T23:19:32+00:00,37.43450501002371,126.91118826158345,7801.0,3.06,165.0,121,85,177,28,-5.203483581542969,2.6889877319335938,-0.14
2026-07-10T23:19:33+00:00,37.43448003195226,126.91118331626058,7804.0,3.0,165.0,121,85,179,29,-5.395779609680176,2.6286888122558594,-0.16
2026-07-10T23:19:34+00:00,37.43445170111954,126.91118666902184,7807.0,3.0,164.79999999999995,121,85,177,28,-5.483741760253906,2.6253628730773926,-0.16
2026-07-10T23:19:35+00:00,37.434424962848425,126.91118826158345,7810.0,3.0,164.79999999999995,120,85,180,28,-5.590602874755859,2.612701416015625,-0.16
2026-07-10T23:19:36+00:00,37.434399984776974,126.91118666902184,7813.0,3.0,164.79999999999995,,85,181,28,-5.679035663604736,2.6095616817474365,-0.16
2026-07-10T23:19:37+00:00,37.43437827564776,126.91118172369897,7815.0,2.98,164.79999999999995,120,85,184,28,-5.786734104156494,2.5971410274505615,-0.16
2026-07-10T23:19:38+00:00,37.43435832671821,126.91118172369897,7818.0,2.98,164.79999999999995,,85,187,28,-5.820222854614258,2.5960190296173096,-0.16
2026-07-10T23:19:39+00:00,,,7820.0,2.94,165.0,120,85,191,28,-5.95370626449585,2.5481865406036377,-0.16
2026-07-10T23:19:40+00:00,,,7820.0,2.94,165.0,122,85,192,28,-5.987699031829834,2.547128915786743,-0.16
2026-07-10T23:19:41+00:00,37.43430166505277,126.91119999624789,7820.0,2.84,165.20000000000005,123,85,198,28,-6.212625503540039,2.4624147415161133,-0.16
2026-07-10T23:19:42+00:00,37.43428171612322,126.91119329072535,7827.0,2.84,165.39999999999998,123,85,198,28,-6.247871398925781,2.4614486694335938,-0.16
2026-07-10T23:19:43+00:00,37.43426168337464,126.91118499264121,7829.0,2.8,165.60000000000002,122,85,205,28,-6.395645618438721,2.4142746925354004,-0.16
2026-07-10T23:19:44+00:00,,,7831.0,2.8,165.79999999999995,123,85,209,28,-6.431415557861328,2.413379669189453,-0.16
2026-07-10T23:19:45+00:00,37.43423326872289,126.9111683126539,7831.0,2.74,165.79999999999995,123,85,214,28,-6.609394073486328,2.3573145866394043,-0.18
2026-07-10T23:19:46+00:00,37.43421499617398,126.91116495989263,7835.0,2.74,166.0,123,85,216,28,-6.082216739654541,2.3705852031707764,-0.16
2026-07-10T23:19:47+00:00,,,7837.0,2.66,166.20000000000005,,83,218,28,-5.723822593688965,2.3114428520202637,-0.14
2026-07-10T23:19:48+00:00,37.434173338115215,126.91116001456976,7837.0,2.66,166.39999999999998,124,83,216,28,-5.182898998260498,2.3294365406036377,-0.12
2026-07-10T23:19:49+00:00,37.43414827622473,126.91116495989263,7842.0,2.62,166.60000000000002,,83,219,28,-4.710365295410156,2.3120996952056885,-0.12
2026-07-10T23:19:50+00:00,37.434128327295184,126.911163283512,7844.0,2.62,166.79999999999995,125,83,219,28,-4.161150932312012,2.3355696201324463,-0.1
2026-07-10T23:19:51+00:00,37.434108294546604,126.91115666180849,7847.0,2.62,167.0,126,83,222,28,-3.6108367443084717,2.3620615005493164,-0.08
2026-07-10T23:19:52+00:00,37.434088261798024,126.91115330904722,7849.0,2.62,167.20000000000005,126,84,222,28,-3.0594215393066406,2.391598701477051,-0.06
2026-07-10T23:19:53+00:00,,,7851.0,2.6,167.39999999999998,127,84,221,28,-2.5301458835601807,2.404205799102783,-0.06
2026-07-10T23:19:54+00:00,37.43406169116497,126.91114501096308,7851.0,2.6,167.39999999999998,125,84,221,28,-1.8477094173431396,2.448141574859619,-0.04
2026-07-10T23:19:55+00:00,,,7854.0,2.46,167.60000000000002,126,84,222,28,-1.2239725589752197,2.367194890975952,-0.02
2026-07-10T23:19:56+00:00,37.43403830565512,126.9111300073564,7854.0,2.46,167.79999999999995,124,82,216,28,-0.5047522783279419,2.4200408458709717,0.0
2026-07-10T23:19:57+00:00,,,7857.0,2.2,167.79999999999995,,81,215,28,0.241424098610878,2.2178406715393066,0.0
2026-07-10T23:19:58+00:00,,,7857.0,2.2,167.79999999999995,124,72,194,28,1.0448380708694458,2.2806899547576904,0.02
2026-07-10T23:19:59+00:00,37.43400829844177,126.91111827269197,7857.0,1.8,168.0,124,68,187,28,2.2619266510009766,1.9522303342819214,0.04
2026-07-10T23:20:00+00:00,37.43399329483509,126.9111133273691,7859.0,1.8,168.20000000000005,124,65,155,28,3.246829032897949,2.029282808303833,0.04
2026-07-10T23:20:01+00:00,,,7862.0,1.68,168.20000000000005,124,62,154,28,4.532943248748779,1.9969871044158936,0.06
2026-07-10T23:20:02+00:00,37.433969993144274,126.91111500374973,7862.0,1.68,168.60000000000002,126,61,146,28,5.041699409484863,2.040541887283325,0.08
2026-07-10T23:20:03+00:00,,,7865.0,1.54,168.60000000000002,125,61,151,28,6.096857070922852,1.945200800895691,0.08
2026-07-10T23:20:04+00:00,37.433941662311554,126.91112170927227,7865.0,1.54,168.79999999999995,124,61,139,28,6.655491352081299,1.9936637878417969,0.1
2026-07-10T23:20:05+00:00,,,7868.0,1.56,168.79999999999995,124,61,136,28,7.0775885581970215,2.071242332458496,0.1
2026-07-10T23:20:06+00:00,37.43391500785947,126.91111827269197,7868.0,1.56,169.0,,61,137,28,7.625479698181152,2.122666120529175,0.1
2026-07-10T23:20:07+00:00,,,7871.0,1.54,169.0,125,61,138,28,8.335872650146484,2.1496365070343018,0.12
2026-07-10T23:20:08+00:00,37.43389170616865,126.91111500374973,7871.0,1.54,169.20000000000005,,61,138,28,8.89450740814209,2.204827308654785,0.12
2026-07-10T23:20:09+00:00,,,7874.0,1.46,169.20000000000005,126,61,139,28,9.977055549621582,2.1953046321868896,0.14
2026-07-10T23:20:10+00:00,37.433864967897534,126.9111300073564,7874.0,1.46,169.39999999999998,126,61,131,28,9.935872077941895,2.191175937652588,0.14
2026-07-10T23:20:11+00:00,,,7877.0,1.52,169.60000000000002,126,60,131,28,9.438817024230957,2.245405912399292,0.14
2026-07-10T23:20:12+00:00,37.43383998982608,126.91114827990532,7877.0,1.52,169.60000000000002,127,60,131,28,9.399569511413574,2.241389513015747,0.14
2026-07-10T23:20:13+00:00,,,7880.0,1.56,169.79999999999995,125,59,133,28,9.178961753845215,2.2627573013305664,0.14
2026-07-10T23:20:14+00:00,37.43381501175463,126.91115666180849,7880.0,1.56,169.79999999999995,124,59,134,28,9.140436172485352,2.2587897777557373,0.14
2026-07-10T23:20:15+00:00,,,7883.0,1.54,169.79999999999995,122,59,133,28,9.220693588256836,2.23781156539917,0.14
2026-07-10T23:20:16+00:00,37.43379673920572,126.91116495989263,7883.0,1.54,170.0,119,59,130,28,9.181702613830566,2.233839511871338,0.14
2026-07-10T23:20:17+00:00,,,7885.0,1.44,170.0,,59,129,28,9.713923454284668,2.154108762741089,0.12
2026-07-10T23:20:18+00:00,37.43377829901874,126.91118499264121,7885.0,1.44,170.0,119,59,120,28,9.453001976013184,2.128603935241699,0.12
2026-07-10T23:20:19+00:00,,,7888.0,1.42,170.0,119,59,118,28,9.320221900939941,2.086366653442383,0.12
2026-07-10T23:20:20+00:00,37.43376002646983,126.91120167262852,7888.0,1.42,170.0,118,59,112,28,9.055891990661621,2.061391830444336,0.12
2026-07-10T23:20:21+00:00,37.43374167010188,126.9112217053771,7890.0,1.4,169.79999999999995,117,59,107,29,8.97995376586914,2.0108792781829834,0.12
2026-07-10T23:20:22+00:00,,,7893.0,1.4,169.79999999999995,116,59,99,29,8.709104537963867,1.9862717390060425,0.12
2026-07-10T23:20:23+00:00,37.43371333926916,126.91124500706792,7893.0,1.52,169.79999999999995,115,59,96,29,7.71705961227417,2.076770544052124,0.1
2026-07-10T23:20:24+00:00,,,7897.0,1.52,169.60000000000002,115,60,103,28,7.468880653381348,2.053753614425659,0.1
2026-07-10T23:20:25+00:00,37.433686684817076,126.91126327961683,7897.0,1.54,169.39999999999998,115,60,99,28,7.127415180206299,2.0492372512817383,0.1
2026-07-10T23:20:26+00:00,,,7900.0,1.54,169.20000000000005,115,61,96,29,6.641951084136963,2.0054917335510254,0.1
2026-07-10T23:20:27+00:00,37.43366673588753,126.91128498874605,7900.0,1.54,169.20000000000005,,61,93,29,6.1584248542785645,1.963206171989441,0.08
2026-07-10T23:20:28+00:00,,,7903.0,1.54,169.0,116,61,91,29,5.673444747924805,1.9220911264419556,0.08
2026-07-10T23:20:29+00:00,,,7903.0,1.54,168.79999999999995,116,61,89,29,5.189433574676514,1.8823623657226562,0.06
2026-07-10T23:20:30+00:00,37.43363329209387,126.91130829043686,7903.0,1.54,168.79999999999995,115,61,88,29,4.7049384117126465,1.8439061641693115,0.06
2026-07-10T23:20:31+00:00,37.433621725067496,126.91132170148194,7906.0,1.54,168.60000000000002,115,62,88,29,4.2465643882751465,1.7969938516616821,0.06
2026-07-10T23:20:32+00:00,,,7909.0,1.54,168.60000000000002,115,62,87,29,3.7598774433135986,1.761188268661499,0.04
2026-07-10T23:20:33+00:00,37.43360831402242,126.91134667955339,7909.0,1.54,168.39999999999998,115,62,85,29,3.272702932357788,1.7266854047775269,0.04
2026-07-10T23:20:34+00:00,,,7912.0,1.54,168.39999999999998,,62,86,29,2.5878798961639404,1.6804598569869995,0.02
2026-07-10T23:20:35+00:00,37.4335799831897,126.91135497763753,7912.0,1.54,168.20000000000005,117,63,86,29,1.9057903289794922,1.6370748281478882,0.02
2026-07-10T23:20:36+00:00,,,7915.0,1.54,168.20000000000005,,63,88,29,1.22165048122406,1.5962343215942383,0.0
2026-07-10T23:20:37+00:00,37.43355500511825,126.91136671230197,7915.0,1.52,168.20000000000005,117,63,89,29,0.541735053062439,1.548125147819519,0.0
2026-07-10T23:20:38+00:00,,,7918.0,1.52,168.0,115,63,89,29,-0.14690560102462769,1.5126631259918213,0.0
2026-07-10T23:20:39+00:00,37.433528266847134,126.91136671230197,7918.0,1.54,168.0,114,63,90,29,-0.8226580023765564,1.499990463256836,0.0
2026-07-10T23:20:40+00:00,,,7921.0,1.54,168.0,114,63,91,29,-1.5023552179336548,1.4699063301086426,-0.02
2026-07-10T23:20:41+00:00,37.433500019833446,126.91135003231466,7921.0,1.52,168.0,114,63,92,29,-2.2093873023986816,1.4227482080459595,-0.02
2026-07-10T23:20:42+00:00,37.43347671814263,126.91134827211499,7924.0,1.52,167.79999999999995,114,66,93,29,-2.633152723312378,1.4073032140731812,-0.04
2026-07-10T23:20:43+00:00,37.43345174007118,126.91134173423052,7927.0,1.68,167.79999999999995,113,71,94,29,-2.780806064605713,1.5405356884002686,-0.04
2026-07-10T23:20:44+00:00,37.433426678180695,126.91133670508862,7930.0,1.68,167.60000000000002,113,76,104,29,-3.1649701595306396,1.5264906883239746,-0.04
2026-07-10T23:20:45+00:00,37.43340496905148,126.91132999956608,7933.0,2.08,167.60000000000002,114,79,103,29,-2.8642420768737793,1.9056470394134521,-0.04
2026-07-10T23:20:46+00:00,37.43337999098003,126.9113200251013,7935.0,2.08,167.39999999999998,114,79,129,29,-3.173551082611084,1.8917415142059326,-0.06
2026-07-10T23:20:47+00:00,37.43335166014731,126.91131331957877,7938.0,2.34,167.0,,80,127,29,-3.0823638439178467,2.1430366039276123,-0.06
2026-07-10T23:20:48+00:00,37.43332827463746,126.91129831597209,7941.0,2.34,166.60000000000002,114,81,142,29,-3.357081413269043,2.129563093185425,-0.06
2026-07-10T23:20:49+00:00,37.43330832570791,126.91127995960414,7944.0,2.64,166.39999999999998,112,82,138,29,-3.21812105178833,2.4101791381835938,-0.08
2026-07-10T23:20:50+00:00,37.43328829295933,126.91125003620982,7947.0,2.64,166.0,111,83,154,29,-3.4318337440490723,2.39857816696167,-0.08
2026-07-10T23:20:51+00:00,37.43326331488788,126.9112217053771,7950.0,2.88,165.79999999999995,110,85,150,29,-3.3535916805267334,2.612104892730713,-0.08
2026-07-10T23:20:52+00:00,37.4332416895777,126.91121173091233,7954.0,2.88,165.39999999999998,111,85,162,29,-3.549980878829956,2.600785493850708,-0.1
2026-07-10T23:20:53+00:00,37.43322174064815,126.91119999624789,7957.0,2.96,165.0,111,85,160,29,-3.632650852203369,2.677557945251465,-0.1
2026-07-10T23:20:54+00:00,37.43320673704147,126.91118172369897,7959.0,2.96,164.60000000000002,110,85,163,29,-3.8234500885009766,2.666804790496826,-0.1
2026-07-10T23:20:55+00:00,37.43318502791226,126.911163283512,7962.0,2.72,164.39999999999998,,85,161,29,-4.384150981903076,2.4147894382476807,-0.1
2026-07-10T23:20:56+00:00,37.43316499516368,126.91113998182118,7964.0,2.72,164.0,110,85,146,29,-4.592343807220459,2.405663251876831,-0.12
2026-07-10T23:20:57+00:00,37.433155020698905,126.91110829822719,7967.0,2.82,163.79999999999995,,85,146,29,-4.61328125,2.50238037109375,-0.12
2026-07-10T23:20:58+00:00,,,7970.0,2.82,163.39999999999998,111,85,152,29,-4.904191017150879,2.4899449348449707,-0.12
2026-07-10T23:20:59+00:00,,,7970.0,2.56,163.0,111,83,152,29,-5.745169162750244,2.2235922813415527,-0.14
2026-07-10T23:21:00+00:00,,,7970.0,2.56,162.79999999999995,110,83,136,29,-6.067202568054199,2.214674711227417,-0.14
2026-07-10T23:21:01+00:00,,,7970.0,1.88,162.39999999999998,109,83,136,29,-8.666250228881836,1.6061694622039795,-0.16
2026-07-10T23:21:02+00:00,37.43313666433096,126.9111133273691,7970.0,1.88,162.20000000000005,,82,98,29,-9.119648933410645,1.6062994003295898,-0.16
2026-07-10T23:21:03+00:00,,,7973.0,0.7,162.0,109,82,98,29,-25.62249183654785,0.9178714156150818,-0.16
2026-07-10T23:21:04+00:00,,,7973.0,0.7,161.79999999999995,,82,46,29,-26.79326629638672,0.9598561525344849,-0.18
2026-07-10T23:21:05+00:00,37.43311327882111,126.91108499653637,7973.0,1.46,161.60000000000002,110,81,45,29,-13.50271224975586,1.2944936752319336,-0.18
2026-07-10T23:21:06+00:00,37.43309668265283,126.91106328740716,7976.0,1.46,161.60000000000002,,80,76,29,-14.056824684143066,1.3083635568618774,-0.2
2026-07-10T23:21:07+00:00,37.43308503180742,126.9110332801938,7979.0,2.08,161.39999999999998,110,49,76,29,-10.184350967407227,1.783591628074646,-0.2
2026-07-10T23:21:08+00:00,37.43306826800108,126.91101500764489,7979.0,2.08,161.20000000000005,110,49,114,29,-10.56908893585205,1.7879849672317505,-0.2
2026-07-10T23:21:09+00:00,37.43304496631026,126.91098826937377,7984.0,2.36,161.20000000000005,109,82,116,29,-9.615177154541016,2.0271589756011963,-0.22
2026-07-10T23:21:10+00:00,37.433021664619446,126.91096672788262,7988.0,2.36,161.0,108,83,136,29,-9.95317554473877,2.0298595428466797,-0.22
2026-07-10T23:21:11+00:00,37.432993333786726,126.91095172427595,7991.0,2.7,160.79999999999995,108,83,138,29,-9.033658981323242,2.306729316711426,-0.24
2026-07-10T23:21:12+00:00,37.43297003209591,126.91094325855374,7994.0,2.7,160.60000000000002,111,84,161,28,-9.330643653869629,2.307692289352417,-0.24
2026-07-10T23:21:13+00:00,37.43295829743147,126.91092498600483,7997.0,2.8,160.60000000000002,110,84,162,28,-9.28349781036377,2.392944097518921,-0.24
2026-07-10T23:21:14+00:00,,,7999.0,2.8,160.39999999999998,111,84,169,29,-9.200657844543457,2.3926150798797607,-0.24
2026-07-10T23:21:15+00:00,37.432944970205426,126.91089330241084,7999.0,2.56,160.20000000000005,112,82,169,29,-9.972704887390137,2.192791700363159,-0.24
2026-07-10T23:21:16+00:00,,,8002.0,2.56,160.0,112,78,152,29,-9.881195068359375,2.1918818950653076,-0.24
2026-07-10T23:21:17+00:00,37.43293499574065,126.91085667349398,8002.0,2.44,159.79999999999995,,75,151,29,-10.315223693847656,2.085317611694336,-0.24
2026-07-10T23:21:18+00:00,,,8006.0,2.44,159.60000000000002,110,71,143,29,-10.219771385192871,2.084134340286255,-0.24
2026-07-10T23:21:19+00:00,37.43292996659875,126.9108249899,8006.0,2.22,159.60000000000002,109,67,142,29,-11.08212947845459,1.9163968563079834,-0.24
2026-07-10T23:21:20+00:00,,,8009.0,2.22,159.39999999999998,109,65,128,29,-10.977334976196289,1.9145814180374146,-0.24
2026-07-10T23:21:21+00:00,,,8009.0,1.92,159.20000000000005,109,65,128,29,-12.637800216674805,1.6805977821350098,-0.24
2026-07-10T23:21:22+00:00,,,8009.0,1.92,159.0,109,65,107,29,-12.291690826416016,1.6721354722976685,-0.22
2026-07-10T23:21:23+00:00,,,8009.0,0.38,158.79999999999995,107,65,107,29,-60.03703689575195,1.1012921333312988,-0.22
2026-07-10T23:21:24+00:00,,,8009.0,0.38,158.60000000000002,108,64,25,29,-58.29912185668945,1.1024664640426636,-0.22
2026-07-10T23:21:25+00:00,,,8009.0,0.58,158.60000000000002,,64,25,29,-37.05392074584961,1.146509051322937,-0.2
2026-07-10T23:21:26+00:00,37.432911694049835,126.91080328077078,8009.0,0.58,158.60000000000002,109,64,32,29,-35.914146423339844,1.1052637100219727,-0.2
2026-07-10T23:21:27+00:00,,,8011.0,1.32,158.39999999999998,109,64,31,29,-15.278143882751465,1.2236273288726807,-0.2
2026-07-10T23:21:28+00:00,37.43288998492062,126.91076832823455,8011.0,1.32,158.20000000000005,110,64,72,29,-14.777334213256836,1.2094933986663818,-0.18
2026-07-10T23:21:29+00:00,37.43287330493331,126.91074502654374,8015.0,1.72,158.0,110,67,72,29,-10.95601749420166,1.4830913543701172,-0.18
2026-07-10T23:21:30+00:00,37.432855032384396,126.91070999018848,8018.0,1.72,157.79999999999995,109,76,97,29,-10.69334602355957,1.4798927307128906,-0.18
2026-07-10T23:21:31+00:00,37.43283667601645,126.91068165935576,8022.0,2.34,157.39999999999998,108,80,96,29,-7.666604518890381,2.005012035369873,-0.16
2026-07-10T23:21:32+00:00,37.4328132905066,126.91065500490367,8025.0,2.34,157.20000000000005,109,81,135,29,-7.473336219787598,2.007131814956665,-0.16
2026-07-10T23:21:33+00:00,37.432789988815784,126.91063002683222,8028.0,2.7,156.79999999999995,110,83,133,29,-6.332846641540527,2.3292877674102783,-0.16
2026-07-10T23:21:34+00:00,37.43276668712497,126.91061167046428,8032.0,2.7,156.60000000000002,,83,154,29,-6.165060520172119,2.3336122035980225,-0.16
2026-07-10T23:21:35+00:00,37.43274330161512,126.9105982594192,8035.0,2.84,156.20000000000005,110,83,152,29,-5.6798810958862305,2.47861909866333,-0.16
2026-07-10T23:21:36+00:00,37.432716730982065,126.91058333963156,8038.0,2.84,156.0,,83,160,29,-5.520956993103027,2.4840362071990967,-0.14
2026-07-10T23:21:37+00:00,37.43267834186554,126.91057504154742,8041.0,2.9,155.79999999999995,110,83,159,29,-5.250470161437988,2.5465612411499023,-0.14
2026-07-10T23:21:38+00:00,37.43265504017472,126.91056665964425,8045.0,2.9,155.60000000000002,110,83,161,29,-5.446907043457031,2.539186954498291,-0.14
2026-07-10T23:21:39+00:00,37.432631738483906,126.91055827774107,8048.0,3.08,155.39999999999998,110,83,162,29,-5.330475330352783,2.6926090717315674,-0.16
2026-07-10T23:21:40+00:00,37.43261002935469,126.91055668517947,8051.0,3.08,155.20000000000005,110,84,173,29,-5.5158491134643555,2.685401201248169,-0.16
2026-07-10T23:21:41+00:00,37.432586727663875,126.9105533324182,8053.0,2.9,155.20000000000005,110,84,175,29,-6.035628795623779,2.519594430923462,-0.16
2026-07-10T23:21:42+00:00,37.432563258334994,126.9105483032763,8056.0,2.9,155.0,110,84,167,29,-6.231672763824463,2.5139029026031494,-0.18
2026-07-10T23:21:43+00:00,37.43254004046321,126.9105416815728,8058.0,2.82,154.79999999999995,110,84,168,29,-6.6337890625,2.4258315563201904,-0.18
2026-07-10T23:21:44+00:00,37.43252168409526,126.9105432741344,8061.0,2.82,154.60000000000002,110,84,164,29,-6.836315631866455,2.4214072227478027,-0.18
2026-07-10T23:21:45+00:00,,,8063.0,2.64,154.39999999999998,112,84,164,29,-7.5205864906311035,2.255263090133667,-0.18
2026-07-10T23:21:46+00:00,37.432498298585415,126.91054503433406,8063.0,2.64,154.20000000000005,,83,153,29,-7.529280662536621,2.2551522254943848,-0.18
2026-07-10T23:21:47+00:00,,,8066.0,2.24,154.0,111,83,153,29,-8.850440979003906,1.9135949611663818,-0.18
2026-07-10T23:21:48+00:00,,,8066.0,2.24,153.79999999999995,114,83,127,29,-8.860966682434082,1.91359543800354,-0.18
2026-07-10T23:21:49+00:00,,,8066.0,0.74,153.60000000000002,114,83,127,29,-26.852388381958008,1.0169984102249146,-0.18
2026-07-10T23:21:50+00:00,,,8066.0,0.74,153.39999999999998,114,0,40,29,-26.883319854736328,1.0182000398635864,-0.18
2026-07-10T23:21:51+00:00,37.43248497135937,126.91056330688298,8066.0,0.42,153.20000000000005,112,0,41,29,-47.42040252685547,1.0835027694702148,-0.18
2026-07-10T23:21:52+00:00,,,8068.0,0.42,153.20000000000005,112,0,28,29,-47.47511672973633,1.084637999534607,-0.18
2026-07-10T23:21:53+00:00,37.43245496414602,126.91058166325092,8068.0,1.7,153.20000000000005,,0,28,29,-11.812093734741211,1.4703131914138794,-0.18
2026-07-10T23:21:54+00:00,,,8072.0,1.7,153.0,112,0,93,29,-11.848091125488281,1.4709584712982178,-0.2
2026-07-10T23:21:55+00:00,37.43242830969393,126.91058669239283,8072.0,1.74,153.0,,0,94,29,-11.609313011169434,1.5015383958816528,-0.2
2026-07-10T23:21:56+00:00,,,8075.0,1.74,153.0,111,0,99,29,-11.644513130187988,1.5021412372589111,-0.2
2026-07-10T23:21:57+00:00,,,8075.0,1.46,152.79999999999995,112,0,101,29,-13.839577674865723,1.3117326498031616,-0.2
2026-07-10T23:21:58+00:00,37.43241003714502,126.91057328134775,8075.0,1.46,152.79999999999995,112,81,85,29,-13.881204605102539,1.312798261642456,-0.2
2026-07-10T23:21:59+00:00,,,8077.0,0.62,152.79999999999995,112,81,88,29,-33.32389831542969,1.0647960901260376,-0.2
2026-07-10T23:22:00+00:00,,,8077.0,0.62,152.79999999999995,112,81,34,29,-33.42333221435547,1.0685012340545654,-0.2
2026-07-10T23:22:01+00:00,,,8077.0,0.6,152.79999999999995,112,0,34,29,-34.08188247680664,1.0752253532409668,-0.2
2026-07-10T23:22:02+00:00,37.4324316624552,126.91056833602488,8077.0,0.6,152.60000000000002,111,0,33,29,-32.50308609008789,1.0174345970153809,-0.18
2026-07-10T23:22:03+00:00,,,8079.0,1.28,152.60000000000002,111,0,34,29,-14.60841178894043,1.1593267917633057,-0.18
2026-07-10T23:22:04+00:00,,,8079.0,1.28,152.60000000000002,,0,79,29,-13.864762306213379,1.1415876150131226,-0.16
2026-07-10T23:22:05+00:00,,,8079.0,0.52,152.39999999999998,111,0,80,29,-32.03850555419922,0.8672429919242859,-0.16
2026-07-10T23:22:06+00:00,,,8079.0,0.52,152.39999999999998,112,0,29,29,-30.218645095825195,0.8114672303199768,-0.14
2026-07-10T23:22:07+00:00,,,8079.0,0.42,152.39999999999998,114,0,28,29,-36.01333999633789,0.7838416695594788,-0.14
2026-07-10T23:22:08+00:00,,,8079.0,0.42,152.20000000000005,113,0,21,29,-33.70521926879883,0.7252488136291504,-0.12
2026-07-10T23:22:09+00:00,,,8079.0,0.0,152.20000000000005,114,0,21,29,-33.70521926879883,0.0,-0.12
2026-07-10T23:22:10+00:00,,,8079.0,0.0,152.20000000000005,114,0,0,29,-33.70521926879883,0.0,-0.12
2026-07-10T23:22:11+00:00,,,8079.0,0.0,152.20000000000005,114,0,0,29,-33.70521926879883,0.0,-0.1
2026-07-10T23:22:12+00:00,,,8079.0,0.0,152.0,115,23,0,29,-33.70521926879883,0.0,-0.1
2026-07-10T23:22:13+00:00,,,8079.0,0.0,152.0,117,37,0,29,-33.70521926879883,0.0,-0.1
2026-07-10T23:22:14+00:00,,,8079.0,0.0,152.0,,45,0,29,-33.70521926879883,0.0,-0.1
2026-07-10T23:22:15+00:00,37.43242001160979,126.9105432741344,8079.0,0.4,151.79999999999995,118,51,0,29,-25.310110092163086,0.5053255558013916,-0.08
2026-07-10T23:22:16+00:00,,,8082.0,0.4,151.60000000000002,118,54,20,29,-24.0255069732666,0.48126155138015747,-0.08
2026-07-10T23:22:17+00:00,37.43240173906088,126.91051326692104,8082.0,0.88,151.60000000000002,118,57,20,29,-10.08062744140625,0.7541748881340027,-0.08
2026-07-10T23:22:18+00:00,,,8085.0,0.88,151.39999999999998,117,57,49,29,-9.754697799682617,0.753070592880249,-0.08
2026-07-10T23:22:19+00:00,37.43237332440913,126.91050002351403,8085.0,1.2,151.20000000000005,115,61,47,29,-6.914430141448975,1.0333729982376099,-0.08
2026-07-10T23:22:20+00:00,,,8089.0,1.2,151.0,115,72,66,29,-6.674937725067139,1.03554368019104,-0.08
2026-07-10T23:22:21+00:00,37.43235002271831,126.91048996523023,8089.0,1.38,150.60000000000002,,74,65,29,-5.637723922729492,1.196352481842041,-0.06
2026-07-10T23:22:22+00:00,37.43232998996973,126.91048996523023,8091.0,1.38,150.20000000000005,114,81,73,29,-5.428157806396484,1.1998709440231323,-0.06
2026-07-10T23:22:23+00:00,37.432308280840516,126.91048325970769,8094.0,1.54,149.79999999999995,,83,72,29,-4.672858238220215,1.3562531471252441,-0.06
2026-07-10T23:22:24+00:00,37.4322900082916,126.91047999076545,8096.0,1.54,149.60000000000002,110,83,80,29,-4.485583305358887,1.3607897758483887,-0.06
2026-07-10T23:22:25+00:00,,,8098.0,1.82,149.20000000000005,,86,80,29,-3.613412857055664,1.6470168828964233,-0.06
2026-07-10T23:22:26+00:00,37.43226000107825,126.91047169268131,8098.0,1.82,148.79999999999995,108,96,96,29,-4.172298431396484,1.6282821893692017,-0.06
2026-07-10T23:22:27+00:00,,,8102.0,1.78,148.39999999999998,108,100,95,29,-4.8665595054626465,1.5638158321380615,-0.08
2026-07-10T23:22:28+00:00,37.432218259200454,126.91046331077814,8102.0,1.78,148.0,107,103,92,29,-5.440657615661621,1.5499188899993896,-0.08
2026-07-10T23:22:29+00:00,37.43219504132867,126.91046331077814,8106.0,2.04,147.60000000000002,106,103,93,29,-5.245898246765137,1.7827163934707642,-0.1
2026-07-10T23:22:30+00:00,37.43217668496072,126.91046666353941,8109.0,2.04,147.20000000000005,106,97,106,29,-5.747971057891846,1.770088791847229,-0.1
2026-07-10T23:22:31+00:00,37.432156736031175,126.91046171821654,8111.0,2.14,146.79999999999995,106,93,106,29,-5.95565938949585,1.8523916006088257,-0.12
2026-07-10T23:22:32+00:00,37.43213167414069,126.9104600418359,8113.0,2.14,146.20000000000005,106,90,111,29,-6.433682918548584,1.8424298763275146,-0.12
2026-07-10T23:22:33+00:00,37.4320999905467,126.91046171821654,8116.0,2.3,145.79999999999995,105,88,111,29,-6.400841236114502,1.990154504776001,-0.14
2026-07-10T23:22:34+00:00,37.432068306952715,126.91047169268131,8119.0,2.3,145.39999999999998,105,87,120,29,-7.076067924499512,1.9780998229980469,-0.16
2026-07-10T23:22:35+00:00,37.43203670717776,126.91047999076545,8123.0,2.82,144.79999999999995,,87,120,29,-6.345030307769775,2.43287992477417,-0.16
2026-07-10T23:22:36+00:00,37.43200502358377,126.91048501990736,8127.0,2.82,144.39999999999998,105,87,148,29,-6.898813247680664,2.420128107070923,-0.18
2026-07-10T23:22:37+00:00,37.43197669275105,126.91049172542989,8130.0,3.1,144.0,104,86,147,29,-6.754415512084961,2.673220157623291,-0.2
2026-07-10T23:22:38+00:00,37.4319482780993,126.91049499437213,8133.0,3.1,143.60000000000002,104,86,164,29,-7.255890846252441,2.6626906394958496,-0.22
2026-07-10T23:22:39+00:00,37.431918270885944,126.91049667075276,8137.0,3.14,143.20000000000005,105,86,164,29,-7.683512210845947,2.6816904544830322,-0.24
2026-07-10T23:22:40+00:00,37.43188826367259,126.91050002351403,8140.0,3.14,143.0,105,86,166,29,-8.179685592651367,2.6764755249023438,-0.24
2026-07-10T23:22:41+00:00,37.43186672218144,126.91050329245627,8140.0,3.2,142.60000000000002,105,86,167,29,-8.513650894165039,2.7258243560791016,-0.26
2026-07-10T23:22:42+00:00,37.431833278387785,126.91050169989467,8146.0,3.2,142.20000000000005,104,86,170,29,-8.924641609191895,2.72519588470459,-0.28
2026-07-10T23:22:43+00:00,37.431808300316334,126.91050169989467,8149.0,3.16,141.79999999999995,104,86,171,29,-9.422606468200684,2.7014081478118896,-0.28
2026-07-10T23:22:44+00:00,37.43178499862552,126.91050002351403,8152.0,3.16,141.39999999999998,,86,169,29,-9.836257934570312,2.705087661743164,-0.3
2026-07-10T23:22:45+00:00,37.431760020554066,126.91049667075276,8155.0,3.06,141.0,104,86,170,29,-10.585301399230957,2.630708694458008,-0.32
2026-07-10T23:22:46+00:00,37.431739987805486,126.91049499437213,8158.0,3.06,140.79999999999995,105,86,165,29,-11.012042999267578,2.6398332118988037,-0.32
2026-07-10T23:22:47+00:00,,,8160.0,2.9,140.39999999999998,105,85,166,29,-12.112107276916504,2.523916244506836,-0.34
2026-07-10T23:22:48+00:00,,,8160.0,2.9,140.20000000000005,106,83,155,29,-12.56395149230957,2.540062427520752,-0.36
2026-07-10T23:22:49+00:00,,,8160.0,2.24,139.79999999999995,106,82,156,29,-16.792701721191406,2.159937858581543,-0.36
2026-07-10T23:22:50+00:00,,,8160.0,2.24,139.60000000000002,105,82,118,29,-16.86638832092285,2.1644110679626465,-0.36
2026-07-10T23:22:51+00:00,,,8160.0,0.66,139.39999999999998,,82,118,29,-58.3571662902832,1.8859213590621948,-0.36
2026-07-10T23:22:52+00:00,,,8160.0,0.66,139.20000000000005,108,82,44,29,-58.60039138793945,1.8862953186035156,-0.38
2026-07-10T23:22:53+00:00,,,8160.0,0.48,139.0,,82,43,29,-81.38014221191406,1.3621244430541992,-0.38
2026-07-10T23:22:54+00:00,,,8160.0,0.48,138.79999999999995,108,82,32,29,-81.71651458740234,1.3621244430541992,-0.38
2026-07-10T23:22:55+00:00,,,8160.0,0.32,138.79999999999995,110,0,32,29,-124.40379333496094,0.8984224796295166,-0.38
2026-07-10T23:22:56+00:00,,,8160.0,0.32,138.79999999999995,110,0,21,29,-124.91378784179688,0.8984224796295166,-0.38
2026-07-10T23:22:57+00:00,,,8160.0,0.0,138.79999999999995,111,0,21,29,-124.91378784179688,0.0,-0.38
2026-07-10T23:22:58+00:00,,,8160.0,0.0,138.79999999999995,112,0,0,29,-124.91378784179688,0.0,-0.36
2026-07-10T23:22:59+00:00,,,8160.0,0.0,138.60000000000002,112,0,0,29,-124.91378784179688,0.0,-0.36
2026-07-10T23:23:00+00:00,,,8160.0,0.0,138.60000000000002,112,0,0,29,-124.91378784179688,0.0,-0.34
2026-07-10T23:23:01+00:00,,,8160.0,0.0,138.60000000000002,111,0,0,29,-124.91378784179688,0.0,-0.34
2026-07-10T23:23:02+00:00,,,8160.0,0.0,138.60000000000002,112,0,0,29,-124.91378784179688,0.0,-0.32
2026-07-10T23:23:03+00:00,,,8160.0,0.0,138.60000000000002,113,0,0,29,-124.91378784179688,0.0,-0.3
2026-07-10T23:23:04+00:00,,,8160.0,0.0,138.60000000000002,,0,0,29,-124.91378784179688,0.0,-0.3
2026-07-10T23:23:05+00:00,,,8160.0,0.0,138.39999999999998,114,0,0,29,-124.91378784179688,0.0,-0.28
2026-07-10T23:23:06+00:00,,,8160.0,0.0,138.39999999999998,114,0,0,29,-124.91378784179688,0.0,-0.26
2026-07-10T23:23:07+00:00,,,8160.0,0.0,138.39999999999998,115,0,0,29,-124.91378784179688,0.0,-0.26
2026-07-10T23:23:08+00:00,,,8160.0,0.0,138.39999999999998,115,0,0,29,-124.91378784179688,0.0,-0.24
2026-07-10T23:23:09+00:00,,,8160.0,0.0,138.39999999999998,115,0,0,29,-124.91378784179688,0.0,-0.22
2026-07-10T23:23:10+00:00,,,8160.0,0.0,138.39999999999998,115,0,0,29,-124.91378784179688,0.0,-0.2
2026-07-10T23:23:11+00:00,,,8160.0,0.0,138.39999999999998,115,0,0,29,-124.91378784179688,0.0,-0.2
2026-07-10T23:23:12+00:00,,,8160.0,0.0,138.39999999999998,,0,0,29,-124.91378784179688,0.0,-0.18
2026-07-10T23:23:13+00:00,,,8160.0,0.0,138.39999999999998,114,0,0,29,-124.91378784179688,0.0,-0.16
2026-07-10T23:23:14+00:00,,,8160.0,0.0,138.39999999999998,,79,0,29,-124.91378784179688,0.0,-0.14
2026-07-10T23:23:15+00:00,,,8160.0,0.0,138.39999999999998,115,0,0,29,-124.91378784179688,0.0,-0.14
2026-07-10T23:23:16+00:00,,,8160.0,0.0,138.39999999999998,115,0,0,29,-124.91378784179688,0.0,-0.12
2026-07-10T23:23:17+00:00,,,8160.0,0.0,138.39999999999998,114,0,0,29,-124.91378784179688,0.0,-0.1
2026-07-10T23:23:18+00:00,,,8160.0,0.0,138.39999999999998,115,45,0,29,-124.91378784179688,0.0,-0.1
2026-07-10T23:23:19+00:00,37.4317117407918,126.91049499437213,8160.0,0.78,138.39999999999998,114,45,0,29,-11.227865219116211,0.6742658615112305,-0.08
2026-07-10T23:23:20+00:00,37.431686678901315,126.91049172542989,8163.0,0.78,138.39999999999998,111,73,54,29,-9.474688529968262,0.6668910980224609,-0.06
2026-07-10T23:23:21+00:00,37.43165667168796,126.91048669628799,8166.0,2.66,138.20000000000005,,73,52,29,-2.2662551403045654,2.486077308654785,-0.06
2026-07-10T23:23:22+00:00,37.43163169361651,126.91047672182322,8169.0,2.66,138.0,110,76,178,29,-2.0969719886779785,2.4972829818725586,-0.04
2026-07-10T23:23:23+00:00,37.431609984487295,126.91046666353941,8172.0,2.98,137.79999999999995,,77,173,29,-1.7263306379318237,2.816837787628174,-0.04
2026-07-10T23:23:24+00:00,37.431593304499984,126.91045165993273,8175.0,2.98,137.60000000000002,110,78,190,29,-1.5748684406280518,2.8289361000061035,-0.04
2026-07-10T23:23:25+00:00,37.43157997727394,126.91043330356479,8177.0,2.7,137.39999999999998,110,82,186,29,-1.5654131174087524,2.5724544525146484,-0.04
2026-07-10T23:23:26+00:00,37.43156832642853,126.9104000274092,8179.0,2.7,137.20000000000005,110,83,164,29,-1.398804783821106,2.584839344024658,-0.02
2026-07-10T23:23:27+00:00,37.43156002834439,126.91037328913808,8182.0,2.76,136.79999999999995,111,86,161,29,-1.2094652652740479,2.647392749786377,-0.02
2026-07-10T23:23:28+00:00,37.431553322821856,126.91034831106663,8185.0,2.76,136.39999999999998,111,92,161,29,-1.0458859205245972,2.6603810787200928,-0.02
2026-07-10T23:23:29+00:00,37.43154670111835,126.91032333299518,8187.0,2.58,136.0,111,94,156,29,-0.9402686953544617,2.50392746925354,-0.02
2026-07-10T23:23:30+00:00,37.431536726653576,126.91029667854309,8189.0,2.58,135.39999999999998,111,91,142,29,-1.3278285264968872,2.475081443786621,-0.02
2026-07-10T23:23:31+00:00,37.43152666836977,126.910270024091,8192.0,2.54,135.0,111,88,139,29,-1.7500804662704468,2.397932291030884,-0.04
2026-07-10T23:23:32+00:00,37.431516693904996,126.91024328581989,8195.0,2.54,134.60000000000002,110,85,135,29,-2.1452994346618652,2.372164487838745,-0.04
2026-07-10T23:23:33+00:00,37.431504959240556,126.9102216605097,8197.0,2.56,134.20000000000005,,85,134,29,-2.5111379623413086,2.3775064945220947,-0.06
2026-07-10T23:23:34+00:00,37.431491715833545,126.91019668243825,8200.0,2.56,133.79999999999995,109,85,135,29,-2.9017252922058105,2.3546090126037598,-0.06
2026-07-10T23:23:35+00:00,37.43148174136877,126.9101767335087,8202.0,2.54,133.39999999999998,107,88,134,29,-3.3325390815734863,2.303748607635498,-0.08
2026-07-10T23:23:36+00:00,37.43147503584623,126.91015502437949,8204.0,2.54,132.79999999999995,105,91,132,29,-3.7277581691741943,2.283963441848755,-0.08
2026-07-10T23:23:37+00:00,37.43146673776209,126.91013331525028,8206.0,2.32,132.39999999999998,105,92,132,29,-4.497040748596191,2.062990188598633,-0.1
2026-07-10T23:23:38+00:00,37.43145173415542,126.91011001355946,8208.0,2.32,132.0,105,92,121,29,-5.269890785217285,2.0366506576538086,-0.12
2026-07-10T23:23:39+00:00,37.43143673054874,126.91008671186864,8211.0,2.36,131.60000000000002,107,92,121,29,-5.941082000732422,2.0527830123901367,-0.14
2026-07-10T23:23:40+00:00,37.431423319503665,126.91006173379719,8214.0,2.36,131.20000000000005,,91,123,29,-6.701594352722168,2.03606915473938,-0.14
2026-07-10T23:23:41+00:00,37.43141166865826,126.91004002466798,8216.0,2.48,130.79999999999995,110,89,123,29,-7.10175895690918,2.132495880126953,-0.16
2026-07-10T23:23:42+00:00,37.43140001781285,126.91001672297716,8219.0,2.48,130.39999999999998,,87,130,29,-7.8247480392456055,2.123385429382324,-0.18
2026-07-10T23:23:43+00:00,37.43138995952904,126.90999501384795,8221.0,2.46,130.0,109,87,130,29,-8.6531343460083,2.0931687355041504,-0.2
2026-07-10T23:23:44+00:00,37.4313816614449,126.90997171215713,8223.0,2.46,129.60000000000002,107,87,128,29,-9.385709762573242,2.0942649841308594,-0.22
2026-07-10T23:23:45+00:00,,,8226.0,2.36,129.20000000000005,104,88,128,29,-10.460587501525879,2.035733222961426,-0.24
2026-07-10T23:23:46+00:00,37.43136833421886,126.90992997027934,8226.0,2.36,128.79999999999995,103,91,124,29,-11.115288734436035,2.046515464782715,-0.26
2026-07-10T23:23:47+00:00,,,8230.0,2.28,128.39999999999998,103,92,124,29,-12.238688468933105,1.9945931434631348,-0.26
2026-07-10T23:23:48+00:00,37.43135173805058,126.90989669412374,8230.0,2.28,128.0,102,92,119,29,-12.919232368469238,2.0150628089904785,-0.28
2026-07-10T23:23:49+00:00,,,8233.0,2.14,127.39999999999998,101,92,119,29,-14.561159133911133,1.9423766136169434,-0.3
2026-07-10T23:23:50+00:00,37.43134327232838,126.90986333414912,8233.0,2.14,127.0,100,92,111,29,-15.290359497070312,1.975067377090454,-0.32
2026-07-10T23:23:51+00:00,,,8236.0,2.02,126.60000000000002,,92,112,29,-16.97982406616211,1.9484176635742188,-0.34
2026-07-10T23:23:52+00:00,37.431341679766774,126.9098299741745,8236.0,2.02,126.20000000000005,100,85,106,29,-17.751785278320312,1.9930192232131958,-0.34
2026-07-10T23:23:53+00:00,,,8239.0,1.9,125.79999999999995,,77,106,29,-19.601085662841797,1.998630404472351,-0.36
2026-07-10T23:23:54+00:00,37.431330028921366,126.90980331972241,8239.0,1.9,125.39999999999998,99,76,101,29,-19.935705184936523,2.021373748779297,-0.36
2026-07-10T23:23:55+00:00,,,8242.0,1.8,125.0,100,75,101,29,-21.518125534057617,2.0130927562713623,-0.38
2026-07-10T23:23:56+00:00,,,8242.0,1.8,124.79999999999995,100,71,96,29,-21.873310089111328,2.039130449295044,-0.38
2026-07-10T23:23:57+00:00,37.43130329065025,126.90978328697383,8242.0,1.64,124.39999999999998,99,70,95,29,-24.263139724731445,2.0420360565185547,-0.38
2026-07-10T23:23:58+00:00,37.43128828704357,126.90977171994746,8244.0,1.64,124.20000000000005,99,70,88,29,-24.65236473083496,2.0724070072174072,-0.4
2026-07-10T23:23:59+00:00,37.43127169087529,126.90975998528302,8247.0,1.62,124.0,100,70,87,29,-25.507410049438477,2.1018502712249756,-0.4
2026-07-10T23:24:00+00:00,37.43125827983022,126.90973500721157,8249.0,1.62,123.60000000000002,101,76,85,29,-25.903888702392578,2.1339151859283447,-0.4
2026-07-10T23:24:01+00:00,37.43123833090067,126.90972000360489,8252.0,1.76,123.39999999999998,101,90,84,29,-24.196334838867188,2.1734988689422607,-0.42
2026-07-10T23:24:02+00:00,37.43121502920985,126.90970173105597,8255.0,1.76,123.0,102,92,91,29,-23.863683700561523,2.146359920501709,-0.4
2026-07-10T23:24:03+00:00,37.43119499646127,126.90968999639153,8258.0,1.96,122.79999999999995,,92,91,29,-21.009552001953125,2.1645777225494385,-0.4
2026-07-10T23:24:04+00:00,37.43117496371269,126.9096816983074,8260.0,1.96,122.39999999999998,101,92,103,29,-20.71194839477539,2.141967535018921,-0.4
2026-07-10T23:24:05+00:00,,,8262.0,2.06,122.0,101,91,103,29,-19.5186710357666,2.1504721641540527,-0.4
2026-07-10T23:24:06+00:00,37.431143280118704,126.9096782617271,8262.0,2.06,121.39999999999998,102,87,108,29,-19.23470115661621,2.1302902698516846,-0.38
2026-07-10T23:24:07+00:00,,,8266.0,2.0,121.0,102,86,107,29,-19.42362403869629,2.0913803577423096,-0.38
2026-07-10T23:24:08+00:00,,,8266.0,2.0,120.60000000000002,102,86,104,29,-19.132844924926758,2.0713815689086914,-0.38
2026-07-10T23:24:09+00:00,37.431171694770455,126.90965672023594,8266.0,0.48,120.20000000000005,101,86,104,29,-80.1740493774414,1.3621244430541992,-0.36
2026-07-10T23:24:10+00:00,,,8270.0,0.48,120.0,,85,32,29,-80.11558532714844,1.3621244430541992,-0.36
2026-07-10T23:24:11+00:00,,,8270.0,0.96,119.79999999999995,100,84,32,29,-39.19477844238281,2.0255842208862305,-0.36
2026-07-10T23:24:12+00:00,,,8270.0,0.96,119.60000000000002,,84,60,29,-39.1662712097168,2.023890733718872,-0.36
2026-07-10T23:24:13+00:00,37.43119332008064,126.90962998196483,8270.0,0.58,119.60000000000002,101,82,58,29,-64.77965545654297,1.6809194087982178,-0.36
2026-07-10T23:24:14+00:00,,,8273.0,0.58,119.60000000000002,103,81,39,29,-64.7323226928711,1.6809194087982178,-0.36
2026-07-10T23:24:15+00:00,37.43119826540351,126.90958170220256,8273.0,1.14,119.39999999999998,103,72,39,29,-32.910011291503906,1.9612160921096802,-0.36
2026-07-10T23:24:16+00:00,37.431191727519035,126.90955496393144,8277.0,1.14,119.0,103,68,60,29,-32.88595199584961,1.9595509767532349,-0.36
2026-07-10T23:24:17+00:00,37.43118166923523,126.90953166224062,8280.0,1.56,118.60000000000002,104,63,59,29,-24.01451873779297,1.9242476224899292,-0.36
2026-07-10T23:24:18+00:00,37.43116498924792,126.90951171331108,8282.0,1.56,118.20000000000005,104,63,82,29,-23.38442039489746,1.879170536994934,-0.36
2026-07-10T23:24:19+00:00,37.43114830926061,126.9094967097044,8285.0,1.82,117.79999999999995,104,77,82,29,-19.501535415649414,1.9081066846847534,-0.34
2026-07-10T23:24:20+00:00,,,8287.0,1.82,117.39999999999998,105,78,97,29,-18.960908889770508,1.874403715133667,-0.34
2026-07-10T23:24:21+00:00,37.43113003671169,126.90949000418186,8287.0,1.82,116.79999999999995,,78,96,29,-18.522050857543945,1.838017225265503,-0.32
2026-07-10T23:24:22+00:00,,,8289.0,1.82,116.39999999999998,107,78,94,29,-17.97789192199707,1.8070905208587646,-0.32
2026-07-10T23:24:23+00:00,37.43111327290535,126.90947500057518,8289.0,1.6,116.0,,76,95,29,-19.72191047668457,1.6899149417877197,-0.3
2026-07-10T23:24:24+00:00,,,8291.0,1.6,115.39999999999998,106,76,86,29,-19.105714797973633,1.6556323766708374,-0.3
2026-07-10T23:24:25+00:00,,,8291.0,1.48,115.20000000000005,107,75,88,29,-20.124649047851562,1.5740432739257812,-0.28
2026-07-10T23:24:26+00:00,37.431106735020876,126.90944826230407,8291.0,1.48,114.60000000000002,108,75,84,29,-20.552736282348633,1.597547173500061,-0.3
2026-07-10T23:24:27+00:00,,,8294.0,1.42,114.39999999999998,109,68,84,29,-21.875410079956055,1.6063649654388428,-0.3
2026-07-10T23:24:28+00:00,37.43110170587897,126.90941330976784,8294.0,1.42,114.0,109,67,81,29,-22.320819854736328,1.6327292919158936,-0.3
2026-07-10T23:24:29+00:00,,,8297.0,1.44,113.60000000000002,109,68,81,29,-22.45046615600586,1.6638051271438599,-0.32
2026-07-10T23:24:30+00:00,37.431106735020876,126.90936997532845,8297.0,1.44,113.0,110,74,81,29,-22.890085220336914,1.6910912990570068,-0.32
2026-07-10T23:24:31+00:00,,,8301.0,1.52,112.60000000000002,,74,81,29,-21.94999885559082,1.736390471458435,-0.32
2026-07-10T23:24:32+00:00,37.43111670948565,126.90933502279222,8301.0,1.52,112.20000000000005,110,74,85,29,-22.363176345825195,1.762847661972046,-0.32
2026-07-10T23:24:33+00:00,,,8304.0,1.56,111.79999999999995,111,74,84,29,-22.33714485168457,1.7959212064743042,-0.34
2026-07-10T23:24:34+00:00,37.43113330565393,126.90930333919823,8304.0,1.56,111.39999999999998,112,74,85,29,-22.3979549407959,1.799941897392273,-0.34
2026-07-10T23:24:35+00:00,,,8307.0,1.58,111.20000000000005,113,72,84,29,-22.172969818115234,1.8081719875335693,-0.34
2026-07-10T23:24:36+00:00,37.43115669116378,126.90928498283029,8307.0,1.58,111.0,112,69,85,29,-22.232942581176758,1.8121496438980103,-0.34
2026-07-10T23:24:37+00:00,,,8311.0,1.58,110.60000000000002,112,69,84,29,-22.29322052001953,1.816161870956421,-0.34
2026-07-10T23:24:38+00:00,37.43114830926061,126.90923997201025,8311.0,1.58,110.20000000000005,,87,84,29,-22.353256225585938,1.8201720714569092,-0.34
2026-07-10T23:24:39+00:00,,,8315.0,1.64,109.79999999999995,112,93,84,29,-21.45691680908203,1.8403407335281372,-0.34
2026-07-10T23:24:40+00:00,37.43113171309233,126.90920501947403,8315.0,1.64,109.39999999999998,,96,86,29,-21.514333724975586,1.8441460132598877,-0.34
2026-07-10T23:24:41+00:00,,,8318.0,1.66,109.0,111,94,86,29,-21.44129753112793,1.8505233526229858,-0.34
2026-07-10T23:24:42+00:00,37.431134982034564,126.90917501226068,8318.0,1.66,108.60000000000002,,91,87,29,-21.821035385131836,1.8760793209075928,-0.36
2026-07-10T23:24:43+00:00,,,8321.0,1.64,108.0,110,87,87,29,-22.33844566345215,1.9002913236618042,-0.36
2026-07-10T23:24:44+00:00,37.43114830926061,126.90914668142796,8321.0,1.64,107.79999999999995,109,84,87,29,-22.720502853393555,1.9272700548171997,-0.36
2026-07-10T23:24:45+00:00,,,8324.0,1.62,107.20000000000005,111,81,87,29,-23.534990310668945,1.9503822326660156,-0.36
2026-07-10T23:24:46+00:00,37.431171694770455,126.90912673249841,8324.0,1.62,106.79999999999995,114,77,87,29,-23.93665313720703,1.9800933599472046,-0.38
2026-07-10T23:24:47+00:00,,,8327.0,1.62,106.39999999999998,114,74,88,29,-24.316070556640625,2.008704423904419,-0.38
2026-07-10T23:24:48+00:00,37.43118996731937,126.90910996869206,8327.0,1.62,106.20000000000005,113,70,88,29,-24.705244064331055,2.0385892391204834,-0.38
2026-07-10T23:24:49+00:00,,,8329.0,1.58,105.79999999999995,111,69,88,29,-25.73616600036621,2.067610025405884,-0.4
2026-07-10T23:24:50+00:00,37.431204970926046,126.90908331423998,8329.0,1.58,105.39999999999998,111,66,85,29,-25.610055923461914,2.0576772689819336,-0.4
2026-07-10T23:24:51+00:00,,,8332.0,1.56,105.20000000000005,110,66,85,29,-25.64653968811035,2.0474209785461426,-0.4
2026-07-10T23:24:52+00:00,37.43121670559049,126.90904668532312,8332.0,1.56,104.79999999999995,,67,83,29,-25.519620895385742,2.037524700164795,-0.38
2026-07-10T23:24:53+00:00,,,8336.0,1.58,104.60000000000002,109,72,83,29,-25.070518493652344,2.0286049842834473,-0.38
2026-07-10T23:24:54+00:00,37.43123833090067,126.90901827067137,8336.0,1.58,104.20000000000005,110,82,83,29,-24.945205688476562,2.0189473628997803,-0.38
2026-07-10T23:24:55+00:00,,,8339.0,1.62,104.0,107,87,83,29,-24.356670379638672,2.0117969512939453,-0.38
2026-07-10T23:24:56+00:00,37.43126171641052,126.90899672918022,8339.0,1.62,103.60000000000002,106,90,84,29,-24.233692169189453,2.002448081970215,-0.38
2026-07-10T23:24:57+00:00,,,8342.0,1.62,103.20000000000005,106,91,84,29,-24.109973907470703,1.9930980205535889,-0.38
2026-07-10T23:24:58+00:00,37.43127998895943,126.9089699909091,8342.0,1.62,102.60000000000002,107,92,84,29,-23.8895320892334,1.976576805114746,-0.38
2026-07-10T23:24:59+00:00,37.431289963424206,126.90894828177989,8346.0,1.6,102.20000000000005,,92,85,29,-23.81591033935547,1.9588561058044434,-0.38
2026-07-10T23:25:00+00:00,37.43130496703088,126.90893327817321,8348.0,1.6,102.0,106,92,84,29,-23.594091415405273,1.942575216293335,-0.36
2026-07-10T23:25:01+00:00,,,8350.0,1.7,101.60000000000002,,86,85,29,-22.126752853393555,1.943087100982666,-0.36
2026-07-10T23:25:02+00:00,37.43131997063756,126.90890000201762,8350.0,1.7,101.20000000000005,106,85,89,29,-21.91695785522461,1.9282712936401367,-0.36
2026-07-10T23:25:03+00:00,,,8353.0,1.7,100.79999999999995,106,85,89,29,-21.705900192260742,1.9135574102401733,-0.36
2026-07-10T23:25:04+00:00,37.43134670890868,126.9088732637465,8353.0,1.7,100.39999999999998,106,85,90,29,-21.496105194091797,1.8991236686706543,-0.36
2026-07-10T23:25:05+00:00,,,8357.0,1.72,100.0,106,85,90,29,-20.914005279541016,1.8931127786636353,-0.34
2026-07-10T23:25:06+00:00,37.43136498145759,126.90885331481695,8357.0,1.72,99.60000000000002,105,88,91,28,-21.00255584716797,1.899056315422058,-0.36
2026-07-10T23:25:07+00:00,,,8360.0,1.68,99.39999999999998,107,89,91,29,-21.593732833862305,1.8945392370224,-0.36
2026-07-10T23:25:08+00:00,37.43138333782554,126.90880830399692,8360.0,1.68,99.0,,89,89,29,-21.684303283691406,1.900748610496521,-0.36
2026-07-10T23:25:09+00:00,,,8364.0,1.76,98.60000000000002,107,88,89,29,-20.785627365112305,1.928386926651001,-0.36
2026-07-10T23:25:10+00:00,37.43140496313572,126.90876999869943,8364.0,1.76,98.20000000000005,,87,93,29,-20.872079849243164,1.934272050857544,-0.36
2026-07-10T23:25:11+00:00,37.431419966742396,126.90874996595085,8368.0,1.86,97.79999999999995,108,80,93,29,-19.83222198486328,1.9718708992004395,-0.36
2026-07-10T23:25:12+00:00,,,8371.0,1.86,97.39999999999998,,79,98,28,-19.91419219970703,1.977369785308838,-0.36
2026-07-10T23:25:13+00:00,37.43144167587161,126.90871995873749,8371.0,1.92,97.20000000000005,108,79,97,28,-19.472782135009766,2.000542402267456,-0.36
2026-07-10T23:25:14+00:00,,,8374.0,1.92,96.79999999999995,109,81,100,28,-19.40385627746582,1.995955228805542,-0.36
2026-07-10T23:25:15+00:00,37.43146673776209,126.90870168618858,8374.0,1.9,96.39999999999998,109,81,100,28,-19.436965942382812,1.9876940250396729,-0.36
2026-07-10T23:25:16+00:00,,,8378.0,1.9,96.20000000000005,109,81,99,28,-19.367815017700195,1.9831293821334839,-0.36
2026-07-10T23:25:17+00:00,37.43148668669164,126.9086933042854,8378.0,1.76,96.20000000000005,108,81,99,28,-20.952835083007812,1.9287793636322021,-0.36
2026-07-10T23:25:18+00:00,,,8380.0,1.76,96.0,107,81,91,28,-20.8776798248291,1.9236620664596558,-0.36
2026-07-10T23:25:19+00:00,,,8380.0,1.4,96.0,106,80,92,28,-26.190418243408203,1.8626047372817993,-0.36
2026-07-10T23:25:20+00:00,37.43150998838246,126.90867830067873,8380.0,1.4,96.0,106,76,72,28,-26.095989227294922,1.855896234512329,-0.36
2026-07-10T23:25:21+00:00,,,8383.0,1.26,96.0,108,72,74,28,-28.913524627685547,1.8577581644058228,-0.36
2026-07-10T23:25:22+00:00,37.43153169751167,126.90867167897522,8383.0,1.26,96.20000000000005,108,70,67,28,-28.231781005859375,1.810509443283081,-0.34
2026-07-10T23:25:23+00:00,,,8385.0,1.26,96.20000000000005,109,65,70,28,-27.3279972076416,1.7633527517318726,-0.34
2026-07-10T23:25:24+00:00,37.43156329728663,126.90866002812982,8385.0,1.26,96.39999999999998,109,62,75,28,-26.650985717773438,1.7183781862258911,-0.32
2026-07-10T23:25:25+00:00,,,8389.0,1.52,96.39999999999998,108,61,83,28,-21.670818328857422,1.7075779438018799,-0.32
2026-07-10T23:25:26+00:00,37.431593304499984,126.90864167176187,8389.0,1.52,96.60000000000002,108,60,108,28,-21.106460571289062,1.673357367515564,-0.3
2026-07-10T23:25:27+00:00,,,8393.0,1.66,96.79999999999995,108,60,114,28,-18.79654884338379,1.6903072595596313,-0.3
2026-07-10T23:25:28+00:00,37.431621719151735,126.9086282607168,8393.0,1.66,96.79999999999995,109,60,132,28,-18.279558181762695,1.662798523902893,-0.3
2026-07-10T23:25:29+00:00,,,8396.0,1.66,97.0,,60,135,28,-17.652992248535156,1.641094446182251,-0.28
2026-07-10T23:25:30+00:00,37.43163672275841,126.90860998816788,8396.0,1.66,97.20000000000005,110,60,140,28,-16.406749725341797,1.5837628841400146,-0.26
2026-07-10T23:25:31+00:00,,,8398.0,1.48,97.39999999999998,,60,143,28,-17.112974166870117,1.4303975105285645,-0.24
2026-07-10T23:25:32+00:00,,,8398.0,1.48,97.39999999999998,111,60,135,28,-15.704240798950195,1.377005934715271,-0.22
2026-07-10T23:25:33+00:00,,,8398.0,1.24,97.60000000000002,111,59,135,28,-16.942075729370117,1.2007213830947876,-0.2
2026-07-10T23:25:34+00:00,37.43165331892669,126.90858501009643,8398.0,1.24,97.79999999999995,110,59,122,28,-15.270376205444336,1.149254322052002,-0.18
2026-07-10T23:25:35+00:00,,,8401.0,1.08,98.0,111,59,123,28,-15.753392219543457,1.0035537481307983,-0.16
2026-07-10T23:25:36+00:00,,,8401.0,1.08,98.20000000000005,109,59,118,28,-13.818032264709473,0.9609365463256836,-0.14
2026-07-10T23:25:37+00:00,37.43166672997177,126.90856330096722,8401.0,1.02,98.39999999999998,108,59,121,28,-12.454986572265625,0.8950526714324951,-0.12
2026-07-10T23:25:38+00:00,,,8404.0,1.02,98.60000000000002,,59,124,28,-10.20625114440918,0.8747541308403015,-0.1
2026-07-10T23:25:39+00:00,37.43167829699814,126.9085399992764,8404.0,1.0,98.79999999999995,107,59,129,28,-8.125822067260742,0.8552411794662476,-0.08
2026-07-10T23:25:40+00:00,,,8406.0,1.0,99.0,,59,129,28,-5.834399700164795,0.870989203453064,-0.04
2026-07-10T23:25:41+00:00,37.431686678901315,126.90851326100528,8406.0,1.04,99.20000000000005,105,59,129,28,-3.3786263465881348,0.9551116824150085,-0.02
2026-07-10T23:25:42+00:00,,,8409.0,1.04,99.39999999999998,105,59,135,28,-1.1941392421722412,1.0112828016281128,0.0
2026-07-10T23:25:43+00:00,37.43169673718512,126.90847998484969,8409.0,1.12,99.39999999999998,104,59,134,28,0.9285663366317749,1.1459556818008423,0.0
2026-07-10T23:25:44+00:00,,,8412.0,1.12,99.39999999999998,105,59,135,28,2.9929096698760986,1.2387580871582031,0.02
2026-07-10T23:25:45+00:00,37.43170998059213,126.9084432721138,8412.0,1.2,99.39999999999998,105,60,127,28,4.674143314361572,1.434940218925476,0.04
2026-07-10T23:25:46+00:00,,,8415.0,1.2,99.39999999999998,105,60,120,28,5.533010959625244,1.4886465072631836,0.06
2026-07-10T23:25:47+00:00,37.43172498419881,126.90840999595821,8415.0,1.28,99.39999999999998,107,61,109,28,6.037947654724121,1.6104844808578491,0.06
2026-07-10T23:25:48+00:00,37.431731689721346,126.90838669426739,8419.0,1.28,99.20000000000005,108,61,103,28,6.8486647605896,1.669110894203186,0.08
2026-07-10T23:25:49+00:00,,,8421.0,1.34,99.0,108,65,95,28,7.315393924713135,1.7847232818603516,0.08
2026-07-10T23:25:50+00:00,37.431739987805486,126.9083499815315,8421.0,1.34,99.0,,65,93,28,8.087215423583984,1.8477452993392944,0.1
2026-07-10T23:25:51+00:00,,,8424.0,1.36,99.0,110,65,88,28,8.667401313781738,1.9397259950637817,0.1
2026-07-10T23:25:52+00:00,37.43174996227026,126.90833003260195,8424.0,1.36,98.79999999999995,111,65,86,28,9.422953605651855,2.007594108581543,0.12
2026-07-10T23:25:53+00:00,,,8426.0,1.34,98.79999999999995,111,65,83,28,10.33272933959961,2.062032699584961,0.12
2026-07-10T23:25:54+00:00,37.4317566677928,126.90827999264002,8426.0,1.34,98.79999999999995,112,65,80,28,9.744633674621582,2.007331609725952,0.12
2026-07-10T23:25:55+00:00,37.4317566677928,126.9082516618073,8431.0,1.44,98.79999999999995,111,65,80,28,8.577491760253906,2.031259298324585,0.12
2026-07-10T23:25:56+00:00,37.43175331503153,126.90821503289044,8433.0,1.44,98.60000000000002,110,65,86,28,8.024752616882324,1.981078863143921,0.1
2026-07-10T23:25:57+00:00,37.43174669332802,126.90817496739328,8437.0,1.76,98.60000000000002,,70,86,28,6.1057024002075195,2.2257652282714844,0.1
2026-07-10T23:25:58+00:00,,,8440.0,1.76,98.60000000000002,110,80,108,28,5.654486656188965,2.1823983192443848,0.08
2026-07-10T23:25:59+00:00,37.431731689721346,126.90810833126307,8440.0,2.46,98.60000000000002,,86,109,28,3.7162997722625732,2.815174102783203,0.08
2026-07-10T23:26:00+00:00,37.43173328228295,126.90808000043035,8446.0,2.46,98.39999999999998,111,86,158,28,3.393357753753662,2.7784366607666016,0.08
2026-07-10T23:26:01+00:00,37.43173001334071,126.90805326215923,8449.0,2.6,98.39999999999998,111,86,156,28,2.9044477939605713,2.8803117275238037,0.06
2026-07-10T23:26:02+00:00,37.43173001334071,126.90802828408778,8451.0,2.6,98.20000000000005,111,86,166,28,2.5136287212371826,2.836487054824829,0.06
2026-07-10T23:26:03+00:00,,,8453.0,2.46,98.20000000000005,113,86,166,28,2.2428715229034424,2.6552605628967285,0.04
2026-07-10T23:26:04+00:00,37.43172498419881,126.90798997879028,8453.0,2.46,98.20000000000005,114,86,157,28,1.8305470943450928,2.6140568256378174,0.04
2026-07-10T23:26:05+00:00,37.43173001334071,126.90796667709947,8457.0,2.12,98.20000000000005,113,86,157,28,1.6365936994552612,2.245654344558716,0.02
2026-07-10T23:26:06+00:00,37.43174501694739,126.90794002264738,8459.0,2.12,98.0,114,86,135,28,1.1586525440216064,2.206751585006714,0.02
2026-07-10T23:26:07+00:00,37.431748285889626,126.90790666267276,8462.0,2.3,97.79999999999995,115,86,134,28,0.6274380087852478,2.3495235443115234,0.0
2026-07-10T23:26:08+00:00,37.43174669332802,126.90786332823336,8465.0,2.3,97.60000000000002,,86,143,28,0.18734149634838104,2.31442928314209,0.0
2026-07-10T23:26:09+00:00,37.43174501694739,126.90782996825874,8469.0,2.8,97.20000000000005,116,86,139,28,-0.20909053087234497,2.7709009647369385,0.0
2026-07-10T23:26:10+00:00,37.43174669332802,126.90780666656792,8472.0,2.8,96.79999999999995,,86,170,28,-0.5902650356292725,2.7372684478759766,0.0
2026-07-10T23:26:11+00:00,,,8474.0,2.66,96.60000000000002,117,85,166,28,-1.020518183708191,2.575286626815796,-0.02
2026-07-10T23:26:12+00:00,37.43175499141216,126.9077733065933,8474.0,2.66,96.20000000000005,116,83,153,28,-1.4199209213256836,2.5449836254119873,-0.02
2026-07-10T23:26:13+00:00,,,8477.0,2.36,96.0,117,82,150,28,-2.053302764892578,2.21824049949646,-0.04
2026-07-10T23:26:14+00:00,37.43176999501884,126.90775503404438,8477.0,2.36,95.79999999999995,121,82,129,28,-2.503476858139038,2.1921913623809814,-0.04
2026-07-10T23:26:15+00:00,37.43178499862552,126.90774170681834,8479.0,2.06,95.39999999999998,120,80,128,28,-3.3868985176086426,1.8734915256500244,-0.06
2026-07-10T23:26:16+00:00,,,8481.0,2.06,95.20000000000005,119,74,109,28,-3.9036667346954346,1.852890133857727,-0.08
2026-07-10T23:26:17+00:00,,,8481.0,2.02,95.0,118,66,109,28,-4.5314555168151855,1.786219835281372,-0.08
2026-07-10T23:26:18+00:00,37.43180670775473,126.90769501961768,8481.0,2.02,94.60000000000002,,63,106,28,-4.972646713256836,1.7727552652359009,-0.08
2026-07-10T23:26:19+00:00,37.43180167861283,126.90767666324973,8485.0,1.96,94.20000000000005,114,62,106,28,-5.552850723266602,1.7135698795318604,-0.1
2026-07-10T23:26:20+00:00,37.431791704148054,126.90765671432018,8488.0,1.96,93.79999999999995,,82,103,28,-6.004843711853027,1.703527808189392,-0.1
2026-07-10T23:26:21+00:00,37.43178172968328,126.90763332881033,8490.0,1.96,93.39999999999998,113,85,103,28,-6.4904046058654785,1.685759425163269,-0.12
2026-07-10T23:26:22+00:00,37.43177502416074,126.90761170350015,8492.0,1.96,93.0,114,86,102,28,-6.945625305175781,1.6788021326065063,-0.12
2026-07-10T23:26:23+00:00,37.431768318638206,126.9075883179903,8494.0,1.98,92.79999999999995,113,86,102,28,-7.287817001342773,1.7003204822540283,-0.14
2026-07-10T23:26:24+00:00,37.4317616969347,126.90756669268012,8497.0,1.98,92.39999999999998,114,86,103,28,-7.735692501068115,1.695973515510559,-0.14
2026-07-10T23:26:25+00:00,,,8499.0,2.0,91.79999999999995,,86,103,28,-8.101288795471191,1.7106143236160278,-0.16
2026-07-10T23:26:26+00:00,37.431743340566754,126.9075317401439,8499.0,2.0,91.39999999999998,114,86,104,28,-8.76584243774414,1.7085932493209839,-0.16
2026-07-10T23:26:27+00:00,,,8502.0,1.98,91.0,,86,105,28,-9.576033592224121,1.6848149299621582,-0.18
2026-07-10T23:26:28+00:00,37.43172833696008,126.90750667825341,8502.0,1.98,90.60000000000002,114,84,103,28,-10.251383781433105,1.6899174451828003,-0.2
2026-07-10T23:26:29+00:00,,,8505.0,1.8,90.20000000000005,,83,103,28,-11.960922241210938,1.5689078569412231,-0.2
2026-07-10T23:26:30+00:00,37.431739987805486,126.90747172571719,8505.0,1.8,89.79999999999995,114,83,95,28,-12.699315071105957,1.5853043794631958,-0.22
2026-07-10T23:26:31+00:00,37.43174669332802,126.90744498744607,8508.0,1.78,89.39999999999998,114,82,95,28,-13.590936660766602,1.5916907787322998,-0.24
2026-07-10T23:26:32+00:00,37.431751722469926,126.90741498023272,8511.0,1.78,89.0,112,81,95,28,-14.339871406555176,1.6155290603637695,-0.24
2026-07-10T23:26:33+00:00,37.4317582603544,126.90738497301936,8514.0,1.94,88.60000000000002,114,81,94,28,-13.915410041809082,1.736577033996582,-0.26
2026-07-10T23:26:34+00:00,37.4317667260766,126.90735672600567,8516.0,1.94,88.39999999999998,113,81,101,28,-14.478191375732422,1.7568360567092896,-0.26
2026-07-10T23:26:35+00:00,,,8519.0,2.06,88.0,112,81,101,28,-14.161054611206055,1.8536784648895264,-0.28
2026-07-10T23:26:36+00:00,37.43178499862552,126.90729327499866,8519.0,2.06,87.60000000000002,111,82,107,28,-14.689833641052246,1.8747166395187378,-0.3
2026-07-10T23:26:37+00:00,37.431788267567754,126.90726997330785,8525.0,2.18,87.20000000000005,111,83,107,28,-14.37852954864502,1.9711031913757324,-0.3
2026-07-10T23:26:38+00:00,37.43179497309029,126.90724826417863,8527.0,2.18,86.79999999999995,111,83,113,28,-14.879568099975586,1.9929331541061401,-0.32
2026-07-10T23:26:39+00:00,,,8529.0,2.16,86.39999999999998,112,83,113,28,-15.450807571411133,2.0106799602508545,-0.32
2026-07-10T23:26:40+00:00,37.431816682219505,126.90721834078431,8529.0,2.16,86.0,,83,113,28,-15.953160285949707,2.0362370014190674,-0.34
2026-07-10T23:26:41+00:00,37.43183168582618,126.90720333717763,8533.0,2.1,85.60000000000002,112,83,113,28,-16.846485137939453,2.037656307220459,-0.34
2026-07-10T23:26:42+00:00,37.43184668943286,126.90718003548682,8535.0,2.1,85.39999999999998,111,82,110,28,-17.022886276245117,2.0478644371032715,-0.34
2026-07-10T23:26:43+00:00,,,8538.0,2.16,85.0,111,82,110,28,-16.879472732543945,2.078214645385742,-0.36
2026-07-10T23:26:44+00:00,37.43187669664621,126.90716327168047,8538.0,2.16,84.79999999999995,111,81,112,28,-17.052593231201172,2.08845853805542,-0.36
2026-07-10T23:26:45+00:00,37.43190670385957,126.9071482680738,8541.0,2.12,84.60000000000002,110,80,113,28,-17.470003128051758,2.084473133087158,-0.36
2026-07-10T23:26:46+00:00,,,8545.0,2.12,84.20000000000005,110,84,111,28,-17.645572662353516,2.0953898429870605,-0.36
2026-07-10T23:26:47+00:00,37.43193168193102,126.90712831914425,8545.0,2.2,83.60000000000002,111,89,111,28,-17.251516342163086,2.139552593231201,-0.36
2026-07-10T23:26:48+00:00,,,8548.0,2.2,83.20000000000005,,91,115,28,-17.421985626220703,2.1502513885498047,-0.38
2026-07-10T23:26:49+00:00,37.43198172189295,126.90712496638298,8548.0,2.16,82.79999999999995,111,92,115,28,-17.91940689086914,2.1427083015441895,-0.38
2026-07-10T23:26:50+00:00,37.43200502358377,126.9071149919182,8554.0,2.16,82.20000000000005,112,92,112,28,-17.8961238861084,2.1411874294281006,-0.38
2026-07-10T23:26:51+00:00,,,8556.0,2.26,81.79999999999995,111,90,112,28,-17.07845115661621,2.1872150897979736,-0.38
2026-07-10T23:26:52+00:00,37.432023296132684,126.90708330832422,8556.0,2.26,81.39999999999998,111,89,118,28,-17.056272506713867,2.185826063156128,-0.38
2026-07-10T23:26:53+00:00,37.43202832527459,126.90705833025277,8560.0,2.22,81.0,111,89,118,28,-17.26416778564453,2.1696596145629883,-0.38
2026-07-10T23:26:54+00:00,37.43203000165522,126.90703167580068,8562.0,2.22,80.60000000000002,113,89,116,28,-17.241619110107422,2.1682376861572266,-0.38
2026-07-10T23:26:55+00:00,,,8564.0,2.22,80.20000000000005,,89,116,28,-17.219072341918945,2.1668195724487305,-0.38
2026-07-10T23:26:56+00:00,37.4320500344038,126.90701499581337,8564.0,2.22,79.79999999999995,114,93,116,28,-17.19656753540039,2.165407419204712,-0.38
2026-07-10T23:26:57+00:00,,,8567.0,2.16,79.20000000000005,,93,116,28,-17.65105438232422,2.1352760791778564,-0.38
2026-07-10T23:26:58+00:00,37.43207668885589,126.90698171965778,8567.0,2.16,79.0,115,92,113,28,-17.71677017211914,2.139493465423584,-0.38
2026-07-10T23:26:59+00:00,37.43208666332066,126.90696001052856,8571.0,2.16,78.60000000000002,,90,113,28,-17.782814025878906,2.1437602043151855,-0.38
2026-07-10T23:27:00+00:00,,,8574.0,2.16,78.20000000000005,115,88,113,28,-17.84872817993164,2.1480467319488525,-0.38
2026-07-10T23:27:01+00:00,37.43209001608193,126.90693670883775,8574.0,2.08,77.79999999999995,115,82,113,28,-18.603595733642578,2.117678642272949,-0.38
2026-07-10T23:27:02+00:00,,,8576.0,2.08,77.39999999999998,114,79,109,28,-18.6721134185791,2.122316360473633,-0.38
2026-07-10T23:27:03+00:00,37.43210325948894,126.9069133233279,8576.0,1.92,77.0,113,77,109,28,-20.30219841003418,2.0685088634490967,-0.38
2026-07-10T23:27:04+00:00,,,8578.0,1.92,76.79999999999995,114,77,101,28,-20.376428604125977,2.0738325119018555,-0.38
2026-07-10T23:27:05+00:00,37.43211826309562,126.90689496695995,8578.0,1.8,76.39999999999998,113,77,100,28,-21.935895919799805,2.043778419494629,-0.38
2026-07-10T23:27:06+00:00,,,8580.0,1.8,76.20000000000005,114,77,94,29,-21.869430541992188,2.0388429164886475,-0.38
2026-07-10T23:27:07+00:00,37.4321417324245,126.9068649597466,8580.0,1.7,75.79999999999995,114,77,94,28,-22.95724105834961,2.015413999557495,-0.38
2026-07-10T23:27:08+00:00,37.43215497583151,126.90684668719769,8584.0,1.7,75.39999999999998,113,79,89,28,-22.887187957763672,2.010171890258789,-0.38
2026-07-10T23:27:09+00:00,,,8586.0,1.78,75.20000000000005,,79,89,29,-21.79171371459961,2.0217392444610596,-0.38
2026-07-10T23:27:10+00:00,37.43216000497341,126.9068200327456,8586.0,1.78,74.79999999999995,112,79,93,29,-21.72507667541504,2.016862392425537,-0.38
2026-07-10T23:27:11+00:00,,,8589.0,1.74,74.39999999999998,111,83,93,28,-22.283924102783203,2.000565528869629,-0.38
2026-07-10T23:27:12+00:00,37.432156736031175,126.9067716691643,8589.0,1.74,74.0,111,83,90,28,-22.215360641479492,1.995540738105774,-0.38
2026-07-10T23:27:13+00:00,,,8593.0,1.8,73.60000000000002,111,83,90,28,-21.285268783569336,2.007493019104004,-0.38
2026-07-10T23:27:14+00:00,37.432169979438186,126.90673998557031,8593.0,1.8,73.20000000000005,111,86,94,29,-21.242599487304688,2.0044336318969727,-0.38
2026-07-10T23:27:15+00:00,,,8596.0,1.76,73.0,112,89,94,29,-21.681528091430664,1.9910606145858765,-0.38
2026-07-10T23:27:16+00:00,37.43218833580613,126.90671500749886,8596.0,1.76,72.39999999999998,,90,92,29,-21.637935638427734,1.9879255294799805,-0.38
2026-07-10T23:27:17+00:00,,,8599.0,1.72,72.0,110,94,93,29,-22.09626579284668,1.9753767251968384,-0.38
2026-07-10T23:27:18+00:00,37.43221666663885,126.9066850002855,8599.0,1.72,71.60000000000002,,102,91,29,-22.051658630371094,1.9721603393554688,-0.36
2026-07-10T23:27:19+00:00,37.432229993864894,126.90666496753693,8603.0,1.76,71.20000000000005,109,108,91,29,-21.62947654724121,1.9760266542434692,-0.36
2026-07-10T23:27:20+00:00,37.432241728529334,126.90663831308484,8606.0,1.76,70.79999999999995,109,109,93,29,-21.585590362548828,1.9728988409042358,-0.36
2026-07-10T23:27:21+00:00,37.43224499747157,126.90661165863276,8608.0,1.84,70.20000000000005,109,107,93,29,-20.487947463989258,1.9951393604278564,-0.36
2026-07-10T23:27:22+00:00,,,8611.0,1.84,69.79999999999995,109,106,98,29,-20.469839096069336,1.993882179260254,-0.36
2026-07-10T23:27:23+00:00,37.43225170299411,126.90656497143209,8611.0,1.88,69.20000000000005,109,102,98,29,-20.123666763305664,2.002286911010742,-0.36
2026-07-10T23:27:24+00:00,,,8615.0,1.88,68.79999999999995,111,101,100,29,-20.105831146240234,2.0010616779327393,-0.36
2026-07-10T23:27:25+00:00,37.43227827362716,126.90653001889586,8615.0,1.9,68.20000000000005,,101,101,29,-19.770849227905273,2.010094404220581,-0.36
2026-07-10T23:27:26+00:00,,,8619.0,1.9,67.79999999999995,112,101,102,29,-19.753278732299805,2.0089008808135986,-0.36
2026-07-10T23:27:27+00:00,37.43230668827891,126.90649498254061,8619.0,1.92,67.20000000000005,,98,102,29,-19.530195236206055,2.0148770809173584,-0.36
2026-07-10T23:27:28+00:00,37.43233325891197,126.9064817391336,8624.0,1.92,66.79999999999995,113,95,103,28,-19.51282501220703,2.013707160949707,-0.36
2026-07-10T23:27:29+00:00,37.432351699098945,126.9064732734114,8627.0,2.02,66.39999999999998,,94,104,29,-18.62252426147461,2.0476460456848145,-0.36
2026-07-10T23:27:30+00:00,37.43236997164786,126.90646170638502,8629.0,2.02,65.79999999999995,114,94,108,29,-18.92276382446289,2.0675206184387207,-0.38
2026-07-10T23:27:31+00:00,37.43239503353834,126.90647997893393,8631.0,2.02,65.39999999999998,114,95,108,28,-19.128137588500977,2.0917725563049316,-0.38
2026-07-10T23:27:32+00:00,37.43242168799043,126.90650830976665,8635.0,2.02,64.79999999999995,116,95,108,28,-19.427490234375,2.1125659942626953,-0.38
2026-07-10T23:27:33+00:00,37.43244331330061,126.90652172081172,8638.0,2.14,64.39999999999998,117,95,109,29,-18.620098114013672,2.1799123287200928,-0.38
2026-07-10T23:27:34+00:00,37.43246829137206,126.9065367244184,8641.0,2.14,63.799999999999955,115,93,114,28,-18.902379989624023,2.19978666305542,-0.4
2026-07-10T23:27:35+00:00,37.43248832412064,126.90655499696732,8644.0,2.2,63.39999999999998,116,89,114,28,-18.746932983398438,2.2399206161499023,-0.4
2026-07-10T23:27:36+00:00,37.43251170963049,126.90657326951623,8647.0,2.2,63.0,117,88,116,29,-19.02249526977539,2.25999116897583,-0.4
2026-07-10T23:27:37+00:00,37.43253828026354,126.90659833140671,8650.0,2.24,62.60000000000002,,88,115,29,-18.867835998535156,2.300006866455078,-0.42
2026-07-10T23:27:38+00:00,37.43256501853466,126.90662004053593,8654.0,2.24,62.200000000000045,117,88,118,28,-19.075881958007812,2.3156230449676514,-0.42
2026-07-10T23:27:39+00:00,37.43258496746421,126.90664501860738,8657.0,2.34,61.799999999999955,116,88,118,29,-18.53905487060547,2.3673431873321533,-0.42
2026-07-10T23:27:40+00:00,37.43259326554835,126.90667670220137,8660.0,2.34,61.200000000000045,117,89,122,29,-18.739063262939453,2.382509469985962,-0.42
2026-07-10T23:27:41+00:00,37.43260173127055,126.90670670941472,8663.0,2.4,60.799999999999955,117,89,122,29,-18.463809967041016,2.4225246906280518,-0.44
2026-07-10T23:27:42+00:00,37.43261329829693,126.90672665834427,8666.0,2.4,60.60000000000002,117,89,125,28,-18.65840721130371,2.4375545978546143,-0.44
2026-07-10T23:27:43+00:00,,,8668.0,2.42,60.0,118,88,125,29,-18.69732093811035,2.461015462875366,-0.44
2026-07-10T23:27:44+00:00,37.43263333104551,126.90675666555762,8668.0,2.42,59.60000000000002,118,86,126,29,-18.890304565429688,2.47636079788208,-0.44
2026-07-10T23:27:45+00:00,,,8672.0,2.32,59.200000000000045,119,84,126,28,-19.824190139770508,2.4588682651519775,-0.44
2026-07-10T23:27:46+00:00,,,8672.0,2.32,59.0,,82,121,28,-19.822973251342773,2.4587669372558594,-0.44
2026-07-10T23:27:47+00:00,37.432648334652185,126.90678667277098,8672.0,1.9,58.60000000000002,120,81,121,28,-24.331466674804688,2.3594202995300293,-0.44
2026-07-10T23:27:48+00:00,,,8675.0,1.9,58.39999999999998,,78,99,28,-24.32996940612793,2.359286308288574,-0.44
2026-07-10T23:27:49+00:00,37.4326650146395,126.9068099744618,8675.0,1.68,58.200000000000045,120,76,99,28,-27.53342628479004,2.3555045127868652,-0.44
2026-07-10T23:27:50+00:00,,,8678.0,1.68,58.0,119,76,88,28,-27.5317325592041,2.3553526401519775,-0.44
2026-07-10T23:27:51+00:00,,,8678.0,0.62,58.0,118,76,87,29,-74.15349578857422,1.7968449592590332,-0.44
2026-07-10T23:27:52+00:00,,,8678.0,0.62,57.799999999999955,117,76,42,28,-74.14878845214844,1.7968449592590332,-0.44
2026-07-10T23:27:53+00:00,,,8678.0,0.4,57.799999999999955,116,76,39,28,-114.92375946044922,1.1592549085617065,-0.44
2026-07-10T23:27:54+00:00,,,8678.0,0.4,57.60000000000002,116,0,27,29,-111.72618103027344,1.1592549085617065,-0.44
2026-07-10T23:27:55+00:00,,,8678.0,0.3,57.60000000000002,,70,27,29,-149.69464111328125,0.8404597043991089,-0.42
2026-07-10T23:27:56+00:00,,,8678.0,0.3,57.60000000000002,116,0,19,29,-145.28419494628906,0.8404597043991089,-0.42
2026-07-10T23:27:57+00:00,37.432676665484905,126.90683671273291,8678.0,0.4,57.39999999999998,,0,18,28,-102.13345336914062,1.1592549085617065,-0.4
2026-07-10T23:27:58+00:00,,,8680.0,0.4,57.39999999999998,114,0,21,29,-98.93267822265625,1.1592549085617065,-0.38
2026-07-10T23:27:59+00:00,37.432696698233485,126.90685498528183,8680.0,1.24,57.200000000000045,114,54,21,29,-31.134408950805664,1.985234022140503,-0.38
2026-07-10T23:28:00+00:00,37.43271002545953,126.90687166526914,8683.0,1.24,57.200000000000045,113,56,72,29,-30.093502044677734,1.9105416536331177,-0.36
2026-07-10T23:28:01+00:00,,,8685.0,1.76,57.0,114,60,71,29,-20.42129135131836,1.8931572437286377,-0.34
2026-07-10T23:28:02+00:00,37.432733327150345,126.90689999610186,8685.0,1.76,57.0,115,61,105,29,-19.53545379638672,1.8367996215820312,-0.34
2026-07-10T23:28:03+00:00,37.43275168351829,126.9069117307663,8689.0,1.86,56.799999999999955,117,61,105,29,-17.63901138305664,1.8281651735305786,-0.32
2026-07-10T23:28:04+00:00,,,8691.0,1.86,56.799999999999955,116,62,113,29,-16.798540115356445,1.7841689586639404,-0.3
2026-07-10T23:28:05+00:00,37.43277498520911,126.90692329779267,8691.0,1.9,56.799999999999955,115,66,113,29,-15.622795104980469,1.766829252243042,-0.28
2026-07-10T23:28:06+00:00,,,8694.0,1.9,56.60000000000002,113,69,114,29,-14.800110816955566,1.732661485671997,-0.26
2026-07-10T23:28:07+00:00,37.432801723480225,126.90691826865077,8694.0,1.78,56.60000000000002,,75,114,29,-14.926804542541504,1.6273258924484253,-0.26
2026-07-10T23:28:08+00:00,,,8697.0,1.78,56.39999999999998,114,78,106,29,-14.047466278076172,1.5968047380447388,-0.24
2026-07-10T23:28:09+00:00,37.43283173069358,126.9069133233279,8697.0,1.74,56.39999999999998,114,81,105,29,-13.47438907623291,1.5436668395996094,-0.22
2026-07-10T23:28:10+00:00,,,8700.0,1.74,56.200000000000045,114,83,104,29,-12.66695785522461,1.522895097732544,-0.2
2026-07-10T23:28:11+00:00,37.432855032384396,126.90693830139935,8700.0,1.68,56.200000000000045,114,83,104,29,-12.287287712097168,1.4619345664978027,-0.2
2026-07-10T23:28:12+00:00,37.43286827579141,126.90695498138666,8704.0,1.68,56.0,112,84,99,29,-11.4500093460083,1.4469188451766968,-0.18
2026-07-10T23:28:13+00:00,,,8706.0,1.82,55.799999999999955,113,84,98,29,-9.793400764465332,1.5491628646850586,-0.16
2026-07-10T23:28:14+00:00,37.432895014062524,126.9069667160511,8706.0,1.82,55.799999999999955,,84,107,29,-9.024739265441895,1.5463523864746094,-0.16
2026-07-10T23:28:15+00:00,,,8709.0,1.72,55.60000000000002,113,84,107,29,-8.683215141296387,1.4694554805755615,-0.14
2026-07-10T23:28:16+00:00,37.43291672319174,126.90698171965778,8709.0,1.72,55.60000000000002,,84,101,29,-7.87433385848999,1.4723584651947021,-0.12
2026-07-10T23:28:17+00:00,,,8712.0,1.62,55.39999999999998,114,84,101,29,-7.4981465339660645,1.3893519639968872,-0.12
2026-07-10T23:28:18+00:00,37.43294673040509,126.90699328668416,8712.0,1.62,55.39999999999998,115,84,95,29,-7.2924604415893555,1.3911283016204834,-0.1
2026-07-10T23:28:19+00:00,,,8715.0,1.66,55.39999999999998,114,83,95,29,-6.928260803222656,1.429336667060852,-0.1
2026-07-10T23:28:20+00:00,37.43296667933464,126.90700669772923,8715.0,1.66,55.60000000000002,113,79,100,29,-6.734338760375977,1.4317243099212646,-0.1
2026-07-10T23:28:21+00:00,,,8718.0,1.58,55.60000000000002,113,67,103,29,-6.914316177368164,1.3519976139068604,-0.1
2026-07-10T23:28:22+00:00,,,8718.0,1.58,55.799999999999955,113,65,100,29,-6.709071159362793,1.3544111251831055,-0.1
2026-07-10T23:28:23+00:00,,,8718.0,1.2,55.799999999999955,112,62,104,29,-8.508365631103516,1.0253963470458984,-0.1
2026-07-10T23:28:24+00:00,,,8718.0,1.2,55.799999999999955,113,61,82,29,-8.239566802978516,1.0259567499160767,-0.08
2026-07-10T23:28:25+00:00,37.43299174122512,126.907016672194,8718.0,1.08,56.0,113,55,87,29,-8.938275337219238,0.9140982031822205,-0.08
2026-07-10T23:28:26+00:00,,,8720.0,1.08,56.0,112,55,84,29,-8.341963768005371,0.9145877957344055,-0.08
2026-07-10T23:28:27+00:00,37.433021664619446,126.9070217013359,8720.0,1.18,56.200000000000045,,51,90,29,-7.023599624633789,1.0152603387832642,-0.08
2026-07-10T23:28:28+00:00,37.433041697368026,126.90702329389751,8724.0,1.18,56.200000000000045,113,50,100,29,-6.482335090637207,1.0201833248138428,-0.06
2026-07-10T23:28:29+00:00,,,8726.0,1.42,56.200000000000045,112,50,101,29,-4.972412109375,1.2435792684555054,-0.06
2026-07-10T23:28:30+00:00,37.433061730116606,126.90700669772923,8726.0,1.42,56.39999999999998,112,50,117,29,-4.520796775817871,1.253260850906372,-0.06
2026-07-10T23:28:31+00:00,37.43307170458138,126.90698498860002,8729.0,1.42,56.200000000000045,112,50,115,29,-4.067370891571045,1.2640695571899414,-0.04
2026-07-10T23:28:32+00:00,37.43308503180742,126.9069667160511,8731.0,1.42,56.200000000000045,111,52,111,29,-3.6153035163879395,1.2759336233139038,-0.04
2026-07-10T23:28:33+00:00,37.4331000354141,126.90694500692189,8731.0,1.58,56.200000000000045,110,52,107,29,-2.840461254119873,1.4461803436279297,-0.04
2026-07-10T23:28:34+00:00,37.43311503902078,126.90692832693458,8736.0,1.58,56.0,110,57,113,29,-2.549907922744751,1.4566458463668823,-0.04
2026-07-10T23:28:35+00:00,37.43312995880842,126.9069032650441,8738.0,1.78,56.0,,83,109,29,-1.9933130741119385,1.6758010387420654,-0.02
2026-07-10T23:28:36+00:00,37.43313666433096,126.90687828697264,8741.0,1.78,55.60000000000002,110,100,118,29,-1.7378056049346924,1.6876627206802368,-0.02
2026-07-10T23:28:37+00:00,37.43314001709223,126.90685171633959,8743.0,2.06,55.39999999999998,,100,113,29,-1.2864025831222534,1.9690288305282593,-0.02
2026-07-10T23:28:38+00:00,37.433146722614765,126.90682833082974,8745.0,2.06,55.0,110,100,125,29,-1.0645473003387451,1.9820780754089355,-0.02
2026-07-10T23:28:39+00:00,37.433155020698905,126.90680502913892,8748.0,2.14,54.39999999999998,109,100,118,29,-0.8106144070625305,2.0754332542419434,0.0
2026-07-10T23:28:40+00:00,37.433163318783045,126.90678332000971,8750.0,2.14,54.0,110,100,118,29,-0.5968779921531677,2.0893075466156006,0.0
2026-07-10T23:28:41+00:00,37.43316499516368,126.90675331279635,8752.0,2.16,53.60000000000002,111,100,115,29,-0.3802129328250885,2.1235010623931885,0.0
2026-07-10T23:28:42+00:00,,,8755.0,2.16,53.200000000000045,,99,114,29,-0.7824439406394958,2.096745491027832,0.0
2026-07-10T23:28:43+00:00,37.43317496962845,126.90671173855662,8755.0,2.22,52.799999999999955,113,99,113,29,-1.152511715888977,2.131150007247925,-0.02
2026-07-10T23:28:44+00:00,37.43318502791226,126.90669002942741,8758.0,2.22,52.39999999999998,,98,116,29,-1.5449975728988647,2.1068313121795654,-0.02
2026-07-10T23:28:45+00:00,,,8761.0,2.16,52.0,113,93,115,29,-1.9899417161941528,2.024327278137207,-0.04
2026-07-10T23:28:46+00:00,37.43321503512561,126.90666169859469,8761.0,2.16,51.39999999999998,,86,112,29,-2.392575263977051,2.002816915512085,-0.04
2026-07-10T23:28:47+00:00,,,8765.0,2.14,51.0,115,86,113,29,-2.822267770767212,1.9628844261169434,-0.06
2026-07-10T23:28:48+00:00,37.433240013197064,126.90664828754961,8765.0,2.14,50.39999999999998,117,86,112,29,-3.2278690338134766,1.9441415071487427,-0.06
2026-07-10T23:28:49+00:00,,,8768.0,1.94,50.0,116,86,112,29,-3.9911108016967773,1.7418652772903442,-0.06
2026-07-10T23:28:50+00:00,37.43326331488788,126.90666672773659,8768.0,1.94,49.60000000000002,114,85,104,29,-5.108074188232422,1.7073129415512085,-0.08
2026-07-10T23:28:51+00:00,,,8771.0,1.86,49.39999999999998,114,82,103,29,-6.496280670166016,1.6078603267669678,-0.12
2026-07-10T23:28:52+00:00,37.433285024017096,126.90668332390487,8771.0,1.86,49.0,114,76,99,29,-7.66011905670166,1.5937799215316772,-0.14
2026-07-10T23:28:53+00:00,,,8774.0,1.76,49.0,113,65,99,29,-9.382325172424316,1.49589204788208,-0.16
2026-07-10T23:28:54+00:00,,,8774.0,1.76,48.799999999999955,114,65,93,29,-10.619319915771484,1.5048649311065674,-0.18
2026-07-10T23:28:55+00:00,,,8774.0,0.38,48.799999999999955,114,58,92,29,-54.81264877319336,1.084969162940979,-0.2
2026-07-10T23:28:56+00:00,,,8774.0,0.38,48.799999999999955,114,58,26,29,-60.32096481323242,1.1012921333312988,-0.22
2026-07-10T23:28:57+00:00,37.43331000208855,126.90670830197632,8774.0,1.1,48.799999999999955,,54,26,29,-23.02328872680664,1.2954169511795044,-0.24
2026-07-10T23:28:58+00:00,37.433325005695224,126.906723305583,8777.0,1.1,48.799999999999955,114,57,57,29,-23.677236557006836,1.3275221586227417,-0.24
2026-07-10T23:28:59+00:00,,,8779.0,1.64,48.60000000000002,115,59,58,29,-16.27054786682129,1.5494638681411743,-0.26
2026-07-10T23:29:00+00:00,37.43334830738604,126.90675666555762,8779.0,1.64,48.60000000000002,115,60,95,29,-16.70654296875,1.5679693222045898,-0.26
2026-07-10T23:29:01+00:00,37.43336834013462,126.9067732617259,8783.0,1.76,48.60000000000002,115,83,99,29,-15.877537727355957,1.6559306383132935,-0.26
2026-07-10T23:29:02+00:00,37.43339331820607,126.90678667277098,8786.0,1.76,48.60000000000002,116,83,111,29,-16.282136917114258,1.673558235168457,-0.28
2026-07-10T23:29:03+00:00,37.43341829627752,126.90680167637765,8789.0,2.08,48.60000000000002,116,86,116,29,-14.051986694335938,1.8856641054153442,-0.28
2026-07-10T23:29:04+00:00,37.433446710929275,126.9068099744618,8792.0,2.08,48.799999999999955,115,86,141,29,-14.39236068725586,1.898992896080017,-0.3
2026-07-10T23:29:05+00:00,37.43347328156233,126.90682673826814,8795.0,2.42,48.799999999999955,,86,142,29,-12.776815414428711,2.125112533569336,-0.3
2026-07-10T23:29:06+00:00,37.433500019833446,126.90684174187481,8799.0,2.42,48.60000000000002,114,86,164,29,-12.238472938537598,2.108313798904419,-0.28
2026-07-10T23:29:07+00:00,37.4335300270468,126.90686001442373,8802.0,2.66,48.60000000000002,115,86,162,29,-10.638535499572754,2.279120683670044,-0.28
2026-07-10T23:29:08+00:00,37.43356171064079,126.90687166526914,8806.0,2.66,48.60000000000002,115,86,179,29,-10.148458480834961,2.271913766860962,-0.26
2026-07-10T23:29:09+00:00,37.43361669592559,126.90687669441104,8806.0,2.94,48.60000000000002,115,86,180,29,-8.705684661865234,2.5117061138153076,-0.24
2026-07-10T23:29:10+00:00,37.43363999761641,126.90687669441104,8809.0,2.94,48.39999999999998,116,86,200,29,-8.26306438446045,2.5134429931640625,-0.24
2026-07-10T23:29:11+00:00,37.433670004829764,126.90687996335328,8815.0,3.52,48.39999999999998,117,86,198,29,-6.550457954406738,3.032560348510742,-0.22
2026-07-10T23:29:12+00:00,37.433698335662484,126.90688172355294,8818.0,3.52,48.39999999999998,,86,235,29,-6.180456638336182,3.044440507888794,-0.2
2026-07-10T23:29:13+00:00,37.43372499011457,126.90687996335328,8821.0,3.38,48.200000000000045,118,86,233,29,-6.0510687828063965,2.9274039268493652,-0.2
2026-07-10T23:29:14+00:00,37.43374996818602,126.90687828697264,8824.0,3.38,48.200000000000045,,86,223,29,-5.549096584320068,2.9464449882507324,-0.18
2026-07-10T23:29:15+00:00,37.433771677315235,126.90686831250787,8827.0,3.3,48.200000000000045,118,86,222,29,-5.170878887176514,2.892554521560669,-0.16
2026-07-10T23:29:16+00:00,,,8830.0,3.3,48.200000000000045,,86,217,29,-4.657214641571045,2.9171857833862305,-0.14
2026-07-10T23:29:17+00:00,37.43380327709019,126.90685171633959,8833.0,3.16,48.0,119,86,216,29,-4.313477993011475,2.8194987773895264,-0.12
2026-07-10T23:29:18+00:00,,,8833.0,3.16,48.0,120,86,206,29,-3.779752016067505,2.8495852947235107,-0.1
2026-07-10T23:29:19+00:00,37.43382330983877,126.90683671273291,8837.0,2.88,48.0,119,84,206,29,-3.5722556114196777,2.5995280742645264,-0.1
2026-07-10T23:29:20+00:00,,,8837.0,2.88,48.0,119,84,187,28,-2.9845986366271973,2.6345036029815674,-0.08
2026-07-10T23:29:21+00:00,37.43384166620672,126.90681827254593,8839.0,2.34,48.0,118,79,188,29,-2.924452543258667,2.160276174545288,-0.06
2026-07-10T23:29:22+00:00,,,8839.0,2.34,48.0,118,75,154,28,-2.728924512863159,2.1705894470214844,-0.06
2026-07-10T23:29:23+00:00,,,8842.0,1.98,47.799999999999955,118,73,154,29,-3.006110668182373,1.816603422164917,-0.04
2026-07-10T23:29:24+00:00,37.43386002257466,126.90679497085512,8842.0,1.98,47.799999999999955,119,73,128,29,-2.7738120555877686,1.8268169164657593,-0.04
2026-07-10T23:29:25+00:00,,,8842.0,1.6,47.60000000000002,119,66,127,28,-3.1448347568511963,1.4631892442703247,-0.04
2026-07-10T23:29:26+00:00,,,8845.0,1.6,47.39999999999998,,63,99,29,-2.8562140464782715,1.4732506275177002,-0.04
2026-07-10T23:29:27+00:00,37.433876702561975,126.9067766983062,8845.0,1.46,47.200000000000045,120,61,96,29,-2.815692663192749,1.3456670045852661,-0.04
2026-07-10T23:29:28+00:00,,,8845.0,1.46,47.200000000000045,122,61,85,29,-2.500657081604004,1.3562837839126587,-0.02
2026-07-10T23:29:29+00:00,37.433893298730254,126.90675666555762,8847.0,1.32,46.799999999999955,122,61,85,29,-2.434478521347046,1.2190030813217163,-0.02
2026-07-10T23:29:30+00:00,,,8847.0,1.32,46.60000000000002,121,61,73,29,-2.853133201599121,1.2063140869140625,-0.02
2026-07-10T23:29:31+00:00,37.43390670977533,126.90673001110554,8850.0,1.32,46.39999999999998,121,61,70,29,-3.2730467319488525,1.1944589614868164,-0.04
2026-07-10T23:29:32+00:00,,,8850.0,1.32,46.200000000000045,120,61,69,29,-3.6917014122009277,1.1835081577301025,-0.04
2026-07-10T23:29:33+00:00,37.433909978717566,126.90670168027282,8852.0,1.34,46.0,,61,69,29,-4.050611972808838,1.1927459239959717,-0.04
2026-07-10T23:29:34+00:00,,,8852.0,1.34,45.799999999999955,121,61,70,29,-4.462558746337891,1.1834057569503784,-0.04
2026-07-10T23:29:35+00:00,,,8855.0,1.32,45.799999999999955,,61,70,29,-4.951022624969482,1.1557855606079102,-0.06
2026-07-10T23:29:36+00:00,,,,,,,,,,-4.951022624969482,1.1557855606079102,
